docker_images,rewards,exp_names,num_steps,patch_sizes,exit_reasons,p2p_rates,avg_yes_prob,gt_correct
slimshetty/swebench-verified:sweb.eval.x86_64.sympy__sympy-19954,1.0,r2egym-qwen3-rl-100-steps-1-attempt-2,37,3055,agent,56,0.9046505318875316,True
slimshetty/swebench-verified:sweb.eval.x86_64.django__django-11490,0.0,r2egym-qwen3-rl-100-steps-1-attempt-2,49,2690,agent_max_step_limit,22,0.8354835411997897,False
slimshetty/swebench-verified:sweb.eval.x86_64.django__django-11551,1.0,r2egym-qwen3-rl-100-steps-1-attempt-2,77,3544,token_limit,119,0.8807970826714614,True
slimshetty/swebench-verified:sweb.eval.x86_64.django__django-14855,1.0,r2egym-qwen3-rl-100-steps-1-attempt-2,94,5727,token_limit,325,0.8670357477770337,True
slimshetty/swebench-verified:sweb.eval.x86_64.sympy__sympy-19783,0.0,r2egym-qwen3-rl-100-steps-1-attempt-2,100,1187,abs_step_limit,9,0.06008664491424768,False
slimshetty/swebench-verified:sweb.eval.x86_64.matplotlib__matplotlib-24870,0.0,r2egym-qwen3-rl-100-steps-1-attempt-2,22,2267,agent,65,0.817574478416099,False
slimshetty/swebench-verified:sweb.eval.x86_64.sympy__sympy-24443,1.0,r2egym-qwen3-rl-100-steps-1-attempt-2,34,2999,agent,1,0.8354835432479661,True
slimshetty/swebench-verified:sweb.eval.x86_64.scikit-learn__scikit-learn-25931,0.0,r2egym-qwen3-rl-100-steps-1-attempt-2,39,1552,agent,8,0.2942149783515163,False
slimshetty/swebench-verified:sweb.eval.x86_64.django__django-16560,0.0,r2egym-qwen3-rl-100-steps-1-attempt-2,100,4942,abs_step_limit,66,0.14804719051380197,False
slimshetty/swebench-verified:sweb.eval.x86_64.django__django-11211,0.0,r2egym-qwen3-rl-100-steps-1-attempt-2,42,4887,agent_max_step_limit,70,0.679178699175393,False
slimshetty/swebench-verified:sweb.eval.x86_64.sympy__sympy-24066,1.0,r2egym-qwen3-rl-100-steps-1-attempt-2,42,1126,agent_max_step_limit,30,0.8175744739711883,True
slimshetty/swebench-verified:sweb.eval.x86_64.psf__requests-2931,0.0,r2egym-qwen3-rl-100-steps-1-attempt-2,18,924,agent,83,0.8670357701094303,False
slimshetty/swebench-verified:sweb.eval.x86_64.matplotlib__matplotlib-25775,1.0,r2egym-qwen3-rl-100-steps-1-attempt-2,44,3104,agent_max_step_limit,89,0.5312093733737563,True
slimshetty/swebench-verified:sweb.eval.x86_64.pytest-dev__pytest-7205,1.0,r2egym-qwen3-rl-100-steps-1-attempt-2,30,483,agent,16,0.8175744828610095,True
slimshetty/swebench-verified:sweb.eval.x86_64.sphinx-doc__sphinx-7985,0.0,r2egym-qwen3-rl-100-steps-1-attempt-2,100,3519,abs_step_limit,3,0.8670357683915538,False
slimshetty/swebench-verified:sweb.eval.x86_64.django__django-15278,0.0,r2egym-qwen3-rl-100-steps-1-attempt-2,82,0,token_limit,138,6.605213663801881e-05,False
slimshetty/swebench-verified:sweb.eval.x86_64.pydata__xarray-3677,1.0,r2egym-qwen3-rl-100-steps-1-attempt-2,29,532,agent,21,0.7772998508568416,True
slimshetty/swebench-verified:sweb.eval.x86_64.django__django-15022,1.0,r2egym-qwen3-rl-100-steps-1-attempt-2,41,1263,max_step_limit,56,0.5926665999540698,True
slimshetty/swebench-verified:sweb.eval.x86_64.pylint-dev__pylint-7080,0.0,r2egym-qwen3-rl-100-steps-1-attempt-2,35,488,agent,4,0.8519528019683106,False
slimshetty/swebench-verified:sweb.eval.x86_64.django__django-12308,0.0,r2egym-qwen3-rl-100-steps-1-attempt-2,35,2713,agent,20,0.7981867825403177,False
slimshetty/swebench-verified:sweb.eval.x86_64.scikit-learn__scikit-learn-14496,1.0,r2egym-qwen3-rl-100-steps-1-attempt-2,43,1015,agent_max_step_limit,39,0.7310585786300049,True
slimshetty/swebench-verified:sweb.eval.x86_64.sympy__sympy-23262,0.0,r2egym-qwen3-rl-100-steps-1-attempt-2,68,0,token_limit,61,4.006371124165013e-05,False
slimshetty/swebench-verified:sweb.eval.x86_64.sympy__sympy-18199,0.0,r2egym-qwen3-rl-100-steps-1-attempt-2,34,3151,agent,113,0.8175744739711883,False
slimshetty/swebench-verified:sweb.eval.x86_64.astropy__astropy-8707,0.0,r2egym-qwen3-rl-100-steps-1-attempt-2,81,0,token_limit,4,6.1441753337365085e-06,False
slimshetty/swebench-verified:sweb.eval.x86_64.django__django-13343,1.0,r2egym-qwen3-rl-100-steps-1-attempt-2,100,3889,abs_step_limit,130,0.798186784940666,True
slimshetty/swebench-verified:sweb.eval.x86_64.pallets__flask-5014,1.0,r2egym-qwen3-rl-100-steps-1-attempt-2,17,1063,agent,59,0.8670357598021707,True
slimshetty/swebench-verified:sweb.eval.x86_64.django__django-13449,0.0,r2egym-qwen3-rl-100-steps-1-attempt-2,66,0,token_limit,46,0.00010889692173749138,False
slimshetty/swebench-verified:sweb.eval.x86_64.django__django-15561,1.0,r2egym-qwen3-rl-100-steps-1-attempt-2,53,3556,agent_max_step_limit,141,0.8670357649558006,True
slimshetty/swebench-verified:sweb.eval.x86_64.pydata__xarray-4629,1.0,r2egym-qwen3-rl-100-steps-1-attempt-2,15,505,agent,32,0.8933094025038598,True
slimshetty/swebench-verified:sweb.eval.x86_64.sympy__sympy-22456,1.0,r2egym-qwen3-rl-100-steps-1-attempt-2,48,752,agent_max_step_limit,29,0.8354835309589074,True
slimshetty/swebench-verified:sweb.eval.x86_64.django__django-13089,1.0,r2egym-qwen3-rl-100-steps-1-attempt-2,49,3165,agent_max_step_limit,352,0.7981867705385763,True
slimshetty/swebench-verified:sweb.eval.x86_64.django__django-11133,1.0,r2egym-qwen3-rl-100-steps-1-attempt-2,43,2403,agent_max_step_limit,64,0.8807970779778824,True
slimshetty/swebench-verified:sweb.eval.x86_64.django__django-17084,1.0,r2egym-qwen3-rl-100-steps-1-attempt-2,82,3453,token_limit,107,0.6791786991753931,True
slimshetty/swebench-verified:sweb.eval.x86_64.matplotlib__matplotlib-23412,1.0,r2egym-qwen3-rl-100-steps-1-attempt-2,35,1715,agent,46,0.22270013366638422,True
slimshetty/swebench-verified:sweb.eval.x86_64.scikit-learn__scikit-learn-14053,1.0,r2egym-qwen3-rl-100-steps-1-attempt-2,19,684,agent,5,0.7549149923816048,True
slimshetty/swebench-verified:sweb.eval.x86_64.django__django-16612,1.0,r2egym-qwen3-rl-100-steps-1-attempt-2,59,4244,agent_max_step_limit,335,0.7772998714925403,True
slimshetty/swebench-verified:sweb.eval.x86_64.django__django-11333,0.0,r2egym-qwen3-rl-100-steps-1-attempt-2,100,1524,abs_step_limit,2,0.7981867873410141,False
slimshetty/swebench-verified:sweb.eval.x86_64.django__django-11299,1.0,r2egym-qwen3-rl-100-steps-1-attempt-2,100,3592,abs_step_limit,103,0.8519528057272544,True
slimshetty/swebench-verified:sweb.eval.x86_64.sympy__sympy-19346,0.0,r2egym-qwen3-rl-100-steps-1-attempt-2,71,3668,token_limit,40,0.7772998663336157,False
slimshetty/swebench-verified:sweb.eval.x86_64.sympy__sympy-14711,1.0,r2egym-qwen3-rl-100-steps-1-attempt-2,41,767,max_step_limit,2,0.893309401793762,True
slimshetty/swebench-verified:sweb.eval.x86_64.astropy__astropy-12907,0.0,r2egym-qwen3-rl-100-steps-1-attempt-2,49,1259,token_limit,13,0.11920292045759123,False
slimshetty/swebench-verified:sweb.eval.x86_64.django__django-13821,0.0,r2egym-qwen3-rl-100-steps-1-attempt-2,98,2830,token_limit,0,0.7310585844894971,False
slimshetty/swebench-verified:sweb.eval.x86_64.django__django-16116,1.0,r2egym-qwen3-rl-100-steps-1-attempt-2,72,4075,token_limit,137,0.7549149758396752,True
slimshetty/swebench-verified:sweb.eval.x86_64.sympy__sympy-16597,0.0,r2egym-qwen3-rl-100-steps-1-attempt-2,46,1300,agent_max_step_limit,74,0.7981867777396212,False
slimshetty/swebench-verified:sweb.eval.x86_64.sympy__sympy-19040,0.0,r2egym-qwen3-rl-100-steps-1-attempt-2,68,0,token_limit,148,5.829129315979273e-05,False
slimshetty/swebench-verified:sweb.eval.x86_64.django__django-11603,1.0,r2egym-qwen3-rl-100-steps-1-attempt-2,100,3019,abs_step_limit,58,0.8354835371034368,True
slimshetty/swebench-verified:sweb.eval.x86_64.django__django-14349,1.0,r2egym-qwen3-rl-100-steps-1-attempt-2,49,647,token_limit,18,0.8354835391516133,True
slimshetty/swebench-verified:sweb.eval.x86_64.sympy__sympy-13551,0.0,r2egym-qwen3-rl-100-steps-1-attempt-2,45,1869,token_limit,0,0.010986940404201095,False
slimshetty/swebench-verified:sweb.eval.x86_64.django__django-16662,1.0,r2egym-qwen3-rl-100-steps-1-attempt-2,31,6786,token_limit,51,0.7981867825403177,True
slimshetty/swebench-verified:sweb.eval.x86_64.django__django-13128,0.0,r2egym-qwen3-rl-100-steps-1-attempt-2,54,2485,agent_max_step_limit,126,0.679178699175393,False
slimshetty/swebench-verified:sweb.eval.x86_64.sympy__sympy-11618,1.0,r2egym-qwen3-rl-100-steps-1-attempt-2,37,853,agent,4,0.867035758084294,True
slimshetty/swebench-verified:sweb.eval.x86_64.sympy__sympy-12481,1.0,r2egym-qwen3-rl-100-steps-1-attempt-2,55,2088,token_limit,7,0.8175744739711883,True
slimshetty/swebench-verified:sweb.eval.x86_64.sympy__sympy-15976,1.0,r2egym-qwen3-rl-100-steps-1-attempt-2,19,2668,agent,37,0.7310585727705127,True
slimshetty/swebench-verified:sweb.eval.x86_64.psf__requests-1724,1.0,r2egym-qwen3-rl-100-steps-1-attempt-2,38,948,agent,79,0.8807970701552505,True
slimshetty/swebench-verified:sweb.eval.x86_64.sphinx-doc__sphinx-8548,0.0,r2egym-qwen3-rl-100-steps-1-attempt-2,41,906,token_limit,5,0.00023050671275078066,False
slimshetty/swebench-verified:sweb.eval.x86_64.django__django-16901,0.0,r2egym-qwen3-rl-100-steps-1-attempt-2,69,3752,token_limit,0,0.01798620598127015,False
slimshetty/swebench-verified:sweb.eval.x86_64.sphinx-doc__sphinx-7454,0.0,r2egym-qwen3-rl-100-steps-1-attempt-2,65,838,agent_max_step_limit,27,0.0019267345025893489,False
slimshetty/swebench-verified:sweb.eval.x86_64.scikit-learn__scikit-learn-10908,0.0,r2egym-qwen3-rl-100-steps-1-attempt-2,14,902,agent,47,0.8519528076067262,False
slimshetty/swebench-verified:sweb.eval.x86_64.django__django-14155,0.0,r2egym-qwen3-rl-100-steps-1-attempt-2,71,3759,token_limit,89,0.8519528094861981,False
slimshetty/swebench-verified:sweb.eval.x86_64.pydata__xarray-4094,1.0,r2egym-qwen3-rl-100-steps-1-attempt-2,40,1294,agent,862,0.8354835391516133,True
slimshetty/swebench-verified:sweb.eval.x86_64.sympy__sympy-14976,0.0,r2egym-qwen3-rl-100-steps-1-attempt-2,93,0,token_limit,13,2.753568122134716e-05,False
slimshetty/swebench-verified:sweb.eval.x86_64.django__django-15382,0.0,r2egym-qwen3-rl-100-steps-1-attempt-2,100,4615,abs_step_limit,160,0.029312233136261325,False
slimshetty/swebench-verified:sweb.eval.x86_64.scikit-learn__scikit-learn-26194,0.0,r2egym-qwen3-rl-100-steps-1-attempt-2,39,600,token_limit,186,0.08509905370824052,False
slimshetty/swebench-verified:sweb.eval.x86_64.django__django-11815,1.0,r2egym-qwen3-rl-100-steps-1-attempt-2,24,2812,agent,44,0.8670357460591569,True
slimshetty/swebench-verified:sweb.eval.x86_64.django__django-12965,0.0,r2egym-qwen3-rl-100-steps-1-attempt-2,61,1601,token_limit,49,0.5621765008857981,False
slimshetty/swebench-verified:sweb.eval.x86_64.django__django-9296,1.0,r2egym-qwen3-rl-100-steps-1-attempt-2,60,2937,agent_max_step_limit,20,0.7549149923816048,True
slimshetty/swebench-verified:sweb.eval.x86_64.django__django-14034,0.0,r2egym-qwen3-rl-100-steps-1-attempt-2,19,1751,agent,12,0.8354835432479661,False
slimshetty/swebench-verified:sweb.eval.x86_64.django__django-10973,0.0,r2egym-qwen3-rl-100-steps-1-attempt-2,29,3380,agent,0,0.7310585786300049,False
slimshetty/swebench-verified:sweb.eval.x86_64.django__django-12419,0.0,r2egym-qwen3-rl-100-steps-1-attempt-2,100,2460,abs_step_limit,0,0.7549149978955811,False
slimshetty/swebench-verified:sweb.eval.x86_64.django__django-14373,1.0,r2egym-qwen3-rl-100-steps-1-attempt-2,34,2726,agent,19,0.7981867705385762,True
slimshetty/swebench-verified:sweb.eval.x86_64.django__django-14539,1.0,r2egym-qwen3-rl-100-steps-1-attempt-2,19,3328,agent,14,0.4687906266262437,True
slimshetty/swebench-verified:sweb.eval.x86_64.django__django-13670,1.0,r2egym-qwen3-rl-100-steps-1-attempt-2,96,3957,token_limit,17,0.8933094039240554,True
slimshetty/swebench-verified:sweb.eval.x86_64.matplotlib__matplotlib-13989,1.0,r2egym-qwen3-rl-100-steps-1-attempt-2,21,1109,agent,411,0.6224593382055109,True
slimshetty/swebench-verified:sweb.eval.x86_64.django__django-13820,1.0,r2egym-qwen3-rl-100-steps-1-attempt-2,100,2990,abs_step_limit,24,0.7057850154599563,True
slimshetty/swebench-verified:sweb.eval.x86_64.sympy__sympy-20438,0.0,r2egym-qwen3-rl-100-steps-1-attempt-2,100,868,abs_step_limit,0,0.0031726823984636774,False
slimshetty/swebench-verified:sweb.eval.x86_64.django__django-14672,1.0,r2egym-qwen3-rl-100-steps-1-attempt-2,100,3253,abs_step_limit,0,0.8175744739711883,True
slimshetty/swebench-verified:sweb.eval.x86_64.scikit-learn__scikit-learn-13124,0.0,r2egym-qwen3-rl-100-steps-1-attempt-2,42,1458,token_limit,59,0.02931223159932252,False
slimshetty/swebench-verified:sweb.eval.x86_64.django__django-14011,0.0,r2egym-qwen3-rl-100-steps-1-attempt-2,100,2808,abs_step_limit,2,0.7981867681382279,False
slimshetty/swebench-verified:sweb.eval.x86_64.scikit-learn__scikit-learn-13496,1.0,r2egym-qwen3-rl-100-steps-1-attempt-2,45,3248,agent_max_step_limit,19,0.7310585786300049,True
slimshetty/swebench-verified:sweb.eval.x86_64.django__django-15098,0.0,r2egym-qwen3-rl-100-steps-1-attempt-2,96,2919,token_limit,87,0.6224593312018546,False
slimshetty/swebench-verified:sweb.eval.x86_64.scikit-learn__scikit-learn-13439,1.0,r2egym-qwen3-rl-100-steps-1-attempt-2,31,1331,agent,40,0.8670357580842941,True
slimshetty/swebench-verified:sweb.eval.x86_64.sphinx-doc__sphinx-9711,1.0,r2egym-qwen3-rl-100-steps-1-attempt-2,100,1062,abs_step_limit,0,0.8670357529306639,True
slimshetty/swebench-verified:sweb.eval.x86_64.django__django-14140,0.0,r2egym-qwen3-rl-100-steps-1-attempt-2,40,4103,agent,199,0.7772998611746912,False
slimshetty/swebench-verified:sweb.eval.x86_64.django__django-14351,0.0,r2egym-qwen3-rl-100-steps-1-attempt-2,32,0,token_limit,58,0.00012339457387483449,False
slimshetty/swebench-verified:sweb.eval.x86_64.django__django-15277,1.0,r2egym-qwen3-rl-100-steps-1-attempt-2,70,2018,agent_max_step_limit,158,0.817574478416099,True
slimshetty/swebench-verified:sweb.eval.x86_64.django__django-13344,0.0,r2egym-qwen3-rl-100-steps-1-attempt-2,19,1909,agent,356,0.7310585903489891,False
slimshetty/swebench-verified:sweb.eval.x86_64.django__django-16256,0.0,r2egym-qwen3-rl-100-steps-1-attempt-2,55,0,token_limit,53,9.610243752612511e-05,False
slimshetty/swebench-verified:sweb.eval.x86_64.django__django-11292,0.0,r2egym-qwen3-rl-100-steps-1-attempt-2,82,1154,token_limit,31,0.2018132198600306,False
slimshetty/swebench-verified:sweb.eval.x86_64.django__django-14752,0.0,r2egym-qwen3-rl-100-steps-1-attempt-2,100,902,abs_step_limit,0,0.0007096705173647574,False
slimshetty/swebench-verified:sweb.eval.x86_64.django__django-15128,0.0,r2egym-qwen3-rl-100-steps-1-attempt-2,100,2996,abs_step_limit,281,0.34864512856608554,False
slimshetty/swebench-verified:sweb.eval.x86_64.django__django-15467,1.0,r2egym-qwen3-rl-100-steps-1-attempt-2,100,2240,abs_step_limit,62,0.7772998714925403,True
slimshetty/swebench-verified:sweb.eval.x86_64.scikit-learn__scikit-learn-14983,0.0,r2egym-qwen3-rl-100-steps-1-attempt-2,44,3173,agent_max_step_limit,104,0.4073334000459302,False
slimshetty/swebench-verified:sweb.eval.x86_64.scikit-learn__scikit-learn-25102,1.0,r2egym-qwen3-rl-100-steps-1-attempt-2,32,5129,agent,59,0.867035752930664,True
slimshetty/swebench-verified:sweb.eval.x86_64.pytest-dev__pytest-10051,1.0,r2egym-qwen3-rl-100-steps-1-attempt-2,42,3329,agent_max_step_limit,15,0.43782349911420193,True
slimshetty/swebench-verified:sweb.eval.x86_64.sympy__sympy-16450,1.0,r2egym-qwen3-rl-100-steps-1-attempt-2,51,1372,token_limit,38,0.7057850340255386,True
slimshetty/swebench-verified:sweb.eval.x86_64.django__django-11740,0.0,r2egym-qwen3-rl-100-steps-1-attempt-2,58,0,token_limit,109,5.1442213585014685e-05,False
slimshetty/swebench-verified:sweb.eval.x86_64.django__django-13933,0.0,r2egym-qwen3-rl-100-steps-1-attempt-2,60,4101,token_limit,0,0.0059110682761513225,False
slimshetty/swebench-verified:sweb.eval.x86_64.django__django-16333,1.0,r2egym-qwen3-rl-100-steps-1-attempt-2,34,3627,token_limit,87,0.8175744739711883,True
slimshetty/swebench-verified:sweb.eval.x86_64.matplotlib__matplotlib-26342,1.0,r2egym-qwen3-rl-100-steps-1-attempt-2,45,1738,agent_max_step_limit,81,0.7772998560157665,True
slimshetty/swebench-verified:sweb.eval.x86_64.django__django-12663,0.0,r2egym-qwen3-rl-100-steps-1-attempt-2,64,3909,agent_max_step_limit,135,0.8175744806385542,False
slimshetty/swebench-verified:sweb.eval.x86_64.sphinx-doc__sphinx-9281,0.0,r2egym-qwen3-rl-100-steps-1-attempt-2,53,2476,token_limit,0,0.16451646904109268,False
slimshetty/swebench-verified:sweb.eval.x86_64.scikit-learn__scikit-learn-11578,1.0,r2egym-qwen3-rl-100-steps-1-attempt-2,43,2938,agent_max_step_limit,93,0.7772998508568416,True
slimshetty/swebench-verified:sweb.eval.x86_64.django__django-15499,1.0,r2egym-qwen3-rl-100-steps-1-attempt-2,100,2011,abs_step_limit,35,0.8519528057272544,True
slimshetty/swebench-verified:sweb.eval.x86_64.sympy__sympy-22914,1.0,r2egym-qwen3-rl-100-steps-1-attempt-2,49,1641,token_limit,17,0.8175744828610095,True
slimshetty/swebench-verified:sweb.eval.x86_64.django__django-12273,0.0,r2egym-qwen3-rl-100-steps-1-attempt-2,29,1879,agent,27,0.5,False
slimshetty/swebench-verified:sweb.eval.x86_64.astropy__astropy-13236,0.0,r2egym-qwen3-rl-100-steps-1-attempt-2,91,3725,token_limit,644,0.7772998714925403,False
slimshetty/swebench-verified:sweb.eval.x86_64.pylint-dev__pylint-6903,1.0,r2egym-qwen3-rl-100-steps-1-attempt-2,94,3065,token_limit,8,0.46879062662624377,True
slimshetty/swebench-verified:sweb.eval.x86_64.sphinx-doc__sphinx-8056,0.0,r2egym-qwen3-rl-100-steps-1-attempt-2,100,0,abs_step_limit,40,2.4300252306390083e-05,False
slimshetty/swebench-verified:sweb.eval.x86_64.django__django-15104,1.0,r2egym-qwen3-rl-100-steps-1-attempt-2,33,2927,agent,131,0.7310585727705127,True
slimshetty/swebench-verified:sweb.eval.x86_64.pydata__xarray-4075,1.0,r2egym-qwen3-rl-100-steps-1-attempt-2,48,1345,agent_max_step_limit,958,0.851952809486198,True
slimshetty/swebench-verified:sweb.eval.x86_64.scikit-learn__scikit-learn-10844,1.0,r2egym-qwen3-rl-100-steps-1-attempt-2,18,633,agent,16,0.8807970811069351,True
slimshetty/swebench-verified:sweb.eval.x86_64.django__django-15987,0.0,r2egym-qwen3-rl-100-steps-1-attempt-2,100,745,abs_step_limit,52,0.8354835411997897,False
slimshetty/swebench-verified:sweb.eval.x86_64.sympy__sympy-20916,0.0,r2egym-qwen3-rl-100-steps-1-attempt-2,100,735,abs_step_limit,1,0.0013250223498939583,False
slimshetty/swebench-verified:sweb.eval.x86_64.django__django-16877,0.0,r2egym-qwen3-rl-100-steps-1-attempt-2,73,2716,token_limit,0,0.01798620953439996,False
slimshetty/swebench-verified:sweb.eval.x86_64.pytest-dev__pytest-7236,0.0,r2egym-qwen3-rl-100-steps-1-attempt-2,42,1664,agent_max_step_limit,50,0.4073334000459302,False
slimshetty/swebench-verified:sweb.eval.x86_64.matplotlib__matplotlib-26291,0.0,r2egym-qwen3-rl-100-steps-1-attempt-2,24,2650,agent,49,0.8933093975331751,False
slimshetty/swebench-verified:sweb.eval.x86_64.django__django-14771,0.0,r2egym-qwen3-rl-100-steps-1-attempt-2,87,2801,token_limit,60,0.00010889686969505426,False
slimshetty/swebench-verified:sweb.eval.x86_64.matplotlib__matplotlib-23314,1.0,r2egym-qwen3-rl-100-steps-1-attempt-2,69,1005,token_limit,862,0.8807970654616711,True
slimshetty/swebench-verified:sweb.eval.x86_64.matplotlib__matplotlib-25960,0.0,r2egym-qwen3-rl-100-steps-1-attempt-2,70,2849,token_limit,131,0.8354835391516133,False
slimshetty/swebench-verified:sweb.eval.x86_64.django__django-13158,0.0,r2egym-qwen3-rl-100-steps-1-attempt-2,100,0,abs_step_limit,29,0.00015843627209643615,False
slimshetty/swebench-verified:sweb.eval.x86_64.sympy__sympy-18698,0.0,r2egym-qwen3-rl-100-steps-1-attempt-2,71,635,token_limit,147,0.008577484772201294,False
slimshetty/swebench-verified:sweb.eval.x86_64.matplotlib__matplotlib-26113,1.0,r2egym-qwen3-rl-100-steps-1-attempt-2,19,631,agent,812,0.8933094145755219,True
slimshetty/swebench-verified:sweb.eval.x86_64.django__django-12713,1.0,r2egym-qwen3-rl-100-steps-1-attempt-2,44,8188,agent_max_step_limit,58,0.8670357512127872,True
slimshetty/swebench-verified:sweb.eval.x86_64.pydata__xarray-6938,0.0,r2egym-qwen3-rl-100-steps-1-attempt-2,15,883,agent,430,0.8354835432479661,False
slimshetty/swebench-verified:sweb.eval.x86_64.sympy__sympy-19637,1.0,r2egym-qwen3-rl-100-steps-1-attempt-2,58,1586,token_limit,40,0.06754668550840877,True
slimshetty/swebench-verified:sweb.eval.x86_64.django__django-12304,0.0,r2egym-qwen3-rl-100-steps-1-attempt-2,97,1389,token_limit,0,0.0013250224614250875,False
slimshetty/swebench-verified:sweb.eval.x86_64.matplotlib__matplotlib-21568,0.0,r2egym-qwen3-rl-100-steps-1-attempt-2,28,1638,agent,69,0.5,False
slimshetty/swebench-verified:sweb.eval.x86_64.scikit-learn__scikit-learn-25973,1.0,r2egym-qwen3-rl-100-steps-1-attempt-2,23,906,agent,72,0.8519528019683105,True
slimshetty/swebench-verified:sweb.eval.x86_64.pylint-dev__pylint-4604,0.0,r2egym-qwen3-rl-100-steps-1-attempt-2,87,1577,token_limit,0,0.012431648120473272,False
slimshetty/swebench-verified:sweb.eval.x86_64.django__django-11880,1.0,r2egym-qwen3-rl-100-steps-1-attempt-2,100,2388,abs_step_limit,114,0.8807970889295664,True
slimshetty/swebench-verified:sweb.eval.x86_64.django__django-16950,0.0,r2egym-qwen3-rl-100-steps-1-attempt-2,72,2425,token_limit,3,0.7310585669110203,False
slimshetty/swebench-verified:sweb.eval.x86_64.django__django-12143,1.0,r2egym-qwen3-rl-100-steps-1-attempt-2,64,2687,token_limit,52,0.7772998611746911,True
slimshetty/swebench-verified:sweb.eval.x86_64.pytest-dev__pytest-7490,1.0,r2egym-qwen3-rl-100-steps-1-attempt-2,60,1328,token_limit,78,0.8807970670261976,True
slimshetty/swebench-verified:sweb.eval.x86_64.django__django-16502,0.0,r2egym-qwen3-rl-100-steps-1-attempt-2,100,921,abs_step_limit,0,0.00012339457436498028,False
slimshetty/swebench-verified:sweb.eval.x86_64.sympy__sympy-15345,0.0,r2egym-qwen3-rl-100-steps-1-attempt-2,100,0,abs_step_limit,8,1.892515274614874e-05,False
slimshetty/swebench-verified:sweb.eval.x86_64.sphinx-doc__sphinx-11510,0.0,r2egym-qwen3-rl-100-steps-1-attempt-2,33,2878,agent,7,0.7549149923816048,False
slimshetty/swebench-verified:sweb.eval.x86_64.matplotlib__matplotlib-14623,1.0,r2egym-qwen3-rl-100-steps-1-attempt-2,41,797,max_step_limit,400,0.43782349911420193,True
slimshetty/swebench-verified:sweb.eval.x86_64.django__django-15563,0.0,r2egym-qwen3-rl-100-steps-1-attempt-2,50,0,token_limit,29,4.006369214729855e-05,False
slimshetty/swebench-verified:sweb.eval.x86_64.django__django-14493,1.0,r2egym-qwen3-rl-100-steps-1-attempt-2,100,2391,abs_step_limit,36,0.8807970811069351,True
slimshetty/swebench-verified:sweb.eval.x86_64.scikit-learn__scikit-learn-14894,1.0,r2egym-qwen3-rl-100-steps-1-attempt-2,18,2246,agent,85,0.7981867801399694,True
slimshetty/swebench-verified:sweb.eval.x86_64.pydata__xarray-7233,0.0,r2egym-qwen3-rl-100-steps-1-attempt-2,53,1889,agent_max_step_limit,189,0.5312093733737563,False
slimshetty/swebench-verified:sweb.eval.x86_64.sphinx-doc__sphinx-8721,1.0,r2egym-qwen3-rl-100-steps-1-attempt-2,89,2203,token_limit,3,0.5,True
slimshetty/swebench-verified:sweb.eval.x86_64.pytest-dev__pytest-7432,0.0,r2egym-qwen3-rl-100-steps-1-attempt-2,100,2656,abs_step_limit,0,0.00043055707681544753,False
slimshetty/swebench-verified:sweb.eval.x86_64.sympy__sympy-20801,0.0,r2egym-qwen3-rl-100-steps-1-attempt-2,24,0,token_limit,96,0.00010889690885245028,False
slimshetty/swebench-verified:sweb.eval.x86_64.django__django-14404,0.0,r2egym-qwen3-rl-100-steps-1-attempt-2,79,3036,token_limit,0,0.0007096705044031686,False
slimshetty/swebench-verified:sweb.eval.x86_64.sphinx-doc__sphinx-10449,0.0,r2egym-qwen3-rl-100-steps-1-attempt-2,80,0,token_limit,30,6.605216020953037e-05,False
slimshetty/swebench-verified:sweb.eval.x86_64.sympy__sympy-20428,0.0,r2egym-qwen3-rl-100-steps-1-attempt-2,45,3066,agent_max_step_limit,154,0.8670357649558007,False
slimshetty/swebench-verified:sweb.eval.x86_64.sympy__sympy-23950,0.0,r2egym-qwen3-rl-100-steps-1-attempt-2,90,0,token_limit,4,3.5356242266024216e-05,False
slimshetty/swebench-verified:sweb.eval.x86_64.sympy__sympy-21930,0.0,r2egym-qwen3-rl-100-steps-1-attempt-2,53,861,token_limit,45,0.7057850278370112,False
slimshetty/swebench-verified:sweb.eval.x86_64.psf__requests-2317,1.0,r2egym-qwen3-rl-100-steps-1-attempt-2,42,2353,agent_max_step_limit,133,0.7549149978955811,True
slimshetty/swebench-verified:sweb.eval.x86_64.pydata__xarray-2905,1.0,r2egym-qwen3-rl-100-steps-1-attempt-2,37,602,token_limit,364,0.8807970826714614,True
slimshetty/swebench-verified:sweb.eval.x86_64.sympy__sympy-13798,0.0,r2egym-qwen3-rl-100-steps-1-attempt-2,29,1435,agent,102,0.6791786861878392,False
slimshetty/swebench-verified:sweb.eval.x86_64.django__django-13568,0.0,r2egym-qwen3-rl-100-steps-1-attempt-2,81,3173,token_limit,12,0.8175744828610095,False
slimshetty/swebench-verified:sweb.eval.x86_64.django__django-15127,0.0,r2egym-qwen3-rl-100-steps-1-attempt-2,100,1721,abs_step_limit,1,0.8354835391516133,False
slimshetty/swebench-verified:sweb.eval.x86_64.scikit-learn__scikit-learn-13135,1.0,r2egym-qwen3-rl-100-steps-1-attempt-2,100,3041,abs_step_limit,33,0.880797071719777,True
slimshetty/swebench-verified:sweb.eval.x86_64.django__django-15957,0.0,r2egym-qwen3-rl-100-steps-1-attempt-2,73,4140,token_limit,89,0.010986940515520687,False
slimshetty/swebench-verified:sweb.eval.x86_64.sympy__sympy-23413,0.0,r2egym-qwen3-rl-100-steps-1-attempt-2,51,1912,token_limit,2,0.0017007226197620056,False
slimshetty/swebench-verified:sweb.eval.x86_64.matplotlib__matplotlib-24177,0.0,r2egym-qwen3-rl-100-steps-1-attempt-2,49,4270,token_limit,742,0.14804719427274568,False
slimshetty/swebench-verified:sweb.eval.x86_64.pydata__xarray-3095,0.0,r2egym-qwen3-rl-100-steps-1-attempt-2,58,919,token_limit,252,0.014063627198208329,False
slimshetty/swebench-verified:sweb.eval.x86_64.django__django-16631,0.0,r2egym-qwen3-rl-100-steps-1-attempt-2,40,3646,agent,12,0.8175744806385542,False
slimshetty/swebench-verified:sweb.eval.x86_64.sympy__sympy-15017,1.0,r2egym-qwen3-rl-100-steps-1-attempt-2,50,1451,agent_max_step_limit,14,0.8354835411997897,True
slimshetty/swebench-verified:sweb.eval.x86_64.django__django-16938,0.0,r2egym-qwen3-rl-100-steps-1-attempt-2,88,4109,token_limit,65,0.7057850216484838,False
slimshetty/swebench-verified:sweb.eval.x86_64.astropy__astropy-7671,0.0,r2egym-qwen3-rl-100-steps-1-attempt-2,40,1561,agent,0,0.6513548714339145,False
slimshetty/swebench-verified:sweb.eval.x86_64.django__django-11477,0.0,r2egym-qwen3-rl-100-steps-1-attempt-2,100,3787,abs_step_limit,151,0.0031726835457034654,False
slimshetty/swebench-verified:sweb.eval.x86_64.django__django-16819,0.0,r2egym-qwen3-rl-100-steps-1-attempt-2,93,8902,token_limit,0,0.5312093733737563,False
slimshetty/swebench-verified:sweb.eval.x86_64.django__django-14238,0.0,r2egym-qwen3-rl-100-steps-1-attempt-2,100,4570,abs_step_limit,32,0.6791786926816161,False
slimshetty/swebench-verified:sweb.eval.x86_64.astropy__astropy-13398,0.0,r2egym-qwen3-rl-100-steps-1-attempt-2,49,0,token_limit,68,3.120190763491069e-05,False
slimshetty/swebench-verified:sweb.eval.x86_64.psf__requests-1921,1.0,r2egym-qwen3-rl-100-steps-1-attempt-2,72,3590,token_limit,107,0.1329642487872128,True
slimshetty/swebench-verified:sweb.eval.x86_64.sympy__sympy-13647,1.0,r2egym-qwen3-rl-100-steps-1-attempt-2,39,1311,agent,76,0.8354835309589074,True
slimshetty/swebench-verified:sweb.eval.x86_64.sphinx-doc__sphinx-8551,1.0,r2egym-qwen3-rl-100-steps-1-attempt-2,73,668,token_limit,32,0.867035758084294,True
slimshetty/swebench-verified:sweb.eval.x86_64.django__django-15268,0.0,r2egym-qwen3-rl-100-steps-1-attempt-2,77,3401,token_limit,130,0.007577241120789741,False
slimshetty/swebench-verified:sweb.eval.x86_64.django__django-11999,1.0,r2egym-qwen3-rl-100-steps-1-attempt-2,51,1721,agent_max_step_limit,30,0.7981867729389246,True
slimshetty/swebench-verified:sweb.eval.x86_64.django__django-16527,1.0,r2egym-qwen3-rl-100-steps-1-attempt-2,39,4061,agent,6,0.7772998663336158,True
slimshetty/swebench-verified:sweb.eval.x86_64.pydata__xarray-6599,0.0,r2egym-qwen3-rl-100-steps-1-attempt-2,100,3313,abs_step_limit,262,0.04208773257151254,False
slimshetty/swebench-verified:sweb.eval.x86_64.django__django-10880,0.0,r2egym-qwen3-rl-100-steps-1-attempt-2,100,3905,abs_step_limit,54,0.8933094131553264,False
slimshetty/swebench-verified:sweb.eval.x86_64.sphinx-doc__sphinx-8593,0.0,r2egym-qwen3-rl-100-steps-1-attempt-2,54,906,token_limit,1,0.0003799845680139073,False
slimshetty/swebench-verified:sweb.eval.x86_64.django__django-15731,1.0,r2egym-qwen3-rl-100-steps-1-attempt-2,93,1900,token_limit,58,0.8354835391516133,True
slimshetty/swebench-verified:sweb.eval.x86_64.scikit-learn__scikit-learn-12973,0.0,r2egym-qwen3-rl-100-steps-1-attempt-2,94,2189,token_limit,32,0.7310585727705126,False
slimshetty/swebench-verified:sweb.eval.x86_64.django__django-11790,0.0,r2egym-qwen3-rl-100-steps-1-attempt-2,38,1894,agent,77,0.7310585727705127,False
slimshetty/swebench-verified:sweb.eval.x86_64.scikit-learn__scikit-learn-12682,0.0,r2egym-qwen3-rl-100-steps-1-attempt-2,100,556,abs_step_limit,21,0.0004305570832034347,False
slimshetty/swebench-verified:sweb.eval.x86_64.django__django-14608,1.0,r2egym-qwen3-rl-100-steps-1-attempt-2,41,1876,max_step_limit,394,0.7981867849406659,True
slimshetty/swebench-verified:sweb.eval.x86_64.django__django-13786,1.0,r2egym-qwen3-rl-100-steps-1-attempt-2,24,2214,agent,33,0.6513548646660542,True
slimshetty/swebench-verified:sweb.eval.x86_64.sympy__sympy-24562,1.0,r2egym-qwen3-rl-100-steps-1-attempt-2,32,1214,agent,105,0.8933094110250331,True
slimshetty/swebench-verified:sweb.eval.x86_64.django__django-12406,0.0,r2egym-qwen3-rl-100-steps-1-attempt-2,80,3815,token_limit,155,0.7981867801399695,False
slimshetty/swebench-verified:sweb.eval.x86_64.django__django-11095,1.0,r2egym-qwen3-rl-100-steps-1-attempt-2,100,3129,abs_step_limit,19,0.5,True
slimshetty/swebench-verified:sweb.eval.x86_64.astropy__astropy-14182,0.0,r2egym-qwen3-rl-100-steps-1-attempt-2,39,2631,agent,9,0.7981867825403176,False
slimshetty/swebench-verified:sweb.eval.x86_64.pytest-dev__pytest-7521,1.0,r2egym-qwen3-rl-100-steps-1-attempt-2,17,1238,agent,125,0.8354835391516132,True
slimshetty/swebench-verified:sweb.eval.x86_64.sphinx-doc__sphinx-7440,1.0,r2egym-qwen3-rl-100-steps-1-attempt-2,84,544,token_limit,12,0.07585818576669104,True
slimshetty/swebench-verified:sweb.eval.x86_64.django__django-13279,0.0,r2egym-qwen3-rl-100-steps-1-attempt-2,92,2835,token_limit,346,0.5621765008857981,False
slimshetty/swebench-verified:sweb.eval.x86_64.sphinx-doc__sphinx-7462,0.0,r2egym-qwen3-rl-100-steps-1-attempt-2,14,934,agent,49,0.8175744761936437,False
slimshetty/swebench-verified:sweb.eval.x86_64.pylint-dev__pylint-4661,0.0,r2egym-qwen3-rl-100-steps-1-attempt-2,41,1450,max_step_limit,0,0.679178699175393,False
slimshetty/swebench-verified:sweb.eval.x86_64.django__django-16899,1.0,r2egym-qwen3-rl-100-steps-1-attempt-2,42,3593,agent_max_step_limit,54,0.8519527982093666,True
slimshetty/swebench-verified:sweb.eval.x86_64.django__django-13837,0.0,r2egym-qwen3-rl-100-steps-1-attempt-2,61,3234,token_limit,0,0.006692851592965296,False
slimshetty/swebench-verified:sweb.eval.x86_64.matplotlib__matplotlib-22871,0.0,r2egym-qwen3-rl-100-steps-1-attempt-2,100,1460,abs_step_limit,87,0.5,False
slimshetty/swebench-verified:sweb.eval.x86_64.pydata__xarray-7393,0.0,r2egym-qwen3-rl-100-steps-1-attempt-2,78,1993,token_limit,70,0.010986942934192136,False
slimshetty/swebench-verified:sweb.eval.x86_64.sphinx-doc__sphinx-9230,0.0,r2egym-qwen3-rl-100-steps-1-attempt-2,92,4129,token_limit,44,0.012431650132847307,False
slimshetty/swebench-verified:sweb.eval.x86_64.scikit-learn__scikit-learn-14710,0.0,r2egym-qwen3-rl-100-steps-1-attempt-2,44,4823,agent_max_step_limit,0,0.8670357563664174,False
slimshetty/swebench-verified:sweb.eval.x86_64.sympy__sympy-15875,0.0,r2egym-qwen3-rl-100-steps-1-attempt-2,100,1302,abs_step_limit,80,0.7310585727705127,False
slimshetty/swebench-verified:sweb.eval.x86_64.sphinx-doc__sphinx-7889,0.0,r2egym-qwen3-rl-100-steps-1-attempt-2,47,571,agent_max_step_limit,5,0.8670357598021708,False
slimshetty/swebench-verified:sweb.eval.x86_64.psf__requests-1766,0.0,r2egym-qwen3-rl-100-steps-1-attempt-2,65,3124,token_limit,0,0.012431649526848275,False
slimshetty/swebench-verified:sweb.eval.x86_64.sphinx-doc__sphinx-8475,1.0,r2egym-qwen3-rl-100-steps-1-attempt-2,100,2293,abs_step_limit,17,0.8807970904940926,True
slimshetty/swebench-verified:sweb.eval.x86_64.pytest-dev__pytest-7571,1.0,r2egym-qwen3-rl-100-steps-1-attempt-2,31,3513,agent,14,0.8519527944504227,True
slimshetty/swebench-verified:sweb.eval.x86_64.matplotlib__matplotlib-26208,0.0,r2egym-qwen3-rl-100-steps-1-attempt-2,49,498,token_limit,813,0.13296424019782924,False
slimshetty/swebench-verified:sweb.eval.x86_64.scikit-learn__scikit-learn-14087,0.0,r2egym-qwen3-rl-100-steps-1-attempt-2,49,2254,token_limit,144,0.0024726227575109392,False
slimshetty/swebench-verified:sweb.eval.x86_64.pytest-dev__pytest-5840,0.0,r2egym-qwen3-rl-100-steps-1-attempt-2,62,3749,token_limit,51,0.007577242202812678,False
slimshetty/swebench-verified:sweb.eval.x86_64.matplotlib__matplotlib-20676,0.0,r2egym-qwen3-rl-100-steps-1-attempt-2,71,0,token_limit,32,2.4300249405489955e-05,False
slimshetty/swebench-verified:sweb.eval.x86_64.django__django-14915,1.0,r2egym-qwen3-rl-100-steps-1-attempt-2,49,1335,agent_max_step_limit,23,0.8670357460591569,True
slimshetty/swebench-verified:sweb.eval.x86_64.django__django-16595,1.0,r2egym-qwen3-rl-100-steps-1-attempt-2,100,1967,abs_step_limit,37,0.34864513533394575,True
slimshetty/swebench-verified:sweb.eval.x86_64.sympy__sympy-24213,1.0,r2egym-qwen3-rl-100-steps-1-attempt-2,59,2541,agent_max_step_limit,31,0.8519528000888386,True
slimshetty/swebench-verified:sweb.eval.x86_64.django__django-15732,1.0,r2egym-qwen3-rl-100-steps-1-attempt-2,82,3368,token_limit,125,0.5,True
slimshetty/swebench-verified:sweb.eval.x86_64.django__django-11728,0.0,r2egym-qwen3-rl-100-steps-1-attempt-2,98,2463,token_limit,0,0.0009110511391935638,False
slimshetty/swebench-verified:sweb.eval.x86_64.matplotlib__matplotlib-22865,0.0,r2egym-qwen3-rl-100-steps-1-attempt-2,100,1670,abs_step_limit,57,0.34864512179822543,False
slimshetty/swebench-verified:sweb.eval.x86_64.django__django-11087,0.0,r2egym-qwen3-rl-100-steps-1-attempt-2,37,0,token_limit,41,2.1444956065331412e-05,False
slimshetty/swebench-verified:sweb.eval.x86_64.django__django-13516,0.0,r2egym-qwen3-rl-100-steps-1-attempt-2,100,481,abs_step_limit,43,0.002182716752137079,False
slimshetty/swebench-verified:sweb.eval.x86_64.django__django-11820,0.0,r2egym-qwen3-rl-100-steps-1-attempt-2,37,3388,token_limit,61,0.8519528019683105,False
slimshetty/swebench-verified:sweb.eval.x86_64.sphinx-doc__sphinx-9461,0.0,r2egym-qwen3-rl-100-steps-1-attempt-2,100,1350,abs_step_limit,59,0.3775406687981454,False
slimshetty/swebench-verified:sweb.eval.x86_64.mwaskom__seaborn-3187,0.0,r2egym-qwen3-rl-100-steps-1-attempt-2,100,1572,abs_step_limit,248,0.8175744695262777,False
slimshetty/swebench-verified:sweb.eval.x86_64.django__django-11179,1.0,r2egym-qwen3-rl-100-steps-1-attempt-2,42,1781,agent_max_step_limit,40,0.7549149868676283,True
slimshetty/swebench-verified:sweb.eval.x86_64.pytest-dev__pytest-8399,1.0,r2egym-qwen3-rl-100-steps-1-attempt-2,81,2088,agent_max_step_limit,59,0.8807970842359877,True
slimshetty/swebench-verified:sweb.eval.x86_64.django__django-16801,1.0,r2egym-qwen3-rl-100-steps-1-attempt-2,89,3329,token_limit,17,0.8670357735451834,True
slimshetty/swebench-verified:sweb.eval.x86_64.sympy__sympy-12419,0.0,r2egym-qwen3-rl-100-steps-1-attempt-2,56,1956,token_limit,24,0.012431651607826208,False
slimshetty/swebench-verified:sweb.eval.x86_64.django__django-14122,1.0,r2egym-qwen3-rl-100-steps-1-attempt-2,100,3503,abs_step_limit,26,0.7772998560157665,True
slimshetty/swebench-verified:sweb.eval.x86_64.django__django-13794,0.0,r2egym-qwen3-rl-100-steps-1-attempt-2,86,2068,token_limit,19,0.022977372084420553,False
slimshetty/swebench-verified:sweb.eval.x86_64.sphinx-doc__sphinx-10673,1.0,r2egym-qwen3-rl-100-steps-1-attempt-2,91,5023,token_limit,9,0.7549149813536518,True
slimshetty/swebench-verified:sweb.eval.x86_64.django__django-16569,1.0,r2egym-qwen3-rl-100-steps-1-attempt-2,13,2253,agent,111,0.8354835432479661,True
slimshetty/swebench-verified:sweb.eval.x86_64.django__django-15572,0.0,r2egym-qwen3-rl-100-steps-1-attempt-2,72,4284,agent_max_step_limit,9,0.5,False
slimshetty/swebench-verified:sweb.eval.x86_64.sphinx-doc__sphinx-9367,1.0,r2egym-qwen3-rl-100-steps-1-attempt-2,49,2547,agent_max_step_limit,25,0.8175744806385542,True
slimshetty/swebench-verified:sweb.eval.x86_64.matplotlib__matplotlib-24627,1.0,r2egym-qwen3-rl-100-steps-1-attempt-2,80,963,token_limit,776,0.8519527982093666,True
slimshetty/swebench-verified:sweb.eval.x86_64.matplotlib__matplotlib-20859,1.0,r2egym-qwen3-rl-100-steps-1-attempt-2,100,1255,abs_step_limit,88,0.8933094081846421,True
slimshetty/swebench-verified:sweb.eval.x86_64.scikit-learn__scikit-learn-14629,0.0,r2egym-qwen3-rl-100-steps-1-attempt-2,100,2090,abs_step_limit,0,0.0015011819257138134,False
slimshetty/swebench-verified:sweb.eval.x86_64.django__django-16139,1.0,r2egym-qwen3-rl-100-steps-1-attempt-2,100,4758,abs_step_limit,86,0.8807970873650401,True
slimshetty/swebench-verified:sweb.eval.x86_64.django__django-12155,1.0,r2egym-qwen3-rl-100-steps-1-attempt-2,29,1915,agent,6,0.6791787056691698,True
slimshetty/swebench-verified:sweb.eval.x86_64.astropy__astropy-14508,1.0,r2egym-qwen3-rl-100-steps-1-attempt-2,39,1810,agent,174,0.8175744761936437,True
slimshetty/swebench-verified:sweb.eval.x86_64.django__django-10914,1.0,r2egym-qwen3-rl-100-steps-1-attempt-2,17,2416,agent,98,0.7981867705385762,True
slimshetty/swebench-verified:sweb.eval.x86_64.sphinx-doc__sphinx-10323,0.0,r2egym-qwen3-rl-100-steps-1-attempt-2,97,3090,token_limit,38,0.679178686187839,False
slimshetty/swebench-verified:sweb.eval.x86_64.pylint-dev__pylint-6386,0.0,r2egym-qwen3-rl-100-steps-1-attempt-2,76,0,token_limit,7,5.144223195579028e-05,False
slimshetty/swebench-verified:sweb.eval.x86_64.django__django-13551,0.0,r2egym-qwen3-rl-100-steps-1-attempt-2,100,2576,abs_step_limit,56,0.7772998560157665,False
slimshetty/swebench-verified:sweb.eval.x86_64.django__django-13925,0.0,r2egym-qwen3-rl-100-steps-1-attempt-2,55,0,token_limit,24,5.8291258498513246e-05,False
slimshetty/swebench-verified:sweb.eval.x86_64.django__django-11400,0.0,r2egym-qwen3-rl-100-steps-1-attempt-2,100,4291,token_limit,58,0.4687906266262437,False
slimshetty/swebench-verified:sweb.eval.x86_64.django__django-13012,1.0,r2egym-qwen3-rl-100-steps-1-attempt-2,42,2177,agent_max_step_limit,137,0.8354835309589073,True
slimshetty/swebench-verified:sweb.eval.x86_64.sympy__sympy-22080,0.0,r2egym-qwen3-rl-100-steps-1-attempt-2,42,596,agent_max_step_limit,91,0.7981867849406659,False
slimshetty/swebench-verified:sweb.eval.x86_64.django__django-15554,0.0,r2egym-qwen3-rl-100-steps-1-attempt-2,55,0,token_limit,41,0.00010889694780229263,False
slimshetty/swebench-verified:sweb.eval.x86_64.django__django-15629,0.0,r2egym-qwen3-rl-100-steps-1-attempt-2,91,2167,token_limit,115,0.6791786926816161,False
slimshetty/swebench-verified:sweb.eval.x86_64.sympy__sympy-13480,1.0,r2egym-qwen3-rl-100-steps-1-attempt-2,12,594,agent,43,0.8670357529306639,True
slimshetty/swebench-verified:sweb.eval.x86_64.sphinx-doc__sphinx-8621,0.0,r2egym-qwen3-rl-100-steps-1-attempt-2,86,3155,token_limit,0,0.0007096703449426227,False
slimshetty/swebench-verified:sweb.eval.x86_64.django__django-16493,1.0,r2egym-qwen3-rl-100-steps-1-attempt-2,91,1918,token_limit,91,0.8519527963298947,True
slimshetty/swebench-verified:sweb.eval.x86_64.scikit-learn__scikit-learn-11310,1.0,r2egym-qwen3-rl-100-steps-1-attempt-2,43,2728,agent_max_step_limit,50,0.8354835411997897,True
slimshetty/swebench-verified:sweb.eval.x86_64.sphinx-doc__sphinx-8638,0.0,r2egym-qwen3-rl-100-steps-1-attempt-2,100,906,abs_step_limit,34,0.0007096705218641625,False
slimshetty/swebench-verified:sweb.eval.x86_64.matplotlib__matplotlib-24149,1.0,r2egym-qwen3-rl-100-steps-1-attempt-2,100,731,abs_step_limit,767,0.8933094060543488,True
slimshetty/swebench-verified:sweb.eval.x86_64.django__django-11964,1.0,r2egym-qwen3-rl-100-steps-1-attempt-2,33,4577,agent,15,0.8670357666736773,True
slimshetty/swebench-verified:sweb.eval.x86_64.sympy__sympy-13615,0.0,r2egym-qwen3-rl-100-steps-1-attempt-2,57,2366,token_limit,62,0.04742587772156363,False
slimshetty/swebench-verified:sweb.eval.x86_64.django__django-15930,1.0,r2egym-qwen3-rl-100-steps-1-attempt-2,100,1730,abs_step_limit,88,0.8519528076067262,True
slimshetty/swebench-verified:sweb.eval.x86_64.django__django-12209,1.0,r2egym-qwen3-rl-100-steps-1-attempt-2,37,2831,agent,0,0.8519528038477824,True
slimshetty/swebench-verified:sweb.eval.x86_64.django__django-14170,0.0,r2egym-qwen3-rl-100-steps-1-attempt-2,37,1535,token_limit,76,0.0003353501437843744,False
slimshetty/swebench-verified:sweb.eval.x86_64.django__django-16082,1.0,r2egym-qwen3-rl-100-steps-1-attempt-2,100,2320,abs_step_limit,170,0.893309411735131,True
slimshetty/swebench-verified:sweb.eval.x86_64.django__django-12774,0.0,r2egym-qwen3-rl-100-steps-1-attempt-2,100,2609,abs_step_limit,37,0.5312093733737562,False
slimshetty/swebench-verified:sweb.eval.x86_64.django__django-12050,1.0,r2egym-qwen3-rl-100-steps-1-attempt-2,100,2247,abs_step_limit,10,0.851952809486198,True
slimshetty/swebench-verified:sweb.eval.x86_64.sphinx-doc__sphinx-9591,0.0,r2egym-qwen3-rl-100-steps-1-attempt-2,1,942,token_limit,44,0.0019267346252697006,False
slimshetty/swebench-verified:sweb.eval.x86_64.sphinx-doc__sphinx-9258,0.0,r2egym-qwen3-rl-100-steps-1-attempt-2,78,2487,token_limit,45,0.6513548782017745,False
slimshetty/swebench-verified:sweb.eval.x86_64.scikit-learn__scikit-learn-12585,1.0,r2egym-qwen3-rl-100-steps-1-attempt-2,76,555,token_limit,22,0.8807970685907242,True
slimshetty/swebench-verified:sweb.eval.x86_64.django__django-11555,0.0,r2egym-qwen3-rl-100-steps-1-attempt-2,51,2279,agent_max_step_limit,26,0.6513548511303338,False
slimshetty/swebench-verified:sweb.eval.x86_64.django__django-15695,0.0,r2egym-qwen3-rl-100-steps-1-attempt-2,93,6839,token_limit,123,0.7310585786300049,False
slimshetty/swebench-verified:sweb.eval.x86_64.matplotlib__matplotlib-22719,1.0,r2egym-qwen3-rl-100-steps-1-attempt-2,52,4769,agent_max_step_limit,68,0.40733340004593027,True
slimshetty/swebench-verified:sweb.eval.x86_64.django__django-10999,0.0,r2egym-qwen3-rl-100-steps-1-attempt-2,33,2054,token_limit,6,0.005911068256997326,False
slimshetty/swebench-verified:sweb.eval.x86_64.scikit-learn__scikit-learn-25232,1.0,r2egym-qwen3-rl-100-steps-1-attempt-2,68,3356,token_limit,214,0.6513548511303336,True
slimshetty/swebench-verified:sweb.eval.x86_64.sphinx-doc__sphinx-10466,0.0,r2egym-qwen3-rl-100-steps-1-attempt-2,100,652,token_limit,6,0.16451645470385742,False
slimshetty/swebench-verified:sweb.eval.x86_64.django__django-14311,1.0,r2egym-qwen3-rl-100-steps-1-attempt-2,100,1298,abs_step_limit,59,0.5621765008857981,True
slimshetty/swebench-verified:sweb.eval.x86_64.sympy__sympy-21847,1.0,r2egym-qwen3-rl-100-steps-1-attempt-2,23,4178,agent,9,0.7772998611746912,True
slimshetty/swebench-verified:sweb.eval.x86_64.django__django-16429,1.0,r2egym-qwen3-rl-100-steps-1-attempt-2,44,4308,token_limit,21,0.5926665999540698,True
slimshetty/swebench-verified:sweb.eval.x86_64.django__django-11163,1.0,r2egym-qwen3-rl-100-steps-1-attempt-2,33,1664,agent,141,0.8670357477770336,True
slimshetty/swebench-verified:sweb.eval.x86_64.django__django-15161,0.0,r2egym-qwen3-rl-100-steps-1-attempt-2,95,953,token_limit,208,0.13296424878721277,False
slimshetty/swebench-verified:sweb.eval.x86_64.sympy__sympy-17139,0.0,r2egym-qwen3-rl-100-steps-1-attempt-2,33,1304,agent,67,0.7981867729389246,False
slimshetty/swebench-verified:sweb.eval.x86_64.django__django-17029,1.0,r2egym-qwen3-rl-100-steps-1-attempt-2,58,591,token_limit,43,0.8933094138654242,True
slimshetty/swebench-verified:sweb.eval.x86_64.sympy__sympy-14531,1.0,r2egym-qwen3-rl-100-steps-1-attempt-2,51,4460,agent_max_step_limit,84,0.8175744850834648,True
slimshetty/swebench-verified:sweb.eval.x86_64.django__django-14534,0.0,r2egym-qwen3-rl-100-steps-1-attempt-2,100,3065,abs_step_limit,118,0.7310585786300049,False
slimshetty/swebench-verified:sweb.eval.x86_64.sympy__sympy-22714,0.0,r2egym-qwen3-rl-100-steps-1-attempt-2,71,2120,token_limit,11,0.003593601957817008,False
slimshetty/swebench-verified:sweb.eval.x86_64.matplotlib__matplotlib-23299,0.0,r2egym-qwen3-rl-100-steps-1-attempt-2,35,2634,agent,192,0.8670357649558007,False
slimshetty/swebench-verified:sweb.eval.x86_64.django__django-14315,0.0,r2egym-qwen3-rl-100-steps-1-attempt-2,35,2666,agent,0,0.6224593312018546,False
slimshetty/swebench-verified:sweb.eval.x86_64.django__django-14787,0.0,r2egym-qwen3-rl-100-steps-1-attempt-2,59,5229,token_limit,17,0.6224593241981982,False
slimshetty/swebench-verified:sweb.eval.x86_64.django__django-13033,0.0,r2egym-qwen3-rl-100-steps-1-attempt-2,100,2351,abs_step_limit,26,0.7057850278370112,False
slimshetty/swebench-verified:sweb.eval.x86_64.pytest-dev__pytest-5631,1.0,r2egym-qwen3-rl-100-steps-1-attempt-2,100,1632,abs_step_limit,15,0.8807970779778824,True
slimshetty/swebench-verified:sweb.eval.x86_64.sphinx-doc__sphinx-8269,1.0,r2egym-qwen3-rl-100-steps-1-attempt-2,76,6532,token_limit,5,0.9046505357435622,True
slimshetty/swebench-verified:sweb.eval.x86_64.sympy__sympy-16792,0.0,r2egym-qwen3-rl-100-steps-1-attempt-2,84,0,token_limit,54,3.120192250723057e-05,False
slimshetty/swebench-verified:sweb.eval.x86_64.matplotlib__matplotlib-25287,1.0,r2egym-qwen3-rl-100-steps-1-attempt-2,39,2117,agent,786,0.8670357666736772,True
slimshetty/swebench-verified:sweb.eval.x86_64.django__django-13112,0.0,r2egym-qwen3-rl-100-steps-1-attempt-2,100,0,abs_step_limit,63,7.484620920327215e-05,False
slimshetty/swebench-verified:sweb.eval.x86_64.pytest-dev__pytest-5809,0.0,r2egym-qwen3-rl-100-steps-1-attempt-2,51,2390,agent_max_step_limit,3,0.46879062662624377,False
slimshetty/swebench-verified:sweb.eval.x86_64.django__django-14580,1.0,r2egym-qwen3-rl-100-steps-1-attempt-2,37,1762,agent,49,0.8670357666736772,True
slimshetty/swebench-verified:sweb.eval.x86_64.django__django-14725,0.0,r2egym-qwen3-rl-100-steps-1-attempt-2,100,3374,abs_step_limit,64,0.46879062662624377,False
slimshetty/swebench-verified:sweb.eval.x86_64.astropy__astropy-14096,0.0,r2egym-qwen3-rl-100-steps-1-attempt-2,32,0,token_limit,426,0.0002611902095771388,False
slimshetty/swebench-verified:sweb.eval.x86_64.django__django-15741,1.0,r2egym-qwen3-rl-100-steps-1-attempt-2,15,1329,agent,104,0.8175744828610095,True
slimshetty/swebench-verified:sweb.eval.x86_64.django__django-16032,0.0,r2egym-qwen3-rl-100-steps-1-attempt-2,49,0,token_limit,77,8.481105125791664e-05,False
slimshetty/swebench-verified:sweb.eval.x86_64.django__django-17087,1.0,r2egym-qwen3-rl-100-steps-1-attempt-2,59,2324,token_limit,53,0.7310585669110202,True
slimshetty/swebench-verified:sweb.eval.x86_64.django__django-16661,0.0,r2egym-qwen3-rl-100-steps-1-attempt-2,100,4316,abs_step_limit,0,0.651354857898194,False
slimshetty/swebench-verified:sweb.eval.x86_64.pydata__xarray-4356,1.0,r2egym-qwen3-rl-100-steps-1-attempt-2,66,2877,agent_max_step_limit,604,0.4687906266262437,True
slimshetty/swebench-verified:sweb.eval.x86_64.django__django-14376,0.0,r2egym-qwen3-rl-100-steps-1-attempt-2,36,791,agent,6,0.817574478416099,False
slimshetty/swebench-verified:sweb.eval.x86_64.matplotlib__matplotlib-20826,0.0,r2egym-qwen3-rl-100-steps-1-attempt-2,100,1471,abs_step_limit,673,0.1480472036701053,False
slimshetty/swebench-verified:sweb.eval.x86_64.sympy__sympy-20590,0.0,r2egym-qwen3-rl-100-steps-1-attempt-2,61,0,token_limit,21,0.0003353499834818198,False
slimshetty/swebench-verified:sweb.eval.x86_64.sphinx-doc__sphinx-7748,0.0,r2egym-qwen3-rl-100-steps-1-attempt-2,100,6434,abs_step_limit,9,0.5,False
slimshetty/swebench-verified:sweb.eval.x86_64.sympy__sympy-24661,0.0,r2egym-qwen3-rl-100-steps-1-attempt-2,67,2379,token_limit,0,0.00010889694778644778,False
slimshetty/swebench-verified:sweb.eval.x86_64.astropy__astropy-7606,0.0,r2egym-qwen3-rl-100-steps-1-attempt-2,41,2036,max_step_limit,0,0.5621765008857981,False
slimshetty/swebench-verified:sweb.eval.x86_64.scikit-learn__scikit-learn-26323,1.0,r2egym-qwen3-rl-100-steps-1-attempt-2,91,585,token_limit,188,0.798186787341014,True
slimshetty/swebench-verified:sweb.eval.x86_64.pydata__xarray-4966,1.0,r2egym-qwen3-rl-100-steps-1-attempt-2,44,2539,agent_max_step_limit,21,0.8175744761936437,True
slimshetty/swebench-verified:sweb.eval.x86_64.matplotlib__matplotlib-20488,0.0,r2egym-qwen3-rl-100-steps-1-attempt-2,39,2119,token_limit,109,0.5621765008857981,False
slimshetty/swebench-verified:sweb.eval.x86_64.scikit-learn__scikit-learn-13328,1.0,r2egym-qwen3-rl-100-steps-1-attempt-2,10,682,agent,9,0.851952809486198,True
slimshetty/swebench-verified:sweb.eval.x86_64.sphinx-doc__sphinx-9658,1.0,r2egym-qwen3-rl-100-steps-1-attempt-2,27,1270,agent,24,0.7981867801399695,True
slimshetty/swebench-verified:sweb.eval.x86_64.sympy__sympy-15599,0.0,r2egym-qwen3-rl-100-steps-1-attempt-2,48,2191,agent_max_step_limit,76,0.46879062662624377,False
slimshetty/swebench-verified:sweb.eval.x86_64.pytest-dev__pytest-10081,1.0,r2egym-qwen3-rl-100-steps-1-attempt-2,57,2844,agent_max_step_limit,63,0.9046505267461572,True
slimshetty/swebench-verified:sweb.eval.x86_64.pylint-dev__pylint-4970,0.0,r2egym-qwen3-rl-100-steps-1-attempt-2,35,1616,agent,17,0.7981867729389246,False
slimshetty/swebench-verified:sweb.eval.x86_64.django__django-13023,0.0,r2egym-qwen3-rl-100-steps-1-attempt-2,51,1729,token_limit,9,0.7981867705385762,False
slimshetty/swebench-verified:sweb.eval.x86_64.astropy__astropy-14309,1.0,r2egym-qwen3-rl-100-steps-1-attempt-2,57,1217,token_limit,141,0.8933094032139577,True
slimshetty/swebench-verified:sweb.eval.x86_64.sphinx-doc__sphinx-10435,0.0,r2egym-qwen3-rl-100-steps-1-attempt-2,100,3870,abs_step_limit,74,0.2689414213699951,False
slimshetty/swebench-verified:sweb.eval.x86_64.sympy__sympy-12489,0.0,r2egym-qwen3-rl-100-steps-1-attempt-2,40,2997,agent,8,0.8354835391516133,False
slimshetty/swebench-verified:sweb.eval.x86_64.django__django-14999,1.0,r2egym-qwen3-rl-100-steps-1-attempt-2,100,1054,abs_step_limit,113,0.7310585844894971,True
slimshetty/swebench-verified:sweb.eval.x86_64.django__django-7530,1.0,r2egym-qwen3-rl-100-steps-1-attempt-2,44,0,agent_max_step_limit,59,0.00037998443711399353,True
slimshetty/swebench-verified:sweb.eval.x86_64.sympy__sympy-18189,0.0,r2egym-qwen3-rl-100-steps-1-attempt-2,29,1254,agent,41,0.8354835309589073,False
slimshetty/swebench-verified:sweb.eval.x86_64.django__django-11951,0.0,r2egym-qwen3-rl-100-steps-1-attempt-2,53,2682,agent_max_step_limit,21,0.7310585727705126,False
slimshetty/swebench-verified:sweb.eval.x86_64.sympy__sympy-14248,0.0,r2egym-qwen3-rl-100-steps-1-attempt-2,57,3743,token_limit,433,0.033085976362697465,False
slimshetty/swebench-verified:sweb.eval.x86_64.django__django-12754,0.0,r2egym-qwen3-rl-100-steps-1-attempt-2,63,3747,token_limit,105,0.7057850340255386,False
slimshetty/swebench-verified:sweb.eval.x86_64.django__django-13406,0.0,r2egym-qwen3-rl-100-steps-1-attempt-2,100,2702,abs_step_limit,32,0.20181322946142374,False
slimshetty/swebench-verified:sweb.eval.x86_64.django__django-13569,1.0,r2egym-qwen3-rl-100-steps-1-attempt-2,36,3201,agent,66,0.8519528000888386,True
slimshetty/swebench-verified:sweb.eval.x86_64.pydata__xarray-6461,1.0,r2egym-qwen3-rl-100-steps-1-attempt-2,30,2025,agent,247,0.8670357666736772,True
slimshetty/swebench-verified:sweb.eval.x86_64.astropy__astropy-13453,1.0,r2egym-qwen3-rl-100-steps-1-attempt-2,45,1239,agent_max_step_limit,9,0.6513548646660543,True
slimshetty/swebench-verified:sweb.eval.x86_64.pytest-dev__pytest-5787,0.0,r2egym-qwen3-rl-100-steps-1-attempt-2,100,1968,abs_step_limit,123,0.4687906266262437,False
slimshetty/swebench-verified:sweb.eval.x86_64.sphinx-doc__sphinx-9698,1.0,r2egym-qwen3-rl-100-steps-1-attempt-2,100,2426,abs_step_limit,45,0.7549149868676284,True
slimshetty/swebench-verified:sweb.eval.x86_64.sphinx-doc__sphinx-7590,0.0,r2egym-qwen3-rl-100-steps-1-attempt-2,100,1999,abs_step_limit,23,0.1480471923932738,False
slimshetty/swebench-verified:sweb.eval.x86_64.django__django-15280,0.0,r2egym-qwen3-rl-100-steps-1-attempt-2,67,2182,token_limit,85,0.2689414272294874,False
slimshetty/swebench-verified:sweb.eval.x86_64.scikit-learn__scikit-learn-13779,1.0,r2egym-qwen3-rl-100-steps-1-attempt-2,22,613,agent,18,0.8807970732843033,True
slimshetty/swebench-verified:sweb.eval.x86_64.pytest-dev__pytest-7982,1.0,r2egym-qwen3-rl-100-steps-1-attempt-2,42,477,agent_max_step_limit,78,0.880797085800514,True
slimshetty/swebench-verified:sweb.eval.x86_64.matplotlib__matplotlib-24570,0.0,r2egym-qwen3-rl-100-steps-1-attempt-2,100,1642,abs_step_limit,265,0.5621765008857981,False
slimshetty/swebench-verified:sweb.eval.x86_64.pytest-dev__pytest-6197,0.0,r2egym-qwen3-rl-100-steps-1-attempt-2,50,3122,token_limit,0,0.05340333526106659,False
slimshetty/swebench-verified:sweb.eval.x86_64.pylint-dev__pylint-7277,1.0,r2egym-qwen3-rl-100-steps-1-attempt-2,100,774,abs_step_limit,122,0.8354835371034368,True
slimshetty/swebench-verified:sweb.eval.x86_64.sympy__sympy-23824,1.0,r2egym-qwen3-rl-100-steps-1-attempt-2,27,2057,agent,2,0.904650538956921,True
slimshetty/swebench-verified:sweb.eval.x86_64.astropy__astropy-14539,1.0,r2egym-qwen3-rl-100-steps-1-attempt-2,22,1673,agent,46,0.8933094096048377,True
slimshetty/swebench-verified:sweb.eval.x86_64.sphinx-doc__sphinx-9320,1.0,r2egym-qwen3-rl-100-steps-1-attempt-2,31,2960,agent,9,0.8670357460591568,True
slimshetty/swebench-verified:sweb.eval.x86_64.sphinx-doc__sphinx-8120,0.0,r2egym-qwen3-rl-100-steps-1-attempt-2,78,3233,token_limit,41,0.46879062662624377,False
slimshetty/swebench-verified:sweb.eval.x86_64.sympy__sympy-18211,0.0,r2egym-qwen3-rl-100-steps-1-attempt-2,67,960,token_limit,54,0.0035936020845384812,False
slimshetty/swebench-verified:sweb.eval.x86_64.sphinx-doc__sphinx-11445,0.0,r2egym-qwen3-rl-100-steps-1-attempt-2,62,2570,token_limit,4,0.0534033311180551,False
slimshetty/swebench-verified:sweb.eval.x86_64.django__django-15851,1.0,r2egym-qwen3-rl-100-steps-1-attempt-2,100,530,abs_step_limit,8,0.7057850340255386,True
slimshetty/swebench-verified:sweb.eval.x86_64.sympy__sympy-19495,1.0,r2egym-qwen3-rl-100-steps-1-attempt-2,46,3863,agent_max_step_limit,8,0.8519527944504227,True
slimshetty/swebench-verified:sweb.eval.x86_64.django__django-15916,0.0,r2egym-qwen3-rl-100-steps-1-attempt-2,18,2102,agent,149,0.8354835309589074,False
slimshetty/swebench-verified:sweb.eval.x86_64.django__django-11119,1.0,r2egym-qwen3-rl-100-steps-1-attempt-2,77,2186,token_limit,7,0.8175744695262775,True
slimshetty/swebench-verified:sweb.eval.x86_64.django__django-16100,0.0,r2egym-qwen3-rl-100-steps-1-attempt-2,52,3506,token_limit,58,0.8519528057272543,False
slimshetty/swebench-verified:sweb.eval.x86_64.django__django-14434,1.0,r2egym-qwen3-rl-100-steps-1-attempt-2,86,1386,token_limit,133,0.8519528000888387,True
slimshetty/swebench-verified:sweb.eval.x86_64.pydata__xarray-4687,0.0,r2egym-qwen3-rl-100-steps-1-attempt-2,44,1881,agent_max_step_limit,1697,0.2942149783515163,False
slimshetty/swebench-verified:sweb.eval.x86_64.django__django-15368,1.0,r2egym-qwen3-rl-100-steps-1-attempt-2,46,673,token_limit,29,0.651354857898194,True
slimshetty/swebench-verified:sweb.eval.x86_64.django__django-13807,0.0,r2egym-qwen3-rl-100-steps-1-attempt-2,100,3034,abs_step_limit,38,0.6224593312018546,False
slimshetty/swebench-verified:sweb.eval.x86_64.pytest-dev__pytest-10356,0.0,r2egym-qwen3-rl-100-steps-1-attempt-2,32,1944,agent,79,0.7310585844894971,False
slimshetty/swebench-verified:sweb.eval.x86_64.django__django-13028,0.0,r2egym-qwen3-rl-100-steps-1-attempt-2,75,4010,token_limit,0,0.006692851490805781,False
slimshetty/swebench-verified:sweb.eval.x86_64.django__django-13810,1.0,r2egym-qwen3-rl-100-steps-1-attempt-2,100,3510,abs_step_limit,30,0.7772998663336157,True
slimshetty/swebench-verified:sweb.eval.x86_64.django__django-16485,1.0,r2egym-qwen3-rl-100-steps-1-attempt-2,90,2668,token_limit,9,0.6224593312018546,True
slimshetty/swebench-verified:sweb.eval.x86_64.django__django-16136,0.0,r2egym-qwen3-rl-100-steps-1-attempt-2,19,2776,agent,7,0.7549149868676283,False
slimshetty/swebench-verified:sweb.eval.x86_64.sympy__sympy-13852,0.0,r2egym-qwen3-rl-100-steps-1-attempt-2,100,1706,abs_step_limit,4,0.7057850340255386,False
slimshetty/swebench-verified:sweb.eval.x86_64.pytest-dev__pytest-7324,0.0,r2egym-qwen3-rl-100-steps-1-attempt-2,100,786,abs_step_limit,58,0.0031726832798795756,False
slimshetty/swebench-verified:sweb.eval.x86_64.django__django-11532,0.0,r2egym-qwen3-rl-100-steps-1-attempt-2,86,2278,token_limit,130,0.6513548646660542,False
slimshetty/swebench-verified:sweb.eval.x86_64.matplotlib__matplotlib-23476,0.0,r2egym-qwen3-rl-100-steps-1-attempt-2,70,1412,token_limit,104,0.8670357494949105,False
slimshetty/swebench-verified:sweb.eval.x86_64.django__django-11749,0.0,r2egym-qwen3-rl-100-steps-1-attempt-2,77,3732,token_limit,11,0.009708475935283623,False
slimshetty/swebench-verified:sweb.eval.x86_64.astropy__astropy-8872,0.0,r2egym-qwen3-rl-100-steps-1-attempt-2,63,2876,token_limit,0,0.017986210916172852,False
slimshetty/swebench-verified:sweb.eval.x86_64.django__django-11433,0.0,r2egym-qwen3-rl-100-steps-1-attempt-2,100,1698,abs_step_limit,142,0.0002611904296023013,False
slimshetty/swebench-verified:sweb.eval.x86_64.django__django-12325,0.0,r2egym-qwen3-rl-100-steps-1-attempt-2,74,1432,token_limit,200,0.5621765008857982,False
slimshetty/swebench-verified:sweb.eval.x86_64.sphinx-doc__sphinx-8265,0.0,r2egym-qwen3-rl-100-steps-1-attempt-2,100,906,abs_step_limit,22,0.0002959572359261746,False
slimshetty/swebench-verified:sweb.eval.x86_64.astropy__astropy-14369,0.0,r2egym-qwen3-rl-100-steps-1-attempt-2,41,2614,token_limit,602,0.0019267348209314455,False
slimshetty/swebench-verified:sweb.eval.x86_64.scikit-learn__scikit-learn-13142,0.0,r2egym-qwen3-rl-100-steps-1-attempt-2,46,599,token_limit,54,0.0007096704196575,False
slimshetty/swebench-verified:sweb.eval.x86_64.django__django-16454,0.0,r2egym-qwen3-rl-100-steps-1-attempt-2,76,5076,token_limit,44,0.5,False
slimshetty/swebench-verified:sweb.eval.x86_64.django__django-11066,1.0,r2egym-qwen3-rl-100-steps-1-attempt-2,51,3609,agent_max_step_limit,3,0.7772998611746912,True
slimshetty/swebench-verified:sweb.eval.x86_64.django__django-12276,1.0,r2egym-qwen3-rl-100-steps-1-attempt-2,36,838,agent,117,0.7310585669110202,True
slimshetty/swebench-verified:sweb.eval.x86_64.scikit-learn__scikit-learn-9288,1.0,r2egym-qwen3-rl-100-steps-1-attempt-2,26,1154,agent,123,0.8933093975331751,True
slimshetty/swebench-verified:sweb.eval.x86_64.django__django-16145,1.0,r2egym-qwen3-rl-100-steps-1-attempt-2,42,1895,agent_max_step_limit,174,0.5,True
slimshetty/swebench-verified:sweb.eval.x86_64.django__django-14089,1.0,r2egym-qwen3-rl-100-steps-1-attempt-2,14,420,agent,43,0.8807970858005139,True
slimshetty/swebench-verified:sweb.eval.x86_64.django__django-14792,0.0,r2egym-qwen3-rl-100-steps-1-attempt-2,100,1664,abs_step_limit,23,0.8807970795424087,False
slimshetty/swebench-verified:sweb.eval.x86_64.scikit-learn__scikit-learn-25747,0.0,r2egym-qwen3-rl-100-steps-1-attempt-2,62,3000,agent_max_step_limit,14,0.8670357649558007,False
slimshetty/swebench-verified:sweb.eval.x86_64.django__django-12708,1.0,r2egym-qwen3-rl-100-steps-1-attempt-2,43,2328,agent_max_step_limit,101,0.8175744806385543,True
slimshetty/swebench-verified:sweb.eval.x86_64.scikit-learn__scikit-learn-10297,1.0,r2egym-qwen3-rl-100-steps-1-attempt-2,14,1580,agent,28,0.7772998560157665,True
slimshetty/swebench-verified:sweb.eval.x86_64.astropy__astropy-13579,1.0,r2egym-qwen3-rl-100-steps-1-attempt-2,47,3590,agent_max_step_limit,40,0.817574471748733,True
slimshetty/swebench-verified:sweb.eval.x86_64.django__django-16255,1.0,r2egym-qwen3-rl-100-steps-1-attempt-2,13,2503,agent,36,0.8354835411997897,True
slimshetty/swebench-verified:sweb.eval.x86_64.sympy__sympy-17318,1.0,r2egym-qwen3-rl-100-steps-1-attempt-2,100,1688,abs_step_limit,10,0.7310585786300049,True
slimshetty/swebench-verified:sweb.eval.x86_64.sympy__sympy-13878,0.0,r2egym-qwen3-rl-100-steps-1-attempt-2,100,0,abs_step_limit,19,1.4738987238464762e-05,False
slimshetty/swebench-verified:sweb.eval.x86_64.matplotlib__matplotlib-25332,0.0,r2egym-qwen3-rl-100-steps-1-attempt-2,100,1695,abs_step_limit,180,0.9046505428129514,False
slimshetty/swebench-verified:sweb.eval.x86_64.django__django-13315,0.0,r2egym-qwen3-rl-100-steps-1-attempt-2,100,4957,abs_step_limit,146,0.8354835432479663,False
slimshetty/swebench-verified:sweb.eval.x86_64.sphinx-doc__sphinx-10614,0.0,r2egym-qwen3-rl-100-steps-1-attempt-2,100,2530,abs_step_limit,5,0.1329642316084462,False
slimshetty/swebench-verified:sweb.eval.x86_64.sympy__sympy-17655,0.0,r2egym-qwen3-rl-100-steps-1-attempt-2,49,1116,token_limit,8,0.004070137004274226,False
slimshetty/swebench-verified:sweb.eval.x86_64.django__django-13417,1.0,r2egym-qwen3-rl-100-steps-1-attempt-2,45,2403,agent_max_step_limit,280,0.8519528076067262,True
slimshetty/swebench-verified:sweb.eval.x86_64.pylint-dev__pylint-8898,0.0,r2egym-qwen3-rl-100-steps-1-attempt-2,42,1203,agent_max_step_limit,17,0.5312093733737563,False
slimshetty/swebench-verified:sweb.eval.x86_64.sympy__sympy-24539,1.0,r2egym-qwen3-rl-100-steps-1-attempt-2,24,2003,agent,62,0.8670357701094303,True
slimshetty/swebench-verified:sweb.eval.x86_64.sphinx-doc__sphinx-9673,1.0,r2egym-qwen3-rl-100-steps-1-attempt-2,79,5651,token_limit,24,0.9149009619539554,True
slimshetty/swebench-verified:sweb.eval.x86_64.matplotlib__matplotlib-24970,1.0,r2egym-qwen3-rl-100-steps-1-attempt-2,27,1582,agent,253,0.817574471748733,True
slimshetty/swebench-verified:sweb.eval.x86_64.django__django-15814,0.0,r2egym-qwen3-rl-100-steps-1-attempt-2,100,1453,abs_step_limit,29,0.002800926560023795,False
slimshetty/swebench-verified:sweb.eval.x86_64.django__django-12741,1.0,r2egym-qwen3-rl-100-steps-1-attempt-2,42,4717,agent_max_step_limit,67,0.7310585786300048,True
slimshetty/swebench-verified:sweb.eval.x86_64.django__django-15315,1.0,r2egym-qwen3-rl-100-steps-1-attempt-2,100,3171,abs_step_limit,33,0.8175744761936437,True
slimshetty/swebench-verified:sweb.eval.x86_64.matplotlib__matplotlib-25311,0.0,r2egym-qwen3-rl-100-steps-1-attempt-2,48,2585,agent_max_step_limit,181,0.8354835309589074,False
slimshetty/swebench-verified:sweb.eval.x86_64.sympy__sympy-12096,1.0,r2egym-qwen3-rl-100-steps-1-attempt-2,57,4833,token_limit,43,0.16451645675203383,True
slimshetty/swebench-verified:sweb.eval.x86_64.django__django-13401,0.0,r2egym-qwen3-rl-100-steps-1-attempt-2,40,2006,agent,31,0.7310585727705126,False
slimshetty/swebench-verified:sweb.eval.x86_64.astropy__astropy-7336,0.0,r2egym-qwen3-rl-100-steps-1-attempt-2,19,758,agent,0,0.8519528038477824,False
slimshetty/swebench-verified:sweb.eval.x86_64.astropy__astropy-14365,0.0,r2egym-qwen3-rl-100-steps-1-attempt-2,19,477,agent,8,0.8354835391516133,False
slimshetty/swebench-verified:sweb.eval.x86_64.sympy__sympy-20154,1.0,r2egym-qwen3-rl-100-steps-1-attempt-2,33,3924,agent,40,0.8670357598021707,True
slimshetty/swebench-verified:sweb.eval.x86_64.django__django-15103,1.0,r2egym-qwen3-rl-100-steps-1-attempt-2,42,2858,agent_max_step_limit,17,0.8519527944504227,True
slimshetty/swebench-verified:sweb.eval.x86_64.pydata__xarray-4695,1.0,r2egym-qwen3-rl-100-steps-1-attempt-2,27,1645,agent,875,0.8933094152856197,True
slimshetty/swebench-verified:sweb.eval.x86_64.sympy__sympy-13877,0.0,r2egym-qwen3-rl-100-steps-1-attempt-2,9,801,llm_query_error,110,0.6791786861878392,False
slimshetty/swebench-verified:sweb.eval.x86_64.django__django-15375,0.0,r2egym-qwen3-rl-100-steps-1-attempt-2,77,0,token_limit,95,0.00010889690856248934,False
slimshetty/swebench-verified:sweb.eval.x86_64.pydata__xarray-3305,0.0,r2egym-qwen3-rl-100-steps-1-attempt-2,78,1684,token_limit,653,0.001325022531363121,False
slimshetty/swebench-verified:sweb.eval.x86_64.pytest-dev__pytest-6202,1.0,r2egym-qwen3-rl-100-steps-1-attempt-2,65,397,token_limit,72,0.2942149659744614,True
slimshetty/swebench-verified:sweb.eval.x86_64.sphinx-doc__sphinx-8595,1.0,r2egym-qwen3-rl-100-steps-1-attempt-2,48,3537,token_limit,0,0.07585818263281054,True
slimshetty/swebench-verified:sweb.eval.x86_64.django__django-11885,0.0,r2egym-qwen3-rl-100-steps-1-attempt-2,68,5315,agent_max_step_limit,41,0.6791787056691697,False
slimshetty/swebench-verified:sweb.eval.x86_64.sympy__sympy-13974,0.0,r2egym-qwen3-rl-100-steps-1-attempt-2,54,1778,token_limit,4,0.029312231493326745,False
slimshetty/swebench-verified:sweb.eval.x86_64.django__django-14500,0.0,r2egym-qwen3-rl-100-steps-1-attempt-2,35,2086,agent,21,0.8175744695262775,False
slimshetty/swebench-verified:sweb.eval.x86_64.django__django-11206,1.0,r2egym-qwen3-rl-100-steps-1-attempt-2,58,5972,token_limit,4,0.20181322946142372,True
slimshetty/swebench-verified:sweb.eval.x86_64.sphinx-doc__sphinx-8459,0.0,r2egym-qwen3-rl-100-steps-1-attempt-2,59,906,token_limit,17,0.000804085808144238,False
slimshetty/swebench-verified:sweb.eval.x86_64.django__django-13512,0.0,r2egym-qwen3-rl-100-steps-1-attempt-2,44,2863,agent_max_step_limit,32,0.7549149813536518,False
slimshetty/swebench-verified:sweb.eval.x86_64.psf__requests-6028,0.0,r2egym-qwen3-rl-100-steps-1-attempt-2,51,0,token_limit,185,2.4300249410794055e-05,False
slimshetty/swebench-verified:sweb.eval.x86_64.django__django-15863,1.0,r2egym-qwen3-rl-100-steps-1-attempt-2,21,2324,agent,9,0.8519528038477825,True
slimshetty/swebench-verified:sweb.eval.x86_64.sympy__sympy-21596,0.0,r2egym-qwen3-rl-100-steps-1-attempt-2,67,1953,token_limit,46,0.04742587166290125,False
slimshetty/swebench-verified:sweb.eval.x86_64.django__django-12193,0.0,r2egym-qwen3-rl-100-steps-1-attempt-2,79,2903,agent_max_step_limit,11,0.867035763237924,False
slimshetty/swebench-verified:sweb.eval.x86_64.sphinx-doc__sphinx-7757,1.0,r2egym-qwen3-rl-100-steps-1-attempt-2,62,3515,token_limit,33,0.8519528076067262,True
slimshetty/swebench-verified:sweb.eval.x86_64.django__django-16315,0.0,r2egym-qwen3-rl-100-steps-1-attempt-2,100,3285,abs_step_limit,42,0.7310585669110203,False
slimshetty/swebench-verified:sweb.eval.x86_64.django__django-13658,1.0,r2egym-qwen3-rl-100-steps-1-attempt-2,69,3417,token_limit,181,0.8175744695262775,True
slimshetty/swebench-verified:sweb.eval.x86_64.scikit-learn__scikit-learn-15100,1.0,r2egym-qwen3-rl-100-steps-1-attempt-2,100,1197,abs_step_limit,93,0.7310585786300049,True
slimshetty/swebench-verified:sweb.eval.x86_64.django__django-16263,0.0,r2egym-qwen3-rl-100-steps-1-attempt-2,58,3526,agent_max_step_limit,100,0.5312093733737563,False
slimshetty/swebench-verified:sweb.eval.x86_64.django__django-12039,0.0,r2egym-qwen3-rl-100-steps-1-attempt-2,87,3009,agent_max_step_limit,11,0.7772998611746912,False
slimshetty/swebench-verified:sweb.eval.x86_64.django__django-11848,0.0,r2egym-qwen3-rl-100-steps-1-attempt-2,20,2533,agent,43,0.7772998663336158,False
slimshetty/swebench-verified:sweb.eval.x86_64.astropy__astropy-13033,0.0,r2egym-qwen3-rl-100-steps-1-attempt-2,45,5818,agent_max_step_limit,19,0.4378234991142019,False
slimshetty/swebench-verified:sweb.eval.x86_64.django__django-12858,0.0,r2egym-qwen3-rl-100-steps-1-attempt-2,100,0,abs_step_limit,73,2.4300252300909177e-05,False
slimshetty/swebench-verified:sweb.eval.x86_64.django__django-12125,0.0,r2egym-qwen3-rl-100-steps-1-attempt-2,39,0,token_limit,45,3.535624646150348e-05,False
slimshetty/swebench-verified:sweb.eval.x86_64.django__django-13212,0.0,r2egym-qwen3-rl-100-steps-1-attempt-2,85,7997,token_limit,1,0.20181323186177205,False
slimshetty/swebench-verified:sweb.eval.x86_64.matplotlib__matplotlib-24637,0.0,r2egym-qwen3-rl-100-steps-1-attempt-2,45,0,token_limit,29,5.144221974590828e-05,False
slimshetty/swebench-verified:sweb.eval.x86_64.django__django-15569,1.0,r2egym-qwen3-rl-100-steps-1-attempt-2,46,1005,token_limit,242,0.1329642419157059,True
slimshetty/swebench-verified:sweb.eval.x86_64.django__django-11099,1.0,r2egym-qwen3-rl-100-steps-1-attempt-2,70,3277,token_limit,19,0.8519527982093666,True
slimshetty/swebench-verified:sweb.eval.x86_64.sympy__sympy-13372,1.0,r2egym-qwen3-rl-100-steps-1-attempt-2,27,2183,agent,44,0.8354835411997897,True
slimshetty/swebench-verified:sweb.eval.x86_64.sphinx-doc__sphinx-9229,0.0,r2egym-qwen3-rl-100-steps-1-attempt-2,56,1007,token_limit,13,0.4687906266262437,False
slimshetty/swebench-verified:sweb.eval.x86_64.astropy__astropy-7166,0.0,r2egym-qwen3-rl-100-steps-1-attempt-2,20,1287,agent,0,0.8354835411997897,False
slimshetty/swebench-verified:sweb.eval.x86_64.django__django-13590,0.0,r2egym-qwen3-rl-100-steps-1-attempt-2,100,2474,abs_step_limit,140,0.731058584489497,False
slimshetty/swebench-verified:sweb.eval.x86_64.sphinx-doc__sphinx-9602,0.0,r2egym-qwen3-rl-100-steps-1-attempt-2,27,805,agent,45,0.7310585669110203,False
slimshetty/swebench-verified:sweb.eval.x86_64.django__django-14559,0.0,r2egym-qwen3-rl-100-steps-1-attempt-2,58,2381,token_limit,23,0.8175744806385542,False
slimshetty/swebench-verified:sweb.eval.x86_64.sympy__sympy-21612,0.0,r2egym-qwen3-rl-100-steps-1-attempt-2,43,746,token_limit,98,0.017986207132747328,False
slimshetty/swebench-verified:sweb.eval.x86_64.django__django-16667,0.0,r2egym-qwen3-rl-100-steps-1-attempt-2,28,2296,agent,24,0.7772998611746911,False
slimshetty/swebench-verified:sweb.eval.x86_64.matplotlib__matplotlib-24026,1.0,r2egym-qwen3-rl-100-steps-1-attempt-2,42,1404,agent_max_step_limit,764,0.7772998560157665,True
slimshetty/swebench-verified:sweb.eval.x86_64.sympy__sympy-13031,0.0,r2egym-qwen3-rl-100-steps-1-attempt-2,44,0,token_limit,9,0.0011695104253873659,False
slimshetty/swebench-verified:sweb.eval.x86_64.pydata__xarray-6992,0.0,r2egym-qwen3-rl-100-steps-1-attempt-2,38,1982,agent,945,0.7981867729389246,False
slimshetty/swebench-verified:sweb.eval.x86_64.django__django-14765,1.0,r2egym-qwen3-rl-100-steps-1-attempt-2,93,2075,token_limit,64,0.8519528076067262,True
slimshetty/swebench-verified:sweb.eval.x86_64.sympy__sympy-16766,0.0,r2egym-qwen3-rl-100-steps-1-attempt-2,100,0,abs_step_limit,7,7.889261643181705e-06,False
slimshetty/swebench-verified:sweb.eval.x86_64.django__django-15973,0.0,r2egym-qwen3-rl-100-steps-1-attempt-2,100,0,abs_step_limit,157,0.00026119024477872047,False
slimshetty/swebench-verified:sweb.eval.x86_64.django__django-13513,0.0,r2egym-qwen3-rl-100-steps-1-attempt-2,91,3222,token_limit,73,0.015906393286276015,False
slimshetty/swebench-verified:sweb.eval.x86_64.django__django-13741,1.0,r2egym-qwen3-rl-100-steps-1-attempt-2,100,984,abs_step_limit,82,0.32082131381216084,True
slimshetty/swebench-verified:sweb.eval.x86_64.astropy__astropy-14995,1.0,r2egym-qwen3-rl-100-steps-1-attempt-2,77,1418,token_limit,179,0.8519528038477824,True
slimshetty/swebench-verified:sweb.eval.x86_64.django__django-12262,1.0,r2egym-qwen3-rl-100-steps-1-attempt-2,52,1624,agent_max_step_limit,18,0.798186768138228,True
slimshetty/swebench-verified:sweb.eval.x86_64.django__django-13121,0.0,r2egym-qwen3-rl-100-steps-1-attempt-2,74,4232,token_limit,168,0.851952809486198,False
slimshetty/swebench-verified:sweb.eval.x86_64.django__django-13363,1.0,r2egym-qwen3-rl-100-steps-1-attempt-2,42,4414,agent_max_step_limit,76,0.8519528000888387,True
slimshetty/swebench-verified:sweb.eval.x86_64.pydata__xarray-3151,1.0,r2egym-qwen3-rl-100-steps-1-attempt-2,83,599,token_limit,66,0.8175744695262775,True
slimshetty/swebench-verified:sweb.eval.x86_64.django__django-11239,0.0,r2egym-qwen3-rl-100-steps-1-attempt-2,42,2393,agent_max_step_limit,5,0.24508500210441886,False
slimshetty/swebench-verified:sweb.eval.x86_64.sympy__sympy-18763,0.0,r2egym-qwen3-rl-100-steps-1-attempt-2,45,1155,agent_max_step_limit,141,0.6513548646660543,False
slimshetty/swebench-verified:sweb.eval.x86_64.django__django-11265,0.0,r2egym-qwen3-rl-100-steps-1-attempt-2,100,5674,abs_step_limit,0,0.6513548646660542,False
slimshetty/swebench-verified:sweb.eval.x86_64.pytest-dev__pytest-5262,0.0,r2egym-qwen3-rl-100-steps-1-attempt-2,23,1392,agent,107,0.8354835452961425,False
slimshetty/swebench-verified:sweb.eval.x86_64.django__django-11276,1.0,r2egym-qwen3-rl-100-steps-1-attempt-2,100,2465,abs_step_limit,548,0.7057850216484838,True
slimshetty/swebench-verified:sweb.eval.x86_64.django__django-14007,0.0,r2egym-qwen3-rl-100-steps-1-attempt-2,71,0,token_limit,12,3.1201911334034104e-05,False
slimshetty/swebench-verified:sweb.eval.x86_64.sympy__sympy-16886,1.0,r2egym-qwen3-rl-100-steps-1-attempt-2,32,1751,agent,42,0.7772998560157665,True
slimshetty/swebench-verified:sweb.eval.x86_64.psf__requests-5414,0.0,r2egym-qwen3-rl-100-steps-1-attempt-2,33,1049,token_limit,122,0.5926665999540697,False
slimshetty/swebench-verified:sweb.eval.x86_64.matplotlib__matplotlib-25479,0.0,r2egym-qwen3-rl-100-steps-1-attempt-2,52,559,agent_max_step_limit,263,0.8519528038477825,False
slimshetty/swebench-verified:sweb.eval.x86_64.django__django-15525,0.0,r2egym-qwen3-rl-100-steps-1-attempt-2,100,4920,abs_step_limit,53,0.6224593312018546,False
slimshetty/swebench-verified:sweb.eval.x86_64.django__django-13809,0.0,r2egym-qwen3-rl-100-steps-1-attempt-2,100,3048,abs_step_limit,232,0.010986940272641575,False
slimshetty/swebench-verified:sweb.eval.x86_64.django__django-13297,0.0,r2egym-qwen3-rl-100-steps-1-attempt-2,50,3533,agent_max_step_limit,50,0.7310585903489891,False
slimshetty/swebench-verified:sweb.eval.x86_64.pydata__xarray-6721,0.0,r2egym-qwen3-rl-100-steps-1-attempt-2,51,1483,token_limit,1405,0.033085979938003426,False
slimshetty/swebench-verified:sweb.eval.x86_64.django__django-13410,1.0,r2egym-qwen3-rl-100-steps-1-attempt-2,36,1890,agent,40,0.8519527944504227,True
slimshetty/swebench-verified:sweb.eval.x86_64.pydata__xarray-3993,0.0,r2egym-qwen3-rl-100-steps-1-attempt-2,41,1479,max_step_limit,2398,0.8175744761936437,False
slimshetty/swebench-verified:sweb.eval.x86_64.django__django-11138,0.0,r2egym-qwen3-rl-100-steps-1-attempt-2,100,3402,abs_step_limit,73,0.4687906266262437,False
slimshetty/swebench-verified:sweb.eval.x86_64.sympy__sympy-15809,0.0,r2egym-qwen3-rl-100-steps-1-attempt-2,86,1872,token_limit,10,0.5621765008857981,False
slimshetty/swebench-verified:sweb.eval.x86_64.django__django-16642,0.0,r2egym-qwen3-rl-100-steps-1-attempt-2,32,2787,agent,21,0.8519527982093666,False
slimshetty/swebench-verified:sweb.eval.x86_64.django__django-15252,0.0,r2egym-qwen3-rl-100-steps-1-attempt-2,48,6592,token_limit,34,0.7549149923816048,False
slimshetty/swebench-verified:sweb.eval.x86_64.django__django-15037,1.0,r2egym-qwen3-rl-100-steps-1-attempt-2,100,3691,abs_step_limit,14,0.5926665999540698,True
slimshetty/swebench-verified:sweb.eval.x86_64.django__django-11141,0.0,r2egym-qwen3-rl-100-steps-1-attempt-2,69,4058,agent_max_step_limit,23,0.7057850216484838,False
slimshetty/swebench-verified:sweb.eval.x86_64.django__django-13195,0.0,r2egym-qwen3-rl-100-steps-1-attempt-2,46,3506,agent_max_step_limit,381,0.7772998663336157,False
slimshetty/swebench-verified:sweb.eval.x86_64.django__django-10554,0.0,r2egym-qwen3-rl-100-steps-1-attempt-2,70,3870,token_limit,23,0.7772998714925403,False
slimshetty/swebench-verified:sweb.eval.x86_64.django__django-11734,0.0,r2egym-qwen3-rl-100-steps-1-attempt-2,59,0,token_limit,275,6.605216024989748e-05,False
slimshetty/swebench-verified:sweb.eval.x86_64.django__django-14631,1.0,r2egym-qwen3-rl-100-steps-1-attempt-2,81,6532,token_limit,117,0.6513548646660542,True
slimshetty/swebench-verified:sweb.eval.x86_64.astropy__astropy-13977,0.0,r2egym-qwen3-rl-100-steps-1-attempt-2,51,2754,token_limit,289,0.5926665999540697,False
slimshetty/swebench-verified:sweb.eval.x86_64.sphinx-doc__sphinx-8035,0.0,r2egym-qwen3-rl-100-steps-1-attempt-2,62,2317,llm_query_error,1,0.0,False
slimshetty/swebench-verified:sweb.eval.x86_64.django__django-11149,0.0,r2egym-qwen3-rl-100-steps-1-attempt-2,67,2523,token_limit,37,0.705785040214066,False
slimshetty/swebench-verified:sweb.eval.x86_64.matplotlib__matplotlib-26466,0.0,r2egym-qwen3-rl-100-steps-1-attempt-2,84,1254,token_limit,100,0.6513548714339144,False
slimshetty/swebench-verified:sweb.eval.x86_64.django__django-15380,1.0,r2egym-qwen3-rl-100-steps-1-attempt-2,100,4574,abs_step_limit,133,0.8670357598021707,True
slimshetty/swebench-verified:sweb.eval.x86_64.mwaskom__seaborn-3069,0.0,r2egym-qwen3-rl-100-steps-1-attempt-2,100,2682,abs_step_limit,94,0.5621765008857981,False
slimshetty/swebench-verified:sweb.eval.x86_64.django__django-14053,0.0,r2egym-qwen3-rl-100-steps-1-attempt-2,46,2859,agent_max_step_limit,0,0.7772998560157665,False
slimshetty/swebench-verified:sweb.eval.x86_64.pydata__xarray-7229,0.0,r2egym-qwen3-rl-100-steps-1-attempt-2,37,0,token_limit,280,0.0001088969475471903,False
slimshetty/swebench-verified:sweb.eval.x86_64.django__django-13109,1.0,r2egym-qwen3-rl-100-steps-1-attempt-2,46,4700,agent_max_step_limit,170,0.8175744806385542,True
slimshetty/swebench-verified:sweb.eval.x86_64.sympy__sympy-15349,1.0,r2egym-qwen3-rl-100-steps-1-attempt-2,18,479,agent,3,0.8354835391516133,True
slimshetty/swebench-verified:sweb.eval.x86_64.django__django-14017,0.0,r2egym-qwen3-rl-100-steps-1-attempt-2,100,0,abs_step_limit,147,4.006367779199926e-05,False
slimshetty/swebench-verified:sweb.eval.x86_64.scikit-learn__scikit-learn-14141,0.0,r2egym-qwen3-rl-100-steps-1-attempt-2,100,382,abs_step_limit,2,0.0007096703640547701,False
slimshetty/swebench-verified:sweb.eval.x86_64.sympy__sympy-13091,0.0,r2egym-qwen3-rl-100-steps-1-attempt-2,47,1669,token_limit,63,0.08509904152653235,False
slimshetty/swebench-verified:sweb.eval.x86_64.sympy__sympy-21379,0.0,r2egym-qwen3-rl-100-steps-1-attempt-2,57,1694,token_limit,91,0.007577241649545267,False
slimshetty/swebench-verified:sweb.eval.x86_64.sympy__sympy-23534,1.0,r2egym-qwen3-rl-100-steps-1-attempt-2,15,1219,agent,11,0.7772998611746912,True
slimshetty/swebench-verified:sweb.eval.x86_64.astropy__astropy-14598,0.0,r2egym-qwen3-rl-100-steps-1-attempt-2,61,1335,token_limit,174,0.8670357546485407,False
slimshetty/swebench-verified:sweb.eval.x86_64.matplotlib__matplotlib-25122,1.0,r2egym-qwen3-rl-100-steps-1-attempt-2,34,1701,agent,2476,0.3486451353339458,True
slimshetty/swebench-verified:sweb.eval.x86_64.sympy__sympy-13757,0.0,r2egym-qwen3-rl-100-steps-1-attempt-2,46,0,token_limit,166,0.00017952789986218652,False
slimshetty/swebench-verified:sweb.eval.x86_64.django__django-15503,0.0,r2egym-qwen3-rl-100-steps-1-attempt-2,100,1888,abs_step_limit,78,0.00010889689571706196,False
slimshetty/swebench-verified:sweb.eval.x86_64.sphinx-doc__sphinx-7910,0.0,r2egym-qwen3-rl-100-steps-1-attempt-2,100,4566,abs_step_limit,0,0.002472623286996099,False
slimshetty/swebench-verified:sweb.eval.x86_64.django__django-13346,0.0,r2egym-qwen3-rl-100-steps-1-attempt-2,75,1418,token_limit,0,0.00048785705102962184,False
slimshetty/swebench-verified:sweb.eval.x86_64.django__django-13964,0.0,r2egym-qwen3-rl-100-steps-1-attempt-2,100,2711,abs_step_limit,33,0.7057850154599562,False
slimshetty/swebench-verified:sweb.eval.x86_64.pydata__xarray-6744,0.0,r2egym-qwen3-rl-100-steps-1-attempt-2,41,2061,token_limit,1796,0.13296425050508953,False
slimshetty/swebench-verified:sweb.eval.x86_64.pylint-dev__pylint-4551,0.0,r2egym-qwen3-rl-100-steps-1-attempt-2,61,4634,token_limit,0,0.010986942438313845,False
slimshetty/swebench-verified:sweb.eval.x86_64.sympy__sympy-17630,0.0,r2egym-qwen3-rl-100-steps-1-attempt-2,65,466,agent_max_step_limit,19,0.5621765008857981,False
slimshetty/swebench-verified:sweb.eval.x86_64.sympy__sympy-14976,0.0,r2egym-qwen3-32b-rl-step200-seqlen-run4,45,705,token_limit,13,0.6791786861878392,False
slimshetty/swebench-verified:sweb.eval.x86_64.pylint-dev__pylint-6528,0.0,r2egym-qwen3-rl-100-steps-1-attempt-2,28,1355,llm_query_error,0,0.0008040860110165582,False
slimshetty/swebench-verified:sweb.eval.x86_64.sympy__sympy-16450,1.0,r2egym-qwen3-32b-rl-step200-seqlen-run4,13,556,agent,38,0.8354835391516133,True
slimshetty/swebench-verified:sweb.eval.x86_64.django__django-15382,0.0,r2egym-qwen3-32b-rl-step200-seqlen-run4,22,0,token_limit,161,1.8925148236123232e-05,False
slimshetty/swebench-verified:sweb.eval.x86_64.django__django-10097,0.0,r2egym-qwen3-rl-100-steps-1-attempt-2,100,0,abs_step_limit,1427,7.484626271930705e-05,False
slimshetty/swebench-verified:sweb.eval.x86_64.pallets__flask-5014,1.0,r2egym-qwen3-32b-rl-step200-seqlen-run4,12,433,agent,59,0.8519528076067262,True
slimshetty/swebench-verified:sweb.eval.x86_64.scikit-learn__scikit-learn-14496,1.0,r2egym-qwen3-32b-rl-step200-seqlen-run4,49,538,agent_max_step_limit,39,0.22270012850745968,True
slimshetty/swebench-verified:sweb.eval.x86_64.django__django-12308,0.0,r2egym-qwen3-32b-rl-step200-seqlen-run4,100,1244,abs_step_limit,20,0.3486451353339458,False
slimshetty/swebench-verified:sweb.eval.x86_64.psf__requests-1724,1.0,r2egym-qwen3-32b-rl-step200-seqlen-run4,40,3003,agent,79,0.867035752930664,True
slimshetty/swebench-verified:sweb.eval.x86_64.pytest-dev__pytest-7205,0.0,r2egym-qwen3-32b-rl-step200-seqlen-run4,100,696,abs_step_limit,16,0.2942149783515162,False
slimshetty/swebench-verified:sweb.eval.x86_64.django__django-11551,1.0,r2egym-qwen3-32b-rl-step200-seqlen-run4,27,4380,agent,119,0.7981867849406659,True
slimshetty/swebench-verified:sweb.eval.x86_64.sympy__sympy-23262,1.0,r2egym-qwen3-32b-rl-step200-seqlen-run4,14,719,agent,61,0.7981867729389246,True
slimshetty/swebench-verified:sweb.eval.x86_64.django__django-11603,1.0,r2egym-qwen3-32b-rl-step200-seqlen-run4,52,2531,agent_max_step_limit,58,0.8354835452961425,True
slimshetty/swebench-verified:sweb.eval.x86_64.django__django-11451,1.0,r2egym-qwen3-rl-100-steps-1-attempt-2,97,4747,token_limit,45,0.8175744761936437,True
slimshetty/swebench-verified:sweb.eval.x86_64.sympy__sympy-19346,0.0,r2egym-qwen3-32b-rl-step200-seqlen-run4,50,0,token_limit,40,3.120190763491069e-05,False
slimshetty/swebench-verified:sweb.eval.x86_64.sympy__sympy-18698,0.0,r2egym-qwen3-32b-rl-step200-seqlen-run4,45,1718,agent_max_step_limit,147,0.6791787056691698,False
slimshetty/swebench-verified:sweb.eval.x86_64.django__django-13089,1.0,r2egym-qwen3-32b-rl-step200-seqlen-run4,28,2852,agent,352,0.8670357494949105,True
slimshetty/swebench-verified:sweb.eval.x86_64.sympy__sympy-19783,1.0,r2egym-qwen3-32b-rl-step200-seqlen-run4,45,1213,agent_max_step_limit,9,0.6513548511303338,True
slimshetty/swebench-verified:sweb.eval.x86_64.sympy__sympy-15976,0.0,r2egym-qwen3-32b-rl-step200-seqlen-run4,33,2824,agent,24,0.5621765008857981,False
slimshetty/swebench-verified:sweb.eval.x86_64.scikit-learn__scikit-learn-25931,1.0,r2egym-qwen3-32b-rl-step200-seqlen-run4,32,1474,agent,21,0.8519528000888386,True
slimshetty/swebench-verified:sweb.eval.x86_64.django__django-15278,0.0,r2egym-qwen3-32b-rl-step200-seqlen-run4,82,0,token_limit,138,3.12019076363863e-05,False
slimshetty/swebench-verified:sweb.eval.x86_64.matplotlib__matplotlib-13989,1.0,r2egym-qwen3-32b-rl-step200-seqlen-run4,77,482,token_limit,411,0.9046505299595162,True
slimshetty/swebench-verified:sweb.eval.x86_64.sympy__sympy-18199,0.0,r2egym-qwen3-32b-rl-step200-seqlen-run4,100,7354,abs_step_limit,113,0.8933094167058151,False
slimshetty/swebench-verified:sweb.eval.x86_64.django__django-16901,1.0,r2egym-qwen3-32b-rl-step200-seqlen-run4,61,2954,agent_max_step_limit,6,0.46879062662624377,True
slimshetty/swebench-verified:sweb.eval.x86_64.django__django-11133,1.0,r2egym-qwen3-32b-rl-step200-seqlen-run4,33,3099,agent,64,0.8354835330070838,True
slimshetty/swebench-verified:sweb.eval.x86_64.scikit-learn__scikit-learn-14053,1.0,r2egym-qwen3-32b-rl-step200-seqlen-run4,21,1243,agent,5,0.7310585786300049,True
slimshetty/swebench-verified:sweb.eval.x86_64.django__django-14672,1.0,r2egym-qwen3-32b-rl-step200-seqlen-run4,100,2531,abs_step_limit,0,0.8354835432479661,True
slimshetty/swebench-verified:sweb.eval.x86_64.sympy__sympy-24443,1.0,r2egym-qwen3-32b-rl-step200-seqlen-run4,34,5863,agent,1,0.8933094159957173,True
slimshetty/swebench-verified:sweb.eval.x86_64.django__django-14855,0.0,r2egym-qwen3-32b-rl-step200-seqlen-run4,100,5190,abs_step_limit,325,0.0017007222246528154,False
slimshetty/swebench-verified:sweb.eval.x86_64.django__django-14771,0.0,r2egym-qwen3-32b-rl-step200-seqlen-run4,44,2077,agent_max_step_limit,60,0.851952809486198,False
slimshetty/swebench-verified:sweb.eval.x86_64.matplotlib__matplotlib-25775,0.0,r2egym-qwen3-32b-rl-step200-seqlen-run4,100,0,abs_step_limit,89,2.753568779580163e-05,False
slimshetty/swebench-verified:sweb.eval.x86_64.django__django-13821,0.0,r2egym-qwen3-32b-rl-step200-seqlen-run4,100,0,abs_step_limit,14,5.8291279382897555e-05,False
slimshetty/swebench-verified:sweb.eval.x86_64.sympy__sympy-19954,1.0,r2egym-qwen3-32b-rl-step200-seqlen-run4,72,1267,token_limit,56,0.9149009584734676,True
slimshetty/swebench-verified:sweb.eval.x86_64.django__django-14752,1.0,r2egym-qwen3-32b-rl-step200-seqlen-run4,92,3949,token_limit,15,0.7772998663336158,True
slimshetty/swebench-verified:sweb.eval.x86_64.django__django-15561,1.0,r2egym-qwen3-32b-rl-step200-seqlen-run4,100,2586,abs_step_limit,141,0.7981867705385763,True
slimshetty/swebench-verified:sweb.eval.x86_64.pylint-dev__pylint-7080,0.0,r2egym-qwen3-32b-rl-step200-seqlen-run4,94,1123,token_limit,121,0.0017007223064813245,False
slimshetty/swebench-verified:sweb.eval.x86_64.django__django-11490,0.0,r2egym-qwen3-32b-rl-step200-seqlen-run4,66,2677,token_limit,0,0.798186775339273,False
slimshetty/swebench-verified:sweb.eval.x86_64.pydata__xarray-4629,1.0,r2egym-qwen3-32b-rl-step200-seqlen-run4,17,505,agent,32,0.8670357666736772,True
slimshetty/swebench-verified:sweb.eval.x86_64.django__django-17084,1.0,r2egym-qwen3-32b-rl-step200-seqlen-run4,100,2565,abs_step_limit,107,0.5621765008857981,True
slimshetty/swebench-verified:sweb.eval.x86_64.django__django-16612,0.0,r2egym-qwen3-32b-rl-step200-seqlen-run4,75,3550,token_limit,335,0.8807970779778824,False
slimshetty/swebench-verified:sweb.eval.x86_64.sphinx-doc__sphinx-7985,0.0,r2egym-qwen3-32b-rl-step200-seqlen-run4,52,7253,agent_max_step_limit,3,0.817574478416099,False
slimshetty/swebench-verified:sweb.eval.x86_64.sympy__sympy-11618,1.0,r2egym-qwen3-32b-rl-step200-seqlen-run4,21,937,agent,4,0.8933094017937621,True
slimshetty/swebench-verified:sweb.eval.x86_64.django__django-14349,1.0,r2egym-qwen3-32b-rl-step200-seqlen-run4,36,641,token_limit,18,0.8175744828610096,True
slimshetty/swebench-verified:sweb.eval.x86_64.sympy__sympy-14711,1.0,r2egym-qwen3-32b-rl-step200-seqlen-run4,27,428,agent,2,0.9046505447409666,True
slimshetty/swebench-verified:sweb.eval.x86_64.sympy__sympy-16597,0.0,r2egym-qwen3-32b-rl-step200-seqlen-run4,37,1022,token_limit,74,0.020332352674823966,False
slimshetty/swebench-verified:sweb.eval.x86_64.pydata__xarray-3677,0.0,r2egym-qwen3-32b-rl-step200-seqlen-run4,63,2154,token_limit,0,0.00048785710592266426,False
slimshetty/swebench-verified:sweb.eval.x86_64.django__django-13933,1.0,r2egym-qwen3-32b-rl-step200-seqlen-run4,100,3336,abs_step_limit,19,0.24508501864634827,True
slimshetty/swebench-verified:sweb.eval.x86_64.django__django-14155,0.0,r2egym-qwen3-32b-rl-step200-seqlen-run4,100,1847,abs_step_limit,89,0.7981867801399695,False
slimshetty/swebench-verified:sweb.eval.x86_64.django__django-13128,0.0,r2egym-qwen3-32b-rl-step200-seqlen-run4,53,3889,agent_max_step_limit,132,0.6513548646660542,False
slimshetty/swebench-verified:sweb.eval.x86_64.django__django-16560,0.0,r2egym-qwen3-32b-rl-step200-seqlen-run4,67,0,token_limit,66,1.3007130012341915e-05,False
slimshetty/swebench-verified:sweb.eval.x86_64.django__django-15098,0.0,r2egym-qwen3-32b-rl-step200-seqlen-run4,87,2772,token_limit,87,0.8670357683915538,False
slimshetty/swebench-verified:sweb.eval.x86_64.pylint-dev__pylint-6903,1.0,r2egym-qwen3-32b-rl-step200-seqlen-run4,99,8863,token_limit,8,0.6224593312018546,True
slimshetty/swebench-verified:sweb.eval.x86_64.django__django-14034,0.0,r2egym-qwen3-32b-rl-step200-seqlen-run4,24,2372,agent,12,0.8933094010836642,False
slimshetty/swebench-verified:sweb.eval.x86_64.django__django-16333,1.0,r2egym-qwen3-32b-rl-step200-seqlen-run4,65,4468,token_limit,87,0.8519528000888386,True
slimshetty/swebench-verified:sweb.eval.x86_64.django__django-11333,0.0,r2egym-qwen3-32b-rl-step200-seqlen-run4,84,2258,token_limit,2,0.005220125657286578,False
slimshetty/swebench-verified:sweb.eval.x86_64.django__django-11211,0.0,r2egym-qwen3-32b-rl-step200-seqlen-run4,47,4126,token_limit,76,0.7549149813536518,False
slimshetty/swebench-verified:sweb.eval.x86_64.scikit-learn__scikit-learn-10908,1.0,r2egym-qwen3-32b-rl-step200-seqlen-run4,27,4699,agent,47,0.8933093968230772,True
slimshetty/swebench-verified:sweb.eval.x86_64.sympy__sympy-12481,1.0,r2egym-qwen3-32b-rl-step200-seqlen-run4,57,2934,token_limit,7,0.8670357460591569,True
slimshetty/swebench-verified:sweb.eval.x86_64.sphinx-doc__sphinx-7454,0.0,r2egym-qwen3-32b-rl-step200-seqlen-run4,43,2166,token_limit,27,0.015906393169649244,False
slimshetty/swebench-verified:sweb.eval.x86_64.astropy__astropy-8707,0.0,r2egym-qwen3-32b-rl-step200-seqlen-run4,64,794,token_limit,4,0.3208212943308302,False
slimshetty/swebench-verified:sweb.eval.x86_64.django__django-13820,0.0,r2egym-qwen3-32b-rl-step200-seqlen-run4,100,16689,abs_step_limit,0,0.0007096705381280673,False
slimshetty/swebench-verified:sweb.eval.x86_64.django__django-15022,0.0,r2egym-qwen3-32b-rl-step200-seqlen-run4,95,2144,token_limit,56,0.00020342701943703624,False
slimshetty/swebench-verified:sweb.eval.x86_64.django__django-11299,0.0,r2egym-qwen3-32b-rl-step200-seqlen-run4,32,0,token_limit,103,0.00010889696015019733,False
slimshetty/swebench-verified:sweb.eval.x86_64.django__django-11815,1.0,r2egym-qwen3-32b-rl-step200-seqlen-run4,100,4052,abs_step_limit,44,0.7057850216484838,True
slimshetty/swebench-verified:sweb.eval.x86_64.django__django-11292,1.0,r2egym-qwen3-32b-rl-step200-seqlen-run4,34,2329,agent,31,0.8354835309589074,True
slimshetty/swebench-verified:sweb.eval.x86_64.django__django-16256,0.0,r2egym-qwen3-32b-rl-step200-seqlen-run4,49,0,token_limit,53,2.1444953513707305e-05,False
slimshetty/swebench-verified:sweb.eval.x86_64.sympy__sympy-22456,1.0,r2egym-qwen3-32b-rl-step200-seqlen-run4,74,318,token_limit,29,0.7057850278370111,True
slimshetty/swebench-verified:sweb.eval.x86_64.pylint-dev__pylint-4604,0.0,r2egym-qwen3-32b-rl-step200-seqlen-run4,40,2664,agent,0,0.6224593312018546,False
slimshetty/swebench-verified:sweb.eval.x86_64.django__django-13449,1.0,r2egym-qwen3-32b-rl-step200-seqlen-run4,62,3478,token_limit,46,0.0758581727088564,True
slimshetty/swebench-verified:sweb.eval.x86_64.sphinx-doc__sphinx-8056,0.0,r2egym-qwen3-32b-rl-step200-seqlen-run4,20,924,llm_query_error,38,0.0,False
slimshetty/swebench-verified:sweb.eval.x86_64.django__django-12419,0.0,r2egym-qwen3-32b-rl-step200-seqlen-run4,55,3765,agent_max_step_limit,0,0.7549149978955811,False
slimshetty/swebench-verified:sweb.eval.x86_64.django__django-15499,1.0,r2egym-qwen3-32b-rl-step200-seqlen-run4,30,2082,agent,35,0.798186787341014,True
slimshetty/swebench-verified:sweb.eval.x86_64.sympy__sympy-20438,0.0,r2egym-qwen3-32b-rl-step200-seqlen-run4,35,1496,agent,92,0.7057850402140659,False
slimshetty/swebench-verified:sweb.eval.x86_64.django__django-16116,1.0,r2egym-qwen3-32b-rl-step200-seqlen-run4,84,4812,token_limit,137,0.7549149758396752,True
slimshetty/swebench-verified:sweb.eval.x86_64.sphinx-doc__sphinx-9281,1.0,r2egym-qwen3-32b-rl-step200-seqlen-run4,100,544,abs_step_limit,38,0.8354835309589074,True
slimshetty/swebench-verified:sweb.eval.x86_64.django__django-14011,0.0,r2egym-qwen3-32b-rl-step200-seqlen-run4,100,3066,abs_step_limit,2,0.5,False
slimshetty/swebench-verified:sweb.eval.x86_64.scikit-learn__scikit-learn-13439,1.0,r2egym-qwen3-32b-rl-step200-seqlen-run4,26,962,agent,40,0.8807970873650401,True
slimshetty/swebench-verified:sweb.eval.x86_64.sympy__sympy-13551,0.0,r2egym-qwen3-32b-rl-step200-seqlen-run4,100,2248,abs_step_limit,0,0.00048785722095965494,False
slimshetty/swebench-verified:sweb.eval.x86_64.psf__requests-1142,0.0,r2egym-qwen3-rl-100-steps-1-attempt-2,81,652833,token_limit,5,0.0,False
slimshetty/swebench-verified:sweb.eval.x86_64.matplotlib__matplotlib-24870,0.0,r2egym-qwen3-32b-rl-step200-seqlen-run4,42,0,token_limit,65,2.430025230532926e-05,False
slimshetty/swebench-verified:sweb.eval.x86_64.psf__requests-2931,0.0,r2egym-qwen3-32b-rl-step200-seqlen-run4,43,1721,token_limit,83,0.5,False
slimshetty/swebench-verified:sweb.eval.x86_64.sympy__sympy-22914,1.0,r2egym-qwen3-32b-rl-step200-seqlen-run4,17,315,agent,17,0.7549149758396752,True
slimshetty/swebench-verified:sweb.eval.x86_64.django__django-14140,0.0,r2egym-qwen3-32b-rl-step200-seqlen-run4,79,5968,token_limit,199,0.8354835432479661,False
slimshetty/swebench-verified:sweb.eval.x86_64.scikit-learn__scikit-learn-13124,0.0,r2egym-qwen3-32b-rl-step200-seqlen-run4,41,2427,token_limit,0,0.0024726230417789876,False
slimshetty/swebench-verified:sweb.eval.x86_64.django__django-14373,1.0,r2egym-qwen3-32b-rl-step200-seqlen-run4,15,1275,agent,19,0.8519528019683105,True
slimshetty/swebench-verified:sweb.eval.x86_64.django__django-15104,1.0,r2egym-qwen3-32b-rl-step200-seqlen-run4,25,2492,agent,131,0.817574471748733,True
slimshetty/swebench-verified:sweb.eval.x86_64.pydata__xarray-7233,1.0,r2egym-qwen3-32b-rl-step200-seqlen-run4,7,585,agent,189,0.7310585786300049,True
slimshetty/swebench-verified:sweb.eval.x86_64.django__django-15467,1.0,r2egym-qwen3-32b-rl-step200-seqlen-run4,41,2887,max_step_limit,62,0.8175744717487329,True
slimshetty/swebench-verified:sweb.eval.x86_64.sympy__sympy-19040,0.0,r2egym-qwen3-32b-rl-step200-seqlen-run4,43,0,token_limit,148,8.481101043773748e-05,False
slimshetty/swebench-verified:sweb.eval.x86_64.django__django-14351,0.0,r2egym-qwen3-32b-rl-step200-seqlen-run4,100,2348,abs_step_limit,57,0.5,False
slimshetty/swebench-verified:sweb.eval.x86_64.astropy__astropy-12907,0.0,r2egym-qwen3-32b-rl-step200-seqlen-run4,24,1544,token_limit,13,0.0017007222576609336,False
slimshetty/swebench-verified:sweb.eval.x86_64.scikit-learn__scikit-learn-26194,0.0,r2egym-qwen3-32b-rl-step200-seqlen-run4,21,1961,token_limit,186,0.5621765008857982,False
slimshetty/swebench-verified:sweb.eval.x86_64.django__django-9296,1.0,r2egym-qwen3-32b-rl-step200-seqlen-run4,100,2713,abs_step_limit,20,0.851952809486198,True
slimshetty/swebench-verified:sweb.eval.x86_64.django__django-13343,0.0,r2egym-qwen3-32b-rl-step200-seqlen-run4,4,0,token_limit,130,0.00015843617673322858,False
slimshetty/swebench-verified:sweb.eval.x86_64.django__django-16877,1.0,r2egym-qwen3-32b-rl-step200-seqlen-run4,38,3597,agent,0,0.7549149868676283,True
slimshetty/swebench-verified:sweb.eval.x86_64.matplotlib__matplotlib-23314,1.0,r2egym-qwen3-32b-rl-step200-seqlen-run4,48,2330,agent_max_step_limit,862,0.8670357735451835,True
slimshetty/swebench-verified:sweb.eval.x86_64.django__django-13670,1.0,r2egym-qwen3-32b-rl-step200-seqlen-run4,76,2345,token_limit,17,0.8519528057272544,True
slimshetty/swebench-verified:sweb.eval.x86_64.pydata__xarray-4075,1.0,r2egym-qwen3-32b-rl-step200-seqlen-run4,74,1166,token_limit,958,0.9046505312448598,True
slimshetty/swebench-verified:sweb.eval.x86_64.sympy__sympy-24066,0.0,r2egym-qwen3-32b-rl-step200-seqlen-run4,12,0,token_limit,30,8.481105095187011e-05,False
slimshetty/swebench-verified:sweb.eval.x86_64.scikit-learn__scikit-learn-11578,1.0,r2egym-qwen3-32b-rl-step200-seqlen-run4,38,3141,agent,93,0.7981867681382279,True
slimshetty/swebench-verified:sweb.eval.x86_64.matplotlib__matplotlib-23412,0.0,r2egym-qwen3-32b-rl-step200-seqlen-run4,100,966,abs_step_limit,46,5.144219516633885e-05,False
slimshetty/swebench-verified:sweb.eval.x86_64.django__django-15128,0.0,r2egym-qwen3-32b-rl-step200-seqlen-run4,95,4572,token_limit,282,0.03732688426527926,False
slimshetty/swebench-verified:sweb.eval.x86_64.matplotlib__matplotlib-26342,0.0,r2egym-qwen3-32b-rl-step200-seqlen-run4,40,0,token_limit,81,1.6701419849447602e-05,False
slimshetty/swebench-verified:sweb.eval.x86_64.matplotlib__matplotlib-26291,0.0,r2egym-qwen3-32b-rl-step200-seqlen-run4,20,602,agent,49,0.8807970670261976,False
slimshetty/swebench-verified:sweb.eval.x86_64.astropy__astropy-13236,0.0,r2egym-qwen3-32b-rl-step200-seqlen-run4,47,2125,token_limit,644,0.7057850216484838,False
slimshetty/swebench-verified:sweb.eval.x86_64.django__django-12273,0.0,r2egym-qwen3-32b-rl-step200-seqlen-run4,100,1743,abs_step_limit,27,0.0011695104196757984,False
slimshetty/swebench-verified:sweb.eval.x86_64.django__django-11740,0.0,r2egym-qwen3-32b-rl-step200-seqlen-run4,100,1149,abs_step_limit,98,0.2942149597859341,False
slimshetty/swebench-verified:sweb.eval.x86_64.sympy__sympy-20916,0.0,r2egym-qwen3-32b-rl-step200-seqlen-run4,42,1961,agent_max_step_limit,1,0.22270013882530884,False
slimshetty/swebench-verified:sweb.eval.x86_64.scikit-learn__scikit-learn-13496,1.0,r2egym-qwen3-32b-rl-step200-seqlen-run4,63,768,token_limit,19,0.22270013366638425,True
slimshetty/swebench-verified:sweb.eval.x86_64.pydata__xarray-4094,1.0,r2egym-qwen3-32b-rl-step200-seqlen-run4,52,3760,token_limit,862,0.8175744695262777,True
slimshetty/swebench-verified:sweb.eval.x86_64.django__django-12663,0.0,r2egym-qwen3-32b-rl-step200-seqlen-run4,86,4484,token_limit,0,0.007577241779107884,False
slimshetty/swebench-verified:sweb.eval.x86_64.scikit-learn__scikit-learn-25973,1.0,r2egym-qwen3-32b-rl-step200-seqlen-run4,19,1307,agent,72,0.8354835391516133,True
slimshetty/swebench-verified:sweb.eval.x86_64.psf__requests-1921,1.0,r2egym-qwen3-32b-rl-step200-seqlen-run4,37,2903,agent,107,0.7772998611746912,True
slimshetty/swebench-verified:sweb.eval.x86_64.sphinx-doc__sphinx-8548,0.0,r2egym-qwen3-32b-rl-step200-seqlen-run4,56,1373,token_limit,4,0.14804719991116141,False
slimshetty/swebench-verified:sweb.eval.x86_64.pytest-dev__pytest-10051,0.0,r2egym-qwen3-32b-rl-step200-seqlen-run4,73,1483,token_limit,14,0.015906388067228952,False
slimshetty/swebench-verified:sweb.eval.x86_64.scikit-learn__scikit-learn-25102,0.0,r2egym-qwen3-32b-rl-step200-seqlen-run4,100,7706,abs_step_limit,59,0.8175744806385543,False
slimshetty/swebench-verified:sweb.eval.x86_64.django__django-15987,0.0,r2egym-qwen3-32b-rl-step200-seqlen-run4,100,8775,abs_step_limit,18,0.000230506629663465,False
slimshetty/swebench-verified:sweb.eval.x86_64.sympy__sympy-21930,0.0,r2egym-qwen3-32b-rl-step200-seqlen-run4,100,1582,abs_step_limit,45,0.7549149868676284,False
slimshetty/swebench-verified:sweb.eval.x86_64.django__django-12965,0.0,r2egym-qwen3-32b-rl-step200-seqlen-run4,100,2467,abs_step_limit,52,0.7057850340255386,False
slimshetty/swebench-verified:sweb.eval.x86_64.matplotlib__matplotlib-24177,0.0,r2egym-qwen3-32b-rl-step200-seqlen-run4,38,1716,agent,768,0.7310585903489892,False
slimshetty/swebench-verified:sweb.eval.x86_64.scikit-learn__scikit-learn-10844,1.0,r2egym-qwen3-32b-rl-step200-seqlen-run4,31,2691,agent,16,0.7981867873410141,True
slimshetty/swebench-verified:sweb.eval.x86_64.django__django-11880,1.0,r2egym-qwen3-32b-rl-step200-seqlen-run4,70,460,token_limit,114,0.8933093946927838,True
slimshetty/swebench-verified:sweb.eval.x86_64.django__django-14539,1.0,r2egym-qwen3-32b-rl-step200-seqlen-run4,30,4493,token_limit,14,0.8519528094861981,True
slimshetty/swebench-verified:sweb.eval.x86_64.sympy__sympy-23950,0.0,r2egym-qwen3-32b-rl-step200-seqlen-run4,36,459,agent,4,0.7549149868676283,False
slimshetty/swebench-verified:sweb.eval.x86_64.sympy__sympy-15345,1.0,r2egym-qwen3-32b-rl-step200-seqlen-run4,50,3617,agent_max_step_limit,8,0.5926665999540698,True
slimshetty/swebench-verified:sweb.eval.x86_64.matplotlib__matplotlib-26113,0.0,r2egym-qwen3-32b-rl-step200-seqlen-run4,21,0,token_limit,812,2.4300243620398656e-05,False
slimshetty/swebench-verified:sweb.eval.x86_64.django__django-10973,1.0,r2egym-qwen3-32b-rl-step200-seqlen-run4,100,6783,abs_step_limit,0,0.5621765008857981,True
slimshetty/swebench-verified:sweb.eval.x86_64.django__django-16938,0.0,r2egym-qwen3-32b-rl-step200-seqlen-run4,100,2146,abs_step_limit,65,0.8933094117351309,False
slimshetty/swebench-verified:sweb.eval.x86_64.django__django-15127,0.0,r2egym-qwen3-32b-rl-step200-seqlen-run4,25,2157,agent,1,0.7772998663336158,False
slimshetty/swebench-verified:sweb.eval.x86_64.scikit-learn__scikit-learn-14894,1.0,r2egym-qwen3-32b-rl-step200-seqlen-run4,21,1327,agent,85,0.8175744761936437,True
slimshetty/swebench-verified:sweb.eval.x86_64.django__django-11477,0.0,r2egym-qwen3-32b-rl-step200-seqlen-run4,63,3666,agent_max_step_limit,151,0.7549149868676284,False
slimshetty/swebench-verified:sweb.eval.x86_64.sympy__sympy-20801,0.0,r2egym-qwen3-32b-rl-step200-seqlen-run4,48,932,token_limit,96,0.6791786926816161,False
slimshetty/swebench-verified:sweb.eval.x86_64.matplotlib__matplotlib-21568,0.0,r2egym-qwen3-32b-rl-step200-seqlen-run4,35,1455,agent,69,0.5926665999540698,False
slimshetty/swebench-verified:sweb.eval.x86_64.django__django-12406,0.0,r2egym-qwen3-32b-rl-step200-seqlen-run4,46,2076,agent_max_step_limit,155,0.8175744828610095,False
slimshetty/swebench-verified:sweb.eval.x86_64.scikit-learn__scikit-learn-14983,0.0,r2egym-qwen3-32b-rl-step200-seqlen-run4,52,1877,token_limit,105,0.002182716203461351,False
slimshetty/swebench-verified:sweb.eval.x86_64.django__django-15277,1.0,r2egym-qwen3-32b-rl-step200-seqlen-run4,75,691,token_limit,158,0.09534946939781197,True
slimshetty/swebench-verified:sweb.eval.x86_64.pydata__xarray-3095,0.0,r2egym-qwen3-32b-rl-step200-seqlen-run4,68,633,token_limit,253,0.004609571175170028,False
slimshetty/swebench-verified:sweb.eval.x86_64.django__django-16662,1.0,r2egym-qwen3-32b-rl-step200-seqlen-run4,76,3595,token_limit,51,0.679178699175393,True
slimshetty/swebench-verified:sweb.eval.x86_64.astropy__astropy-14182,0.0,r2egym-qwen3-32b-rl-step200-seqlen-run4,73,531,token_limit,9,0.7772998560157665,False
slimshetty/swebench-verified:sweb.eval.x86_64.django__django-14404,0.0,r2egym-qwen3-32b-rl-step200-seqlen-run4,43,3968,agent_max_step_limit,323,0.46879062662624377,False
slimshetty/swebench-verified:sweb.eval.x86_64.matplotlib__matplotlib-25960,0.0,r2egym-qwen3-32b-rl-step200-seqlen-run4,56,2439,token_limit,131,0.0046095717926487425,False
slimshetty/swebench-verified:sweb.eval.x86_64.psf__requests-2317,1.0,r2egym-qwen3-32b-rl-step200-seqlen-run4,100,761,abs_step_limit,133,0.7549149923816048,True
slimshetty/swebench-verified:sweb.eval.x86_64.django__django-15957,0.0,r2egym-qwen3-32b-rl-step200-seqlen-run4,100,3571,abs_step_limit,75,0.24508502416032488,False
slimshetty/swebench-verified:sweb.eval.x86_64.pytest-dev__pytest-7490,0.0,r2egym-qwen3-32b-rl-step200-seqlen-run4,52,464,agent_max_step_limit,78,0.7057850340255386,False
slimshetty/swebench-verified:sweb.eval.x86_64.sympy__sympy-23413,0.0,r2egym-qwen3-32b-rl-step200-seqlen-run4,64,2063,token_limit,2,0.025957356773947934,False
slimshetty/swebench-verified:sweb.eval.x86_64.scikit-learn__scikit-learn-13135,1.0,r2egym-qwen3-32b-rl-step200-seqlen-run4,34,2955,agent,33,0.904650527388829,True
slimshetty/swebench-verified:sweb.eval.x86_64.sphinx-doc__sphinx-8721,0.0,r2egym-qwen3-32b-rl-step200-seqlen-run4,99,4607,token_limit,3,0.00407013829349914,False
slimshetty/swebench-verified:sweb.eval.x86_64.pydata__xarray-2905,1.0,r2egym-qwen3-32b-rl-step200-seqlen-run4,39,1630,agent,364,0.8933093975331751,True
slimshetty/swebench-verified:sweb.eval.x86_64.django__django-12713,1.0,r2egym-qwen3-32b-rl-step200-seqlen-run4,100,3784,abs_step_limit,58,0.6791786861878392,True
slimshetty/swebench-verified:sweb.eval.x86_64.django__django-14493,1.0,r2egym-qwen3-32b-rl-step200-seqlen-run4,100,2039,abs_step_limit,36,0.8519527963298947,True
slimshetty/swebench-verified:sweb.eval.x86_64.django__django-16950,0.0,r2egym-qwen3-32b-rl-step200-seqlen-run4,42,0,token_limit,3,0.00015843628997315394,False
slimshetty/swebench-verified:sweb.eval.x86_64.django__django-12304,0.0,r2egym-qwen3-32b-rl-step200-seqlen-run4,85,830,token_limit,0,0.0019267343691632814,False
slimshetty/swebench-verified:sweb.eval.x86_64.scikit-learn__scikit-learn-12682,0.0,r2egym-qwen3-32b-rl-step200-seqlen-run4,21,2915,agent,54,0.7549149868676283,False
slimshetty/swebench-verified:sweb.eval.x86_64.django__django-10880,1.0,r2egym-qwen3-32b-rl-step200-seqlen-run4,100,1561,abs_step_limit,55,0.7981867753392728,True
slimshetty/swebench-verified:sweb.eval.x86_64.django__django-13279,0.0,r2egym-qwen3-32b-rl-step200-seqlen-run4,47,3205,agent_max_step_limit,337,0.6224593312018546,False
slimshetty/swebench-verified:sweb.eval.x86_64.django__django-16527,1.0,r2egym-qwen3-32b-rl-step200-seqlen-run4,55,2259,agent_max_step_limit,6,0.7981867705385762,True
slimshetty/swebench-verified:sweb.eval.x86_64.matplotlib__matplotlib-26208,0.0,r2egym-qwen3-32b-rl-step200-seqlen-run4,68,0,token_limit,813,5.829126539607611e-05,False
slimshetty/swebench-verified:sweb.eval.x86_64.django__django-13568,0.0,r2egym-qwen3-32b-rl-step200-seqlen-run4,91,4220,token_limit,12,0.5926665999540698,False
slimshetty/swebench-verified:sweb.eval.x86_64.matplotlib__matplotlib-14623,1.0,r2egym-qwen3-32b-rl-step200-seqlen-run4,65,1699,token_limit,400,0.10669060388702056,True
slimshetty/swebench-verified:sweb.eval.x86_64.sympy__sympy-20428,0.0,r2egym-qwen3-32b-rl-step200-seqlen-run4,90,459,token_limit,152,0.0066928507478275275,False
slimshetty/swebench-verified:sweb.eval.x86_64.sphinx-doc__sphinx-11510,0.0,r2egym-qwen3-32b-rl-step200-seqlen-run4,76,3067,token_limit,7,0.060086648490884395,False
slimshetty/swebench-verified:sweb.eval.x86_64.pydata__xarray-6599,0.0,r2egym-qwen3-32b-rl-step200-seqlen-run4,18,2602,agent,263,0.5926665999540698,False
slimshetty/swebench-verified:sweb.eval.x86_64.sympy__sympy-19637,1.0,r2egym-qwen3-32b-rl-step200-seqlen-run4,10,419,token_limit,40,0.13296425222296632,True
slimshetty/swebench-verified:sweb.eval.x86_64.django__django-14608,1.0,r2egym-qwen3-32b-rl-step200-seqlen-run4,40,2625,agent,394,0.8175744850834648,True
slimshetty/swebench-verified:sweb.eval.x86_64.django__django-12143,1.0,r2egym-qwen3-32b-rl-step200-seqlen-run4,7,715,token_limit,52,0.16451646904109268,True
slimshetty/swebench-verified:sweb.eval.x86_64.django__django-13344,0.0,r2egym-qwen3-32b-rl-step200-seqlen-run4,12,0,token_limit,356,8.481102068535543e-05,False
slimshetty/swebench-verified:sweb.eval.x86_64.pytest-dev__pytest-7521,1.0,r2egym-qwen3-32b-rl-step200-seqlen-run4,45,1785,agent_max_step_limit,125,0.8807970779778824,True
slimshetty/swebench-verified:sweb.eval.x86_64.astropy__astropy-7671,0.0,r2egym-qwen3-32b-rl-step200-seqlen-run4,43,3714,agent_max_step_limit,0,0.8354835391516133,False
slimshetty/swebench-verified:sweb.eval.x86_64.django__django-15563,0.0,r2egym-qwen3-32b-rl-step200-seqlen-run4,76,3977,token_limit,0,0.0013250222965931733,False
slimshetty/swebench-verified:sweb.eval.x86_64.pytest-dev__pytest-7236,0.0,r2egym-qwen3-32b-rl-step200-seqlen-run4,39,2415,token_limit,35,0.009708478075275865,False
slimshetty/swebench-verified:sweb.eval.x86_64.sphinx-doc__sphinx-7440,0.0,r2egym-qwen3-32b-rl-step200-seqlen-run4,100,906,abs_step_limit,12,0.0004305571339941987,False
slimshetty/swebench-verified:sweb.eval.x86_64.pytest-dev__pytest-7432,0.0,r2egym-qwen3-32b-rl-step200-seqlen-run4,4,0,token_limit,77,7.48462090115951e-05,False
slimshetty/swebench-verified:sweb.eval.x86_64.pydata__xarray-7393,1.0,r2egym-qwen3-32b-rl-step200-seqlen-run4,100,678,abs_step_limit,71,0.8933094152856196,True
slimshetty/swebench-verified:sweb.eval.x86_64.astropy__astropy-13398,0.0,r2egym-qwen3-32b-rl-step200-seqlen-run4,49,0,token_limit,68,2.1444948404530884e-05,False
slimshetty/swebench-verified:sweb.eval.x86_64.sphinx-doc__sphinx-8551,0.0,r2egym-qwen3-32b-rl-step200-seqlen-run4,100,3323,abs_step_limit,28,0.3775406758018019,False
slimshetty/swebench-verified:sweb.eval.x86_64.django__django-16819,0.0,r2egym-qwen3-32b-rl-step200-seqlen-run4,100,0,abs_step_limit,38,2.7535687806920664e-05,False
slimshetty/swebench-verified:sweb.eval.x86_64.sphinx-doc__sphinx-8593,0.0,r2egym-qwen3-32b-rl-step200-seqlen-run4,100,0,abs_step_limit,1,3.535623802218407e-05,False
slimshetty/swebench-verified:sweb.eval.x86_64.sympy__sympy-13798,0.0,r2egym-qwen3-32b-rl-step200-seqlen-run4,34,2213,token_limit,102,0.7981867705385763,False
slimshetty/swebench-verified:sweb.eval.x86_64.sympy__sympy-24562,1.0,r2egym-qwen3-32b-rl-step200-seqlen-run4,22,405,agent,105,0.8807970685907242,True
slimshetty/swebench-verified:sweb.eval.x86_64.sphinx-doc__sphinx-9711,0.0,r2egym-qwen3-32b-rl-step200-seqlen-run4,11,424,token_limit,0,0.006692852150199048,False
slimshetty/swebench-verified:sweb.eval.x86_64.django__django-16502,0.0,r2egym-qwen3-32b-rl-step200-seqlen-run4,66,0,token_limit,4,2.7535687798506256e-05,False
slimshetty/swebench-verified:sweb.eval.x86_64.django__django-16631,0.0,r2egym-qwen3-32b-rl-step200-seqlen-run4,51,5216,token_limit,12,0.8175744828610095,False
slimshetty/swebench-verified:sweb.eval.x86_64.django__django-11999,0.0,r2egym-qwen3-32b-rl-step200-seqlen-run4,72,4306,token_limit,30,0.0003353500616817478,False
slimshetty/swebench-verified:sweb.eval.x86_64.matplotlib__matplotlib-22871,0.0,r2egym-qwen3-32b-rl-step200-seqlen-run4,34,3180,agent,87,0.6791786926816161,False
slimshetty/swebench-verified:sweb.eval.x86_64.django__django-15268,0.0,r2egym-qwen3-32b-rl-step200-seqlen-run4,17,0,token_limit,130,5.144223800028739e-05,False
slimshetty/swebench-verified:sweb.eval.x86_64.django__django-13837,1.0,r2egym-qwen3-32b-rl-step200-seqlen-run4,51,3929,agent_max_step_limit,57,0.3208212943308302,True
slimshetty/swebench-verified:sweb.eval.x86_64.sympy__sympy-13647,1.0,r2egym-qwen3-32b-rl-step200-seqlen-run4,39,3185,agent,76,0.7310585669110202,True
slimshetty/swebench-verified:sweb.eval.x86_64.django__django-13158,0.0,r2egym-qwen3-32b-rl-step200-seqlen-run4,6,0,token_limit,29,0.0002611904291083236,False
slimshetty/swebench-verified:sweb.eval.x86_64.django__django-13794,0.0,r2egym-qwen3-32b-rl-step200-seqlen-run4,41,2170,max_step_limit,20,0.7981867729389246,False
slimshetty/swebench-verified:sweb.eval.x86_64.pydata__xarray-6938,0.0,r2egym-qwen3-32b-rl-step200-seqlen-run4,56,2346,token_limit,430,0.18242552158390102,False
slimshetty/swebench-verified:sweb.eval.x86_64.django__django-12155,1.0,r2egym-qwen3-32b-rl-step200-seqlen-run4,100,679,abs_step_limit,6,0.5621765008857981,True
slimshetty/swebench-verified:sweb.eval.x86_64.sphinx-doc__sphinx-10449,0.0,r2egym-qwen3-32b-rl-step200-seqlen-run4,18,0,token_limit,30,8.481107123732703e-05,False
slimshetty/swebench-verified:sweb.eval.x86_64.django__django-14238,1.0,r2egym-qwen3-32b-rl-step200-seqlen-run4,81,5288,token_limit,39,0.7981867777396211,True
slimshetty/swebench-verified:sweb.eval.x86_64.matplotlib__matplotlib-22865,0.0,r2egym-qwen3-32b-rl-step200-seqlen-run4,76,3698,token_limit,0,0.003172682198175387,False
slimshetty/swebench-verified:sweb.eval.x86_64.django__django-16429,1.0,r2egym-qwen3-32b-rl-step200-seqlen-run4,99,2415,token_limit,21,0.4687906266262437,True
slimshetty/swebench-verified:sweb.eval.x86_64.matplotlib__matplotlib-20676,0.0,r2egym-qwen3-32b-rl-step200-seqlen-run4,51,0,token_limit,32,5.82912445884589e-05,False
slimshetty/swebench-verified:sweb.eval.x86_64.pytest-dev__pytest-7571,1.0,r2egym-qwen3-32b-rl-step200-seqlen-run4,41,1166,max_step_limit,14,0.7981867873410141,True
slimshetty/swebench-verified:sweb.eval.x86_64.sympy__sympy-24213,1.0,r2egym-qwen3-32b-rl-step200-seqlen-run4,47,6416,agent_max_step_limit,31,0.8519528000888387,True
slimshetty/swebench-verified:sweb.eval.x86_64.django__django-15731,1.0,r2egym-qwen3-32b-rl-step200-seqlen-run4,76,1431,token_limit,58,0.8354835309589074,True
slimshetty/swebench-verified:sweb.eval.x86_64.pylint-dev__pylint-6386,0.0,r2egym-qwen3-32b-rl-step200-seqlen-run4,82,0,token_limit,7,2.4300234929636645e-05,False
slimshetty/swebench-verified:sweb.eval.x86_64.django__django-11095,1.0,r2egym-qwen3-32b-rl-step200-seqlen-run4,100,3296,abs_step_limit,19,0.7549149868676283,True
slimshetty/swebench-verified:sweb.eval.x86_64.django__django-15572,1.0,r2egym-qwen3-32b-rl-step200-seqlen-run4,43,2044,agent_max_step_limit,10,0.6513548782017745,True
slimshetty/swebench-verified:sweb.eval.x86_64.sympy__sympy-12419,1.0,r2egym-qwen3-32b-rl-step200-seqlen-run4,65,1731,token_limit,25,0.07585817897661677,True
slimshetty/swebench-verified:sweb.eval.x86_64.sphinx-doc__sphinx-8475,1.0,r2egym-qwen3-32b-rl-step200-seqlen-run4,100,3894,abs_step_limit,17,0.7981867681382279,True
slimshetty/swebench-verified:sweb.eval.x86_64.pytest-dev__pytest-8399,1.0,r2egym-qwen3-32b-rl-step200-seqlen-run4,41,1553,max_step_limit,59,0.7549149868676283,True
slimshetty/swebench-verified:sweb.eval.x86_64.sphinx-doc__sphinx-7889,1.0,r2egym-qwen3-32b-rl-step200-seqlen-run4,57,982,token_limit,5,0.7057850154599563,True
slimshetty/swebench-verified:sweb.eval.x86_64.mwaskom__seaborn-3187,0.0,r2egym-qwen3-32b-rl-step200-seqlen-run4,100,2901,abs_step_limit,248,0.7057850278370112,False
slimshetty/swebench-verified:sweb.eval.x86_64.django__django-11087,0.0,r2egym-qwen3-32b-rl-step200-seqlen-run4,45,0,token_limit,41,2.4300240718880753e-05,False
slimshetty/swebench-verified:sweb.eval.x86_64.psf__requests-1766,1.0,r2egym-qwen3-32b-rl-step200-seqlen-run4,26,816,agent,79,0.6791787056691698,True
slimshetty/swebench-verified:sweb.eval.x86_64.matplotlib__matplotlib-24627,0.0,r2egym-qwen3-32b-rl-step200-seqlen-run4,30,1013,agent,776,0.8807970889295664,False
slimshetty/swebench-verified:sweb.eval.x86_64.sympy__sympy-15017,1.0,r2egym-qwen3-32b-rl-step200-seqlen-run4,36,604,token_limit,14,0.6513548714339145,True
slimshetty/swebench-verified:sweb.eval.x86_64.django__django-15732,0.0,r2egym-qwen3-32b-rl-step200-seqlen-run4,67,4379,token_limit,124,0.5312093733737563,False
slimshetty/swebench-verified:sweb.eval.x86_64.sphinx-doc__sphinx-9230,0.0,r2egym-qwen3-32b-rl-step200-seqlen-run4,74,1714,token_limit,44,0.0066928502122640884,False
slimshetty/swebench-verified:sweb.eval.x86_64.scikit-learn__scikit-learn-12973,0.0,r2egym-qwen3-32b-rl-step200-seqlen-run4,50,0,token_limit,32,8.939697368842181e-06,False
slimshetty/swebench-verified:sweb.eval.x86_64.django__django-14170,0.0,r2egym-qwen3-32b-rl-step200-seqlen-run4,100,1974,abs_step_limit,0,0.00017952802928189492,False
slimshetty/swebench-verified:sweb.eval.x86_64.sympy__sympy-15875,0.0,r2egym-qwen3-32b-rl-step200-seqlen-run4,27,328,token_limit,80,0.014063624654235012,False
slimshetty/swebench-verified:sweb.eval.x86_64.django__django-14122,1.0,r2egym-qwen3-32b-rl-step200-seqlen-run4,44,3367,agent_max_step_limit,26,0.8519527944504227,True
slimshetty/swebench-verified:sweb.eval.x86_64.sphinx-doc__sphinx-9591,0.0,r2egym-qwen3-32b-rl-step200-seqlen-run4,81,0,token_limit,44,6.605216022346663e-05,False
slimshetty/swebench-verified:sweb.eval.x86_64.django__django-11820,0.0,r2egym-qwen3-32b-rl-step200-seqlen-run4,18,2208,token_limit,0,0.0006263343011881569,False
slimshetty/swebench-verified:sweb.eval.x86_64.django__django-13551,0.0,r2egym-qwen3-32b-rl-step200-seqlen-run4,30,7675,agent,56,0.8670357494949105,False
slimshetty/swebench-verified:sweb.eval.x86_64.django__django-10999,0.0,r2egym-qwen3-32b-rl-step200-seqlen-run4,14,1306,agent,9,0.5926665999540698,False
slimshetty/swebench-verified:sweb.eval.x86_64.django__django-15695,0.0,r2egym-qwen3-32b-rl-step200-seqlen-run4,91,5195,token_limit,123,0.7057850278370112,False
slimshetty/swebench-verified:sweb.eval.x86_64.scikit-learn__scikit-learn-25232,1.0,r2egym-qwen3-32b-rl-step200-seqlen-run4,21,2244,agent,214,0.7057850340255386,True
slimshetty/swebench-verified:sweb.eval.x86_64.matplotlib__matplotlib-20859,1.0,r2egym-qwen3-32b-rl-step200-seqlen-run4,25,1167,agent,88,0.8175744761936437,True
slimshetty/swebench-verified:sweb.eval.x86_64.django__django-16569,1.0,r2egym-qwen3-32b-rl-step200-seqlen-run4,8,664,agent,111,0.8354835309589073,True
slimshetty/swebench-verified:sweb.eval.x86_64.sphinx-doc__sphinx-9258,0.0,r2egym-qwen3-32b-rl-step200-seqlen-run4,100,912,abs_step_limit,45,0.00033535022468694645,False
slimshetty/swebench-verified:sweb.eval.x86_64.django__django-16595,1.0,r2egym-qwen3-32b-rl-step200-seqlen-run4,100,1894,abs_step_limit,37,0.5,True
slimshetty/swebench-verified:sweb.eval.x86_64.sphinx-doc__sphinx-9461,0.0,r2egym-qwen3-32b-rl-step200-seqlen-run4,56,1837,agent_max_step_limit,59,0.5,False
slimshetty/swebench-verified:sweb.eval.x86_64.django__django-13786,1.0,r2egym-qwen3-32b-rl-step200-seqlen-run4,100,2910,abs_step_limit,33,0.7981867849406659,True
slimshetty/swebench-verified:sweb.eval.x86_64.django__django-13112,0.0,r2egym-qwen3-32b-rl-step200-seqlen-run4,50,0,token_limit,63,7.48462536886981e-05,False
slimshetty/swebench-verified:sweb.eval.x86_64.sphinx-doc__sphinx-10673,0.0,r2egym-qwen3-32b-rl-step200-seqlen-run4,55,0,token_limit,9,8.939693105467234e-06,False
slimshetty/swebench-verified:sweb.eval.x86_64.django__django-16801,1.0,r2egym-qwen3-32b-rl-step200-seqlen-run4,51,4574,agent_max_step_limit,17,0.7981867825403177,True
slimshetty/swebench-verified:sweb.eval.x86_64.django__django-11790,0.0,r2egym-qwen3-32b-rl-step200-seqlen-run4,80,2188,token_limit,77,0.022977368195598976,False
slimshetty/swebench-verified:sweb.eval.x86_64.sphinx-doc__sphinx-10323,0.0,r2egym-qwen3-32b-rl-step200-seqlen-run4,100,721,abs_step_limit,38,0.7549149868676283,False
slimshetty/swebench-verified:sweb.eval.x86_64.django__django-13516,1.0,r2egym-qwen3-32b-rl-step200-seqlen-run4,74,4099,token_limit,43,0.5,True
slimshetty/swebench-verified:sweb.eval.x86_64.django__django-16899,1.0,r2egym-qwen3-32b-rl-step200-seqlen-run4,40,5906,agent,54,0.8519527963298946,True
slimshetty/swebench-verified:sweb.eval.x86_64.django__django-16661,1.0,r2egym-qwen3-32b-rl-step200-seqlen-run4,100,3001,abs_step_limit,36,0.880797071719777,True
slimshetty/swebench-verified:sweb.eval.x86_64.sphinx-doc__sphinx-8621,0.0,r2egym-qwen3-32b-rl-step200-seqlen-run4,24,3998,token_limit,29,0.029312228631440913,False
slimshetty/swebench-verified:sweb.eval.x86_64.sphinx-doc__sphinx-7462,0.0,r2egym-qwen3-32b-rl-step200-seqlen-run4,40,3484,agent,49,0.731058584489497,False
slimshetty/swebench-verified:sweb.eval.x86_64.django__django-11179,1.0,r2egym-qwen3-32b-rl-step200-seqlen-run4,100,2528,abs_step_limit,40,0.7549149813536516,True
slimshetty/swebench-verified:sweb.eval.x86_64.sympy__sympy-22080,0.0,r2egym-qwen3-32b-rl-step200-seqlen-run4,45,0,token_limit,91,0.00020342701989282242,False
slimshetty/swebench-verified:sweb.eval.x86_64.sphinx-doc__sphinx-9367,1.0,r2egym-qwen3-32b-rl-step200-seqlen-run4,43,1647,agent_max_step_limit,25,0.7057850340255386,True
slimshetty/swebench-verified:sweb.eval.x86_64.scikit-learn__scikit-learn-11310,1.0,r2egym-qwen3-32b-rl-step200-seqlen-run4,28,2083,agent,50,0.8354835411997897,True
slimshetty/swebench-verified:sweb.eval.x86_64.pytest-dev__pytest-5840,0.0,r2egym-qwen3-32b-rl-step200-seqlen-run4,97,1970,token_limit,50,0.6791786926816161,False
slimshetty/swebench-verified:sweb.eval.x86_64.django__django-11400,0.0,r2egym-qwen3-32b-rl-step200-seqlen-run4,55,5013,token_limit,58,0.8175744806385542,False
slimshetty/swebench-verified:sweb.eval.x86_64.scikit-learn__scikit-learn-14087,0.0,r2egym-qwen3-32b-rl-step200-seqlen-run4,54,736,token_limit,172,0.0035936018619422117,False
slimshetty/swebench-verified:sweb.eval.x86_64.django__django-10914,1.0,r2egym-qwen3-32b-rl-step200-seqlen-run4,90,2352,token_limit,98,0.8807970732843033,True
slimshetty/swebench-verified:sweb.eval.x86_64.sphinx-doc__sphinx-8638,0.0,r2egym-qwen3-32b-rl-step200-seqlen-run4,100,906,abs_step_limit,34,0.00043055702851725754,False
slimshetty/swebench-verified:sweb.eval.x86_64.matplotlib__matplotlib-24149,1.0,r2egym-qwen3-32b-rl-step200-seqlen-run4,100,1195,abs_step_limit,767,0.8354835371034368,True
slimshetty/swebench-verified:sweb.eval.x86_64.django__django-12050,1.0,r2egym-qwen3-32b-rl-step200-seqlen-run4,37,4701,agent,10,0.8354835411997897,True
slimshetty/swebench-verified:sweb.eval.x86_64.django__django-11964,0.0,r2egym-qwen3-32b-rl-step200-seqlen-run4,48,3152,agent_max_step_limit,15,0.7981867729389246,False
slimshetty/swebench-verified:sweb.eval.x86_64.django__django-16139,1.0,r2egym-qwen3-32b-rl-step200-seqlen-run4,97,2444,token_limit,86,0.8354835391516133,True
slimshetty/swebench-verified:sweb.eval.x86_64.sphinx-doc__sphinx-10466,0.0,r2egym-qwen3-32b-rl-step200-seqlen-run4,100,717,abs_step_limit,6,0.6791786926816161,False
slimshetty/swebench-verified:sweb.eval.x86_64.astropy__astropy-14508,0.0,r2egym-qwen3-32b-rl-step200-seqlen-run4,76,662,token_limit,173,0.029312232394290857,False
slimshetty/swebench-verified:sweb.eval.x86_64.django__django-17087,1.0,r2egym-qwen3-32b-rl-step200-seqlen-run4,100,1281,abs_step_limit,53,0.880797068590724,True
slimshetty/swebench-verified:sweb.eval.x86_64.django__django-13925,0.0,r2egym-qwen3-32b-rl-step200-seqlen-run4,81,0,token_limit,24,3.5356242238628006e-05,False
slimshetty/swebench-verified:sweb.eval.x86_64.django__django-11728,0.0,r2egym-qwen3-32b-rl-step200-seqlen-run4,4,0,token_limit,43,0.00013982207189387129,False
slimshetty/swebench-verified:sweb.eval.x86_64.django__django-15930,0.0,r2egym-qwen3-32b-rl-step200-seqlen-run4,93,7655,token_limit,88,0.5312093733737562,False
slimshetty/swebench-verified:sweb.eval.x86_64.scikit-learn__scikit-learn-14629,0.0,r2egym-qwen3-32b-rl-step200-seqlen-run4,100,3156,abs_step_limit,26,0.22270014398423357,False
slimshetty/swebench-verified:sweb.eval.x86_64.matplotlib__matplotlib-20488,0.0,r2egym-qwen3-32b-rl-step200-seqlen-run4,56,0,token_limit,110,2.4300243595999808e-05,False
slimshetty/swebench-verified:sweb.eval.x86_64.sympy__sympy-14531,1.0,r2egym-qwen3-32b-rl-step200-seqlen-run4,35,2142,agent,84,0.8354835432479663,True
slimshetty/swebench-verified:sweb.eval.x86_64.django__django-14311,0.0,r2egym-qwen3-32b-rl-step200-seqlen-run4,100,0,abs_step_limit,59,1.8925143723000643e-05,False
slimshetty/swebench-verified:sweb.eval.x86_64.django__django-12774,0.0,r2egym-qwen3-32b-rl-step200-seqlen-run4,100,3921,abs_step_limit,39,0.7549149923816048,False
slimshetty/swebench-verified:sweb.eval.x86_64.django__django-14787,1.0,r2egym-qwen3-32b-rl-step200-seqlen-run4,30,1593,agent,20,0.8807970858005139,True
slimshetty/swebench-verified:sweb.eval.x86_64.django__django-16493,1.0,r2egym-qwen3-32b-rl-step200-seqlen-run4,100,4420,abs_step_limit,91,0.8354835330070839,True
slimshetty/swebench-verified:sweb.eval.x86_64.sympy__sympy-24661,0.0,r2egym-qwen3-32b-rl-step200-seqlen-run4,35,1656,token_limit,0,0.00033535026743106535,False
slimshetty/swebench-verified:sweb.eval.x86_64.sympy__sympy-20590,1.0,r2egym-qwen3-32b-rl-step200-seqlen-run4,23,454,agent,21,0.6224593312018546,True
slimshetty/swebench-verified:sweb.eval.x86_64.scikit-learn__scikit-learn-26323,1.0,r2egym-qwen3-32b-rl-step200-seqlen-run4,21,616,agent,188,0.8807970858005139,True
slimshetty/swebench-verified:sweb.eval.x86_64.django__django-14725,0.0,r2egym-qwen3-32b-rl-step200-seqlen-run4,47,3591,agent_max_step_limit,64,0.7981867705385762,False
slimshetty/swebench-verified:sweb.eval.x86_64.django__django-15629,0.0,r2egym-qwen3-32b-rl-step200-seqlen-run4,87,5599,token_limit,115,0.4073334000459302,False
slimshetty/swebench-verified:sweb.eval.x86_64.django__django-14315,0.0,r2egym-qwen3-32b-rl-step200-seqlen-run4,39,2107,agent,0,0.8354835371034368,False
slimshetty/swebench-verified:sweb.eval.x86_64.sympy__sympy-21847,1.0,r2egym-qwen3-32b-rl-step200-seqlen-run4,27,3071,agent,9,0.867035763237924,True
slimshetty/swebench-verified:sweb.eval.x86_64.sympy__sympy-13615,0.0,r2egym-qwen3-32b-rl-step200-seqlen-run4,42,0,token_limit,70,6.605214451056634e-05,False
slimshetty/swebench-verified:sweb.eval.x86_64.sympy__sympy-15599,0.0,r2egym-qwen3-32b-rl-step200-seqlen-run4,62,743,token_limit,80,0.8175744828610095,False
slimshetty/swebench-verified:sweb.eval.x86_64.django__django-15161,0.0,r2egym-qwen3-32b-rl-step200-seqlen-run4,86,0,token_limit,208,6.605216023019448e-05,False
slimshetty/swebench-verified:sweb.eval.x86_64.sympy__sympy-17318,0.0,r2egym-qwen3-32b-rl-step200-seqlen-run4,100,1200,abs_step_limit,10,0.705785040214066,False
slimshetty/swebench-verified:sweb.eval.x86_64.django__django-14534,0.0,r2egym-qwen3-32b-rl-step200-seqlen-run4,100,1180,abs_step_limit,118,0.8175744806385543,False
slimshetty/swebench-verified:sweb.eval.x86_64.django__django-15554,0.0,r2egym-qwen3-32b-rl-step200-seqlen-run4,85,3299,token_limit,19,0.7057850278370112,False
slimshetty/swebench-verified:sweb.eval.x86_64.scikit-learn__scikit-learn-12585,1.0,r2egym-qwen3-32b-rl-step200-seqlen-run4,100,555,abs_step_limit,22,0.880797071719777,True
slimshetty/swebench-verified:sweb.eval.x86_64.sympy__sympy-16792,0.0,r2egym-qwen3-32b-rl-step200-seqlen-run4,100,0,abs_step_limit,54,2.7535697643963113e-05,False
slimshetty/swebench-verified:sweb.eval.x86_64.sphinx-doc__sphinx-10435,0.0,r2egym-qwen3-32b-rl-step200-seqlen-run4,42,3598,agent_max_step_limit,74,0.34864513533394575,False
slimshetty/swebench-verified:sweb.eval.x86_64.sphinx-doc__sphinx-8269,1.0,r2egym-qwen3-32b-rl-step200-seqlen-run4,100,1986,abs_step_limit,5,0.40733340004593027,True
slimshetty/swebench-verified:sweb.eval.x86_64.sphinx-doc__sphinx-11445,1.0,r2egym-qwen3-32b-rl-step200-seqlen-run4,95,1976,token_limit,8,0.679178699175393,True
slimshetty/swebench-verified:sweb.eval.x86_64.sphinx-doc__sphinx-7590,0.0,r2egym-qwen3-32b-rl-step200-seqlen-run4,41,1157,token_limit,24,0.8354835330070839,False
slimshetty/swebench-verified:sweb.eval.x86_64.django__django-14915,0.0,r2egym-qwen3-32b-rl-step200-seqlen-run4,67,0,token_limit,23,3.120190389923804e-05,False
slimshetty/swebench-verified:sweb.eval.x86_64.django__django-13012,1.0,r2egym-qwen3-32b-rl-step200-seqlen-run4,93,3859,token_limit,137,0.3775406687981454,True
slimshetty/swebench-verified:sweb.eval.x86_64.django__django-16485,1.0,r2egym-qwen3-32b-rl-step200-seqlen-run4,26,3736,agent,9,0.679178699175393,True
slimshetty/swebench-verified:sweb.eval.x86_64.sphinx-doc__sphinx-9658,0.0,r2egym-qwen3-32b-rl-step200-seqlen-run4,42,440,token_limit,24,0.09534946297109421,False
slimshetty/swebench-verified:sweb.eval.x86_64.pytest-dev__pytest-6197,0.0,r2egym-qwen3-32b-rl-step200-seqlen-run4,47,2000,token_limit,144,0.6224593241981982,False
slimshetty/swebench-verified:sweb.eval.x86_64.matplotlib__matplotlib-23299,1.0,r2egym-qwen3-32b-rl-step200-seqlen-run4,49,1248,agent_max_step_limit,192,0.8670357494949104,True
slimshetty/swebench-verified:sweb.eval.x86_64.django__django-14999,1.0,r2egym-qwen3-32b-rl-step200-seqlen-run4,38,2567,agent,113,0.6791786926816161,True
slimshetty/swebench-verified:sweb.eval.x86_64.sympy__sympy-18189,1.0,r2egym-qwen3-32b-rl-step200-seqlen-run4,29,2467,agent,41,0.9149009625340366,True
slimshetty/swebench-verified:sweb.eval.x86_64.django__django-17029,1.0,r2egym-qwen3-32b-rl-step200-seqlen-run4,76,1736,token_limit,43,0.9046505338155469,True
slimshetty/swebench-verified:sweb.eval.x86_64.django__django-15851,1.0,r2egym-qwen3-32b-rl-step200-seqlen-run4,100,1802,token_limit,8,0.8519527963298947,True
slimshetty/swebench-verified:sweb.eval.x86_64.sphinx-doc__sphinx-7748,0.0,r2egym-qwen3-32b-rl-step200-seqlen-run4,78,7584,token_limit,10,0.20181322226037884,False
slimshetty/swebench-verified:sweb.eval.x86_64.sympy__sympy-17139,0.0,r2egym-qwen3-32b-rl-step200-seqlen-run4,100,547,abs_step_limit,67,0.8354835432479661,False
slimshetty/swebench-verified:sweb.eval.x86_64.django__django-16082,0.0,r2egym-qwen3-32b-rl-step200-seqlen-run4,33,0,token_limit,170,4.006369691549301e-05,False
slimshetty/swebench-verified:sweb.eval.x86_64.sympy__sympy-18211,0.0,r2egym-qwen3-32b-rl-step200-seqlen-run4,19,0,token_limit,54,1.8925145980181433e-05,False
slimshetty/swebench-verified:sweb.eval.x86_64.pydata__xarray-4966,1.0,r2egym-qwen3-32b-rl-step200-seqlen-run4,100,2302,abs_step_limit,21,0.6224593312018545,True
slimshetty/swebench-verified:sweb.eval.x86_64.scikit-learn__scikit-learn-13328,1.0,r2egym-qwen3-32b-rl-step200-seqlen-run4,25,637,agent,9,0.8670357563664174,True
slimshetty/swebench-verified:sweb.eval.x86_64.matplotlib__matplotlib-22719,1.0,r2egym-qwen3-32b-rl-step200-seqlen-run4,76,1798,token_limit,68,0.7549149868676284,True
slimshetty/swebench-verified:sweb.eval.x86_64.pytest-dev__pytest-10081,0.0,r2egym-qwen3-32b-rl-step200-seqlen-run4,100,0,abs_step_limit,63,0.00020342694857709522,False
slimshetty/swebench-verified:sweb.eval.x86_64.django__django-12209,1.0,r2egym-qwen3-32b-rl-step200-seqlen-run4,70,3589,token_limit,0,0.7772998714925403,True
slimshetty/swebench-verified:sweb.eval.x86_64.astropy__astropy-7606,0.0,r2egym-qwen3-32b-rl-step200-seqlen-run4,100,3641,abs_step_limit,0,0.8807970779778824,False
slimshetty/swebench-verified:sweb.eval.x86_64.django__django-13028,1.0,r2egym-qwen3-32b-rl-step200-seqlen-run4,44,3226,agent_max_step_limit,276,0.7772998663336158,True
slimshetty/swebench-verified:sweb.eval.x86_64.pytest-dev__pytest-5631,1.0,r2egym-qwen3-32b-rl-step200-seqlen-run4,99,3076,token_limit,15,0.880797071719777,True
slimshetty/swebench-verified:sweb.eval.x86_64.astropy__astropy-14309,1.0,r2egym-qwen3-32b-rl-step200-seqlen-run4,37,2666,agent,141,0.8354835350552603,True
slimshetty/swebench-verified:sweb.eval.x86_64.scikit-learn__scikit-learn-14710,0.0,r2egym-qwen3-32b-rl-step200-seqlen-run4,100,2751,abs_step_limit,0,0.8175744761936437,False
slimshetty/swebench-verified:sweb.eval.x86_64.django__django-13406,1.0,r2egym-qwen3-32b-rl-step200-seqlen-run4,54,2642,agent_max_step_limit,32,0.7772998663336158,True
slimshetty/swebench-verified:sweb.eval.x86_64.django__django-15280,0.0,r2egym-qwen3-32b-rl-step200-seqlen-run4,54,0,token_limit,85,5.14422258072462e-05,False
slimshetty/swebench-verified:sweb.eval.x86_64.django__django-11119,1.0,r2egym-qwen3-32b-rl-step200-seqlen-run4,47,1875,agent_max_step_limit,7,0.8670357494949105,True
slimshetty/swebench-verified:sweb.eval.x86_64.matplotlib__matplotlib-25287,1.0,r2egym-qwen3-32b-rl-step200-seqlen-run4,100,2702,abs_step_limit,786,0.7981867729389246,True
slimshetty/swebench-verified:sweb.eval.x86_64.sympy__sympy-12096,1.0,r2egym-qwen3-32b-rl-step200-seqlen-run4,34,1745,agent,43,0.8807970811069351,True
slimshetty/swebench-verified:sweb.eval.x86_64.pylint-dev__pylint-7277,0.0,r2egym-qwen3-32b-rl-step200-seqlen-run4,31,1841,agent,120,0.46879062662624377,False
slimshetty/swebench-verified:sweb.eval.x86_64.pydata__xarray-4356,0.0,r2egym-qwen3-32b-rl-step200-seqlen-run4,97,1637,token_limit,530,0.004609572519094395,False
slimshetty/swebench-verified:sweb.eval.x86_64.astropy__astropy-13453,1.0,r2egym-qwen3-32b-rl-step200-seqlen-run4,48,924,agent_max_step_limit,9,0.7310585786300049,True
slimshetty/swebench-verified:sweb.eval.x86_64.pydata__xarray-6461,1.0,r2egym-qwen3-32b-rl-step200-seqlen-run4,43,1457,agent_max_step_limit,247,0.8519527982093666,True
slimshetty/swebench-verified:sweb.eval.x86_64.django__django-16454,0.0,r2egym-qwen3-32b-rl-step200-seqlen-run4,47,3351,agent_max_step_limit,44,0.7981867729389246,False
slimshetty/swebench-verified:sweb.eval.x86_64.django__django-11555,0.0,r2egym-qwen3-32b-rl-step200-seqlen-run4,98,1665,token_limit,26,0.5926665999540698,False
slimshetty/swebench-verified:sweb.eval.x86_64.pytest-dev__pytest-7324,0.0,r2egym-qwen3-32b-rl-step200-seqlen-run4,100,0,abs_step_limit,58,0.0004878571122237275,False
slimshetty/swebench-verified:sweb.eval.x86_64.django__django-16100,1.0,r2egym-qwen3-32b-rl-step200-seqlen-run4,55,5384,agent_max_step_limit,59,0.7981867801399695,True
slimshetty/swebench-verified:sweb.eval.x86_64.sympy__sympy-22714,0.0,r2egym-qwen3-32b-rl-step200-seqlen-run4,87,1156,token_limit,0,0.012431649492546442,False
slimshetty/swebench-verified:sweb.eval.x86_64.django__django-14580,1.0,r2egym-qwen3-32b-rl-step200-seqlen-run4,95,5060,token_limit,49,0.7057850278370111,True
slimshetty/swebench-verified:sweb.eval.x86_64.django__django-15741,1.0,r2egym-qwen3-32b-rl-step200-seqlen-run4,100,1733,abs_step_limit,104,0.7549149868676284,True
slimshetty/swebench-verified:sweb.eval.x86_64.pytest-dev__pytest-5809,0.0,r2egym-qwen3-32b-rl-step200-seqlen-run4,100,4027,abs_step_limit,0,0.001501182473463856,False
slimshetty/swebench-verified:sweb.eval.x86_64.sympy__sympy-14248,0.0,r2egym-qwen3-32b-rl-step200-seqlen-run4,44,5584,token_limit,433,0.037326888950486185,False
slimshetty/swebench-verified:sweb.eval.x86_64.django__django-11163,1.0,r2egym-qwen3-32b-rl-step200-seqlen-run4,73,2416,token_limit,141,0.8519528000888386,True
slimshetty/swebench-verified:sweb.eval.x86_64.pytest-dev__pytest-5787,0.0,r2egym-qwen3-32b-rl-step200-seqlen-run4,37,3361,token_limit,115,0.0017007225920905237,False
slimshetty/swebench-verified:sweb.eval.x86_64.django__django-16032,1.0,r2egym-qwen3-32b-rl-step200-seqlen-run4,54,3139,token_limit,77,0.8175744806385543,True
slimshetty/swebench-verified:sweb.eval.x86_64.django__django-7530,1.0,r2egym-qwen3-32b-rl-step200-seqlen-run4,42,0,agent_max_step_limit,59,0.0004878571659530668,True
slimshetty/swebench-verified:sweb.eval.x86_64.sympy__sympy-12489,0.0,r2egym-qwen3-32b-rl-step200-seqlen-run4,89,2468,token_limit,7,0.009708477314190705,False
slimshetty/swebench-verified:sweb.eval.x86_64.sphinx-doc__sphinx-9698,1.0,r2egym-qwen3-32b-rl-step200-seqlen-run4,100,624,abs_step_limit,45,0.8175744850834649,True
slimshetty/swebench-verified:sweb.eval.x86_64.django__django-12754,0.0,r2egym-qwen3-32b-rl-step200-seqlen-run4,81,4052,token_limit,104,0.7310585786300049,False
slimshetty/swebench-verified:sweb.eval.x86_64.django__django-13033,0.0,r2egym-qwen3-32b-rl-step200-seqlen-run4,20,0,token_limit,26,0.0001233945736288639,False
slimshetty/swebench-verified:sweb.eval.x86_64.django__django-13569,1.0,r2egym-qwen3-32b-rl-step200-seqlen-run4,94,3509,token_limit,66,0.7310585903489891,True
slimshetty/swebench-verified:sweb.eval.x86_64.django__django-13315,1.0,r2egym-qwen3-32b-rl-step200-seqlen-run4,56,2931,agent_max_step_limit,146,0.798186775339273,True
slimshetty/swebench-verified:sweb.eval.x86_64.django__django-13810,0.0,r2egym-qwen3-32b-rl-step200-seqlen-run4,100,2295,abs_step_limit,27,0.7981867825403177,False
slimshetty/swebench-verified:sweb.eval.x86_64.matplotlib__matplotlib-20826,0.0,r2egym-qwen3-32b-rl-step200-seqlen-run4,82,1138,token_limit,47,0.00029595709509428456,False
slimshetty/swebench-verified:sweb.eval.x86_64.sympy__sympy-13480,1.0,r2egym-qwen3-32b-rl-step200-seqlen-run4,54,594,token_limit,43,0.09534947389651462,True
slimshetty/swebench-verified:sweb.eval.x86_64.django__django-11532,0.0,r2egym-qwen3-32b-rl-step200-seqlen-run4,100,1737,abs_step_limit,0,0.000804085907896804,False
slimshetty/swebench-verified:sweb.eval.x86_64.django__django-14376,0.0,r2egym-qwen3-32b-rl-step200-seqlen-run4,62,3220,token_limit,6,0.817574471748733,False
slimshetty/swebench-verified:sweb.eval.x86_64.matplotlib__matplotlib-24570,1.0,r2egym-qwen3-32b-rl-step200-seqlen-run4,95,2640,token_limit,267,0.7310585786300049,True
slimshetty/swebench-verified:sweb.eval.x86_64.scikit-learn__scikit-learn-13779,1.0,r2egym-qwen3-32b-rl-step200-seqlen-run4,46,638,agent_max_step_limit,18,0.4073334000459302,True
slimshetty/swebench-verified:sweb.eval.x86_64.astropy__astropy-14096,0.0,r2egym-qwen3-32b-rl-step200-seqlen-run4,6,402,token_limit,426,0.00359360226211529,False
slimshetty/swebench-verified:sweb.eval.x86_64.django__django-15916,0.0,r2egym-qwen3-32b-rl-step200-seqlen-run4,83,3257,token_limit,149,0.8807970889295664,False
slimshetty/swebench-verified:sweb.eval.x86_64.django__django-13807,0.0,r2egym-qwen3-32b-rl-step200-seqlen-run4,100,3075,abs_step_limit,38,0.6791787121629465,False
slimshetty/swebench-verified:sweb.eval.x86_64.django__django-11066,1.0,r2egym-qwen3-32b-rl-step200-seqlen-run4,100,3276,abs_step_limit,3,0.8519528000888387,True
slimshetty/swebench-verified:sweb.eval.x86_64.django__django-11433,0.0,r2egym-qwen3-32b-rl-step200-seqlen-run4,92,3588,token_limit,138,0.7772998663336158,False
slimshetty/swebench-verified:sweb.eval.x86_64.scikit-learn__scikit-learn-13142,1.0,r2egym-qwen3-32b-rl-step200-seqlen-run4,41,2441,max_step_limit,54,0.8933094138654241,True
slimshetty/swebench-verified:sweb.eval.x86_64.scikit-learn__scikit-learn-25747,0.0,r2egym-qwen3-32b-rl-step200-seqlen-run4,22,2840,agent,14,0.8519528076067262,False
slimshetty/swebench-verified:sweb.eval.x86_64.matplotlib__matplotlib-25332,1.0,r2egym-qwen3-32b-rl-step200-seqlen-run4,41,1707,max_step_limit,181,0.8670357735451834,True
slimshetty/swebench-verified:sweb.eval.x86_64.sphinx-doc__sphinx-8120,1.0,r2egym-qwen3-32b-rl-step200-seqlen-run4,41,2344,token_limit,44,0.5312093733737563,True
slimshetty/swebench-verified:sweb.eval.x86_64.sympy__sympy-23824,1.0,r2egym-qwen3-32b-rl-step200-seqlen-run4,43,2076,agent_max_step_limit,2,0.8807970685907242,True
slimshetty/swebench-verified:sweb.eval.x86_64.sphinx-doc__sphinx-8265,0.0,r2egym-qwen3-32b-rl-step200-seqlen-run4,100,906,abs_step_limit,22,0.0011695102175951152,False
slimshetty/swebench-verified:sweb.eval.x86_64.sympy__sympy-13852,0.0,r2egym-qwen3-32b-rl-step200-seqlen-run4,100,1520,abs_step_limit,4,0.8354835371034368,False
slimshetty/swebench-verified:sweb.eval.x86_64.pydata__xarray-4687,0.0,r2egym-qwen3-32b-rl-step200-seqlen-run4,75,1278,token_limit,1415,0.0015011822755828046,False
slimshetty/swebench-verified:sweb.eval.x86_64.sympy__sympy-19495,1.0,r2egym-qwen3-32b-rl-step200-seqlen-run4,42,2455,agent_max_step_limit,8,0.705785040214066,True
slimshetty/swebench-verified:sweb.eval.x86_64.pylint-dev__pylint-4661,0.0,r2egym-qwen3-32b-rl-step200-seqlen-run4,100,4580,abs_step_limit,0,0.7549149758396752,False
slimshetty/swebench-verified:sweb.eval.x86_64.django__django-11951,0.0,r2egym-qwen3-32b-rl-step200-seqlen-run4,76,10411,token_limit,21,0.6224593312018546,False
slimshetty/swebench-verified:sweb.eval.x86_64.django__django-13023,0.0,r2egym-qwen3-32b-rl-step200-seqlen-run4,41,5156,max_step_limit,8,0.4073334000459302,False
slimshetty/swebench-verified:sweb.eval.x86_64.django__django-13417,0.0,r2egym-qwen3-32b-rl-step200-seqlen-run4,79,0,token_limit,280,6.605217607477225e-05,False
slimshetty/swebench-verified:sweb.eval.x86_64.matplotlib__matplotlib-23476,0.0,r2egym-qwen3-32b-rl-step200-seqlen-run4,62,0,token_limit,104,4.006367779782906e-05,False
slimshetty/swebench-verified:sweb.eval.x86_64.astropy__astropy-14369,0.0,r2egym-qwen3-32b-rl-step200-seqlen-run4,42,4477,token_limit,732,0.7772998560157665,False
slimshetty/swebench-verified:sweb.eval.x86_64.pytest-dev__pytest-6202,1.0,r2egym-qwen3-32b-rl-step200-seqlen-run4,45,397,token_limit,72,0.05340333130637379,True
slimshetty/swebench-verified:sweb.eval.x86_64.django__django-11749,1.0,r2egym-qwen3-32b-rl-step200-seqlen-run4,100,2148,abs_step_limit,34,0.8933093996634686,True
slimshetty/swebench-verified:sweb.eval.x86_64.sympy__sympy-13878,0.0,r2egym-qwen3-32b-rl-step200-seqlen-run4,52,4357,token_limit,19,0.009708476696368677,False
slimshetty/swebench-verified:sweb.eval.x86_64.django__django-14434,1.0,r2egym-qwen3-32b-rl-step200-seqlen-run4,82,2428,token_limit,133,0.8175744806385543,True
slimshetty/swebench-verified:sweb.eval.x86_64.pydata__xarray-3305,1.0,r2egym-qwen3-32b-rl-step200-seqlen-run4,37,1889,agent,653,0.3486451217982255,True
slimshetty/swebench-verified:sweb.eval.x86_64.django__django-15814,1.0,r2egym-qwen3-32b-rl-step200-seqlen-run4,37,1523,agent,29,0.8354835411997897,True
slimshetty/swebench-verified:sweb.eval.x86_64.django__django-12276,1.0,r2egym-qwen3-32b-rl-step200-seqlen-run4,41,2045,max_step_limit,117,0.7549149978955811,True
slimshetty/swebench-verified:sweb.eval.x86_64.django__django-14792,0.0,r2egym-qwen3-32b-rl-step200-seqlen-run4,100,592,abs_step_limit,23,0.8670357666736772,False
slimshetty/swebench-verified:sweb.eval.x86_64.scikit-learn__scikit-learn-9288,1.0,r2egym-qwen3-32b-rl-step200-seqlen-run4,59,3064,token_limit,123,0.8670357735451835,True
slimshetty/swebench-verified:sweb.eval.x86_64.django__django-16255,1.0,r2egym-qwen3-32b-rl-step200-seqlen-run4,100,524,token_limit,36,0.9046505248181418,True
slimshetty/swebench-verified:sweb.eval.x86_64.django__django-12858,1.0,r2egym-qwen3-32b-rl-step200-seqlen-run4,52,1424,token_limit,73,0.5,True
slimshetty/swebench-verified:sweb.eval.x86_64.django__django-13121,0.0,r2egym-qwen3-32b-rl-step200-seqlen-run4,39,0,token_limit,168,3.12019039027568e-05,False
slimshetty/swebench-verified:sweb.eval.x86_64.pylint-dev__pylint-4970,0.0,r2egym-qwen3-32b-rl-step200-seqlen-run4,67,2322,token_limit,17,0.0028009273033338623,False
slimshetty/swebench-verified:sweb.eval.x86_64.django__django-12325,0.0,r2egym-qwen3-32b-rl-step200-seqlen-run4,41,0,token_limit,201,0.00010889694699895794,False
slimshetty/swebench-verified:sweb.eval.x86_64.pytest-dev__pytest-7982,1.0,r2egym-qwen3-32b-rl-step200-seqlen-run4,71,8378,token_limit,78,0.22270014398423357,True
slimshetty/swebench-verified:sweb.eval.x86_64.django__django-12708,1.0,r2egym-qwen3-32b-rl-step200-seqlen-run4,42,4106,agent_max_step_limit,101,0.6791786926816161,True
slimshetty/swebench-verified:sweb.eval.x86_64.sphinx-doc__sphinx-10614,0.0,r2egym-qwen3-32b-rl-step200-seqlen-run4,100,3807,abs_step_limit,5,0.5312093733737563,False
slimshetty/swebench-verified:sweb.eval.x86_64.matplotlib__matplotlib-25311,0.0,r2egym-qwen3-32b-rl-step200-seqlen-run4,50,0,token_limit,181,4.539785774447017e-05,False
slimshetty/swebench-verified:sweb.eval.x86_64.django__django-16136,0.0,r2egym-qwen3-32b-rl-step200-seqlen-run4,59,1821,token_limit,5,0.1329642281726931,False
slimshetty/swebench-verified:sweb.eval.x86_64.sympy__sympy-24539,1.0,r2egym-qwen3-32b-rl-step200-seqlen-run4,38,1192,agent,62,0.8670357701094303,True
slimshetty/swebench-verified:sweb.eval.x86_64.django__django-13658,1.0,r2egym-qwen3-32b-rl-step200-seqlen-run4,100,1351,abs_step_limit,181,0.8670357563664174,True
slimshetty/swebench-verified:sweb.eval.x86_64.sphinx-doc__sphinx-8459,0.0,r2egym-qwen3-32b-rl-step200-seqlen-run4,59,906,token_limit,17,0.00020342692283406536,False
slimshetty/swebench-verified:sweb.eval.x86_64.django__django-16145,0.0,r2egym-qwen3-32b-rl-step200-seqlen-run4,100,3797,abs_step_limit,155,0.7772998611746912,False
slimshetty/swebench-verified:sweb.eval.x86_64.astropy__astropy-7336,0.0,r2egym-qwen3-32b-rl-step200-seqlen-run4,14,1372,agent,0,0.817574471748733,False
slimshetty/swebench-verified:sweb.eval.x86_64.django__django-13401,0.0,r2egym-qwen3-32b-rl-step200-seqlen-run4,45,5635,agent_max_step_limit,31,0.8175744828610095,False
slimshetty/swebench-verified:sweb.eval.x86_64.sympy__sympy-17655,0.0,r2egym-qwen3-32b-rl-step200-seqlen-run4,100,1018,abs_step_limit,9,0.8933094081846421,False
slimshetty/swebench-verified:sweb.eval.x86_64.sphinx-doc__sphinx-7757,1.0,r2egym-qwen3-32b-rl-step200-seqlen-run4,46,4396,token_limit,33,0.7772998611746912,True
slimshetty/swebench-verified:sweb.eval.x86_64.pytest-dev__pytest-10356,0.0,r2egym-qwen3-32b-rl-step200-seqlen-run4,64,3927,agent_max_step_limit,79,0.2689414272294874,False
slimshetty/swebench-verified:sweb.eval.x86_64.django__django-15569,1.0,r2egym-qwen3-32b-rl-step200-seqlen-run4,51,3183,agent_max_step_limit,242,0.6791786861878392,True
slimshetty/swebench-verified:sweb.eval.x86_64.django__django-12039,0.0,r2egym-qwen3-32b-rl-step200-seqlen-run4,46,2456,agent_max_step_limit,11,0.8175744761936437,False
slimshetty/swebench-verified:sweb.eval.x86_64.astropy__astropy-8872,0.0,r2egym-qwen3-32b-rl-step200-seqlen-run4,95,604,token_limit,0,0.0019267346628797368,False
slimshetty/swebench-verified:sweb.eval.x86_64.sphinx-doc__sphinx-9320,0.0,r2egym-qwen3-32b-rl-step200-seqlen-run4,78,0,token_limit,9,2.4300234924597754e-05,False
slimshetty/swebench-verified:sweb.eval.x86_64.django__django-13212,0.0,r2egym-qwen3-32b-rl-step200-seqlen-run4,100,20267,abs_step_limit,0,0.0002611902746529508,False
slimshetty/swebench-verified:sweb.eval.x86_64.django__django-13513,0.0,r2egym-qwen3-32b-rl-step200-seqlen-run4,12,1114,agent,83,0.11920292202211755,False
slimshetty/swebench-verified:sweb.eval.x86_64.sphinx-doc__sphinx-9229,0.0,r2egym-qwen3-32b-rl-step200-seqlen-run4,56,2627,agent_max_step_limit,13,0.7549149978955811,False
slimshetty/swebench-verified:sweb.eval.x86_64.sympy__sympy-20154,1.0,r2egym-qwen3-32b-rl-step200-seqlen-run4,61,1902,token_limit,40,0.8519528076067262,True
slimshetty/swebench-verified:sweb.eval.x86_64.sympy__sympy-16766,0.0,r2egym-qwen3-32b-rl-step200-seqlen-run4,100,0,abs_step_limit,7,1.0129988561906404e-05,False
slimshetty/swebench-verified:sweb.eval.x86_64.astropy__astropy-14539,0.0,r2egym-qwen3-32b-rl-step200-seqlen-run4,63,1450,token_limit,46,0.07585818211049714,False
slimshetty/swebench-verified:sweb.eval.x86_64.sphinx-doc__sphinx-9673,0.0,r2egym-qwen3-32b-rl-step200-seqlen-run4,100,1695,abs_step_limit,23,0.022977372293497,False
slimshetty/swebench-verified:sweb.eval.x86_64.sympy__sympy-21596,0.0,r2egym-qwen3-32b-rl-step200-seqlen-run4,76,1921,token_limit,37,0.008577485754267061,False
slimshetty/swebench-verified:sweb.eval.x86_64.sympy__sympy-13877,0.0,r2egym-qwen3-32b-rl-step200-seqlen-run4,10,550,llm_query_error,110,0.37754066879814546,False
slimshetty/swebench-verified:sweb.eval.x86_64.django__django-16315,0.0,r2egym-qwen3-32b-rl-step200-seqlen-run4,100,4564,abs_step_limit,42,0.8807970873650401,False
slimshetty/swebench-verified:sweb.eval.x86_64.sympy__sympy-13974,0.0,r2egym-qwen3-32b-rl-step200-seqlen-run4,43,2028,token_limit,4,0.02033235141335831,False
slimshetty/swebench-verified:sweb.eval.x86_64.matplotlib__matplotlib-24970,1.0,r2egym-qwen3-32b-rl-step200-seqlen-run4,100,3719,abs_step_limit,253,0.8807970826714614,True
slimshetty/swebench-verified:sweb.eval.x86_64.astropy__astropy-13579,0.0,r2egym-qwen3-32b-rl-step200-seqlen-run4,40,2813,agent,40,0.3486451353339457,False
slimshetty/swebench-verified:sweb.eval.x86_64.django__django-15375,0.0,r2egym-qwen3-32b-rl-step200-seqlen-run4,100,2927,abs_step_limit,90,0.32082129433083023,False
slimshetty/swebench-verified:sweb.eval.x86_64.sphinx-doc__sphinx-9602,0.0,r2egym-qwen3-32b-rl-step200-seqlen-run4,42,942,token_limit,45,0.00015843617834455259,False
slimshetty/swebench-verified:sweb.eval.x86_64.pylint-dev__pylint-6528,0.0,r2egym-qwen3-32b-rl-step200-seqlen-run4,100,0,abs_step_limit,171,0.00020342694712686694,False
slimshetty/swebench-verified:sweb.eval.x86_64.django__django-14765,1.0,r2egym-qwen3-32b-rl-step200-seqlen-run4,100,1635,abs_step_limit,64,0.8354835330070839,True
slimshetty/swebench-verified:sweb.eval.x86_64.django__django-15103,1.0,r2egym-qwen3-32b-rl-step200-seqlen-run4,100,2974,abs_step_limit,17,0.679178699175393,True
slimshetty/swebench-verified:sweb.eval.x86_64.sympy__sympy-13031,0.0,r2egym-qwen3-32b-rl-step200-seqlen-run4,100,2758,abs_step_limit,9,0.16451645470385742,False
slimshetty/swebench-verified:sweb.eval.x86_64.pydata__xarray-4695,0.0,r2egym-qwen3-32b-rl-step200-seqlen-run4,80,2613,token_limit,840,0.2942149783515162,False
slimshetty/swebench-verified:sweb.eval.x86_64.django__django-15863,1.0,r2egym-qwen3-32b-rl-step200-seqlen-run4,43,1133,agent_max_step_limit,9,0.8354835432479663,True
slimshetty/swebench-verified:sweb.eval.x86_64.django__django-13512,0.0,r2egym-qwen3-32b-rl-step200-seqlen-run4,100,637,abs_step_limit,32,0.6513548714339145,False
slimshetty/swebench-verified:sweb.eval.x86_64.pylint-dev__pylint-8898,0.0,r2egym-qwen3-32b-rl-step200-seqlen-run4,56,5439,token_limit,17,0.7981867753392728,False
slimshetty/swebench-verified:sweb.eval.x86_64.pydata__xarray-7229,0.0,r2egym-qwen3-32b-rl-step200-seqlen-run4,40,942,agent,270,0.8670357649558006,False
slimshetty/swebench-verified:sweb.eval.x86_64.django__django-15368,0.0,r2egym-qwen3-32b-rl-step200-seqlen-run4,6,0,token_limit,29,0.0001584362704528386,False
slimshetty/swebench-verified:sweb.eval.x86_64.django__django-14089,1.0,r2egym-qwen3-32b-rl-step200-seqlen-run4,96,1785,token_limit,43,0.8933093996634686,True
slimshetty/swebench-verified:sweb.eval.x86_64.matplotlib__matplotlib-24637,0.0,r2egym-qwen3-32b-rl-step200-seqlen-run4,42,0,token_limit,29,6.605212879670866e-05,False
slimshetty/swebench-verified:sweb.eval.x86_64.astropy__astropy-13033,0.0,r2egym-qwen3-32b-rl-step200-seqlen-run4,100,0,abs_step_limit,20,4.0063706490068886e-05,False
slimshetty/swebench-verified:sweb.eval.x86_64.sphinx-doc__sphinx-8595,0.0,r2egym-qwen3-32b-rl-step200-seqlen-run4,80,929,token_limit,0,0.34864514210180597,False
slimshetty/swebench-verified:sweb.eval.x86_64.django__django-13809,1.0,r2egym-qwen3-32b-rl-step200-seqlen-run4,100,3506,abs_step_limit,245,0.7057850402140659,True
slimshetty/swebench-verified:sweb.eval.x86_64.django__django-12193,0.0,r2egym-qwen3-32b-rl-step200-seqlen-run4,84,5203,token_limit,11,0.8354835452961425,False
slimshetty/swebench-verified:sweb.eval.x86_64.astropy__astropy-7166,0.0,r2egym-qwen3-32b-rl-step200-seqlen-run4,15,716,agent,0,0.8670357701094304,False
slimshetty/swebench-verified:sweb.eval.x86_64.django__django-11206,0.0,r2egym-qwen3-32b-rl-step200-seqlen-run4,41,4326,token_limit,4,0.2689414272294874,False
slimshetty/swebench-verified:sweb.eval.x86_64.django__django-12741,1.0,r2egym-qwen3-32b-rl-step200-seqlen-run4,100,2653,abs_step_limit,67,0.7981867681382279,True
slimshetty/swebench-verified:sweb.eval.x86_64.django__django-12125,0.0,r2egym-qwen3-32b-rl-step200-seqlen-run4,33,0,token_limit,45,0.00015843617677011157,False
slimshetty/swebench-verified:sweb.eval.x86_64.pydata__xarray-6992,0.0,r2egym-qwen3-32b-rl-step200-seqlen-run4,18,1208,agent,945,0.8354835371034368,False
slimshetty/swebench-verified:sweb.eval.x86_64.sympy__sympy-15809,0.0,r2egym-qwen3-32b-rl-step200-seqlen-run4,46,770,token_limit,10,0.8354835452961425,False
slimshetty/swebench-verified:sweb.eval.x86_64.django__django-11885,0.0,r2egym-qwen3-32b-rl-step200-seqlen-run4,67,2427,token_limit,43,0.0003353501827038557,False
slimshetty/swebench-verified:sweb.eval.x86_64.scikit-learn__scikit-learn-10297,1.0,r2egym-qwen3-32b-rl-step200-seqlen-run4,89,2629,token_limit,28,0.8354835371034368,True
slimshetty/swebench-verified:sweb.eval.x86_64.sympy__sympy-16886,1.0,r2egym-qwen3-32b-rl-step200-seqlen-run4,10,466,agent,42,0.8175744828610095,True
slimshetty/swebench-verified:sweb.eval.x86_64.django__django-13297,0.0,r2egym-qwen3-32b-rl-step200-seqlen-run4,100,5092,abs_step_limit,50,0.13296424019782926,False
slimshetty/swebench-verified:sweb.eval.x86_64.pydata__xarray-6721,0.0,r2egym-qwen3-32b-rl-step200-seqlen-run4,70,1247,token_limit,1405,0.11920291576401233,False
slimshetty/swebench-verified:sweb.eval.x86_64.matplotlib__matplotlib-24026,0.0,r2egym-qwen3-32b-rl-step200-seqlen-run4,100,1576,abs_step_limit,762,0.006692849540488043,False
slimshetty/swebench-verified:sweb.eval.x86_64.matplotlib__matplotlib-26466,0.0,r2egym-qwen3-32b-rl-step200-seqlen-run4,31,1291,agent,100,0.5926665999540698,False
slimshetty/swebench-verified:sweb.eval.x86_64.pydata__xarray-3151,1.0,r2egym-qwen3-32b-rl-step200-seqlen-run4,44,599,agent_max_step_limit,66,0.9149009578933863,True
slimshetty/swebench-verified:sweb.eval.x86_64.django__django-11099,1.0,r2egym-qwen3-32b-rl-step200-seqlen-run4,100,2005,abs_step_limit,19,0.8519528000888387,True
slimshetty/swebench-verified:sweb.eval.x86_64.sympy__sympy-13372,1.0,r2egym-qwen3-32b-rl-step200-seqlen-run4,100,774,abs_step_limit,44,0.8670357718273068,True
slimshetty/swebench-verified:sweb.eval.x86_64.psf__requests-5414,0.0,r2egym-qwen3-32b-rl-step200-seqlen-run4,69,0,token_limit,130,6.605212083958431e-05,False
slimshetty/swebench-verified:sweb.eval.x86_64.django__django-11138,0.0,r2egym-qwen3-32b-rl-step200-seqlen-run4,41,2280,max_step_limit,73,0.817574478416099,False
slimshetty/swebench-verified:sweb.eval.x86_64.django__django-11276,1.0,r2egym-qwen3-32b-rl-step200-seqlen-run4,100,2015,abs_step_limit,548,0.7772998508568416,True
slimshetty/swebench-verified:sweb.eval.x86_64.astropy__astropy-14995,1.0,r2egym-qwen3-32b-rl-step200-seqlen-run4,67,613,token_limit,179,0.9149009468718409,True
slimshetty/swebench-verified:sweb.eval.x86_64.django__django-15380,0.0,r2egym-qwen3-32b-rl-step200-seqlen-run4,100,1990,abs_step_limit,133,0.0005527786588233104,False
slimshetty/swebench-verified:sweb.eval.x86_64.psf__requests-6028,0.0,r2egym-qwen3-32b-rl-step200-seqlen-run4,30,401,token_limit,185,0.0015011820995140604,False
slimshetty/swebench-verified:sweb.eval.x86_64.django__django-14500,1.0,r2egym-qwen3-32b-rl-step200-seqlen-run4,89,4706,token_limit,21,0.8807970795424088,True
slimshetty/swebench-verified:sweb.eval.x86_64.django__django-13590,1.0,r2egym-qwen3-32b-rl-step200-seqlen-run4,100,2903,abs_step_limit,145,0.679178699175393,True
slimshetty/swebench-verified:sweb.eval.x86_64.astropy__astropy-13977,0.0,r2egym-qwen3-32b-rl-step200-seqlen-run4,21,7217,agent,261,0.651354857898194,False
slimshetty/swebench-verified:sweb.eval.x86_64.django__django-12262,1.0,r2egym-qwen3-32b-rl-step200-seqlen-run4,42,2524,token_limit,18,0.7310585903489891,True
slimshetty/swebench-verified:sweb.eval.x86_64.django__django-11265,1.0,r2egym-qwen3-32b-rl-step200-seqlen-run4,71,3138,token_limit,30,0.7310585786300049,True
slimshetty/swebench-verified:sweb.eval.x86_64.pytest-dev__pytest-5262,1.0,r2egym-qwen3-32b-rl-step200-seqlen-run4,42,1180,agent_max_step_limit,108,0.8175744806385543,True
slimshetty/swebench-verified:sweb.eval.x86_64.django__django-11451,1.0,r2egym-qwen3-32b-rl-step200-seqlen-run4,47,2139,agent_max_step_limit,45,0.7549149923816048,True
slimshetty/swebench-verified:sweb.eval.x86_64.django__django-14017,1.0,r2egym-qwen3-32b-rl-step200-seqlen-run4,69,1935,token_limit,147,0.8354835330070839,True
slimshetty/swebench-verified:sweb.eval.x86_64.scikit-learn__scikit-learn-14141,1.0,r2egym-qwen3-32b-rl-step200-seqlen-run4,43,2996,agent_max_step_limit,2,0.651354857898194,True
slimshetty/swebench-verified:sweb.eval.x86_64.django__django-15252,0.0,r2egym-qwen3-32b-rl-step200-seqlen-run4,79,997,token_limit,34,0.8354835371034368,False
slimshetty/swebench-verified:sweb.eval.x86_64.sympy__sympy-21612,0.0,r2egym-qwen3-32b-rl-step200-seqlen-run4,8,0,token_limit,98,9.610240269208051e-05,False
slimshetty/swebench-verified:sweb.eval.x86_64.django__django-13346,0.0,r2egym-qwen3-32b-rl-step200-seqlen-run4,100,2614,abs_step_limit,0,0.0005527785285184349,False
slimshetty/swebench-verified:sweb.eval.x86_64.django__django-16642,0.0,r2egym-qwen3-32b-rl-step200-seqlen-run4,19,3196,agent,21,0.8354835391516133,False
slimshetty/swebench-verified:sweb.eval.x86_64.sympy__sympy-13091,0.0,r2egym-qwen3-32b-rl-step200-seqlen-run4,100,0,abs_step_limit,89,0.00013982202345901677,False
slimshetty/swebench-verified:sweb.eval.x86_64.django__django-13410,1.0,r2egym-qwen3-32b-rl-step200-seqlen-run4,57,1906,token_limit,40,0.8354835391516133,True
slimshetty/swebench-verified:sweb.eval.x86_64.django__django-13741,1.0,r2egym-qwen3-32b-rl-step200-seqlen-run4,39,3078,token_limit,82,0.8175744806385543,True
slimshetty/swebench-verified:sweb.eval.x86_64.sympy__sympy-18763,0.0,r2egym-qwen3-32b-rl-step200-seqlen-run4,66,1625,token_limit,140,0.010986943895588882,False
slimshetty/swebench-verified:sweb.eval.x86_64.astropy__astropy-14365,0.0,r2egym-qwen3-32b-rl-step200-seqlen-run4,22,2838,token_limit,6,0.0600866491220556,False
slimshetty/swebench-verified:sweb.eval.x86_64.django__django-16667,0.0,r2egym-qwen3-32b-rl-step200-seqlen-run4,100,2629,abs_step_limit,24,0.7549149758396752,False
slimshetty/swebench-verified:sweb.eval.x86_64.psf__requests-1142,0.0,r2egym-qwen3-32b-rl-step200-seqlen-run4,3,652833,token_limit,5,0.0,False
slimshetty/swebench-verified:sweb.eval.x86_64.matplotlib__matplotlib-25479,0.0,r2egym-qwen3-32b-rl-step200-seqlen-run4,36,1427,token_limit,263,0.798186787341014,False
slimshetty/swebench-verified:sweb.eval.x86_64.django__django-10554,0.0,r2egym-qwen3-32b-rl-step200-seqlen-run4,54,0,token_limit,23,4.0063687340044966e-05,False
slimshetty/swebench-verified:sweb.eval.x86_64.mwaskom__seaborn-3069,0.0,r2egym-qwen3-32b-rl-step200-seqlen-run4,64,3042,token_limit,86,0.002182716160358365,False
slimshetty/swebench-verified:sweb.eval.x86_64.sphinx-doc__sphinx-8035,1.0,r2egym-qwen3-32b-rl-step200-seqlen-run4,79,6788,token_limit,2,0.320821300824607,True
slimshetty/swebench-verified:sweb.eval.x86_64.sphinx-doc__sphinx-7910,1.0,r2egym-qwen3-32b-rl-step200-seqlen-run4,71,5292,token_limit,16,0.7981867729389246,True
slimshetty/swebench-verified:sweb.eval.x86_64.sympy__sympy-13757,0.0,r2egym-qwen3-32b-rl-step200-seqlen-run4,100,617,abs_step_limit,166,0.005911067520936678,False
slimshetty/swebench-verified:sweb.eval.x86_64.pylint-dev__pylint-4551,0.0,r2egym-qwen3-32b-rl-step200-seqlen-run4,100,0,abs_step_limit,0,4.006368259662828e-05,False
slimshetty/swebench-verified:sweb.eval.x86_64.django__django-11239,0.0,r2egym-qwen3-32b-rl-step200-seqlen-run4,64,1023,token_limit,5,0.8670357735451834,False
slimshetty/swebench-verified:sweb.eval.x86_64.scikit-learn__scikit-learn-15100,1.0,r2egym-qwen3-32b-rl-step200-seqlen-run4,23,687,token_limit,93,0.6791786926816161,True
slimshetty/swebench-verified:sweb.eval.x86_64.django__django-11734,0.0,r2egym-qwen3-32b-rl-step200-seqlen-run4,41,0,token_limit,275,7.484620926480483e-05,False
slimshetty/swebench-verified:sweb.eval.x86_64.sympy__sympy-17630,0.0,r2egym-qwen3-32b-rl-step200-seqlen-run4,32,2404,agent,19,0.7772998714925403,False
slimshetty/swebench-verified:sweb.eval.x86_64.django__django-10097,0.0,r2egym-qwen3-32b-rl-step200-seqlen-run4,100,0,abs_step_limit,1427,0.00017952790088870477,False
slimshetty/swebench-verified:sweb.eval.x86_64.django__django-14007,0.0,r2egym-qwen3-32b-rl-step200-seqlen-run4,44,3647,token_limit,12,0.20181321265898594,False
slimshetty/swebench-verified:sweb.eval.x86_64.pydata__xarray-3993,0.0,r2egym-qwen3-32b-rl-step200-seqlen-run4,100,1479,abs_step_limit,2398,0.34864514210180597,False
slimshetty/swebench-verified:sweb.eval.x86_64.django__django-14631,0.0,r2egym-qwen3-32b-rl-step200-seqlen-run4,70,1214,token_limit,117,0.00280092755500582,False
slimshetty/swebench-verified:sweb.eval.x86_64.django__django-15973,0.0,r2egym-qwen3-32b-rl-step200-seqlen-run4,89,0,token_limit,157,5.829128620666945e-05,False
slimshetty/swebench-verified:sweb.eval.x86_64.django__django-14559,1.0,r2egym-qwen3-32b-rl-step200-seqlen-run4,57,2935,token_limit,23,0.7057850154599562,True
slimshetty/swebench-verified:sweb.eval.x86_64.django__django-11141,0.0,r2egym-qwen3-32b-rl-step200-seqlen-run4,100,2762,abs_step_limit,23,0.6513548782017745,False
slimshetty/swebench-verified:sweb.eval.x86_64.django__django-15037,0.0,r2egym-qwen3-32b-rl-step200-seqlen-run4,53,0,token_limit,14,2.144494584573034e-05,False
slimshetty/swebench-verified:sweb.eval.x86_64.django__django-15315,1.0,r2egym-qwen3-32b-rl-step200-seqlen-run4,65,3321,token_limit,33,0.7549149978955811,True
slimshetty/swebench-verified:sweb.eval.x86_64.django__django-11149,0.0,r2egym-qwen3-32b-rl-step200-seqlen-run4,100,5520,abs_step_limit,42,0.7057850402140659,False
slimshetty/swebench-verified:sweb.eval.x86_64.django__django-13195,0.0,r2egym-qwen3-32b-rl-step200-seqlen-run4,75,2770,token_limit,381,0.8670357512127872,False
slimshetty/swebench-verified:sweb.eval.x86_64.sympy__sympy-23534,1.0,r2egym-qwen3-32b-rl-step200-seqlen-run4,100,2330,abs_step_limit,11,0.9046505254608136,True
slimshetty/swebench-verified:sweb.eval.x86_64.django__django-13363,0.0,r2egym-qwen3-32b-rl-step200-seqlen-run4,87,4094,token_limit,72,0.025957359175758542,False
slimshetty/swebench-verified:sweb.eval.x86_64.django__django-15525,0.0,r2egym-qwen3-32b-rl-step200-seqlen-run4,1,0,token_limit,53,0.00017952796175628582,False
slimshetty/swebench-verified:sweb.eval.x86_64.django__django-11848,0.0,r2egym-qwen3-32b-rl-step200-seqlen-run4,11,1703,token_limit,43,0.268941415510503,False
slimshetty/swebench-verified:sweb.eval.x86_64.astropy__astropy-14598,0.0,r2egym-qwen3-32b-rl-step200-seqlen-run4,43,1819,token_limit,174,0.08509904152653235,False
slimshetty/swebench-verified:sweb.eval.x86_64.django__django-14053,0.0,r2egym-qwen3-32b-rl-step200-seqlen-run4,34,2903,token_limit,0,0.0010322308532083736,False
slimshetty/swebench-verified:sweb.eval.x86_64.django__django-13964,0.0,r2egym-qwen3-32b-rl-step200-seqlen-run4,64,2875,token_limit,36,0.02595735465470346,False
slimshetty/swebench-verified:sweb.eval.x86_64.pydata__xarray-6744,0.0,r2egym-qwen3-32b-rl-step200-seqlen-run4,32,2460,agent,1811,0.7549149868676283,False
slimshetty/swebench-verified:sweb.eval.x86_64.django__django-15503,0.0,r2egym-qwen3-32b-rl-step200-seqlen-run4,69,1755,token_limit,61,0.009708476615783198,False
slimshetty/swebench-verified:sweb.eval.x86_64.astropy__astropy-12907,1.0,r2egym-qwen3-rl-100-steps-attempt-8,15,506,agent,13,0.8933094103149355,True
slimshetty/swebench-verified:sweb.eval.x86_64.sympy__sympy-21379,0.0,r2egym-qwen3-32b-rl-step200-seqlen-run4,28,733,token_limit,91,0.002472622810918873,False
slimshetty/swebench-verified:sweb.eval.x86_64.scikit-learn__scikit-learn-25931,1.0,r2egym-qwen3-rl-100-steps-attempt-8,24,2260,agent,21,0.8519528057272543,True
slimshetty/swebench-verified:sweb.eval.x86_64.sympy__sympy-19783,0.0,r2egym-qwen3-rl-100-steps-attempt-8,24,751,agent,9,0.7981867705385762,False
slimshetty/swebench-verified:sweb.eval.x86_64.matplotlib__matplotlib-25122,0.0,r2egym-qwen3-32b-rl-step200-seqlen-run4,25,1992,token_limit,2396,0.07585817793199001,False
slimshetty/swebench-verified:sweb.eval.x86_64.sympy__sympy-19954,1.0,r2egym-qwen3-rl-100-steps-attempt-8,28,1036,agent,56,0.9046505248181418,True
slimshetty/swebench-verified:sweb.eval.x86_64.psf__requests-1724,0.0,r2egym-qwen3-rl-100-steps-attempt-8,25,760,agent,75,0.8354835350552603,False
slimshetty/swebench-verified:sweb.eval.x86_64.sympy__sympy-15349,1.0,r2egym-qwen3-32b-rl-step200-seqlen-run4,30,1531,agent,3,0.8519528057272543,True
slimshetty/swebench-verified:sweb.eval.x86_64.django__django-14672,1.0,r2egym-qwen3-rl-100-steps-attempt-8,24,1745,agent,0,0.8354835309589073,True
slimshetty/swebench-verified:sweb.eval.x86_64.django__django-16662,1.0,r2egym-qwen3-rl-100-steps-attempt-8,21,884,agent,51,0.8354835309589074,True
slimshetty/swebench-verified:sweb.eval.x86_64.sympy__sympy-24443,1.0,r2egym-qwen3-rl-100-steps-attempt-8,19,2183,agent,1,0.8519528019683106,True
slimshetty/swebench-verified:sweb.eval.x86_64.sympy__sympy-16450,1.0,r2egym-qwen3-rl-100-steps-attempt-8,16,752,agent,38,0.8519528057272543,True
slimshetty/swebench-verified:sweb.eval.x86_64.django__django-13821,1.0,r2egym-qwen3-rl-100-steps-attempt-8,64,1419,token_limit,14,0.7772998663336158,True
slimshetty/swebench-verified:sweb.eval.x86_64.django__django-15278,0.0,r2egym-qwen3-rl-100-steps-attempt-8,100,0,abs_step_limit,138,8.481105123878872e-05,False
slimshetty/swebench-verified:sweb.eval.x86_64.django__django-15561,1.0,r2egym-qwen3-rl-100-steps-attempt-8,100,1674,abs_step_limit,141,0.7772998611746912,True
slimshetty/swebench-verified:sweb.eval.x86_64.pylint-dev__pylint-7080,0.0,r2egym-qwen3-rl-100-steps-attempt-8,33,702,agent,4,0.7772998508568416,False
slimshetty/swebench-verified:sweb.eval.x86_64.django__django-16901,1.0,r2egym-qwen3-rl-100-steps-attempt-8,48,3405,agent_max_step_limit,6,0.7772998714925403,True
slimshetty/swebench-verified:sweb.eval.x86_64.matplotlib__matplotlib-25775,0.0,r2egym-qwen3-rl-100-steps-attempt-8,47,1682,agent_max_step_limit,5,0.10669058684467357,False
slimshetty/swebench-verified:sweb.eval.x86_64.sympy__sympy-23262,1.0,r2egym-qwen3-rl-100-steps-attempt-8,46,799,agent_max_step_limit,61,0.8175744828610095,True
slimshetty/swebench-verified:sweb.eval.x86_64.astropy__astropy-8707,0.0,r2egym-qwen3-rl-100-steps-attempt-8,62,1750,token_limit,4,0.7772998560157665,False
slimshetty/swebench-verified:sweb.eval.x86_64.scikit-learn__scikit-learn-14053,1.0,r2egym-qwen3-rl-100-steps-attempt-8,29,1583,agent,5,0.8519528019683106,True
slimshetty/swebench-verified:sweb.eval.x86_64.django__django-16263,0.0,r2egym-qwen3-32b-rl-step200-seqlen-run4,77,997475,token_limit,0,0.0,False
slimshetty/swebench-verified:sweb.eval.x86_64.django__django-13109,0.0,r2egym-qwen3-32b-rl-step200-seqlen-run4,67,3766,token_limit,170,0.0007096705154659259,False
slimshetty/swebench-verified:sweb.eval.x86_64.sympy__sympy-18199,0.0,r2egym-qwen3-rl-100-steps-attempt-8,31,1424,agent,113,0.8354835391516133,False
slimshetty/swebench-verified:sweb.eval.x86_64.django__django-11490,0.0,r2egym-qwen3-rl-100-steps-attempt-8,68,2070,agent_max_step_limit,22,0.8354835452961427,False
slimshetty/swebench-verified:sweb.eval.x86_64.django__django-11133,1.0,r2egym-qwen3-rl-100-steps-attempt-8,41,2086,max_step_limit,64,0.8807970795424088,True
slimshetty/swebench-verified:sweb.eval.x86_64.django__django-16116,1.0,r2egym-qwen3-rl-100-steps-attempt-8,100,6613,abs_step_limit,137,0.24508501313237172,True
slimshetty/swebench-verified:sweb.eval.x86_64.django__django-14752,0.0,r2egym-qwen3-rl-100-steps-attempt-8,100,4045,abs_step_limit,0,0.7057850402140659,False
slimshetty/swebench-verified:sweb.eval.x86_64.pylint-dev__pylint-6903,1.0,r2egym-qwen3-rl-100-steps-attempt-8,97,3164,token_limit,8,0.8354835330070839,True
slimshetty/swebench-verified:sweb.eval.x86_64.sympy__sympy-16597,0.0,r2egym-qwen3-rl-100-steps-attempt-8,27,2001,agent,74,0.8807970826714613,False
slimshetty/swebench-verified:sweb.eval.x86_64.pydata__xarray-3677,1.0,r2egym-qwen3-rl-100-steps-attempt-8,52,532,agent_max_step_limit,21,0.92414182206801,True
slimshetty/swebench-verified:sweb.eval.x86_64.sympy__sympy-13551,0.0,r2egym-qwen3-rl-100-steps-attempt-8,100,1633,abs_step_limit,0,0.0001584362161634149,False
slimshetty/swebench-verified:sweb.eval.x86_64.sympy__sympy-18698,0.0,r2egym-qwen3-rl-100-steps-attempt-8,42,565,agent_max_step_limit,147,0.46879062662624377,False
slimshetty/swebench-verified:sweb.eval.x86_64.matplotlib__matplotlib-13989,1.0,r2egym-qwen3-rl-100-steps-attempt-8,58,817,token_limit,411,0.9046505325302034,True
slimshetty/swebench-verified:sweb.eval.x86_64.django__django-11815,0.0,r2egym-qwen3-rl-100-steps-attempt-8,75,0,token_limit,44,4.5397890221682726e-05,False
slimshetty/swebench-verified:sweb.eval.x86_64.pytest-dev__pytest-7205,1.0,r2egym-qwen3-rl-100-steps-attempt-8,100,1535,abs_step_limit,16,0.8670357718273068,True
slimshetty/swebench-verified:sweb.eval.x86_64.django__django-13449,1.0,r2egym-qwen3-rl-100-steps-attempt-8,80,2283,agent_max_step_limit,46,0.7549149813536518,True
slimshetty/swebench-verified:sweb.eval.x86_64.django__django-12308,0.0,r2egym-qwen3-rl-100-steps-attempt-8,100,2639,abs_step_limit,20,0.8670357701094303,False
slimshetty/swebench-verified:sweb.eval.x86_64.django__django-11299,0.0,r2egym-qwen3-rl-100-steps-attempt-8,100,3568,abs_step_limit,0,0.01590638937927973,False
slimshetty/swebench-verified:sweb.eval.x86_64.django__django-12419,0.0,r2egym-qwen3-rl-100-steps-attempt-8,37,1591,agent,0,0.5,False
slimshetty/swebench-verified:sweb.eval.x86_64.django__django-13089,1.0,r2egym-qwen3-rl-100-steps-attempt-8,100,2536,abs_step_limit,352,0.8519528076067262,True
slimshetty/swebench-verified:sweb.eval.x86_64.pydata__xarray-4629,1.0,r2egym-qwen3-rl-100-steps-attempt-8,14,505,agent,32,0.8670357701094303,True
slimshetty/swebench-verified:sweb.eval.x86_64.django__django-14011,0.0,r2egym-qwen3-rl-100-steps-attempt-8,20,3183,agent,2,0.7549149868676284,False
slimshetty/swebench-verified:sweb.eval.x86_64.sympy__sympy-22456,1.0,r2egym-qwen3-rl-100-steps-attempt-8,97,318,token_limit,29,0.8175744739711883,True
slimshetty/swebench-verified:sweb.eval.x86_64.django__django-16333,1.0,r2egym-qwen3-rl-100-steps-attempt-8,100,6374,abs_step_limit,87,0.5312093733737563,True
slimshetty/swebench-verified:sweb.eval.x86_64.django__django-13820,0.0,r2egym-qwen3-rl-100-steps-attempt-8,100,16689,abs_step_limit,0,0.0007096705348257516,False
slimshetty/swebench-verified:sweb.eval.x86_64.scikit-learn__scikit-learn-14496,1.0,r2egym-qwen3-rl-100-steps-attempt-8,67,3358,agent_max_step_limit,39,0.3486451217982255,True
slimshetty/swebench-verified:sweb.eval.x86_64.django__django-15098,0.0,r2egym-qwen3-rl-100-steps-attempt-8,32,3610,agent,85,0.6513548646660543,False
slimshetty/swebench-verified:sweb.eval.x86_64.django__django-15382,0.0,r2egym-qwen3-rl-100-steps-attempt-8,58,5564,agent_max_step_limit,159,0.8519528057272543,False
slimshetty/swebench-verified:sweb.eval.x86_64.sympy__sympy-14976,1.0,r2egym-qwen3-rl-100-steps-attempt-8,86,3366,token_limit,13,0.7981867801399695,True
slimshetty/swebench-verified:sweb.eval.x86_64.django__django-13933,1.0,r2egym-qwen3-rl-100-steps-attempt-8,38,3811,agent,19,0.8175744806385543,True
slimshetty/swebench-verified:sweb.eval.x86_64.pallets__flask-5014,1.0,r2egym-qwen3-rl-100-steps-attempt-8,100,444,abs_step_limit,59,0.24508501313237172,True
slimshetty/swebench-verified:sweb.eval.x86_64.django__django-11551,1.0,r2egym-qwen3-rl-100-steps-attempt-8,100,4373,abs_step_limit,119,0.8519528019683105,True
slimshetty/swebench-verified:sweb.eval.x86_64.sympy__sympy-11618,1.0,r2egym-qwen3-rl-100-steps-attempt-8,12,817,agent,4,0.8354835330070838,True
slimshetty/swebench-verified:sweb.eval.x86_64.sphinx-doc__sphinx-7454,0.0,r2egym-qwen3-rl-100-steps-attempt-8,69,2855,token_limit,27,0.015906392848925633,False
slimshetty/swebench-verified:sweb.eval.x86_64.django__django-11603,1.0,r2egym-qwen3-rl-100-steps-attempt-8,100,3495,abs_step_limit,58,0.8519528076067262,True
slimshetty/swebench-verified:sweb.eval.x86_64.psf__requests-2931,0.0,r2egym-qwen3-rl-100-steps-attempt-8,82,2297,token_limit,0,0.00407013828217359,False
slimshetty/swebench-verified:sweb.eval.x86_64.django__django-13670,1.0,r2egym-qwen3-rl-100-steps-attempt-8,21,1487,agent,17,0.8519528038477825,True
slimshetty/swebench-verified:sweb.eval.x86_64.django__django-16612,1.0,r2egym-qwen3-rl-100-steps-attempt-8,100,2432,abs_step_limit,335,0.7772998714925403,True
slimshetty/swebench-verified:sweb.eval.x86_64.sphinx-doc__sphinx-9281,0.0,r2egym-qwen3-rl-100-steps-attempt-8,58,2275,token_limit,38,0.0010322308859802348,False
slimshetty/swebench-verified:sweb.eval.x86_64.django__django-14155,0.0,r2egym-qwen3-rl-100-steps-attempt-8,58,1053,token_limit,89,0.7310585786300049,False
slimshetty/swebench-verified:sweb.eval.x86_64.django__django-17084,1.0,r2egym-qwen3-rl-100-steps-attempt-8,69,3307,token_limit,107,0.29421498454004374,True
slimshetty/swebench-verified:sweb.eval.x86_64.django__django-14140,0.0,r2egym-qwen3-rl-100-steps-attempt-8,77,2454,agent_max_step_limit,199,0.7772998714925404,False
slimshetty/swebench-verified:sweb.eval.x86_64.django__django-14349,1.0,r2egym-qwen3-rl-100-steps-attempt-8,100,3500,abs_step_limit,18,0.8519527944504227,True
slimshetty/swebench-verified:sweb.eval.x86_64.sympy__sympy-14711,1.0,r2egym-qwen3-rl-100-steps-attempt-8,100,836,abs_step_limit,2,0.8670357477770336,True
slimshetty/swebench-verified:sweb.eval.x86_64.django__django-15022,1.0,r2egym-qwen3-rl-100-steps-attempt-8,82,4528,token_limit,56,0.7981867849406659,True
slimshetty/swebench-verified:sweb.eval.x86_64.scikit-learn__scikit-learn-10908,0.0,r2egym-qwen3-rl-100-steps-attempt-8,43,846,agent_max_step_limit,47,0.4378234991142019,False
slimshetty/swebench-verified:sweb.eval.x86_64.django__django-14855,1.0,r2egym-qwen3-rl-100-steps-attempt-8,100,4419,abs_step_limit,325,0.8175744806385542,True
slimshetty/swebench-verified:sweb.eval.x86_64.sympy__sympy-19346,1.0,r2egym-qwen3-rl-100-steps-attempt-8,84,3809,token_limit,40,0.754914997895581,True
slimshetty/swebench-verified:sweb.eval.x86_64.pylint-dev__pylint-4604,0.0,r2egym-qwen3-rl-100-steps-attempt-8,100,0,abs_step_limit,0,9.610239166057987e-05,False
slimshetty/swebench-verified:sweb.eval.x86_64.django__django-15987,0.0,r2egym-qwen3-rl-100-steps-attempt-8,43,1616,agent_max_step_limit,52,0.7310585786300049,False
slimshetty/swebench-verified:sweb.eval.x86_64.sympy__sympy-20438,0.0,r2egym-qwen3-rl-100-steps-attempt-8,71,0,token_limit,93,5.144220743759563e-05,False
slimshetty/swebench-verified:sweb.eval.x86_64.django__django-11333,0.0,r2egym-qwen3-rl-100-steps-attempt-8,100,3731,abs_step_limit,0,0.03308597612434375,False
slimshetty/swebench-verified:sweb.eval.x86_64.django__django-13343,1.0,r2egym-qwen3-rl-100-steps-attempt-8,62,2509,token_limit,130,0.798186787341014,True
slimshetty/swebench-verified:sweb.eval.x86_64.sphinx-doc__sphinx-8548,0.0,r2egym-qwen3-rl-100-steps-attempt-8,60,1699,token_limit,5,0.7549149868676283,False
slimshetty/swebench-verified:sweb.eval.x86_64.sphinx-doc__sphinx-7985,0.0,r2egym-qwen3-rl-100-steps-attempt-8,79,2864,token_limit,3,0.7057850216484838,False
slimshetty/swebench-verified:sweb.eval.x86_64.django__django-15277,1.0,r2egym-qwen3-rl-100-steps-attempt-8,100,689,abs_step_limit,158,0.8354835371034368,True
slimshetty/swebench-verified:sweb.eval.x86_64.django__django-13128,0.0,r2egym-qwen3-rl-100-steps-attempt-8,72,3694,token_limit,90,0.012431649869866591,False
slimshetty/swebench-verified:sweb.eval.x86_64.scikit-learn__scikit-learn-13439,0.0,r2egym-qwen3-rl-100-steps-attempt-8,100,0,abs_step_limit,40,1.6701425822059825e-05,False
slimshetty/swebench-verified:sweb.eval.x86_64.sympy__sympy-12481,1.0,r2egym-qwen3-rl-100-steps-attempt-8,41,654,token_limit,7,0.14804719427274565,True
slimshetty/swebench-verified:sweb.eval.x86_64.django__django-12663,0.0,r2egym-qwen3-rl-100-steps-attempt-8,46,1009,token_limit,135,0.5621765008857982,False
slimshetty/swebench-verified:sweb.eval.x86_64.django__django-16560,0.0,r2egym-qwen3-rl-100-steps-attempt-8,99,5696,token_limit,66,0.13296424191570594,False
slimshetty/swebench-verified:sweb.eval.x86_64.matplotlib__matplotlib-23412,0.0,r2egym-qwen3-rl-100-steps-attempt-8,100,1175,abs_step_limit,46,9.610238031864918e-05,False
slimshetty/swebench-verified:sweb.eval.x86_64.sympy__sympy-19040,0.0,r2egym-qwen3-rl-100-steps-attempt-8,52,0,token_limit,148,0.0001398221398060431,False
slimshetty/swebench-verified:sweb.eval.x86_64.django__django-9296,1.0,r2egym-qwen3-rl-100-steps-attempt-8,100,1495,abs_step_limit,20,0.8354835371034368,True
slimshetty/swebench-verified:sweb.eval.x86_64.django__django-11211,0.0,r2egym-qwen3-rl-100-steps-attempt-8,72,3822,token_limit,70,0.010986940788759695,False
slimshetty/swebench-verified:sweb.eval.x86_64.sympy__sympy-20916,0.0,r2egym-qwen3-rl-100-steps-attempt-8,36,1019,agent,1,0.4073334000459302,False
slimshetty/swebench-verified:sweb.eval.x86_64.django__django-14373,1.0,r2egym-qwen3-rl-100-steps-attempt-8,37,3174,agent,19,0.8670357460591569,True
slimshetty/swebench-verified:sweb.eval.x86_64.pydata__xarray-7233,1.0,r2egym-qwen3-rl-100-steps-attempt-8,22,2554,agent,189,0.8670357615200475,True
slimshetty/swebench-verified:sweb.eval.x86_64.django__django-16950,0.0,r2egym-qwen3-rl-100-steps-attempt-8,49,0,token_limit,3,2.4300249409733237e-05,False
slimshetty/swebench-verified:sweb.eval.x86_64.django__django-14771,0.0,r2egym-qwen3-rl-100-steps-attempt-8,100,6376,abs_step_limit,60,0.29421497216298875,False
slimshetty/swebench-verified:sweb.eval.x86_64.scikit-learn__scikit-learn-26194,0.0,r2egym-qwen3-rl-100-steps-attempt-8,65,650,token_limit,186,0.5621765008857981,False
slimshetty/swebench-verified:sweb.eval.x86_64.django__django-11740,1.0,r2egym-qwen3-rl-100-steps-attempt-8,56,3381,agent_max_step_limit,109,0.7772998611746912,True
slimshetty/swebench-verified:sweb.eval.x86_64.django__django-12304,0.0,r2egym-qwen3-rl-100-steps-attempt-8,100,459,abs_step_limit,0,0.0009110514033610691,False
slimshetty/swebench-verified:sweb.eval.x86_64.scikit-learn__scikit-learn-11578,1.0,r2egym-qwen3-rl-100-steps-attempt-8,50,640,agent_max_step_limit,93,0.8807970764133561,True
slimshetty/swebench-verified:sweb.eval.x86_64.matplotlib__matplotlib-24870,0.0,r2egym-qwen3-rl-100-steps-attempt-8,62,2249,token_limit,65,0.7772998663336158,False
slimshetty/swebench-verified:sweb.eval.x86_64.django__django-15128,0.0,r2egym-qwen3-rl-100-steps-attempt-8,100,7448,abs_step_limit,281,0.6513548714339145,False
slimshetty/swebench-verified:sweb.eval.x86_64.sphinx-doc__sphinx-9711,1.0,r2egym-qwen3-rl-100-steps-attempt-8,65,2044,token_limit,0,0.8933094039240554,True
slimshetty/swebench-verified:sweb.eval.x86_64.django__django-15467,1.0,r2egym-qwen3-rl-100-steps-attempt-8,100,2605,abs_step_limit,62,0.7310585844894971,True
slimshetty/swebench-verified:sweb.eval.x86_64.sympy__sympy-15976,0.0,r2egym-qwen3-rl-100-steps-attempt-8,54,1515,agent_max_step_limit,37,0.5,False
slimshetty/swebench-verified:sweb.eval.x86_64.sympy__sympy-24066,0.0,r2egym-qwen3-rl-100-steps-attempt-8,76,2319,token_limit,0,0.008577483893094128,False
slimshetty/swebench-verified:sweb.eval.x86_64.pydata__xarray-4075,1.0,r2egym-qwen3-rl-100-steps-attempt-8,100,2941,abs_step_limit,958,0.8933094131553265,True
slimshetty/swebench-verified:sweb.eval.x86_64.matplotlib__matplotlib-26291,0.0,r2egym-qwen3-rl-100-steps-attempt-8,21,602,agent,49,0.8807970842359877,False
slimshetty/swebench-verified:sweb.eval.x86_64.django__django-11292,0.0,r2egym-qwen3-rl-100-steps-attempt-8,100,3449,abs_step_limit,31,0.7057850278370111,False
slimshetty/swebench-verified:sweb.eval.x86_64.django__django-16256,0.0,r2egym-qwen3-rl-100-steps-attempt-8,76,6479,token_limit,53,0.5621765008857981,False
slimshetty/swebench-verified:sweb.eval.x86_64.django__django-15104,1.0,r2egym-qwen3-rl-100-steps-attempt-8,66,2684,token_limit,131,0.8519528076067262,True
slimshetty/swebench-verified:sweb.eval.x86_64.django__django-10973,0.0,r2egym-qwen3-rl-100-steps-attempt-8,100,2513,abs_step_limit,0,0.7549149923816048,False
slimshetty/swebench-verified:sweb.eval.x86_64.pydata__xarray-4094,1.0,r2egym-qwen3-rl-100-steps-attempt-8,34,692,agent,862,0.8175744673038222,True
slimshetty/swebench-verified:sweb.eval.x86_64.django__django-16938,0.0,r2egym-qwen3-rl-100-steps-attempt-8,48,0,token_limit,65,3.535625067794842e-05,False
slimshetty/swebench-verified:sweb.eval.x86_64.django__django-14351,0.0,r2egym-qwen3-rl-100-steps-attempt-8,83,3265,token_limit,57,0.8175744695262777,False
slimshetty/swebench-verified:sweb.eval.x86_64.scikit-learn__scikit-learn-13496,1.0,r2egym-qwen3-rl-100-steps-attempt-8,22,1369,agent,19,0.6513548646660543,True
slimshetty/swebench-verified:sweb.eval.x86_64.sympy__sympy-15345,0.0,r2egym-qwen3-rl-100-steps-attempt-8,58,1447,agent_max_step_limit,8,0.8519527982093666,False
slimshetty/swebench-verified:sweb.eval.x86_64.matplotlib__matplotlib-26342,0.0,r2egym-qwen3-rl-100-steps-attempt-8,63,0,token_limit,81,2.144494840531103e-05,False
slimshetty/swebench-verified:sweb.eval.x86_64.matplotlib__matplotlib-25960,0.0,r2egym-qwen3-rl-100-steps-attempt-8,63,0,token_limit,137,8.481101088878567e-05,False
slimshetty/swebench-verified:sweb.eval.x86_64.django__django-12965,0.0,r2egym-qwen3-rl-100-steps-attempt-8,75,4287,token_limit,49,0.5621765008857981,False
slimshetty/swebench-verified:sweb.eval.x86_64.django__django-14539,0.0,r2egym-qwen3-rl-100-steps-attempt-8,42,2401,token_limit,14,0.008577487045208524,False
slimshetty/swebench-verified:sweb.eval.x86_64.django__django-12143,1.0,r2egym-qwen3-rl-100-steps-attempt-8,39,2327,token_limit,52,0.8670357563664174,True
slimshetty/swebench-verified:sweb.eval.x86_64.scikit-learn__scikit-learn-25102,1.0,r2egym-qwen3-rl-100-steps-attempt-8,63,4191,token_limit,59,0.7772998663336157,True
slimshetty/swebench-verified:sweb.eval.x86_64.sympy__sympy-21930,0.0,r2egym-qwen3-rl-100-steps-attempt-8,31,2534,agent,45,0.7310585727705126,False
slimshetty/swebench-verified:sweb.eval.x86_64.django__django-12273,0.0,r2egym-qwen3-rl-100-steps-attempt-8,57,548,token_limit,27,0.04742587519712089,False
slimshetty/swebench-verified:sweb.eval.x86_64.django__django-15499,1.0,r2egym-qwen3-rl-100-steps-attempt-8,100,1798,abs_step_limit,35,0.6791787121629466,True
slimshetty/swebench-verified:sweb.eval.x86_64.matplotlib__matplotlib-24177,0.0,r2egym-qwen3-rl-100-steps-attempt-8,100,1072,abs_step_limit,768,0.014063627069072616,False
slimshetty/swebench-verified:sweb.eval.x86_64.sympy__sympy-20801,0.0,r2egym-qwen3-rl-100-steps-attempt-8,37,2224,agent,87,0.5,False
slimshetty/swebench-verified:sweb.eval.x86_64.pytest-dev__pytest-7236,1.0,r2egym-qwen3-rl-100-steps-attempt-8,41,2574,max_step_limit,51,0.5621765008857981,True
slimshetty/swebench-verified:sweb.eval.x86_64.sympy__sympy-22914,1.0,r2egym-qwen3-rl-100-steps-attempt-8,20,669,agent,17,0.731058584489497,True
slimshetty/swebench-verified:sweb.eval.x86_64.psf__requests-2317,1.0,r2egym-qwen3-rl-100-steps-attempt-8,44,769,agent_max_step_limit,133,0.7549149868676284,True
slimshetty/swebench-verified:sweb.eval.x86_64.django__django-13344,0.0,r2egym-qwen3-rl-100-steps-attempt-8,55,3008,token_limit,356,0.07585818733363134,False
slimshetty/swebench-verified:sweb.eval.x86_64.matplotlib__matplotlib-23314,1.0,r2egym-qwen3-rl-100-steps-attempt-8,77,1118,token_limit,862,0.8175744739711883,True
slimshetty/swebench-verified:sweb.eval.x86_64.astropy__astropy-13236,0.0,r2egym-qwen3-rl-100-steps-attempt-8,85,2420,token_limit,644,0.022977371206299495,False
slimshetty/swebench-verified:sweb.eval.x86_64.pytest-dev__pytest-7432,1.0,r2egym-qwen3-rl-100-steps-attempt-8,57,2398,agent_max_step_limit,77,0.7549149868676284,True
slimshetty/swebench-verified:sweb.eval.x86_64.pytest-dev__pytest-10051,1.0,r2egym-qwen3-rl-100-steps-attempt-8,54,2696,token_limit,15,0.6513548714339144,True
slimshetty/swebench-verified:sweb.eval.x86_64.django__django-16502,0.0,r2egym-qwen3-rl-100-steps-attempt-8,45,0,token_limit,4,9.610246027712167e-05,False
slimshetty/swebench-verified:sweb.eval.x86_64.django__django-16819,1.0,r2egym-qwen3-rl-100-steps-attempt-8,64,2484,agent_max_step_limit,38,0.8175744673038222,True
slimshetty/swebench-verified:sweb.eval.x86_64.django__django-13568,0.0,r2egym-qwen3-rl-100-steps-attempt-8,100,4658,abs_step_limit,12,0.042087725812957326,False
slimshetty/swebench-verified:sweb.eval.x86_64.scikit-learn__scikit-learn-25973,1.0,r2egym-qwen3-rl-100-steps-attempt-8,89,3899,token_limit,72,0.867035771827307,True
slimshetty/swebench-verified:sweb.eval.x86_64.sympy__sympy-23950,0.0,r2egym-qwen3-rl-100-steps-attempt-8,71,0,token_limit,4,2.7535691080725503e-05,False
slimshetty/swebench-verified:sweb.eval.x86_64.django__django-14493,1.0,r2egym-qwen3-rl-100-steps-attempt-8,44,1953,agent_max_step_limit,36,0.7772998508568416,True
slimshetty/swebench-verified:sweb.eval.x86_64.scikit-learn__scikit-learn-13135,1.0,r2egym-qwen3-rl-100-steps-attempt-8,21,3054,agent,33,0.9046505440982949,True
slimshetty/swebench-verified:sweb.eval.x86_64.django__django-15268,0.0,r2egym-qwen3-rl-100-steps-attempt-8,45,2633,agent_max_step_limit,125,0.7057850340255386,False
slimshetty/swebench-verified:sweb.eval.x86_64.sphinx-doc__sphinx-8056,0.0,r2egym-qwen3-rl-100-steps-attempt-8,100,3234,abs_step_limit,32,0.04742587637519416,False
slimshetty/swebench-verified:sweb.eval.x86_64.django__django-14034,0.0,r2egym-qwen3-rl-100-steps-attempt-8,91,6640,token_limit,12,0.06008665354025421,False
slimshetty/swebench-verified:sweb.eval.x86_64.scikit-learn__scikit-learn-10844,1.0,r2egym-qwen3-rl-100-steps-attempt-8,100,2129,abs_step_limit,16,0.7549149868676283,True
slimshetty/swebench-verified:sweb.eval.x86_64.matplotlib__matplotlib-14623,1.0,r2egym-qwen3-rl-100-steps-attempt-8,48,1853,agent_max_step_limit,400,0.8175744695262775,True
slimshetty/swebench-verified:sweb.eval.x86_64.pydata__xarray-2905,1.0,r2egym-qwen3-rl-100-steps-attempt-8,21,1469,agent,364,0.8519527982093666,True
slimshetty/swebench-verified:sweb.eval.x86_64.scikit-learn__scikit-learn-14894,1.0,r2egym-qwen3-rl-100-steps-attempt-8,100,1931,abs_step_limit,85,0.9046505280315008,True
slimshetty/swebench-verified:sweb.eval.x86_64.django__django-10880,0.0,r2egym-qwen3-rl-100-steps-attempt-8,45,0,token_limit,55,7.48462179518055e-05,False
slimshetty/swebench-verified:sweb.eval.x86_64.pydata__xarray-3095,0.0,r2egym-qwen3-rl-100-steps-attempt-8,57,3017,token_limit,245,0.03308597898458847,False
slimshetty/swebench-verified:sweb.eval.x86_64.scikit-learn__scikit-learn-13124,0.0,r2egym-qwen3-rl-100-steps-attempt-8,51,2024,token_limit,59,0.009708478048414033,False
slimshetty/swebench-verified:sweb.eval.x86_64.django__django-11999,1.0,r2egym-qwen3-rl-100-steps-attempt-8,15,842,agent,30,0.817574471748733,True
slimshetty/swebench-verified:sweb.eval.x86_64.django__django-12713,1.0,r2egym-qwen3-rl-100-steps-attempt-8,35,4052,agent,58,0.8175744806385542,True
slimshetty/swebench-verified:sweb.eval.x86_64.django__django-16527,1.0,r2egym-qwen3-rl-100-steps-attempt-8,30,3563,agent,6,0.651354857898194,True
slimshetty/swebench-verified:sweb.eval.x86_64.sympy__sympy-13798,0.0,r2egym-qwen3-rl-100-steps-attempt-8,58,3584,token_limit,102,0.8354835371034368,False
slimshetty/swebench-verified:sweb.eval.x86_64.astropy__astropy-14182,0.0,r2egym-qwen3-rl-100-steps-attempt-8,31,1494,agent,8,0.6513548714339145,False
slimshetty/swebench-verified:sweb.eval.x86_64.matplotlib__matplotlib-26113,1.0,r2egym-qwen3-rl-100-steps-attempt-8,66,1872,token_limit,812,0.904650541527608,True
slimshetty/swebench-verified:sweb.eval.x86_64.django__django-16877,0.0,r2egym-qwen3-rl-100-steps-attempt-8,100,1853,abs_step_limit,0,0.18242552158390102,False
slimshetty/swebench-verified:sweb.eval.x86_64.django__django-13158,0.0,r2egym-qwen3-rl-100-steps-attempt-8,29,3426,agent,29,0.7981867729389246,False
slimshetty/swebench-verified:sweb.eval.x86_64.django__django-16631,0.0,r2egym-qwen3-rl-100-steps-attempt-8,33,4526,agent,12,0.7310585844894971,False
slimshetty/swebench-verified:sweb.eval.x86_64.psf__requests-1921,0.0,r2egym-qwen3-rl-100-steps-attempt-8,80,0,token_limit,106,9.610238016902688e-05,False
slimshetty/swebench-verified:sweb.eval.x86_64.django__django-15957,0.0,r2egym-qwen3-rl-100-steps-attempt-8,96,3202,token_limit,89,0.017986209994990912,False
slimshetty/swebench-verified:sweb.eval.x86_64.pytest-dev__pytest-7490,1.0,r2egym-qwen3-rl-100-steps-attempt-8,59,611,token_limit,78,0.005911069816680044,True
slimshetty/swebench-verified:sweb.eval.x86_64.sphinx-doc__sphinx-8721,0.0,r2egym-qwen3-rl-100-steps-attempt-8,56,12413,token_limit,1,0.06008665543376799,False
slimshetty/swebench-verified:sweb.eval.x86_64.sphinx-doc__sphinx-7440,0.0,r2egym-qwen3-rl-100-steps-attempt-8,100,906,abs_step_limit,12,0.00026119033805685504,False
slimshetty/swebench-verified:sweb.eval.x86_64.scikit-learn__scikit-learn-14983,0.0,r2egym-qwen3-rl-100-steps-attempt-8,48,830,token_limit,105,0.053403332059648596,False
slimshetty/swebench-verified:sweb.eval.x86_64.sphinx-doc__sphinx-8593,0.0,r2egym-qwen3-rl-100-steps-attempt-8,100,906,abs_step_limit,1,0.0009110511477766222,False
slimshetty/swebench-verified:sweb.eval.x86_64.django__django-15127,0.0,r2egym-qwen3-rl-100-steps-attempt-8,100,388,abs_step_limit,1,0.003593602889053201,False
slimshetty/swebench-verified:sweb.eval.x86_64.scikit-learn__scikit-learn-12682,0.0,r2egym-qwen3-rl-100-steps-attempt-8,21,3171,agent,54,0.7549149868676283,False
slimshetty/swebench-verified:sweb.eval.x86_64.matplotlib__matplotlib-21568,0.0,r2egym-qwen3-rl-100-steps-attempt-8,100,0,abs_step_limit,73,2.4300237821252875e-05,False
slimshetty/swebench-verified:sweb.eval.x86_64.django__django-11880,1.0,r2egym-qwen3-rl-100-steps-attempt-8,100,1502,abs_step_limit,114,0.7310585727705127,True
slimshetty/swebench-verified:sweb.eval.x86_64.sphinx-doc__sphinx-11510,0.0,r2egym-qwen3-rl-100-steps-attempt-8,100,0,abs_step_limit,7,0.00017952794329201166,False
slimshetty/swebench-verified:sweb.eval.x86_64.sphinx-doc__sphinx-9230,0.0,r2egym-qwen3-rl-100-steps-attempt-8,45,2303,agent_max_step_limit,44,0.7057850340255386,False
slimshetty/swebench-verified:sweb.eval.x86_64.sympy__sympy-13647,1.0,r2egym-qwen3-rl-100-steps-attempt-8,24,533,agent,76,0.8354835289107307,True
slimshetty/swebench-verified:sweb.eval.x86_64.pydata__xarray-6599,1.0,r2egym-qwen3-rl-100-steps-attempt-8,100,1167,abs_step_limit,264,0.009708476794862041,True
slimshetty/swebench-verified:sweb.eval.x86_64.django__django-15563,0.0,r2egym-qwen3-rl-100-steps-attempt-8,76,4139,token_limit,29,0.6513548511303336,False
slimshetty/swebench-verified:sweb.eval.x86_64.django__django-13279,0.0,r2egym-qwen3-rl-100-steps-attempt-8,49,722,token_limit,346,0.1480472036701053,False
slimshetty/swebench-verified:sweb.eval.x86_64.django__django-14238,1.0,r2egym-qwen3-rl-100-steps-attempt-8,100,2412,abs_step_limit,39,0.8519527944504227,True
slimshetty/swebench-verified:sweb.eval.x86_64.scikit-learn__scikit-learn-14710,0.0,r2egym-qwen3-rl-100-steps-attempt-8,100,3620,token_limit,0,0.8175744695262775,False
slimshetty/swebench-verified:sweb.eval.x86_64.django__django-12406,0.0,r2egym-qwen3-rl-100-steps-attempt-8,74,2408,token_limit,155,0.7057850216484838,False
slimshetty/swebench-verified:sweb.eval.x86_64.django__django-15731,1.0,r2egym-qwen3-rl-100-steps-attempt-8,56,2530,agent_max_step_limit,58,0.7310585669110203,True
slimshetty/swebench-verified:sweb.eval.x86_64.django__django-11477,0.0,r2egym-qwen3-rl-100-steps-attempt-8,55,2238,token_limit,0,0.0024726234650225875,False
slimshetty/swebench-verified:sweb.eval.x86_64.scikit-learn__scikit-learn-12973,0.0,r2egym-qwen3-rl-100-steps-attempt-8,100,2349,abs_step_limit,32,0.8807970779778824,False
slimshetty/swebench-verified:sweb.eval.x86_64.sympy__sympy-23413,0.0,r2egym-qwen3-rl-100-steps-attempt-8,40,1862,token_limit,2,0.26894141551050293,False
slimshetty/swebench-verified:sweb.eval.x86_64.sympy__sympy-15017,0.0,r2egym-qwen3-rl-100-steps-attempt-8,100,0,abs_step_limit,14,8.93969310584124e-06,False
slimshetty/swebench-verified:sweb.eval.x86_64.sympy__sympy-12419,1.0,r2egym-qwen3-rl-100-steps-attempt-8,71,1482,agent_max_step_limit,25,0.2018132150593341,True
slimshetty/swebench-verified:sweb.eval.x86_64.astropy__astropy-7671,0.0,r2egym-qwen3-rl-100-steps-attempt-8,51,5412,agent_max_step_limit,0,0.798186787341014,False
slimshetty/swebench-verified:sweb.eval.x86_64.django__django-16139,1.0,r2egym-qwen3-rl-100-steps-attempt-8,24,2430,agent,86,0.7772998560157665,True
slimshetty/swebench-verified:sweb.eval.x86_64.sympy__sympy-20428,0.0,r2egym-qwen3-rl-100-steps-attempt-8,33,1870,token_limit,146,0.4073334000459302,False
slimshetty/swebench-verified:sweb.eval.x86_64.matplotlib__matplotlib-26208,0.0,r2egym-qwen3-rl-100-steps-attempt-8,54,0,token_limit,813,5.1442231916491694e-05,False
slimshetty/swebench-verified:sweb.eval.x86_64.pytest-dev__pytest-7571,1.0,r2egym-qwen3-rl-100-steps-attempt-8,44,801,agent_max_step_limit,14,0.8670357460591569,True
slimshetty/swebench-verified:sweb.eval.x86_64.sympy__sympy-19637,1.0,r2egym-qwen3-rl-100-steps-attempt-8,78,402,token_limit,40,0.0021827160792233353,True
slimshetty/swebench-verified:sweb.eval.x86_64.pydata__xarray-6938,0.0,r2egym-qwen3-rl-100-steps-attempt-8,60,1674,agent_max_step_limit,430,0.8175744850834648,False
slimshetty/swebench-verified:sweb.eval.x86_64.sympy__sympy-24562,1.0,r2egym-qwen3-rl-100-steps-attempt-8,35,1409,agent,105,0.8933094088947399,True
slimshetty/swebench-verified:sweb.eval.x86_64.django__django-16595,1.0,r2egym-qwen3-rl-100-steps-attempt-8,41,2026,max_step_limit,37,0.8175744695262775,True
slimshetty/swebench-verified:sweb.eval.x86_64.django__django-15695,0.0,r2egym-qwen3-rl-100-steps-attempt-8,41,3580,max_step_limit,123,0.8354835289107307,False
slimshetty/swebench-verified:sweb.eval.x86_64.django__django-13786,1.0,r2egym-qwen3-rl-100-steps-attempt-8,100,987,abs_step_limit,33,0.8807970873650401,True
slimshetty/swebench-verified:sweb.eval.x86_64.django__django-16429,1.0,r2egym-qwen3-rl-100-steps-attempt-8,77,473,token_limit,21,0.8670357512127872,True
slimshetty/swebench-verified:sweb.eval.x86_64.sphinx-doc__sphinx-8621,0.0,r2egym-qwen3-rl-100-steps-attempt-8,68,906,token_limit,31,0.00017952800814553026,False
slimshetty/swebench-verified:sweb.eval.x86_64.pytest-dev__pytest-8399,1.0,r2egym-qwen3-rl-100-steps-attempt-8,74,979,agent_max_step_limit,59,0.7310585727705127,True
slimshetty/swebench-verified:sweb.eval.x86_64.sphinx-doc__sphinx-10673,0.0,r2egym-qwen3-rl-100-steps-attempt-8,36,951,agent,9,0.7310585669110203,False
slimshetty/swebench-verified:sweb.eval.x86_64.django__django-11087,0.0,r2egym-qwen3-rl-100-steps-attempt-8,100,0,abs_step_limit,41,0.0001795279863848984,False
slimshetty/swebench-verified:sweb.eval.x86_64.psf__requests-1766,0.0,r2egym-qwen3-rl-100-steps-attempt-8,49,4195,token_limit,0,0.8670357512127872,False
slimshetty/swebench-verified:sweb.eval.x86_64.django__django-11095,1.0,r2egym-qwen3-rl-100-steps-attempt-8,100,2882,abs_step_limit,19,0.798186775339273,True
slimshetty/swebench-verified:sweb.eval.x86_64.sphinx-doc__sphinx-8551,0.0,r2egym-qwen3-rl-100-steps-attempt-8,42,3173,agent_max_step_limit,31,0.6224593312018546,False
slimshetty/swebench-verified:sweb.eval.x86_64.matplotlib__matplotlib-20676,0.0,r2egym-qwen3-rl-100-steps-attempt-8,63,0,token_limit,32,6.605217603296344e-05,False
slimshetty/swebench-verified:sweb.eval.x86_64.django__django-15572,0.0,r2egym-qwen3-rl-100-steps-attempt-8,72,1815,token_limit,10,0.8354835432479661,False
slimshetty/swebench-verified:sweb.eval.x86_64.django__django-14404,0.0,r2egym-qwen3-rl-100-steps-attempt-8,52,3219,agent_max_step_limit,321,0.3775406687981454,False
slimshetty/swebench-verified:sweb.eval.x86_64.django__django-14915,0.0,r2egym-qwen3-rl-100-steps-attempt-8,47,0,token_limit,23,0.00010889690882234504,False
slimshetty/swebench-verified:sweb.eval.x86_64.mwaskom__seaborn-3187,0.0,r2egym-qwen3-rl-100-steps-attempt-8,100,987,abs_step_limit,248,0.053403329799824234,False
slimshetty/swebench-verified:sweb.eval.x86_64.django__django-15732,0.0,r2egym-qwen3-rl-100-steps-attempt-8,98,4198,token_limit,125,0.8354835330070839,False
slimshetty/swebench-verified:sweb.eval.x86_64.matplotlib__matplotlib-24627,1.0,r2egym-qwen3-rl-100-steps-attempt-8,41,1180,max_step_limit,776,0.8519527963298947,True
slimshetty/swebench-verified:sweb.eval.x86_64.matplotlib__matplotlib-22871,0.0,r2egym-qwen3-rl-100-steps-attempt-8,98,2750,token_limit,87,0.0028009273378005635,False
slimshetty/swebench-verified:sweb.eval.x86_64.pydata__xarray-7393,1.0,r2egym-qwen3-rl-100-steps-attempt-8,63,846,agent_max_step_limit,71,0.880797085800514,True
slimshetty/swebench-verified:sweb.eval.x86_64.django__django-16661,0.0,r2egym-qwen3-rl-100-steps-attempt-8,17,2349,agent,36,0.7549149923816048,False
slimshetty/swebench-verified:sweb.eval.x86_64.matplotlib__matplotlib-22865,0.0,r2egym-qwen3-rl-100-steps-attempt-8,65,1062,token_limit,0,0.000804085996425463,False
slimshetty/swebench-verified:sweb.eval.x86_64.sphinx-doc__sphinx-7462,0.0,r2egym-qwen3-rl-100-steps-attempt-8,33,3765,agent,49,0.7310585786300049,False
slimshetty/swebench-verified:sweb.eval.x86_64.pytest-dev__pytest-5840,0.0,r2egym-qwen3-rl-100-steps-attempt-8,47,1059,agent_max_step_limit,51,0.5621765008857981,False
slimshetty/swebench-verified:sweb.eval.x86_64.astropy__astropy-13398,0.0,r2egym-qwen3-rl-100-steps-attempt-8,63,4628,token_limit,63,0.0330859768394049,False
slimshetty/swebench-verified:sweb.eval.x86_64.sympy__sympy-15875,0.0,r2egym-qwen3-rl-100-steps-attempt-8,38,664,token_limit,80,0.007577240238363381,False
slimshetty/swebench-verified:sweb.eval.x86_64.sympy__sympy-24213,1.0,r2egym-qwen3-rl-100-steps-attempt-8,40,2923,agent,31,0.8354835330070838,True
slimshetty/swebench-verified:sweb.eval.x86_64.django__django-14170,0.0,r2egym-qwen3-rl-100-steps-attempt-8,100,1067,abs_step_limit,0,0.00013982210695869836,False
slimshetty/swebench-verified:sweb.eval.x86_64.scikit-learn__scikit-learn-14087,0.0,r2egym-qwen3-rl-100-steps-attempt-8,42,1428,token_limit,169,0.010986945089744958,False
slimshetty/swebench-verified:sweb.eval.x86_64.django__django-12774,0.0,r2egym-qwen3-rl-100-steps-attempt-8,40,7141,agent,39,0.8670357512127873,False
slimshetty/swebench-verified:sweb.eval.x86_64.sphinx-doc__sphinx-9461,0.0,r2egym-qwen3-rl-100-steps-attempt-8,81,1305,token_limit,59,0.2018132150593341,False
slimshetty/swebench-verified:sweb.eval.x86_64.django__django-11179,1.0,r2egym-qwen3-rl-100-steps-attempt-8,100,10660,abs_step_limit,40,0.06754669817865513,True
slimshetty/swebench-verified:sweb.eval.x86_64.django__django-15554,0.0,r2egym-qwen3-rl-100-steps-attempt-8,72,1823,agent_max_step_limit,19,0.8175744673038222,False
slimshetty/swebench-verified:sweb.eval.x86_64.pytest-dev__pytest-7521,0.0,r2egym-qwen3-rl-100-steps-attempt-8,100,1172,abs_step_limit,101,0.002800927139454461,False
slimshetty/swebench-verified:sweb.eval.x86_64.sphinx-doc__sphinx-9591,0.0,r2egym-qwen3-rl-100-steps-attempt-8,66,848,token_limit,44,0.025957356773947934,False
slimshetty/swebench-verified:sweb.eval.x86_64.django__django-11400,0.0,r2egym-qwen3-rl-100-steps-attempt-8,77,6152,token_limit,58,0.8670357546485407,False
slimshetty/swebench-verified:sweb.eval.x86_64.django__django-13112,0.0,r2egym-qwen3-rl-100-steps-attempt-8,100,0,abs_step_limit,63,6.605213666348852e-05,False
slimshetty/swebench-verified:sweb.eval.x86_64.django__django-13837,1.0,r2egym-qwen3-rl-100-steps-attempt-8,100,3100,abs_step_limit,57,0.37754066879814546,True
slimshetty/swebench-verified:sweb.eval.x86_64.pylint-dev__pylint-4661,0.0,r2egym-qwen3-rl-100-steps-attempt-8,54,3305,token_limit,0,0.731058584489497,False
slimshetty/swebench-verified:sweb.eval.x86_64.sphinx-doc__sphinx-7889,0.0,r2egym-qwen3-rl-100-steps-attempt-8,100,1169,token_limit,5,0.0008040860799969001,False
slimshetty/swebench-verified:sweb.eval.x86_64.django__django-13551,0.0,r2egym-qwen3-rl-100-steps-attempt-8,40,6743,agent,56,0.8175744695262775,False
slimshetty/swebench-verified:sweb.eval.x86_64.scikit-learn__scikit-learn-14629,0.0,r2egym-qwen3-rl-100-steps-attempt-8,100,1443,abs_step_limit,0,0.000709670524464736,False
slimshetty/swebench-verified:sweb.eval.x86_64.pylint-dev__pylint-6386,0.0,r2egym-qwen3-rl-100-steps-attempt-8,100,0,abs_step_limit,7,2.1444940727740105e-05,False
slimshetty/swebench-verified:sweb.eval.x86_64.matplotlib__matplotlib-24149,1.0,r2egym-qwen3-rl-100-steps-attempt-8,36,1494,agent,767,0.8354835411997897,True
slimshetty/swebench-verified:sweb.eval.x86_64.django__django-16899,0.0,r2egym-qwen3-rl-100-steps-attempt-8,65,1799,token_limit,54,0.11920291263495983,False
slimshetty/swebench-verified:sweb.eval.x86_64.django__django-12155,1.0,r2egym-qwen3-rl-100-steps-attempt-8,100,3737,abs_step_limit,6,0.8807970904940926,True
slimshetty/swebench-verified:sweb.eval.x86_64.sphinx-doc__sphinx-8475,1.0,r2egym-qwen3-rl-100-steps-attempt-8,100,2426,abs_step_limit,17,0.7057850402140659,True
slimshetty/swebench-verified:sweb.eval.x86_64.sympy__sympy-13615,0.0,r2egym-qwen3-rl-100-steps-attempt-8,84,657,token_limit,0,0.001032231015267039,False
slimshetty/swebench-verified:sweb.eval.x86_64.sphinx-doc__sphinx-10449,1.0,r2egym-qwen3-rl-100-steps-attempt-8,67,743,token_limit,30,0.7310585786300049,True
slimshetty/swebench-verified:sweb.eval.x86_64.django__django-11964,0.0,r2egym-qwen3-rl-100-steps-attempt-8,60,2556,token_limit,15,0.0758581763650499,False
slimshetty/swebench-verified:sweb.eval.x86_64.django__django-16801,1.0,r2egym-qwen3-rl-100-steps-attempt-8,100,2720,abs_step_limit,17,0.7981867777396212,True
slimshetty/swebench-verified:sweb.eval.x86_64.django__django-16569,1.0,r2egym-qwen3-rl-100-steps-attempt-8,100,664,abs_step_limit,111,0.8807970748488297,True
slimshetty/swebench-verified:sweb.eval.x86_64.sphinx-doc__sphinx-10466,1.0,r2egym-qwen3-rl-100-steps-attempt-8,100,1562,abs_step_limit,6,0.8175744739711883,True
slimshetty/swebench-verified:sweb.eval.x86_64.scikit-learn__scikit-learn-12585,1.0,r2egym-qwen3-rl-100-steps-attempt-8,22,1737,agent,22,0.8354835432479661,True
slimshetty/swebench-verified:sweb.eval.x86_64.django__django-11820,0.0,r2egym-qwen3-rl-100-steps-attempt-8,85,3566,token_limit,61,0.7057850216484838,False
slimshetty/swebench-verified:sweb.eval.x86_64.django__django-11790,0.0,r2egym-qwen3-rl-100-steps-attempt-8,60,0,token_limit,77,4.006368254998988e-05,False
slimshetty/swebench-verified:sweb.eval.x86_64.astropy__astropy-14508,1.0,r2egym-qwen3-rl-100-steps-attempt-8,69,635,token_limit,174,0.46879062662624377,True
slimshetty/swebench-verified:sweb.eval.x86_64.django__django-16493,1.0,r2egym-qwen3-rl-100-steps-attempt-8,100,629,abs_step_limit,91,0.8519527982093666,True
slimshetty/swebench-verified:sweb.eval.x86_64.scikit-learn__scikit-learn-11310,1.0,r2egym-qwen3-rl-100-steps-attempt-8,42,4574,agent_max_step_limit,50,0.8354835371034368,True
slimshetty/swebench-verified:sweb.eval.x86_64.django__django-14315,0.0,r2egym-qwen3-rl-100-steps-attempt-8,18,522,agent,0,0.8670357683915538,False
slimshetty/swebench-verified:sweb.eval.x86_64.django__django-16082,1.0,r2egym-qwen3-rl-100-steps-attempt-8,40,1857,token_limit,170,0.5926665999540698,True
slimshetty/swebench-verified:sweb.eval.x86_64.django__django-13925,0.0,r2egym-qwen3-rl-100-steps-attempt-8,94,191,token_limit,24,0.5,False
slimshetty/swebench-verified:sweb.eval.x86_64.django__django-11728,0.0,r2egym-qwen3-rl-100-steps-attempt-8,67,2203,token_limit,42,0.0024726234282687306,False
slimshetty/swebench-verified:sweb.eval.x86_64.django__django-13516,1.0,r2egym-qwen3-rl-100-steps-attempt-8,100,1672,abs_step_limit,43,0.7772998560157665,True
slimshetty/swebench-verified:sweb.eval.x86_64.django__django-17087,1.0,r2egym-qwen3-rl-100-steps-attempt-8,29,2069,agent,53,0.7549149868676284,True
slimshetty/swebench-verified:sweb.eval.x86_64.django__django-15161,0.0,r2egym-qwen3-rl-100-steps-attempt-8,92,953,token_limit,208,0.6791786861878392,False
slimshetty/swebench-verified:sweb.eval.x86_64.django__django-16485,1.0,r2egym-qwen3-rl-100-steps-attempt-8,30,3361,agent,9,0.8354835371034368,True
slimshetty/swebench-verified:sweb.eval.x86_64.django__django-13794,0.0,r2egym-qwen3-rl-100-steps-attempt-8,88,2695,token_limit,22,0.010986942499033635,False
slimshetty/swebench-verified:sweb.eval.x86_64.sphinx-doc__sphinx-9367,1.0,r2egym-qwen3-rl-100-steps-attempt-8,100,1635,abs_step_limit,25,0.7981867825403177,True
slimshetty/swebench-verified:sweb.eval.x86_64.django__django-15930,0.0,r2egym-qwen3-rl-100-steps-attempt-8,49,4320,token_limit,0,0.0046095712371315555,False
slimshetty/swebench-verified:sweb.eval.x86_64.django__django-14608,0.0,r2egym-qwen3-rl-100-steps-attempt-8,42,1970,token_limit,392,0.08509904152653235,False
slimshetty/swebench-verified:sweb.eval.x86_64.django__django-14787,1.0,r2egym-qwen3-rl-100-steps-attempt-8,23,2112,agent,20,0.8354835411997897,True
slimshetty/swebench-verified:sweb.eval.x86_64.sympy__sympy-17139,0.0,r2egym-qwen3-rl-100-steps-attempt-8,31,2964,agent,67,0.8807970670261976,False
slimshetty/swebench-verified:sweb.eval.x86_64.sphinx-doc__sphinx-8638,0.0,r2egym-qwen3-rl-100-steps-attempt-8,51,906,token_limit,34,0.0008040860136822391,False
slimshetty/swebench-verified:sweb.eval.x86_64.sphinx-doc__sphinx-8269,1.0,r2egym-qwen3-rl-100-steps-attempt-8,61,5954,token_limit,5,0.9046505434556231,True
slimshetty/swebench-verified:sweb.eval.x86_64.django__django-12209,1.0,r2egym-qwen3-rl-100-steps-attempt-8,88,960,token_limit,0,0.7772998663336158,True
slimshetty/swebench-verified:sweb.eval.x86_64.django__django-11555,0.0,r2egym-qwen3-rl-100-steps-attempt-8,60,2159,agent_max_step_limit,26,0.6513548714339145,False
slimshetty/swebench-verified:sweb.eval.x86_64.django__django-14122,0.0,r2egym-qwen3-rl-100-steps-attempt-8,100,2657,abs_step_limit,26,0.18242551713899047,False
slimshetty/swebench-verified:sweb.eval.x86_64.sphinx-doc__sphinx-10323,0.0,r2egym-qwen3-rl-100-steps-attempt-8,58,4699,token_limit,38,0.6513548714339144,False
slimshetty/swebench-verified:sweb.eval.x86_64.django__django-14725,0.0,r2egym-qwen3-rl-100-steps-attempt-8,48,4839,agent_max_step_limit,64,0.7981867849406659,False
slimshetty/swebench-verified:sweb.eval.x86_64.matplotlib__matplotlib-20859,1.0,r2egym-qwen3-rl-100-steps-attempt-8,100,1282,abs_step_limit,88,0.40733340004593027,True
slimshetty/swebench-verified:sweb.eval.x86_64.scikit-learn__scikit-learn-25232,0.0,r2egym-qwen3-rl-100-steps-attempt-8,100,3180,abs_step_limit,0,0.0009110510866885592,False
slimshetty/swebench-verified:sweb.eval.x86_64.sympy__sympy-20590,1.0,r2egym-qwen3-rl-100-steps-attempt-8,26,478,agent,21,0.7310585786300049,True
slimshetty/swebench-verified:sweb.eval.x86_64.pytest-dev__pytest-5631,0.0,r2egym-qwen3-rl-100-steps-attempt-8,38,775,agent,4,0.7981867825403177,False
slimshetty/swebench-verified:sweb.eval.x86_64.sympy__sympy-22714,0.0,r2egym-qwen3-rl-100-steps-attempt-8,38,903,agent,0,0.5,False
slimshetty/swebench-verified:sweb.eval.x86_64.matplotlib__matplotlib-25287,1.0,r2egym-qwen3-rl-100-steps-attempt-8,13,1715,agent,786,0.6224593382055109,True
slimshetty/swebench-verified:sweb.eval.x86_64.django__django-14311,0.0,r2egym-qwen3-rl-100-steps-attempt-8,73,845,token_limit,59,0.0031726831097817513,False
slimshetty/swebench-verified:sweb.eval.x86_64.django__django-17029,1.0,r2egym-qwen3-rl-100-steps-attempt-8,85,1378,token_limit,43,0.8933094060543488,True
slimshetty/swebench-verified:sweb.eval.x86_64.sympy__sympy-16792,0.0,r2egym-qwen3-rl-100-steps-attempt-8,60,0,token_limit,54,7.484624491729e-05,False
slimshetty/swebench-verified:sweb.eval.x86_64.sympy__sympy-13480,1.0,r2egym-qwen3-rl-100-steps-attempt-8,34,6696,token_limit,43,0.9046505312448598,True
slimshetty/swebench-verified:sweb.eval.x86_64.sphinx-doc__sphinx-11445,1.0,r2egym-qwen3-rl-100-steps-attempt-8,71,1585,token_limit,8,0.7549149868676283,True
slimshetty/swebench-verified:sweb.eval.x86_64.django__django-13028,0.0,r2egym-qwen3-rl-100-steps-attempt-8,60,0,token_limit,276,2.1444953509026425e-05,False
slimshetty/swebench-verified:sweb.eval.x86_64.scikit-learn__scikit-learn-26323,1.0,r2egym-qwen3-rl-100-steps-attempt-8,38,3481,agent,188,0.880797085800514,True
slimshetty/swebench-verified:sweb.eval.x86_64.sphinx-doc__sphinx-7590,0.0,r2egym-qwen3-rl-100-steps-attempt-8,32,2127,agent,24,0.8175744850834648,False
slimshetty/swebench-verified:sweb.eval.x86_64.django__django-14534,0.0,r2egym-qwen3-rl-100-steps-attempt-8,100,5463,abs_step_limit,118,0.7310585727705127,False
slimshetty/swebench-verified:sweb.eval.x86_64.django__django-15851,1.0,r2egym-qwen3-rl-100-steps-attempt-8,28,1141,agent,8,0.904650541527608,True
slimshetty/swebench-verified:sweb.eval.x86_64.django__django-12050,0.0,r2egym-qwen3-rl-100-steps-attempt-8,100,2408,abs_step_limit,0,0.7772998714925403,False
slimshetty/swebench-verified:sweb.eval.x86_64.sympy__sympy-22080,0.0,r2egym-qwen3-rl-100-steps-attempt-8,27,0,token_limit,91,0.00048785721661702934,False
slimshetty/swebench-verified:sweb.eval.x86_64.pydata__xarray-4356,1.0,r2egym-qwen3-rl-100-steps-attempt-8,76,851,token_limit,604,0.6791787121629466,True
slimshetty/swebench-verified:sweb.eval.x86_64.django__django-14376,0.0,r2egym-qwen3-rl-100-steps-attempt-8,100,2023,abs_step_limit,6,0.8175744806385542,False
slimshetty/swebench-verified:sweb.eval.x86_64.matplotlib__matplotlib-24570,0.0,r2egym-qwen3-rl-100-steps-attempt-8,100,1805,abs_step_limit,267,0.37754067580180184,False
slimshetty/swebench-verified:sweb.eval.x86_64.astropy__astropy-14096,0.0,r2egym-qwen3-rl-100-steps-attempt-8,59,1891,token_limit,426,0.009708475254784098,False
slimshetty/swebench-verified:sweb.eval.x86_64.django__django-13012,1.0,r2egym-qwen3-rl-100-steps-attempt-8,66,5234,token_limit,137,0.880797071719777,True
slimshetty/swebench-verified:sweb.eval.x86_64.sphinx-doc__sphinx-9258,0.0,r2egym-qwen3-rl-100-steps-attempt-8,100,3868,abs_step_limit,45,0.015906390049883503,False
slimshetty/swebench-verified:sweb.eval.x86_64.sympy__sympy-18211,1.0,r2egym-qwen3-rl-100-steps-attempt-8,25,1193,agent,54,0.8354835309589074,True
slimshetty/swebench-verified:sweb.eval.x86_64.sympy__sympy-15599,0.0,r2egym-qwen3-rl-100-steps-attempt-8,64,1237,token_limit,80,0.012431653574465011,False
slimshetty/swebench-verified:sweb.eval.x86_64.pydata__xarray-4966,1.0,r2egym-qwen3-rl-100-steps-attempt-8,38,2311,agent,21,0.7981867801399694,True
slimshetty/swebench-verified:sweb.eval.x86_64.django__django-16032,1.0,r2egym-qwen3-rl-100-steps-attempt-8,53,3475,agent_max_step_limit,77,0.817574478416099,True
slimshetty/swebench-verified:sweb.eval.x86_64.sympy__sympy-21847,1.0,r2egym-qwen3-rl-100-steps-attempt-8,60,2830,token_limit,9,0.8807970858005139,True
slimshetty/swebench-verified:sweb.eval.x86_64.matplotlib__matplotlib-20488,0.0,r2egym-qwen3-rl-100-steps-attempt-8,37,0,token_limit,110,6.605212863283744e-05,False
slimshetty/swebench-verified:sweb.eval.x86_64.django__django-10999,0.0,r2egym-qwen3-rl-100-steps-attempt-8,31,1364,token_limit,10,0.7981867801399695,False
slimshetty/swebench-verified:sweb.eval.x86_64.django__django-13406,0.0,r2egym-qwen3-rl-100-steps-attempt-8,84,3295,token_limit,32,0.46879062662624377,False
slimshetty/swebench-verified:sweb.eval.x86_64.django__django-11163,1.0,r2egym-qwen3-rl-100-steps-attempt-8,93,2373,token_limit,141,0.8354835411997897,True
slimshetty/swebench-verified:sweb.eval.x86_64.django__django-11119,1.0,r2egym-qwen3-rl-100-steps-attempt-8,20,1308,agent,7,0.5312093733737563,True
slimshetty/swebench-verified:sweb.eval.x86_64.sympy__sympy-24661,0.0,r2egym-qwen3-rl-100-steps-attempt-8,68,624,token_limit,0,0.003593602864876072,False
slimshetty/swebench-verified:sweb.eval.x86_64.sphinx-doc__sphinx-10435,0.0,r2egym-qwen3-rl-100-steps-attempt-8,59,2968,token_limit,74,0.7549149978955811,False
slimshetty/swebench-verified:sweb.eval.x86_64.django__django-13023,0.0,r2egym-qwen3-rl-100-steps-attempt-8,37,4164,agent,9,0.798186775339273,False
slimshetty/swebench-verified:sweb.eval.x86_64.sphinx-doc__sphinx-9658,0.0,r2egym-qwen3-rl-100-steps-attempt-8,100,2214,abs_step_limit,24,0.5312093733737563,False
slimshetty/swebench-verified:sweb.eval.x86_64.astropy__astropy-14309,1.0,r2egym-qwen3-rl-100-steps-attempt-8,45,2663,agent_max_step_limit,141,0.37754066879814546,True
slimshetty/swebench-verified:sweb.eval.x86_64.pylint-dev__pylint-4970,0.0,r2egym-qwen3-rl-100-steps-attempt-8,44,1970,agent_max_step_limit,17,0.8175744806385543,False
slimshetty/swebench-verified:sweb.eval.x86_64.pytest-dev__pytest-5809,0.0,r2egym-qwen3-rl-100-steps-attempt-8,83,2479,token_limit,3,0.0013250226703149079,False
slimshetty/swebench-verified:sweb.eval.x86_64.django__django-11749,0.0,r2egym-qwen3-rl-100-steps-attempt-8,15,1574,agent,30,0.8354835452961425,False
slimshetty/swebench-verified:sweb.eval.x86_64.pytest-dev__pytest-6197,0.0,r2egym-qwen3-rl-100-steps-attempt-8,82,2857,token_limit,141,0.3486451285660856,False
slimshetty/swebench-verified:sweb.eval.x86_64.pytest-dev__pytest-5787,0.0,r2egym-qwen3-rl-100-steps-attempt-8,41,8663,max_step_limit,119,0.2942149721629888,False
slimshetty/swebench-verified:sweb.eval.x86_64.matplotlib__matplotlib-20826,0.0,r2egym-qwen3-rl-100-steps-attempt-8,56,4023,token_limit,673,0.015906395298087905,False
slimshetty/swebench-verified:sweb.eval.x86_64.django__django-10914,1.0,r2egym-qwen3-rl-100-steps-attempt-8,80,4209,token_limit,98,0.6513548511303338,True
slimshetty/swebench-verified:sweb.eval.x86_64.matplotlib__matplotlib-22719,1.0,r2egym-qwen3-rl-100-steps-attempt-8,78,687,token_limit,68,0.798186784940666,True
slimshetty/swebench-verified:sweb.eval.x86_64.sphinx-doc__sphinx-9320,1.0,r2egym-qwen3-rl-100-steps-attempt-8,42,824,agent_max_step_limit,9,0.6224593312018546,True
slimshetty/swebench-verified:sweb.eval.x86_64.sphinx-doc__sphinx-8120,0.0,r2egym-qwen3-rl-100-steps-attempt-8,51,1227,agent_max_step_limit,41,0.7981867825403176,False
slimshetty/swebench-verified:sweb.eval.x86_64.sympy__sympy-14248,0.0,r2egym-qwen3-rl-100-steps-attempt-8,61,3502,token_limit,425,0.0031726835007858537,False
slimshetty/swebench-verified:sweb.eval.x86_64.django__django-13807,0.0,r2egym-qwen3-rl-100-steps-attempt-8,42,3836,agent_max_step_limit,38,0.798186768138228,False
slimshetty/swebench-verified:sweb.eval.x86_64.django__django-16454,0.0,r2egym-qwen3-rl-100-steps-attempt-8,79,0,token_limit,45,2.7535694357535878e-05,False
slimshetty/swebench-verified:sweb.eval.x86_64.django__django-15629,0.0,r2egym-qwen3-rl-100-steps-attempt-8,5,0,token_limit,115,0.000203426900358491,False
slimshetty/swebench-verified:sweb.eval.x86_64.pytest-dev__pytest-10081,1.0,r2egym-qwen3-rl-100-steps-attempt-8,80,1795,token_limit,63,0.7772998560157665,True
slimshetty/swebench-verified:sweb.eval.x86_64.django__django-15741,1.0,r2egym-qwen3-rl-100-steps-attempt-8,60,1310,token_limit,104,0.7981867801399695,True
slimshetty/swebench-verified:sweb.eval.x86_64.django__django-11433,0.0,r2egym-qwen3-rl-100-steps-attempt-8,31,2384,agent,138,0.8175744673038222,False
slimshetty/swebench-verified:sweb.eval.x86_64.astropy__astropy-8872,0.0,r2egym-qwen3-rl-100-steps-attempt-8,13,790,agent,0,0.8175744695262777,False
slimshetty/swebench-verified:sweb.eval.x86_64.scikit-learn__scikit-learn-13328,1.0,r2egym-qwen3-rl-100-steps-attempt-8,32,1561,agent,9,0.8354835309589074,True
slimshetty/swebench-verified:sweb.eval.x86_64.django__django-13033,0.0,r2egym-qwen3-rl-100-steps-attempt-8,46,0,token_limit,26,0.000139822072949722,False
slimshetty/swebench-verified:sweb.eval.x86_64.sympy__sympy-12489,0.0,r2egym-qwen3-rl-100-steps-attempt-8,100,3276,abs_step_limit,4,0.005911068136600783,False
slimshetty/swebench-verified:sweb.eval.x86_64.sphinx-doc__sphinx-7748,0.0,r2egym-qwen3-rl-100-steps-attempt-8,97,4916,token_limit,2,0.24508501864634824,False
slimshetty/swebench-verified:sweb.eval.x86_64.django__django-12754,0.0,r2egym-qwen3-rl-100-steps-attempt-8,100,4533,abs_step_limit,104,0.6513548511303338,False
slimshetty/swebench-verified:sweb.eval.x86_64.pytest-dev__pytest-7982,1.0,r2egym-qwen3-rl-100-steps-attempt-8,21,2060,agent,78,0.8354835452961425,True
slimshetty/swebench-verified:sweb.eval.x86_64.sympy__sympy-14531,0.0,r2egym-qwen3-rl-100-steps-attempt-8,74,3927,token_limit,79,0.008577486878890902,False
slimshetty/swebench-verified:sweb.eval.x86_64.django__django-14580,1.0,r2egym-qwen3-rl-100-steps-attempt-8,95,2426,token_limit,49,0.6224593312018545,True
slimshetty/swebench-verified:sweb.eval.x86_64.pydata__xarray-6461,0.0,r2egym-qwen3-rl-100-steps-attempt-8,15,1061,agent,247,0.7772998714925403,False
slimshetty/swebench-verified:sweb.eval.x86_64.astropy__astropy-7606,0.0,r2egym-qwen3-rl-100-steps-attempt-8,71,1124,token_limit,0,0.0850990542883219,False
slimshetty/swebench-verified:sweb.eval.x86_64.matplotlib__matplotlib-23299,0.0,r2egym-qwen3-rl-100-steps-attempt-8,26,0,token_limit,192,6.605214434717565e-05,False
slimshetty/swebench-verified:sweb.eval.x86_64.pydata__xarray-4687,0.0,r2egym-qwen3-rl-100-steps-attempt-8,61,1760,agent_max_step_limit,1717,0.817574478416099,False
slimshetty/swebench-verified:sweb.eval.x86_64.sympy__sympy-18189,0.0,r2egym-qwen3-rl-100-steps-attempt-8,74,2049,token_limit,0,0.0009110512606279552,False
slimshetty/swebench-verified:sweb.eval.x86_64.django__django-15916,0.0,r2egym-qwen3-rl-100-steps-attempt-8,100,2062,abs_step_limit,149,0.8354835350552604,False
slimshetty/swebench-verified:sweb.eval.x86_64.sympy__sympy-23824,1.0,r2egym-qwen3-rl-100-steps-attempt-8,44,3218,agent_max_step_limit,2,0.9046505325302034,True
slimshetty/swebench-verified:sweb.eval.x86_64.django__django-7530,1.0,r2egym-qwen3-rl-100-steps-attempt-8,100,0,abs_step_limit,59,0.00015843623465330568,True
slimshetty/swebench-verified:sweb.eval.x86_64.sympy__sympy-17318,0.0,r2egym-qwen3-rl-100-steps-attempt-8,67,3942,token_limit,1,0.02931223011538168,False
slimshetty/swebench-verified:sweb.eval.x86_64.scikit-learn__scikit-learn-13779,1.0,r2egym-qwen3-rl-100-steps-attempt-8,24,2528,agent,18,0.8807970732843033,True
slimshetty/swebench-verified:sweb.eval.x86_64.astropy__astropy-14369,0.0,r2egym-qwen3-rl-100-steps-attempt-8,80,875,token_limit,732,0.000804085907896804,False
slimshetty/swebench-verified:sweb.eval.x86_64.django__django-11951,0.0,r2egym-qwen3-rl-100-steps-attempt-8,100,2520,abs_step_limit,21,0.7310585727705126,False
slimshetty/swebench-verified:sweb.eval.x86_64.django__django-14999,0.0,r2egym-qwen3-rl-100-steps-attempt-8,100,4882,abs_step_limit,0,0.8519528038477824,False
slimshetty/swebench-verified:sweb.eval.x86_64.django__django-14434,1.0,r2egym-qwen3-rl-100-steps-attempt-8,100,3094,abs_step_limit,133,0.6791787121629466,True
slimshetty/swebench-verified:sweb.eval.x86_64.scikit-learn__scikit-learn-13142,1.0,r2egym-qwen3-rl-100-steps-attempt-8,29,1577,agent,54,0.9149009636941993,True
slimshetty/swebench-verified:sweb.eval.x86_64.django__django-13810,1.0,r2egym-qwen3-rl-100-steps-attempt-8,100,3618,abs_step_limit,30,0.7981867873410141,True
slimshetty/swebench-verified:sweb.eval.x86_64.astropy__astropy-14539,1.0,r2egym-qwen3-rl-100-steps-attempt-8,44,4591,token_limit,46,0.8933094159957173,True
slimshetty/swebench-verified:sweb.eval.x86_64.django__django-11532,0.0,r2egym-qwen3-rl-100-steps-attempt-8,100,2344,abs_step_limit,130,0.8175744695262775,False
slimshetty/swebench-verified:sweb.eval.x86_64.django__django-15569,1.0,r2egym-qwen3-rl-100-steps-attempt-8,30,1463,agent,242,0.8670357649558007,True
slimshetty/swebench-verified:sweb.eval.x86_64.sympy__sympy-12096,1.0,r2egym-qwen3-rl-100-steps-attempt-8,40,2828,agent,43,0.8175744739711883,True
slimshetty/swebench-verified:sweb.eval.x86_64.django__django-15280,0.0,r2egym-qwen3-rl-100-steps-attempt-8,100,2137,abs_step_limit,85,0.001032231099297468,False
slimshetty/swebench-verified:sweb.eval.x86_64.django__django-16255,1.0,r2egym-qwen3-rl-100-steps-attempt-8,24,524,agent,36,0.8807970873650401,True
slimshetty/swebench-verified:sweb.eval.x86_64.sphinx-doc__sphinx-8595,1.0,r2egym-qwen3-rl-100-steps-attempt-8,16,930,llm_query_error,0,0.0,True
slimshetty/swebench-verified:sweb.eval.x86_64.django__django-15368,1.0,r2egym-qwen3-rl-100-steps-attempt-8,46,3712,agent_max_step_limit,29,0.6224593312018546,True
slimshetty/swebench-verified:sweb.eval.x86_64.matplotlib__matplotlib-23476,0.0,r2egym-qwen3-rl-100-steps-attempt-8,44,448,agent_max_step_limit,104,0.7981867849406659,False
slimshetty/swebench-verified:sweb.eval.x86_64.django__django-12741,1.0,r2egym-qwen3-rl-100-steps-attempt-8,47,2612,token_limit,67,0.6513548714339145,True
slimshetty/swebench-verified:sweb.eval.x86_64.sympy__sympy-19495,1.0,r2egym-qwen3-rl-100-steps-attempt-8,65,2115,token_limit,8,0.8670357632379241,True
slimshetty/swebench-verified:sweb.eval.x86_64.matplotlib__matplotlib-25332,1.0,r2egym-qwen3-rl-100-steps-attempt-8,46,6043,agent_max_step_limit,181,0.8519528057272543,True
slimshetty/swebench-verified:sweb.eval.x86_64.django__django-13658,1.0,r2egym-qwen3-rl-100-steps-attempt-8,61,1410,token_limit,181,0.8807970811069351,True
slimshetty/swebench-verified:sweb.eval.x86_64.sympy__sympy-13852,0.0,r2egym-qwen3-rl-100-steps-attempt-8,100,1580,abs_step_limit,4,0.7057850340255386,False
slimshetty/swebench-verified:sweb.eval.x86_64.django__django-12325,0.0,r2egym-qwen3-rl-100-steps-attempt-8,74,1356,token_limit,201,0.03732688881662312,False
slimshetty/swebench-verified:sweb.eval.x86_64.django__django-16145,1.0,r2egym-qwen3-rl-100-steps-attempt-8,91,1463,token_limit,174,0.651354857898194,True
slimshetty/swebench-verified:sweb.eval.x86_64.scikit-learn__scikit-learn-25747,0.0,r2egym-qwen3-rl-100-steps-attempt-8,14,2439,agent,14,0.798186775339273,False
slimshetty/swebench-verified:sweb.eval.x86_64.astropy__astropy-13453,0.0,r2egym-qwen3-rl-100-steps-attempt-8,72,2306,token_limit,0,0.0005527785189031456,False
slimshetty/swebench-verified:sweb.eval.x86_64.django__django-16136,0.0,r2egym-qwen3-rl-100-steps-attempt-8,73,2391,agent_max_step_limit,7,0.651354857898194,False
slimshetty/swebench-verified:sweb.eval.x86_64.sphinx-doc__sphinx-9673,0.0,r2egym-qwen3-rl-100-steps-attempt-8,31,4292,agent,24,0.7057850278370112,False
slimshetty/swebench-verified:sweb.eval.x86_64.django__django-12276,1.0,r2egym-qwen3-rl-100-steps-attempt-8,52,2157,agent_max_step_limit,117,0.754914975839675,True
slimshetty/swebench-verified:sweb.eval.x86_64.sympy__sympy-24539,1.0,r2egym-qwen3-rl-100-steps-attempt-8,15,699,agent,62,0.8807970795424087,True
slimshetty/swebench-verified:sweb.eval.x86_64.django__django-13569,0.0,r2egym-qwen3-rl-100-steps-attempt-8,99,3690,token_limit,66,0.8354835350552603,False
slimshetty/swebench-verified:sweb.eval.x86_64.sympy__sympy-13878,1.0,r2egym-qwen3-rl-100-steps-attempt-8,100,5912,token_limit,19,0.5926665999540698,True
slimshetty/swebench-verified:sweb.eval.x86_64.pytest-dev__pytest-7324,1.0,r2egym-qwen3-rl-100-steps-attempt-8,51,1938,agent_max_step_limit,58,0.5621765008857981,True
slimshetty/swebench-verified:sweb.eval.x86_64.django__django-13417,1.0,r2egym-qwen3-rl-100-steps-attempt-8,100,3061,abs_step_limit,280,0.46879062662624377,True
slimshetty/swebench-verified:sweb.eval.x86_64.django__django-13401,0.0,r2egym-qwen3-rl-100-steps-attempt-8,70,2299,token_limit,31,0.8670357701094303,False
slimshetty/swebench-verified:sweb.eval.x86_64.django__django-14792,0.0,r2egym-qwen3-rl-100-steps-attempt-8,16,1879,agent,23,0.7549149868676283,False
slimshetty/swebench-verified:sweb.eval.x86_64.django__django-12858,1.0,r2egym-qwen3-rl-100-steps-attempt-8,55,688,token_limit,73,0.6224593312018545,True
slimshetty/swebench-verified:sweb.eval.x86_64.django__django-11885,0.0,r2egym-qwen3-rl-100-steps-attempt-8,54,1100,token_limit,41,0.6224593241981982,False
slimshetty/swebench-verified:sweb.eval.x86_64.sphinx-doc__sphinx-9698,0.0,r2egym-qwen3-rl-100-steps-attempt-8,53,2242,token_limit,45,0.3486451353339457,False
slimshetty/swebench-verified:sweb.eval.x86_64.sympy__sympy-16766,1.0,r2egym-qwen3-rl-100-steps-attempt-8,44,985,agent_max_step_limit,7,0.8519528057272543,True
slimshetty/swebench-verified:sweb.eval.x86_64.sphinx-doc__sphinx-8265,0.0,r2egym-qwen3-rl-100-steps-attempt-8,100,1238,abs_step_limit,22,0.0009110510773107736,False
slimshetty/swebench-verified:sweb.eval.x86_64.astropy__astropy-14365,0.0,r2egym-qwen3-rl-100-steps-attempt-8,21,2282,agent,8,0.8933094138654242,False
slimshetty/swebench-verified:sweb.eval.x86_64.sphinx-doc__sphinx-7757,0.0,r2egym-qwen3-rl-100-steps-attempt-8,43,656,agent_max_step_limit,33,0.2942149783515162,False
slimshetty/swebench-verified:sweb.eval.x86_64.pytest-dev__pytest-6202,1.0,r2egym-qwen3-rl-100-steps-attempt-8,100,397,abs_step_limit,72,0.46879062662624377,True
slimshetty/swebench-verified:sweb.eval.x86_64.django__django-12708,1.0,r2egym-qwen3-rl-100-steps-attempt-8,100,2874,abs_step_limit,101,0.8519528000888387,True
slimshetty/swebench-verified:sweb.eval.x86_64.sympy__sympy-20154,1.0,r2egym-qwen3-rl-100-steps-attempt-8,32,1418,agent,40,0.8354835371034368,True
slimshetty/swebench-verified:sweb.eval.x86_64.matplotlib__matplotlib-24970,1.0,r2egym-qwen3-rl-100-steps-attempt-8,100,604,abs_step_limit,253,0.8933094103149355,True
slimshetty/swebench-verified:sweb.eval.x86_64.sphinx-doc__sphinx-10614,0.0,r2egym-qwen3-rl-100-steps-attempt-8,100,3480,abs_step_limit,5,0.5621765008857981,False
slimshetty/swebench-verified:sweb.eval.x86_64.astropy__astropy-7336,0.0,r2egym-qwen3-rl-100-steps-attempt-8,11,771,agent,0,0.8354835432479661,False
slimshetty/swebench-verified:sweb.eval.x86_64.pylint-dev__pylint-7277,1.0,r2egym-qwen3-rl-100-steps-attempt-8,100,593,abs_step_limit,122,0.09534946232842245,True
slimshetty/swebench-verified:sweb.eval.x86_64.django__django-13212,0.0,r2egym-qwen3-rl-100-steps-attempt-8,100,11876,abs_step_limit,2,0.06754668879328724,False
slimshetty/swebench-verified:sweb.eval.x86_64.pytest-dev__pytest-10356,0.0,r2egym-qwen3-rl-100-steps-attempt-8,100,2560,abs_step_limit,79,0.18242553047372242,False
slimshetty/swebench-verified:sweb.eval.x86_64.sympy__sympy-21596,0.0,r2egym-qwen3-rl-100-steps-attempt-8,51,3754,agent_max_step_limit,46,0.8807970842359877,False
slimshetty/swebench-verified:sweb.eval.x86_64.django__django-13315,0.0,r2egym-qwen3-rl-100-steps-attempt-8,49,3559,token_limit,146,0.8519528038477824,False
slimshetty/swebench-verified:sweb.eval.x86_64.matplotlib__matplotlib-25311,1.0,r2egym-qwen3-rl-100-steps-attempt-8,47,2073,agent_max_step_limit,181,0.6791787056691698,True
slimshetty/swebench-verified:sweb.eval.x86_64.sympy__sympy-13974,0.0,r2egym-qwen3-rl-100-steps-attempt-8,87,2630,token_limit,4,0.0015011822558645004,False
slimshetty/swebench-verified:sweb.eval.x86_64.scikit-learn__scikit-learn-10297,1.0,r2egym-qwen3-rl-100-steps-attempt-8,52,2738,agent_max_step_limit,28,0.8354835432479663,True
slimshetty/swebench-verified:sweb.eval.x86_64.django__django-14765,1.0,r2egym-qwen3-rl-100-steps-attempt-8,31,858,agent,64,0.8354835371034368,True
slimshetty/swebench-verified:sweb.eval.x86_64.django__django-11066,0.0,r2egym-qwen3-rl-100-steps-attempt-8,75,5385,token_limit,0,0.7772998508568417,False
slimshetty/swebench-verified:sweb.eval.x86_64.pylint-dev__pylint-8898,0.0,r2egym-qwen3-rl-100-steps-attempt-8,41,1346,max_step_limit,17,0.20181322466072713,False
slimshetty/swebench-verified:sweb.eval.x86_64.pydata__xarray-4695,1.0,r2egym-qwen3-rl-100-steps-attempt-8,34,1389,agent,875,0.8670357512127872,True
slimshetty/swebench-verified:sweb.eval.x86_64.sphinx-doc__sphinx-8459,0.0,r2egym-qwen3-rl-100-steps-attempt-8,56,2052,token_limit,17,0.025957359175758542,False
slimshetty/swebench-verified:sweb.eval.x86_64.astropy__astropy-13033,0.0,r2egym-qwen3-rl-100-steps-attempt-8,27,1547,agent,20,0.8175744806385543,False
slimshetty/swebench-verified:sweb.eval.x86_64.django__django-16263,0.0,r2egym-qwen3-rl-100-steps-attempt-8,63,0,token_limit,100,7.48462180748709e-05,False
slimshetty/swebench-verified:sweb.eval.x86_64.scikit-learn__scikit-learn-9288,1.0,r2egym-qwen3-rl-100-steps-attempt-8,100,2364,abs_step_limit,123,0.817574478416099,True
slimshetty/swebench-verified:sweb.eval.x86_64.django__django-13121,0.0,r2egym-qwen3-rl-100-steps-attempt-8,100,0,abs_step_limit,168,5.829124460287829e-05,False
slimshetty/swebench-verified:sweb.eval.x86_64.django__django-12193,0.0,r2egym-qwen3-rl-100-steps-attempt-8,22,2140,agent,11,0.7772998663336158,False
slimshetty/swebench-verified:sweb.eval.x86_64.django__django-15814,1.0,r2egym-qwen3-rl-100-steps-attempt-8,100,2518,abs_step_limit,29,0.8354835330070838,True
slimshetty/swebench-verified:sweb.eval.x86_64.django__django-15103,1.0,r2egym-qwen3-rl-100-steps-attempt-8,78,2757,token_limit,17,0.8354835432479661,True
slimshetty/swebench-verified:sweb.eval.x86_64.sympy__sympy-17655,0.0,r2egym-qwen3-rl-100-steps-attempt-8,81,2907,token_limit,6,0.010986945170704695,False
slimshetty/swebench-verified:sweb.eval.x86_64.astropy__astropy-13579,1.0,r2egym-qwen3-rl-100-steps-attempt-8,100,2405,abs_step_limit,40,0.5,True
slimshetty/swebench-verified:sweb.eval.x86_64.pydata__xarray-3305,0.0,r2egym-qwen3-rl-100-steps-attempt-8,54,1503,token_limit,653,0.02033235568008068,False
slimshetty/swebench-verified:sweb.eval.x86_64.django__django-12125,0.0,r2egym-qwen3-rl-100-steps-attempt-8,72,0,token_limit,45,0.00013982208971516778,False
slimshetty/swebench-verified:sweb.eval.x86_64.sphinx-doc__sphinx-9229,0.0,r2egym-qwen3-rl-100-steps-attempt-8,92,675,agent_max_step_limit,13,0.5926665999540698,False
slimshetty/swebench-verified:sweb.eval.x86_64.django__django-15863,1.0,r2egym-qwen3-rl-100-steps-attempt-8,22,5220,agent,9,0.7981867777396212,True
slimshetty/swebench-verified:sweb.eval.x86_64.django__django-13513,0.0,r2egym-qwen3-rl-100-steps-attempt-8,35,2640,agent,81,0.10669060104662922,False
slimshetty/swebench-verified:sweb.eval.x86_64.sympy__sympy-21612,0.0,r2egym-qwen3-rl-100-steps-attempt-8,100,622,abs_step_limit,98,0.001032231084051947,False
slimshetty/swebench-verified:sweb.eval.x86_64.django__django-11848,0.0,r2egym-qwen3-rl-100-steps-attempt-8,28,2789,agent,43,0.7549149923816048,False
slimshetty/swebench-verified:sweb.eval.x86_64.django__django-14500,1.0,r2egym-qwen3-rl-100-steps-attempt-8,90,2524,token_limit,21,0.7772998714925403,True
slimshetty/swebench-verified:sweb.eval.x86_64.pylint-dev__pylint-6528,0.0,r2egym-qwen3-rl-100-steps-attempt-8,45,1252,agent_max_step_limit,171,0.3775406687981454,False
slimshetty/swebench-verified:sweb.eval.x86_64.sympy__sympy-13372,1.0,r2egym-qwen3-rl-100-steps-attempt-8,41,1768,max_step_limit,44,0.8519527963298947,True
slimshetty/swebench-verified:sweb.eval.x86_64.django__django-13741,1.0,r2egym-qwen3-rl-100-steps-attempt-8,56,3093,agent_max_step_limit,82,0.6791787121629466,True
slimshetty/swebench-verified:sweb.eval.x86_64.django__django-13297,0.0,r2egym-qwen3-rl-100-steps-attempt-8,44,2560,agent_max_step_limit,50,0.6791787056691698,False
slimshetty/swebench-verified:sweb.eval.x86_64.django__django-15375,0.0,r2egym-qwen3-rl-100-steps-attempt-8,99,3307,token_limit,95,0.6513548646660542,False
slimshetty/swebench-verified:sweb.eval.x86_64.django__django-13512,0.0,r2egym-qwen3-rl-100-steps-attempt-8,100,1029,abs_step_limit,32,0.7057850278370112,False
slimshetty/swebench-verified:sweb.eval.x86_64.matplotlib__matplotlib-24637,1.0,r2egym-qwen3-rl-100-steps-attempt-8,44,3339,agent_max_step_limit,29,0.8670357460591569,True
slimshetty/swebench-verified:sweb.eval.x86_64.django__django-11265,1.0,r2egym-qwen3-rl-100-steps-attempt-8,36,2958,agent,30,0.679178686187839,True
slimshetty/swebench-verified:sweb.eval.x86_64.sympy__sympy-15809,1.0,r2egym-qwen3-rl-100-steps-attempt-8,14,546,agent,10,0.8175744717487329,True
slimshetty/swebench-verified:sweb.eval.x86_64.psf__requests-5414,0.0,r2egym-qwen3-rl-100-steps-attempt-8,100,2152,abs_step_limit,122,0.8354835371034368,False
slimshetty/swebench-verified:sweb.eval.x86_64.django__django-11734,0.0,r2egym-qwen3-rl-100-steps-attempt-8,61,3323,agent_max_step_limit,275,0.7549149813536516,False
slimshetty/swebench-verified:sweb.eval.x86_64.sympy__sympy-13877,0.0,r2egym-qwen3-rl-100-steps-attempt-8,16,710,llm_query_error,110,0.5926665999540698,False
slimshetty/swebench-verified:sweb.eval.x86_64.django__django-11276,1.0,r2egym-qwen3-rl-100-steps-attempt-8,86,937,token_limit,548,0.7549149978955811,True
slimshetty/swebench-verified:sweb.eval.x86_64.astropy__astropy-7166,0.0,r2egym-qwen3-rl-100-steps-attempt-8,24,2894,agent,0,0.7981867729389246,False
slimshetty/swebench-verified:sweb.eval.x86_64.django__django-11206,1.0,r2egym-qwen3-rl-100-steps-attempt-8,21,1104,token_limit,4,0.2942149597859341,True
slimshetty/swebench-verified:sweb.eval.x86_64.django__django-12262,1.0,r2egym-qwen3-rl-100-steps-attempt-8,55,2937,agent_max_step_limit,18,0.7981867729389246,True
slimshetty/swebench-verified:sweb.eval.x86_64.django__django-15315,1.0,r2egym-qwen3-rl-100-steps-attempt-8,100,3504,abs_step_limit,33,0.7981867753392728,True
slimshetty/swebench-verified:sweb.eval.x86_64.django__django-13590,1.0,r2egym-qwen3-rl-100-steps-attempt-8,100,6238,abs_step_limit,145,0.6224593312018546,True
slimshetty/swebench-verified:sweb.eval.x86_64.django__django-11099,1.0,r2egym-qwen3-rl-100-steps-attempt-8,44,2182,agent_max_step_limit,19,0.7981867849406659,True
slimshetty/swebench-verified:sweb.eval.x86_64.django__django-13809,0.0,r2egym-qwen3-rl-100-steps-attempt-8,100,981,abs_step_limit,236,0.0159063907204873,False
slimshetty/swebench-verified:sweb.eval.x86_64.matplotlib__matplotlib-26466,0.0,r2egym-qwen3-rl-100-steps-attempt-8,33,1323,agent,100,0.798186775339273,False
slimshetty/swebench-verified:sweb.eval.x86_64.django__django-14089,0.0,r2egym-qwen3-rl-100-steps-attempt-8,100,0,abs_step_limit,43,2.1444940732342966e-05,False
slimshetty/swebench-verified:sweb.eval.x86_64.django__django-16667,0.0,r2egym-qwen3-rl-100-steps-attempt-8,42,1798,agent_max_step_limit,24,0.8175744739711883,False
slimshetty/swebench-verified:sweb.eval.x86_64.pydata__xarray-6992,0.0,r2egym-qwen3-rl-100-steps-attempt-8,100,2046,abs_step_limit,945,0.8807970670261976,False
slimshetty/swebench-verified:sweb.eval.x86_64.django__django-12039,0.0,r2egym-qwen3-rl-100-steps-attempt-8,63,1706,agent_max_step_limit,11,0.7772998560157665,False
slimshetty/swebench-verified:sweb.eval.x86_64.sympy__sympy-18763,0.0,r2egym-qwen3-rl-100-steps-attempt-8,54,547,agent_max_step_limit,141,0.6513548646660542,False
slimshetty/swebench-verified:sweb.eval.x86_64.scikit-learn__scikit-learn-14141,1.0,r2egym-qwen3-rl-100-steps-attempt-8,28,563,agent,2,0.5312093733737563,True
slimshetty/swebench-verified:sweb.eval.x86_64.pytest-dev__pytest-5262,1.0,r2egym-qwen3-rl-100-steps-attempt-8,45,1478,agent_max_step_limit,108,0.6791787056691698,True
slimshetty/swebench-verified:sweb.eval.x86_64.pydata__xarray-3151,1.0,r2egym-qwen3-rl-100-steps-attempt-8,20,3948,agent,66,0.8670357512127872,True
slimshetty/swebench-verified:sweb.eval.x86_64.django__django-13363,1.0,r2egym-qwen3-rl-100-steps-attempt-8,45,4557,agent_max_step_limit,76,0.7772998508568417,True
slimshetty/swebench-verified:sweb.eval.x86_64.django__django-15973,0.0,r2egym-qwen3-rl-100-steps-attempt-8,100,505,abs_step_limit,157,0.001169510431778882,False
slimshetty/swebench-verified:sweb.eval.x86_64.sphinx-doc__sphinx-8035,0.0,r2egym-qwen3-rl-100-steps-attempt-8,100,1989,abs_step_limit,1,0.6513548511303338,False
slimshetty/swebench-verified:sweb.eval.x86_64.sympy__sympy-13091,0.0,r2egym-qwen3-rl-100-steps-attempt-8,100,465,abs_step_limit,89,0.7772998508568416,False
slimshetty/swebench-verified:sweb.eval.x86_64.scikit-learn__scikit-learn-15100,1.0,r2egym-qwen3-rl-100-steps-attempt-8,100,687,abs_step_limit,93,0.798186775339273,True
slimshetty/swebench-verified:sweb.eval.x86_64.pydata__xarray-3993,0.0,r2egym-qwen3-rl-100-steps-attempt-8,19,1479,agent,2398,0.7772998611746912,False
slimshetty/swebench-verified:sweb.eval.x86_64.mwaskom__seaborn-3069,0.0,r2egym-qwen3-rl-100-steps-attempt-8,53,3361,token_limit,94,0.7310585669110203,False
slimshetty/swebench-verified:sweb.eval.x86_64.django__django-10554,0.0,r2egym-qwen3-rl-100-steps-attempt-8,95,5928,token_limit,0,0.06754668973182398,False
slimshetty/swebench-verified:sweb.eval.x86_64.psf__requests-6028,0.0,r2egym-qwen3-rl-100-steps-attempt-8,94,2607,token_limit,185,0.014063627456479755,False
slimshetty/swebench-verified:sweb.eval.x86_64.django__django-11239,0.0,r2egym-qwen3-rl-100-steps-attempt-8,44,3313,agent_max_step_limit,5,0.8354835411997897,False
slimshetty/swebench-verified:sweb.eval.x86_64.django__django-14559,1.0,r2egym-qwen3-rl-100-steps-attempt-8,100,2537,abs_step_limit,23,0.5,True
slimshetty/swebench-verified:sweb.eval.x86_64.matplotlib__matplotlib-25479,0.0,r2egym-qwen3-rl-100-steps-attempt-8,67,2152,token_limit,263,0.8354835330070839,False
slimshetty/swebench-verified:sweb.eval.x86_64.astropy__astropy-13977,0.0,r2egym-qwen3-rl-100-steps-attempt-8,34,1784,agent,312,0.5,False
slimshetty/swebench-verified:sweb.eval.x86_64.django__django-15525,1.0,r2egym-qwen3-rl-100-steps-attempt-8,100,4518,abs_step_limit,53,0.34864513533394575,True
slimshetty/swebench-verified:sweb.eval.x86_64.sympy__sympy-13031,0.0,r2egym-qwen3-rl-100-steps-attempt-8,41,0,token_limit,9,0.00013982208911909012,False
slimshetty/swebench-verified:sweb.eval.x86_64.django__django-13410,1.0,r2egym-qwen3-rl-100-steps-attempt-8,50,1862,token_limit,40,0.8807970811069351,True
slimshetty/swebench-verified:sweb.eval.x86_64.django__django-11138,0.0,r2egym-qwen3-rl-100-steps-attempt-8,100,2524,abs_step_limit,73,0.7772998611746912,False
slimshetty/swebench-verified:sweb.eval.x86_64.matplotlib__matplotlib-24026,1.0,r2egym-qwen3-rl-100-steps-attempt-8,60,3275,agent_max_step_limit,764,0.7057850216484838,True
slimshetty/swebench-verified:sweb.eval.x86_64.django__django-11451,1.0,r2egym-qwen3-rl-100-steps-attempt-8,100,3172,abs_step_limit,45,0.8670357683915538,True
slimshetty/swebench-verified:sweb.eval.x86_64.astropy__astropy-14995,0.0,r2egym-qwen3-rl-100-steps-attempt-8,41,2068,token_limit,172,0.14804719239327382,False
slimshetty/swebench-verified:sweb.eval.x86_64.pydata__xarray-6721,0.0,r2egym-qwen3-rl-100-steps-attempt-8,93,4600,token_limit,1405,0.24508501864634824,False
slimshetty/swebench-verified:sweb.eval.x86_64.django__django-17084,0.0,r2egym-qwen3-rl-100-steps-1-attempt-4,1,0,llm_query_error,107,0.0,False
slimshetty/swebench-verified:sweb.eval.x86_64.django__django-15252,0.0,r2egym-qwen3-rl-100-steps-attempt-8,100,2821,abs_step_limit,34,0.5926665999540698,False
slimshetty/swebench-verified:sweb.eval.x86_64.pydata__xarray-7229,0.0,r2egym-qwen3-rl-100-steps-attempt-8,55,1098,token_limit,280,0.06754669864792355,False
slimshetty/swebench-verified:sweb.eval.x86_64.django__django-13195,0.0,r2egym-qwen3-rl-100-steps-attempt-8,72,1045,token_limit,382,0.5926665999540698,False
slimshetty/swebench-verified:sweb.eval.x86_64.django__django-14017,0.0,r2egym-qwen3-rl-100-steps-attempt-8,100,1607,token_limit,147,0.0035936018110868865,False
slimshetty/swebench-verified:sweb.eval.x86_64.pylint-dev__pylint-4551,0.0,r2egym-qwen3-rl-100-steps-attempt-8,91,807,token_limit,0,0.003593601881117171,False
slimshetty/swebench-verified:sweb.eval.x86_64.django__django-14053,1.0,r2egym-qwen3-rl-100-steps-attempt-8,43,1283,agent_max_step_limit,31,0.08509904558710156,True
slimshetty/swebench-verified:sweb.eval.x86_64.django__django-16642,0.0,r2egym-qwen3-rl-100-steps-attempt-8,71,2069,agent_max_step_limit,21,0.7772998663336158,False
slimshetty/swebench-verified:sweb.eval.x86_64.django__django-14007,0.0,r2egym-qwen3-rl-100-steps-attempt-8,76,0,token_limit,12,1.8925141462377723e-05,False
slimshetty/swebench-verified:sweb.eval.x86_64.django__django-13346,0.0,r2egym-qwen3-rl-100-steps-attempt-8,75,5064,token_limit,65,0.7549149813536518,False
slimshetty/swebench-verified:sweb.eval.x86_64.django__django-15037,0.0,r2egym-qwen3-rl-100-steps-attempt-8,100,0,abs_step_limit,14,3.1201922511884416e-05,False
slimshetty/swebench-verified:sweb.eval.x86_64.django__django-15380,1.0,r2egym-qwen3-rl-100-steps-attempt-8,100,2535,abs_step_limit,133,0.7981867801399695,True
slimshetty/swebench-verified:sweb.eval.x86_64.django__django-10097,0.0,r2egym-qwen3-rl-100-steps-attempt-8,45,0,agent_max_step_limit,1432,0.0002959570958864906,False
slimshetty/swebench-verified:sweb.eval.x86_64.matplotlib__matplotlib-25122,0.0,r2egym-qwen3-rl-100-steps-attempt-8,49,3391,agent_max_step_limit,2464,0.8354835391516133,False
slimshetty/swebench-verified:sweb.eval.x86_64.sphinx-doc__sphinx-9602,0.0,r2egym-qwen3-rl-100-steps-attempt-8,98,1896,token_limit,45,0.015906394510857135,False
slimshetty/swebench-verified:sweb.eval.x86_64.django__django-16315,0.0,r2egym-qwen3-rl-100-steps-attempt-8,80,3878,token_limit,42,0.7981867801399695,False
slimshetty/swebench-verified:sweb.eval.x86_64.sympy__sympy-21379,1.0,r2egym-qwen3-rl-100-steps-attempt-8,100,2185,abs_step_limit,91,0.8807970764133561,True
slimshetty/swebench-verified:sweb.eval.x86_64.django__django-13964,1.0,r2egym-qwen3-rl-100-steps-attempt-8,56,3079,agent_max_step_limit,36,0.7549149758396752,True
slimshetty/swebench-verified:sweb.eval.x86_64.sphinx-doc__sphinx-7910,1.0,r2egym-qwen3-rl-100-steps-attempt-8,84,2303,token_limit,16,0.46879062662624377,True
slimshetty/swebench-verified:sweb.eval.x86_64.django__django-13109,1.0,r2egym-qwen3-rl-100-steps-attempt-8,100,3432,token_limit,170,0.9046505261034854,True
slimshetty/swebench-verified:sweb.eval.x86_64.psf__requests-1142,0.0,r2egym-qwen3-rl-100-steps-attempt-8,53,22510,token_limit,5,0.11920292984474949,False
slimshetty/swebench-verified:sweb.eval.x86_64.django__django-15503,0.0,r2egym-qwen3-rl-100-steps-attempt-8,58,4580,token_limit,66,0.008577483703016914,False
slimshetty/swebench-verified:sweb.eval.x86_64.django__django-14631,0.0,r2egym-qwen3-rl-100-steps-attempt-8,93,4087,token_limit,116,0.16451645880021026,False
slimshetty/swebench-verified:sweb.eval.x86_64.django__django-11149,0.0,r2egym-qwen3-rl-100-steps-attempt-8,67,6864,token_limit,43,0.6224593312018546,False
slimshetty/swebench-verified:sweb.eval.x86_64.sympy__sympy-13757,0.0,r2egym-qwen3-rl-100-steps-attempt-8,42,1420,token_limit,165,0.007577242864632608,False
slimshetty/swebench-verified:sweb.eval.x86_64.sympy__sympy-16886,1.0,r2egym-qwen3-rl-100-steps-attempt-8,49,3151,token_limit,42,0.8519527982093666,True
slimshetty/swebench-verified:sweb.eval.x86_64.pydata__xarray-6744,1.0,r2egym-qwen3-rl-100-steps-attempt-8,33,2845,token_limit,1815,0.24508500761839527,True
slimshetty/swebench-verified:sweb.eval.x86_64.sympy__sympy-23534,1.0,r2egym-qwen3-rl-100-steps-attempt-8,25,728,token_limit,11,0.04208772686428807,True
slimshetty/swebench-verified:sweb.eval.x86_64.sympy__sympy-17630,0.0,r2egym-qwen3-rl-100-steps-attempt-8,36,4033,token_limit,7,0.0040701379027676815,False
slimshetty/swebench-verified:sweb.eval.x86_64.sympy__sympy-15349,0.0,r2egym-qwen3-rl-100-steps-attempt-8,38,962,token_limit,3,0.014063627159467615,False
slimshetty/swebench-verified:sweb.eval.x86_64.django__django-16100,1.0,r2egym-qwen3-rl-100-steps-attempt-8,61,10668,token_limit,59,0.8519527982093666,True
slimshetty/swebench-verified:sweb.eval.x86_64.django__django-16333,1.0,r2egym-qwen3-rl-100-steps-1-attempt-4,36,2309,agent,87,0.8175744828610095,True
slimshetty/swebench-verified:sweb.eval.x86_64.astropy__astropy-14598,0.0,r2egym-qwen3-rl-100-steps-attempt-8,54,565,token_limit,0,0.010986944927825482,False
slimshetty/swebench-verified:sweb.eval.x86_64.sympy__sympy-22456,1.0,r2egym-qwen3-rl-100-steps-1-attempt-4,26,464,agent,29,0.7772998560157665,True
slimshetty/swebench-verified:sweb.eval.x86_64.django__django-13449,0.0,r2egym-qwen3-rl-100-steps-1-attempt-4,44,2433,agent_max_step_limit,46,0.6513548646660543,False
slimshetty/swebench-verified:sweb.eval.x86_64.django__django-13343,1.0,r2egym-qwen3-rl-100-steps-1-attempt-4,100,2561,abs_step_limit,130,0.8354835371034369,True
slimshetty/swebench-verified:sweb.eval.x86_64.pytest-dev__pytest-7205,1.0,r2egym-qwen3-rl-100-steps-1-attempt-4,33,1387,agent,16,0.8519528076067262,True
slimshetty/swebench-verified:sweb.eval.x86_64.sympy__sympy-19954,1.0,r2egym-qwen3-rl-100-steps-1-attempt-4,40,1683,agent,56,0.8670357598021707,True
slimshetty/swebench-verified:sweb.eval.x86_64.django__django-13821,1.0,r2egym-qwen3-rl-100-steps-1-attempt-4,74,2591,token_limit,14,0.7057850216484838,True
slimshetty/swebench-verified:sweb.eval.x86_64.django__django-12308,0.0,r2egym-qwen3-rl-100-steps-1-attempt-4,34,2606,agent,20,0.817574478416099,False
slimshetty/swebench-verified:sweb.eval.x86_64.sympy__sympy-19346,1.0,r2egym-qwen3-rl-100-steps-1-attempt-4,27,1696,agent,40,0.8807970748488297,True
slimshetty/swebench-verified:sweb.eval.x86_64.scikit-learn__scikit-learn-14496,1.0,r2egym-qwen3-rl-100-steps-1-attempt-4,34,1948,agent,39,0.8519528076067262,True
slimshetty/swebench-verified:sweb.eval.x86_64.scikit-learn__scikit-learn-25931,1.0,r2egym-qwen3-rl-100-steps-1-attempt-4,25,933,agent,21,0.8670357649558006,True
slimshetty/swebench-verified:sweb.eval.x86_64.matplotlib__matplotlib-25775,1.0,r2egym-qwen3-rl-100-steps-1-attempt-4,45,2296,agent_max_step_limit,89,0.2942149783515163,True
slimshetty/swebench-verified:sweb.eval.x86_64.sympy__sympy-12481,1.0,r2egym-qwen3-rl-100-steps-1-attempt-4,29,1870,agent,7,0.8354835391516133,True
slimshetty/swebench-verified:sweb.eval.x86_64.pylint-dev__pylint-6903,1.0,r2egym-qwen3-rl-100-steps-1-attempt-4,42,912,agent_max_step_limit,8,0.7981867873410141,True
slimshetty/swebench-verified:sweb.eval.x86_64.sympy__sympy-18698,0.0,r2egym-qwen3-rl-100-steps-1-attempt-4,43,1408,agent_max_step_limit,147,0.8807970732843033,False
slimshetty/swebench-verified:sweb.eval.x86_64.sympy__sympy-15976,0.0,r2egym-qwen3-rl-100-steps-1-attempt-4,28,1060,agent,37,0.7772998560157665,False
slimshetty/swebench-verified:sweb.eval.x86_64.django__django-11141,0.0,r2egym-qwen3-rl-100-steps-attempt-8,54,2767,token_limit,23,0.851952809486198,False
slimshetty/swebench-verified:sweb.eval.x86_64.django__django-13089,1.0,r2egym-qwen3-rl-100-steps-1-attempt-4,33,4303,agent,352,0.7772998714925403,True
slimshetty/swebench-verified:sweb.eval.x86_64.sympy__sympy-18199,0.0,r2egym-qwen3-rl-100-steps-1-attempt-4,32,2025,agent,113,0.8807970904940926,False
slimshetty/swebench-verified:sweb.eval.x86_64.django__django-15561,1.0,r2egym-qwen3-rl-100-steps-1-attempt-4,100,2177,abs_step_limit,141,0.7772998663336158,True
slimshetty/swebench-verified:sweb.eval.x86_64.django__django-16116,0.0,r2egym-qwen3-rl-100-steps-1-attempt-4,100,765,abs_step_limit,137,0.5,False
slimshetty/swebench-verified:sweb.eval.x86_64.sympy__sympy-14976,0.0,r2egym-qwen3-rl-100-steps-1-attempt-4,91,2511,token_limit,13,0.8933094096048376,False
slimshetty/swebench-verified:sweb.eval.x86_64.scikit-learn__scikit-learn-14053,1.0,r2egym-qwen3-rl-100-steps-1-attempt-4,26,2466,agent,5,0.8670357701094303,True
slimshetty/swebench-verified:sweb.eval.x86_64.django__django-16901,0.0,r2egym-qwen3-rl-100-steps-1-attempt-4,100,841,abs_step_limit,0,0.0006263341625908775,False
slimshetty/swebench-verified:sweb.eval.x86_64.pallets__flask-5014,1.0,r2egym-qwen3-rl-100-steps-1-attempt-4,33,2020,agent,59,0.8519527963298946,True
slimshetty/swebench-verified:sweb.eval.x86_64.django__django-16662,1.0,r2egym-qwen3-rl-100-steps-1-attempt-4,100,2710,abs_step_limit,51,0.7981867729389246,True
slimshetty/swebench-verified:sweb.eval.x86_64.django__django-16612,1.0,r2egym-qwen3-rl-100-steps-1-attempt-4,100,3304,abs_step_limit,335,0.7310585727705127,True
slimshetty/swebench-verified:sweb.eval.x86_64.sympy__sympy-23262,0.0,r2egym-qwen3-rl-100-steps-1-attempt-4,32,863,agent,52,0.8807970654616712,False
slimshetty/swebench-verified:sweb.eval.x86_64.sphinx-doc__sphinx-7454,0.0,r2egym-qwen3-rl-100-steps-1-attempt-4,96,4480,token_limit,27,0.14804720179063333,False
slimshetty/swebench-verified:sweb.eval.x86_64.astropy__astropy-12907,1.0,r2egym-qwen3-rl-100-steps-1-attempt-4,46,4245,agent_max_step_limit,13,0.8933094103149355,True
slimshetty/swebench-verified:sweb.eval.x86_64.astropy__astropy-8707,0.0,r2egym-qwen3-rl-100-steps-1-attempt-4,68,0,token_limit,4,8.93969523678858e-06,False
slimshetty/swebench-verified:sweb.eval.x86_64.django__django-11299,0.0,r2egym-qwen3-rl-100-steps-1-attempt-4,100,4394,abs_step_limit,102,0.7549149978955811,False
slimshetty/swebench-verified:sweb.eval.x86_64.django__django-11333,0.0,r2egym-qwen3-rl-100-steps-1-attempt-4,100,1863,abs_step_limit,2,0.40733340004593027,False
slimshetty/swebench-verified:sweb.eval.x86_64.django__django-11490,0.0,r2egym-qwen3-rl-100-steps-1-attempt-4,91,1786,token_limit,22,0.7549149923816048,False
slimshetty/swebench-verified:sweb.eval.x86_64.scikit-learn__scikit-learn-26194,0.0,r2egym-qwen3-rl-100-steps-1-attempt-4,100,4766,abs_step_limit,186,0.8519528076067261,False
slimshetty/swebench-verified:sweb.eval.x86_64.django__django-15278,0.0,r2egym-qwen3-rl-100-steps-1-attempt-4,97,2206,token_limit,138,0.4073334000459302,False
slimshetty/swebench-verified:sweb.eval.x86_64.django__django-16560,0.0,r2egym-qwen3-rl-100-steps-1-attempt-4,93,5142,token_limit,66,0.008577484399966718,False
slimshetty/swebench-verified:sweb.eval.x86_64.django__django-14140,0.0,r2egym-qwen3-rl-100-steps-1-attempt-4,38,5754,agent,199,0.8175744828610095,False
slimshetty/swebench-verified:sweb.eval.x86_64.pydata__xarray-4629,1.0,r2egym-qwen3-rl-100-steps-1-attempt-4,9,505,agent,32,0.8354835411997897,True
slimshetty/swebench-verified:sweb.eval.x86_64.django__django-11603,1.0,r2egym-qwen3-rl-100-steps-1-attempt-4,98,2459,token_limit,58,0.7310585727705126,True
slimshetty/swebench-verified:sweb.eval.x86_64.sympy__sympy-19783,0.0,r2egym-qwen3-rl-100-steps-1-attempt-4,100,810,abs_step_limit,0,0.0007096703460158749,False
slimshetty/swebench-verified:sweb.eval.x86_64.pylint-dev__pylint-7080,0.0,r2egym-qwen3-rl-100-steps-1-attempt-4,97,3772,token_limit,121,0.10669059252545564,False
slimshetty/swebench-verified:sweb.eval.x86_64.sympy__sympy-16597,0.0,r2egym-qwen3-rl-100-steps-1-attempt-4,13,658,agent,74,0.8670357546485408,False
slimshetty/swebench-verified:sweb.eval.x86_64.django__django-15382,1.0,r2egym-qwen3-rl-100-steps-1-attempt-4,100,4315,abs_step_limit,161,0.731058584489497,True
slimshetty/swebench-verified:sweb.eval.x86_64.django__django-14752,1.0,r2egym-qwen3-rl-100-steps-1-attempt-4,57,4919,agent_max_step_limit,15,0.7981867801399695,True
slimshetty/swebench-verified:sweb.eval.x86_64.django__django-11551,1.0,r2egym-qwen3-rl-100-steps-1-attempt-4,72,6553,token_limit,119,0.8519527982093666,True
slimshetty/swebench-verified:sweb.eval.x86_64.pydata__xarray-3677,1.0,r2egym-qwen3-rl-100-steps-1-attempt-4,31,1289,agent,21,0.817574478416099,True
slimshetty/swebench-verified:sweb.eval.x86_64.sphinx-doc__sphinx-9281,1.0,r2egym-qwen3-rl-100-steps-1-attempt-4,42,538,agent_max_step_limit,38,0.7310585669110203,True
slimshetty/swebench-verified:sweb.eval.x86_64.django__django-14349,1.0,r2egym-qwen3-rl-100-steps-1-attempt-4,33,2308,agent,18,0.8175744806385543,True
slimshetty/swebench-verified:sweb.eval.x86_64.django__django-15022,1.0,r2egym-qwen3-rl-100-steps-1-attempt-4,41,4651,max_step_limit,56,0.7981867825403177,True
slimshetty/swebench-verified:sweb.eval.x86_64.pydata__xarray-4094,1.0,r2egym-qwen3-rl-100-steps-1-attempt-4,45,569,token_limit,862,0.8807970764133561,True
slimshetty/swebench-verified:sweb.eval.x86_64.matplotlib__matplotlib-24870,0.0,r2egym-qwen3-rl-100-steps-1-attempt-4,41,3029,max_step_limit,65,0.7772998611746912,False
slimshetty/swebench-verified:sweb.eval.x86_64.sympy__sympy-24066,1.0,r2egym-qwen3-rl-100-steps-1-attempt-4,55,2372,agent_max_step_limit,30,0.7981867681382279,True
slimshetty/swebench-verified:sweb.eval.x86_64.django__django-11211,0.0,r2egym-qwen3-rl-100-steps-1-attempt-4,100,2714,abs_step_limit,76,0.22270014914315836,False
slimshetty/swebench-verified:sweb.eval.x86_64.django__django-12419,0.0,r2egym-qwen3-rl-100-steps-1-attempt-4,30,3425,agent,0,0.7310585844894971,False
slimshetty/swebench-verified:sweb.eval.x86_64.sympy__sympy-11618,1.0,r2egym-qwen3-rl-100-steps-1-attempt-4,26,3512,agent,4,0.8670357563664174,True
slimshetty/swebench-verified:sweb.eval.x86_64.sympy__sympy-20438,0.0,r2egym-qwen3-rl-100-steps-1-attempt-4,81,0,token_limit,93,8.481107142613803e-05,False
slimshetty/swebench-verified:sweb.eval.x86_64.sympy__sympy-13551,0.0,r2egym-qwen3-rl-100-steps-1-attempt-4,63,2448,token_limit,15,0.14804719991116141,False
slimshetty/swebench-verified:sweb.eval.x86_64.django__django-14672,0.0,r2egym-qwen3-rl-100-steps-1-attempt-4,100,3327,abs_step_limit,0,0.8807970732843033,False
slimshetty/swebench-verified:sweb.eval.x86_64.django__django-14155,0.0,r2egym-qwen3-rl-100-steps-1-attempt-4,46,5110,agent_max_step_limit,89,0.6224593312018546,False
slimshetty/swebench-verified:sweb.eval.x86_64.sphinx-doc__sphinx-7985,0.0,r2egym-qwen3-rl-100-steps-1-attempt-4,90,3816,token_limit,0,0.00023050668446031094,False
slimshetty/swebench-verified:sweb.eval.x86_64.sympy__sympy-16450,1.0,r2egym-qwen3-rl-100-steps-1-attempt-4,100,1437,abs_step_limit,38,0.8519528019683106,True
slimshetty/swebench-verified:sweb.eval.x86_64.psf__requests-1724,1.0,r2egym-qwen3-rl-100-steps-1-attempt-4,66,2908,token_limit,79,0.6791786926816161,True
slimshetty/swebench-verified:sweb.eval.x86_64.matplotlib__matplotlib-13989,1.0,r2egym-qwen3-rl-100-steps-1-attempt-4,42,3847,agent_max_step_limit,411,0.8519527963298947,True
slimshetty/swebench-verified:sweb.eval.x86_64.django__django-13670,1.0,r2egym-qwen3-rl-100-steps-1-attempt-4,44,4290,agent_max_step_limit,17,0.8354835309589074,True
slimshetty/swebench-verified:sweb.eval.x86_64.django__django-14771,0.0,r2egym-qwen3-rl-100-steps-1-attempt-4,100,2693,abs_step_limit,60,0.4687906266262437,False
slimshetty/swebench-verified:sweb.eval.x86_64.django__django-16256,0.0,r2egym-qwen3-rl-100-steps-1-attempt-4,54,0,token_limit,53,4.006370646383477e-05,False
slimshetty/swebench-verified:sweb.eval.x86_64.django__django-15499,1.0,r2egym-qwen3-rl-100-steps-1-attempt-4,31,2106,agent,35,0.8354835391516133,True
slimshetty/swebench-verified:sweb.eval.x86_64.django__django-15277,1.0,r2egym-qwen3-rl-100-steps-1-attempt-4,30,3383,agent,158,0.798186775339273,True
slimshetty/swebench-verified:sweb.eval.x86_64.django__django-13933,1.0,r2egym-qwen3-rl-100-steps-1-attempt-4,100,3398,abs_step_limit,19,0.7310585844894971,True
slimshetty/swebench-verified:sweb.eval.x86_64.scikit-learn__scikit-learn-10908,0.0,r2egym-qwen3-rl-100-steps-1-attempt-4,22,1283,agent,47,0.8175744739711883,False
slimshetty/swebench-verified:sweb.eval.x86_64.sympy__sympy-14711,1.0,r2egym-qwen3-rl-100-steps-1-attempt-4,96,441,token_limit,2,0.904650536386234,True
slimshetty/swebench-verified:sweb.eval.x86_64.pytest-dev__pytest-10051,1.0,r2egym-qwen3-rl-100-steps-1-attempt-4,38,1877,agent,15,0.8175744806385543,True
slimshetty/swebench-verified:sweb.eval.x86_64.django__django-13128,0.0,r2egym-qwen3-rl-100-steps-1-attempt-4,50,2314,agent_max_step_limit,127,0.7549149813536518,False
slimshetty/swebench-verified:sweb.eval.x86_64.django__django-14011,0.0,r2egym-qwen3-rl-100-steps-1-attempt-4,70,3597,agent_max_step_limit,2,0.4073334000459302,False
slimshetty/swebench-verified:sweb.eval.x86_64.django__django-14855,1.0,r2egym-qwen3-rl-100-steps-1-attempt-4,81,4471,token_limit,325,0.8670357649558006,True
slimshetty/swebench-verified:sweb.eval.x86_64.scikit-learn__scikit-learn-13124,0.0,r2egym-qwen3-rl-100-steps-1-attempt-4,36,1988,token_limit,58,0.012431653048503442,False
slimshetty/swebench-verified:sweb.eval.x86_64.django__django-14034,0.0,r2egym-qwen3-rl-100-steps-1-attempt-4,100,1864,abs_step_limit,12,0.8670357580842941,False
slimshetty/swebench-verified:sweb.eval.x86_64.django__django-9296,1.0,r2egym-qwen3-rl-100-steps-1-attempt-4,100,499,abs_step_limit,20,0.851952809486198,True
slimshetty/swebench-verified:sweb.eval.x86_64.sympy__sympy-24443,0.0,r2egym-qwen3-rl-100-steps-1-attempt-4,53,3824,token_limit,0,0.0024726235270447223,False
slimshetty/swebench-verified:sweb.eval.x86_64.sphinx-doc__sphinx-8548,0.0,r2egym-qwen3-rl-100-steps-1-attempt-4,53,3280,agent_max_step_limit,5,0.2942149659744614,False
slimshetty/swebench-verified:sweb.eval.x86_64.scikit-learn__scikit-learn-13439,1.0,r2egym-qwen3-rl-100-steps-1-attempt-4,11,416,agent,40,0.8175744806385542,True
slimshetty/swebench-verified:sweb.eval.x86_64.sympy__sympy-19040,0.0,r2egym-qwen3-rl-100-steps-1-attempt-4,59,754,token_limit,146,0.0066928524319116835,False
slimshetty/swebench-verified:sweb.eval.x86_64.scikit-learn__scikit-learn-13496,1.0,r2egym-qwen3-rl-100-steps-1-attempt-4,20,2306,agent,19,0.5926665999540698,True
slimshetty/swebench-verified:sweb.eval.x86_64.django__django-11133,1.0,r2egym-qwen3-rl-100-steps-1-attempt-4,100,2392,abs_step_limit,64,0.8807970764133561,True
slimshetty/swebench-verified:sweb.eval.x86_64.pydata__xarray-7233,1.0,r2egym-qwen3-rl-100-steps-1-attempt-4,32,3249,agent,189,0.8354835309589073,True
slimshetty/swebench-verified:sweb.eval.x86_64.sympy__sympy-22914,1.0,r2egym-qwen3-rl-100-steps-1-attempt-4,49,669,token_limit,17,0.8807970732843033,True
slimshetty/swebench-verified:sweb.eval.x86_64.django__django-15128,0.0,r2egym-qwen3-rl-100-steps-1-attempt-4,100,4693,abs_step_limit,282,0.29421498454004374,False
slimshetty/swebench-verified:sweb.eval.x86_64.scikit-learn__scikit-learn-11578,1.0,r2egym-qwen3-rl-100-steps-1-attempt-4,36,2800,agent,93,0.8175744828610095,True
slimshetty/swebench-verified:sweb.eval.x86_64.psf__requests-2931,0.0,r2egym-qwen3-rl-100-steps-1-attempt-4,43,2837,token_limit,84,0.2942149597859341,False
slimshetty/swebench-verified:sweb.eval.x86_64.django__django-14539,1.0,r2egym-qwen3-rl-100-steps-1-attempt-4,48,2569,token_limit,14,0.8354835452961425,True
slimshetty/swebench-verified:sweb.eval.x86_64.matplotlib__matplotlib-23412,0.0,r2egym-qwen3-rl-100-steps-1-attempt-4,100,0,abs_step_limit,46,3.5356242236570075e-05,False
slimshetty/swebench-verified:sweb.eval.x86_64.django__django-14351,0.0,r2egym-qwen3-rl-100-steps-1-attempt-4,67,2700,token_limit,57,0.5,False
slimshetty/swebench-verified:sweb.eval.x86_64.sympy__sympy-19637,1.0,r2egym-qwen3-rl-100-steps-1-attempt-4,39,419,token_limit,40,0.9046505318875316,True
slimshetty/swebench-verified:sweb.eval.x86_64.pylint-dev__pylint-4604,0.0,r2egym-qwen3-rl-100-steps-1-attempt-4,100,2607,abs_step_limit,0,0.8807970826714614,False
slimshetty/swebench-verified:sweb.eval.x86_64.django__django-14373,1.0,r2egym-qwen3-rl-100-steps-1-attempt-4,26,1263,agent,19,0.8354835432479663,True
slimshetty/swebench-verified:sweb.eval.x86_64.django__django-11292,1.0,r2egym-qwen3-rl-100-steps-1-attempt-4,89,1829,agent_max_step_limit,31,0.7549149923816048,True
slimshetty/swebench-verified:sweb.eval.x86_64.scikit-learn__scikit-learn-14983,0.0,r2egym-qwen3-rl-100-steps-1-attempt-4,86,518,token_limit,105,0.0017007227654326008,False
slimshetty/swebench-verified:sweb.eval.x86_64.django__django-11815,1.0,r2egym-qwen3-rl-100-steps-1-attempt-4,59,2136,token_limit,44,0.012431648051869618,True
slimshetty/swebench-verified:sweb.eval.x86_64.django__django-16877,1.0,r2egym-qwen3-rl-100-steps-1-attempt-4,100,797,abs_step_limit,0,0.5926665999540698,True
slimshetty/swebench-verified:sweb.eval.x86_64.django__django-13820,1.0,r2egym-qwen3-rl-100-steps-1-attempt-4,100,4159,abs_step_limit,24,0.7057850340255386,True
slimshetty/swebench-verified:sweb.eval.x86_64.sphinx-doc__sphinx-9711,1.0,r2egym-qwen3-rl-100-steps-1-attempt-4,52,2269,agent_max_step_limit,0,0.2942149783515163,True
slimshetty/swebench-verified:sweb.eval.x86_64.matplotlib__matplotlib-26342,0.0,r2egym-qwen3-rl-100-steps-1-attempt-4,37,0,token_limit,81,5.144220744171262e-05,False
slimshetty/swebench-verified:sweb.eval.x86_64.sympy__sympy-23413,0.0,r2egym-qwen3-rl-100-steps-1-attempt-4,17,932,agent,2,0.8354835391516133,False
slimshetty/swebench-verified:sweb.eval.x86_64.django__django-13344,0.0,r2egym-qwen3-rl-100-steps-1-attempt-4,53,0,token_limit,356,0.00012339457432727674,False
slimshetty/swebench-verified:sweb.eval.x86_64.scikit-learn__scikit-learn-25102,1.0,r2egym-qwen3-rl-100-steps-1-attempt-4,60,5674,token_limit,59,0.7981867777396212,True
slimshetty/swebench-verified:sweb.eval.x86_64.psf__requests-1921,1.0,r2egym-qwen3-rl-100-steps-1-attempt-4,43,2120,agent_max_step_limit,107,0.8354835350552603,True
slimshetty/swebench-verified:sweb.eval.x86_64.matplotlib__matplotlib-23314,1.0,r2egym-qwen3-rl-100-steps-1-attempt-4,58,2258,agent_max_step_limit,862,0.851952809486198,True
slimshetty/swebench-verified:sweb.eval.x86_64.django__django-11740,1.0,r2egym-qwen3-rl-100-steps-1-attempt-4,73,2350,token_limit,109,0.7310585669110203,True
slimshetty/swebench-verified:sweb.eval.x86_64.django__django-15987,1.0,r2egym-qwen3-rl-100-steps-1-attempt-4,81,3076,token_limit,52,0.7549149923816048,True
slimshetty/swebench-verified:sweb.eval.x86_64.scikit-learn__scikit-learn-10844,1.0,r2egym-qwen3-rl-100-steps-1-attempt-4,16,633,agent,16,0.8670357529306639,True
slimshetty/swebench-verified:sweb.eval.x86_64.pydata__xarray-4075,0.0,r2egym-qwen3-rl-100-steps-1-attempt-4,51,3589,token_limit,6,0.06008664680776121,False
slimshetty/swebench-verified:sweb.eval.x86_64.django__django-12273,0.0,r2egym-qwen3-rl-100-steps-1-attempt-4,96,5283,token_limit,27,0.00013982210597811997,False
slimshetty/swebench-verified:sweb.eval.x86_64.matplotlib__matplotlib-26291,0.0,r2egym-qwen3-rl-100-steps-1-attempt-4,23,903,agent,49,0.8519528057272543,False
slimshetty/swebench-verified:sweb.eval.x86_64.django__django-12965,0.0,r2egym-qwen3-rl-100-steps-1-attempt-4,46,4152,token_limit,21,0.0035936018177564377,False
slimshetty/swebench-verified:sweb.eval.x86_64.django__django-15104,1.0,r2egym-qwen3-rl-100-steps-1-attempt-4,100,3314,abs_step_limit,131,0.8175744761936438,True
slimshetty/swebench-verified:sweb.eval.x86_64.pydata__xarray-3095,0.0,r2egym-qwen3-rl-100-steps-1-attempt-4,72,0,token_limit,253,8.481103096382608e-05,False
slimshetty/swebench-verified:sweb.eval.x86_64.sympy__sympy-20801,0.0,r2egym-qwen3-rl-100-steps-1-attempt-4,72,0,token_limit,96,3.1201911328358685e-05,False
slimshetty/swebench-verified:sweb.eval.x86_64.django__django-12663,0.0,r2egym-qwen3-rl-100-steps-1-attempt-4,85,2916,token_limit,135,0.7772998611746911,False
slimshetty/swebench-verified:sweb.eval.x86_64.astropy__astropy-13236,0.0,r2egym-qwen3-rl-100-steps-1-attempt-4,100,2176,abs_step_limit,644,0.5312093733737563,False
slimshetty/swebench-verified:sweb.eval.x86_64.psf__requests-2317,1.0,r2egym-qwen3-rl-100-steps-1-attempt-4,41,1825,max_step_limit,133,0.7981867825403177,True
slimshetty/swebench-verified:sweb.eval.x86_64.django__django-10973,0.0,r2egym-qwen3-rl-100-steps-1-attempt-4,76,5616,token_limit,0,0.8354835432479661,False
slimshetty/swebench-verified:sweb.eval.x86_64.sphinx-doc__sphinx-8056,0.0,r2egym-qwen3-rl-100-steps-1-attempt-4,39,1303,token_limit,31,0.0140636291610713,False
slimshetty/swebench-verified:sweb.eval.x86_64.pytest-dev__pytest-7490,0.0,r2egym-qwen3-rl-100-steps-1-attempt-4,23,1176,agent,77,0.7549149813536518,False
slimshetty/swebench-verified:sweb.eval.x86_64.django__django-16950,0.0,r2egym-qwen3-rl-100-steps-1-attempt-4,62,6850,token_limit,3,0.002182716890066674,False
slimshetty/swebench-verified:sweb.eval.x86_64.sympy__sympy-20916,0.0,r2egym-qwen3-rl-100-steps-1-attempt-4,100,919,abs_step_limit,1,0.10669060317692272,False
slimshetty/swebench-verified:sweb.eval.x86_64.sympy__sympy-15345,0.0,r2egym-qwen3-rl-100-steps-1-attempt-4,100,0,abs_step_limit,8,4.0063687367153544e-05,False
slimshetty/swebench-verified:sweb.eval.x86_64.pytest-dev__pytest-7236,0.0,r2egym-qwen3-rl-100-steps-1-attempt-4,41,2626,max_step_limit,50,0.20181322466072713,False
slimshetty/swebench-verified:sweb.eval.x86_64.scikit-learn__scikit-learn-14894,1.0,r2egym-qwen3-rl-100-steps-1-attempt-4,41,5980,max_step_limit,85,0.8807970842359877,True
slimshetty/swebench-verified:sweb.eval.x86_64.django__django-12143,1.0,r2egym-qwen3-rl-100-steps-1-attempt-4,100,4097,abs_step_limit,52,0.7981867705385762,True
slimshetty/swebench-verified:sweb.eval.x86_64.django__django-12304,1.0,r2egym-qwen3-rl-100-steps-1-attempt-4,70,2226,token_limit,17,0.07585817688736327,True
slimshetty/swebench-verified:sweb.eval.x86_64.scikit-learn__scikit-learn-13135,1.0,r2egym-qwen3-rl-100-steps-1-attempt-4,33,3281,agent,33,0.8807970826714614,True
slimshetty/swebench-verified:sweb.eval.x86_64.sphinx-doc__sphinx-8721,1.0,r2egym-qwen3-rl-100-steps-1-attempt-4,100,2058,abs_step_limit,3,0.7981867873410141,True
slimshetty/swebench-verified:sweb.eval.x86_64.django__django-15467,1.0,r2egym-qwen3-rl-100-steps-1-attempt-4,54,2701,agent_max_step_limit,62,0.651354857898194,True
slimshetty/swebench-verified:sweb.eval.x86_64.django__django-16819,0.0,r2egym-qwen3-rl-100-steps-1-attempt-4,51,5135,agent_max_step_limit,38,0.34864514210180597,False
slimshetty/swebench-verified:sweb.eval.x86_64.matplotlib__matplotlib-24177,0.0,r2egym-qwen3-rl-100-steps-1-attempt-4,100,810,abs_step_limit,768,0.0010322308732556293,False
slimshetty/swebench-verified:sweb.eval.x86_64.django__django-11880,1.0,r2egym-qwen3-rl-100-steps-1-attempt-4,100,1546,abs_step_limit,114,0.8519528000888386,True
slimshetty/swebench-verified:sweb.eval.x86_64.pydata__xarray-6938,0.0,r2egym-qwen3-rl-100-steps-1-attempt-4,34,1542,agent,430,0.8670357718273068,False
slimshetty/swebench-verified:sweb.eval.x86_64.django__django-15098,0.0,r2egym-qwen3-rl-100-steps-1-attempt-4,77,2894,token_limit,87,0.7981867849406659,False
slimshetty/swebench-verified:sweb.eval.x86_64.django__django-12713,1.0,r2egym-qwen3-rl-100-steps-1-attempt-4,39,3936,agent,58,0.817574478416099,True
slimshetty/swebench-verified:sweb.eval.x86_64.matplotlib__matplotlib-25960,0.0,r2egym-qwen3-rl-100-steps-1-attempt-4,78,2582,token_limit,131,0.7549149758396752,False
slimshetty/swebench-verified:sweb.eval.x86_64.sphinx-doc__sphinx-10449,1.0,r2egym-qwen3-rl-100-steps-1-attempt-4,50,3445,agent_max_step_limit,30,0.6791786926816161,True
slimshetty/swebench-verified:sweb.eval.x86_64.scikit-learn__scikit-learn-25973,0.0,r2egym-qwen3-rl-100-steps-1-attempt-4,66,2078,token_limit,72,0.16451645880021026,False
slimshetty/swebench-verified:sweb.eval.x86_64.django__django-16502,0.0,r2egym-qwen3-rl-100-steps-1-attempt-4,68,0,token_limit,4,1.147876675466972e-05,False
slimshetty/swebench-verified:sweb.eval.x86_64.django__django-15268,0.0,r2egym-qwen3-rl-100-steps-1-attempt-4,59,2142,token_limit,126,0.6513548511303336,False
slimshetty/swebench-verified:sweb.eval.x86_64.sympy__sympy-20428,0.0,r2egym-qwen3-rl-100-steps-1-attempt-4,44,1195,agent_max_step_limit,154,0.7549149923816048,False
slimshetty/swebench-verified:sweb.eval.x86_64.django__django-14493,1.0,r2egym-qwen3-rl-100-steps-1-attempt-4,42,2245,agent_max_step_limit,36,0.7310585903489891,True
slimshetty/swebench-verified:sweb.eval.x86_64.django__django-15957,0.0,r2egym-qwen3-rl-100-steps-1-attempt-4,100,2293,abs_step_limit,49,0.24508500761839522,False
slimshetty/swebench-verified:sweb.eval.x86_64.django__django-13158,0.0,r2egym-qwen3-rl-100-steps-1-attempt-4,97,2642,token_limit,29,0.0002959570582136484,False
slimshetty/swebench-verified:sweb.eval.x86_64.sphinx-doc__sphinx-8593,0.0,r2egym-qwen3-rl-100-steps-1-attempt-4,30,906,token_limit,1,0.0002959571301580175,False
slimshetty/swebench-verified:sweb.eval.x86_64.matplotlib__matplotlib-14623,1.0,r2egym-qwen3-rl-100-steps-1-attempt-4,60,1128,agent_max_step_limit,400,0.7549149813536518,True
slimshetty/swebench-verified:sweb.eval.x86_64.sympy__sympy-23950,0.0,r2egym-qwen3-rl-100-steps-1-attempt-4,68,0,token_limit,4,5.8291272379732106e-05,False
slimshetty/swebench-verified:sweb.eval.x86_64.pytest-dev__pytest-7432,1.0,r2egym-qwen3-rl-100-steps-1-attempt-4,44,2815,agent_max_step_limit,77,0.679178699175393,True
slimshetty/swebench-verified:sweb.eval.x86_64.django__django-12406,0.0,r2egym-qwen3-rl-100-steps-1-attempt-4,58,2238,token_limit,155,0.8175744828610095,False
slimshetty/swebench-verified:sweb.eval.x86_64.sympy__sympy-15017,1.0,r2egym-qwen3-rl-100-steps-1-attempt-4,63,3468,agent_max_step_limit,14,0.7772998714925403,True
slimshetty/swebench-verified:sweb.eval.x86_64.django__django-13837,1.0,r2egym-qwen3-rl-100-steps-1-attempt-4,28,2574,agent,57,0.5621765008857981,True
slimshetty/swebench-verified:sweb.eval.x86_64.django__django-10880,0.0,r2egym-qwen3-rl-100-steps-1-attempt-4,34,1711,agent,54,0.8354835391516132,False
slimshetty/swebench-verified:sweb.eval.x86_64.django__django-11477,0.0,r2egym-qwen3-rl-100-steps-1-attempt-4,100,2728,abs_step_limit,0,0.0019267345079622105,False
slimshetty/swebench-verified:sweb.eval.x86_64.django__django-13568,0.0,r2egym-qwen3-rl-100-steps-1-attempt-4,71,2510,token_limit,12,0.817574471748733,False
slimshetty/swebench-verified:sweb.eval.x86_64.django__django-15127,0.0,r2egym-qwen3-rl-100-steps-1-attempt-4,33,1962,agent,1,0.7772998560157665,False
slimshetty/swebench-verified:sweb.eval.x86_64.scikit-learn__scikit-learn-14710,0.0,r2egym-qwen3-rl-100-steps-1-attempt-4,48,1606,agent_max_step_limit,0,0.7772998714925403,False
slimshetty/swebench-verified:sweb.eval.x86_64.scikit-learn__scikit-learn-14087,0.0,r2egym-qwen3-rl-100-steps-1-attempt-4,30,2026,agent,170,0.3486451285660856,False
slimshetty/swebench-verified:sweb.eval.x86_64.django__django-14238,1.0,r2egym-qwen3-rl-100-steps-1-attempt-4,100,1887,abs_step_limit,39,0.8670357477770336,True
slimshetty/swebench-verified:sweb.eval.x86_64.scikit-learn__scikit-learn-12682,0.0,r2egym-qwen3-rl-100-steps-1-attempt-4,38,2354,agent,66,0.7310585727705126,False
slimshetty/swebench-verified:sweb.eval.x86_64.sympy__sympy-13798,0.0,r2egym-qwen3-rl-100-steps-1-attempt-4,100,0,abs_step_limit,102,3.535626333281696e-05,False
slimshetty/swebench-verified:sweb.eval.x86_64.matplotlib__matplotlib-21568,0.0,r2egym-qwen3-rl-100-steps-1-attempt-4,36,2246,agent,73,0.320821300824607,False
slimshetty/swebench-verified:sweb.eval.x86_64.sympy__sympy-21930,0.0,r2egym-qwen3-rl-100-steps-1-attempt-4,100,1923,abs_step_limit,45,0.8354835289107307,False
slimshetty/swebench-verified:sweb.eval.x86_64.django__django-13279,0.0,r2egym-qwen3-rl-100-steps-1-attempt-4,100,3121,abs_step_limit,346,0.5621765008857981,False
slimshetty/swebench-verified:sweb.eval.x86_64.sympy__sympy-12419,0.0,r2egym-qwen3-rl-100-steps-1-attempt-4,100,880,abs_step_limit,0,0.0010322312525929969,False
slimshetty/swebench-verified:sweb.eval.x86_64.sphinx-doc__sphinx-8551,0.0,r2egym-qwen3-rl-100-steps-1-attempt-4,27,1413,agent,32,0.7981867753392728,False
slimshetty/swebench-verified:sweb.eval.x86_64.astropy__astropy-7671,0.0,r2egym-qwen3-rl-100-steps-1-attempt-4,41,1723,max_step_limit,0,0.7772998663336158,False
slimshetty/swebench-verified:sweb.eval.x86_64.django__django-16938,0.0,r2egym-qwen3-rl-100-steps-1-attempt-4,100,4142,token_limit,65,0.7981867705385762,False
slimshetty/swebench-verified:sweb.eval.x86_64.sphinx-doc__sphinx-11510,0.0,r2egym-qwen3-rl-100-steps-1-attempt-4,100,1121,abs_step_limit,7,0.0019267349543575438,False
slimshetty/swebench-verified:sweb.eval.x86_64.matplotlib__matplotlib-22865,0.0,r2egym-qwen3-rl-100-steps-1-attempt-4,88,1827,token_limit,0,0.00017952800719214757,False
slimshetty/swebench-verified:sweb.eval.x86_64.django__django-15731,1.0,r2egym-qwen3-rl-100-steps-1-attempt-4,29,1891,agent,58,0.7310585727705127,True
slimshetty/swebench-verified:sweb.eval.x86_64.django__django-15563,1.0,r2egym-qwen3-rl-100-steps-1-attempt-4,92,5173,token_limit,29,0.1192029235866439,True
slimshetty/swebench-verified:sweb.eval.x86_64.django__django-14608,1.0,r2egym-qwen3-rl-100-steps-1-attempt-4,41,1969,max_step_limit,394,0.8933094046341532,True
slimshetty/swebench-verified:sweb.eval.x86_64.django__django-16527,1.0,r2egym-qwen3-rl-100-steps-1-attempt-4,100,1806,abs_step_limit,6,0.7772998663336157,True
slimshetty/swebench-verified:sweb.eval.x86_64.sympy__sympy-24562,1.0,r2egym-qwen3-rl-100-steps-1-attempt-4,24,426,agent,105,0.8933094003735663,True
slimshetty/swebench-verified:sweb.eval.x86_64.django__django-16631,0.0,r2egym-qwen3-rl-100-steps-1-attempt-4,97,1387,token_limit,12,0.8519527963298947,False
slimshetty/swebench-verified:sweb.eval.x86_64.pytest-dev__pytest-5840,0.0,r2egym-qwen3-rl-100-steps-1-attempt-4,13,617,agent,51,0.8354835289107307,False
slimshetty/swebench-verified:sweb.eval.x86_64.django__django-15732,0.0,r2egym-qwen3-rl-100-steps-1-attempt-4,100,2520,abs_step_limit,125,0.6791787056691698,False
slimshetty/swebench-verified:sweb.eval.x86_64.sympy__sympy-15875,0.0,r2egym-qwen3-rl-100-steps-1-attempt-4,49,828,agent_max_step_limit,80,0.8354835391516133,False
slimshetty/swebench-verified:sweb.eval.x86_64.django__django-16595,1.0,r2egym-qwen3-rl-100-steps-1-attempt-4,28,3770,agent,37,0.8519528076067262,True
slimshetty/swebench-verified:sweb.eval.x86_64.sphinx-doc__sphinx-7440,0.0,r2egym-qwen3-rl-100-steps-1-attempt-4,100,906,abs_step_limit,12,0.00015843629165593985,False
slimshetty/swebench-verified:sweb.eval.x86_64.pytest-dev__pytest-7571,1.0,r2egym-qwen3-rl-100-steps-1-attempt-4,29,834,agent,14,0.8519528019683106,True
slimshetty/swebench-verified:sweb.eval.x86_64.astropy__astropy-13398,0.0,r2egym-qwen3-rl-100-steps-1-attempt-4,33,3590,agent,63,0.7310585903489891,False
slimshetty/swebench-verified:sweb.eval.x86_64.django__django-13794,0.0,r2egym-qwen3-rl-100-steps-1-attempt-4,43,2027,agent_max_step_limit,20,0.7981867849406659,False
slimshetty/swebench-verified:sweb.eval.x86_64.django__django-14404,0.0,r2egym-qwen3-rl-100-steps-1-attempt-4,95,3971,token_limit,323,0.11920292828022307,False
slimshetty/swebench-verified:sweb.eval.x86_64.django__django-10999,0.0,r2egym-qwen3-rl-100-steps-1-attempt-4,25,555,agent,10,0.37754066879814546,False
slimshetty/swebench-verified:sweb.eval.x86_64.sympy__sympy-24213,1.0,r2egym-qwen3-rl-100-steps-1-attempt-4,42,4726,agent_max_step_limit,31,0.8807970670261976,True
slimshetty/swebench-verified:sweb.eval.x86_64.django__django-11095,1.0,r2egym-qwen3-rl-100-steps-1-attempt-4,69,3900,agent_max_step_limit,19,0.7549149978955811,True
slimshetty/swebench-verified:sweb.eval.x86_64.sphinx-doc__sphinx-9230,0.0,r2egym-qwen3-rl-100-steps-1-attempt-4,100,3769,abs_step_limit,44,0.867035771827307,False
slimshetty/swebench-verified:sweb.eval.x86_64.django__django-11999,0.0,r2egym-qwen3-rl-100-steps-1-attempt-4,100,1494,abs_step_limit,30,0.0035936027414893478,False
slimshetty/swebench-verified:sweb.eval.x86_64.pydata__xarray-2905,1.0,r2egym-qwen3-rl-100-steps-1-attempt-4,91,1612,token_limit,364,0.731058584489497,True
slimshetty/swebench-verified:sweb.eval.x86_64.pydata__xarray-7393,0.0,r2egym-qwen3-rl-100-steps-1-attempt-4,77,0,token_limit,71,0.00015843623449655312,False
slimshetty/swebench-verified:sweb.eval.x86_64.sphinx-doc__sphinx-8475,1.0,r2egym-qwen3-rl-100-steps-1-attempt-4,43,2847,agent_max_step_limit,17,0.8354835391516133,True
slimshetty/swebench-verified:sweb.eval.x86_64.astropy__astropy-14182,0.0,r2egym-qwen3-rl-100-steps-1-attempt-4,65,2028,token_limit,0,0.00970847776188785,False
slimshetty/swebench-verified:sweb.eval.x86_64.pydata__xarray-6599,0.0,r2egym-qwen3-rl-100-steps-1-attempt-4,38,4936,token_limit,263,0.5,False
slimshetty/swebench-verified:sweb.eval.x86_64.django__django-13786,1.0,r2egym-qwen3-rl-100-steps-1-attempt-4,41,5315,max_step_limit,33,0.8175744828610095,True
slimshetty/swebench-verified:sweb.eval.x86_64.scikit-learn__scikit-learn-12973,0.0,r2egym-qwen3-rl-100-steps-1-attempt-4,57,3186,token_limit,31,0.0600866545922063,False
slimshetty/swebench-verified:sweb.eval.x86_64.django__django-13516,0.0,r2egym-qwen3-rl-100-steps-1-attempt-4,100,829,abs_step_limit,43,0.0052201262980887606,False
slimshetty/swebench-verified:sweb.eval.x86_64.mwaskom__seaborn-3187,0.0,r2egym-qwen3-rl-100-steps-1-attempt-4,100,1164,abs_step_limit,248,0.5,False
slimshetty/swebench-verified:sweb.eval.x86_64.pytest-dev__pytest-7521,1.0,r2egym-qwen3-rl-100-steps-1-attempt-4,43,864,agent_max_step_limit,125,0.8670357701094303,True
slimshetty/swebench-verified:sweb.eval.x86_64.django__django-16899,1.0,r2egym-qwen3-rl-100-steps-1-attempt-4,62,2877,token_limit,54,0.8807970779778824,True
slimshetty/swebench-verified:sweb.eval.x86_64.django__django-12155,1.0,r2egym-qwen3-rl-100-steps-1-attempt-4,98,4399,token_limit,6,0.8807970795424088,True
slimshetty/swebench-verified:sweb.eval.x86_64.pytest-dev__pytest-8399,1.0,r2egym-qwen3-rl-100-steps-1-attempt-4,78,1330,token_limit,59,0.7057850278370112,True
slimshetty/swebench-verified:sweb.eval.x86_64.matplotlib__matplotlib-26208,0.0,r2egym-qwen3-rl-100-steps-1-attempt-4,63,1006,token_limit,810,0.00669285033299804,False
slimshetty/swebench-verified:sweb.eval.x86_64.django__django-16801,1.0,r2egym-qwen3-rl-100-steps-1-attempt-4,100,2364,abs_step_limit,17,0.817574471748733,True
slimshetty/swebench-verified:sweb.eval.x86_64.matplotlib__matplotlib-20676,0.0,r2egym-qwen3-rl-100-steps-1-attempt-4,39,0,token_limit,32,3.1201911361276113e-05,False
slimshetty/swebench-verified:sweb.eval.x86_64.sphinx-doc__sphinx-10323,0.0,r2egym-qwen3-rl-100-steps-1-attempt-4,24,3855,agent,38,0.7981867825403177,False
slimshetty/swebench-verified:sweb.eval.x86_64.sphinx-doc__sphinx-10673,0.0,r2egym-qwen3-rl-100-steps-1-attempt-4,100,3299,abs_step_limit,9,0.880797071719777,False
slimshetty/swebench-verified:sweb.eval.x86_64.django__django-14122,0.0,r2egym-qwen3-rl-100-steps-1-attempt-4,64,0,token_limit,26,6.605213667550255e-05,False
slimshetty/swebench-verified:sweb.eval.x86_64.sphinx-doc__sphinx-7462,0.0,r2egym-qwen3-rl-100-steps-1-attempt-4,44,1083,agent_max_step_limit,49,0.7981867849406659,False
slimshetty/swebench-verified:sweb.eval.x86_64.django__django-11087,0.0,r2egym-qwen3-rl-100-steps-1-attempt-4,57,0,token_limit,41,3.5356259106723956e-05,False
slimshetty/swebench-verified:sweb.eval.x86_64.pylint-dev__pylint-4661,0.0,r2egym-qwen3-rl-100-steps-1-attempt-4,90,2374,token_limit,0,0.7549149813536518,False
slimshetty/swebench-verified:sweb.eval.x86_64.django__django-14170,0.0,r2egym-qwen3-rl-100-steps-1-attempt-4,100,2160,abs_step_limit,0,0.0017007222847394497,False
slimshetty/swebench-verified:sweb.eval.x86_64.sphinx-doc__sphinx-8621,1.0,r2egym-qwen3-rl-100-steps-1-attempt-4,33,4438,token_limit,31,0.22270014398423357,True
slimshetty/swebench-verified:sweb.eval.x86_64.sphinx-doc__sphinx-9461,0.0,r2egym-qwen3-rl-100-steps-1-attempt-4,78,2705,token_limit,59,0.5312093733737563,False
slimshetty/swebench-verified:sweb.eval.x86_64.matplotlib__matplotlib-22871,0.0,r2egym-qwen3-rl-100-steps-1-attempt-4,41,4690,max_step_limit,77,0.4378234991142019,False
slimshetty/swebench-verified:sweb.eval.x86_64.django__django-13112,0.0,r2egym-qwen3-rl-100-steps-1-attempt-4,63,0,token_limit,63,6.605212081843964e-05,False
slimshetty/swebench-verified:sweb.eval.x86_64.psf__requests-1766,1.0,r2egym-qwen3-rl-100-steps-1-attempt-4,22,617,agent,79,0.5926665999540698,True
slimshetty/swebench-verified:sweb.eval.x86_64.django__django-13925,0.0,r2egym-qwen3-rl-100-steps-1-attempt-4,62,0,token_limit,24,7.484623593296888e-05,False
slimshetty/swebench-verified:sweb.eval.x86_64.matplotlib__matplotlib-24627,1.0,r2egym-qwen3-rl-100-steps-1-attempt-4,41,964,max_step_limit,776,0.8670357580842941,True
slimshetty/swebench-verified:sweb.eval.x86_64.sphinx-doc__sphinx-10466,0.0,r2egym-qwen3-rl-100-steps-1-attempt-4,43,1925,agent_max_step_limit,6,0.7981867753392728,False
slimshetty/swebench-verified:sweb.eval.x86_64.django__django-16139,0.0,r2egym-qwen3-rl-100-steps-1-attempt-4,91,6695,token_limit,0,0.7772998714925403,False
slimshetty/swebench-verified:sweb.eval.x86_64.django__django-16493,1.0,r2egym-qwen3-rl-100-steps-1-attempt-4,28,2380,agent,91,0.867035771827307,True
slimshetty/swebench-verified:sweb.eval.x86_64.matplotlib__matplotlib-22719,1.0,r2egym-qwen3-rl-100-steps-1-attempt-4,42,3139,agent_max_step_limit,68,0.5926665999540698,True
slimshetty/swebench-verified:sweb.eval.x86_64.scikit-learn__scikit-learn-14629,0.0,r2egym-qwen3-rl-100-steps-1-attempt-4,57,2917,agent_max_step_limit,26,0.6513548782017745,False
slimshetty/swebench-verified:sweb.eval.x86_64.matplotlib__matplotlib-20859,1.0,r2egym-qwen3-rl-100-steps-1-attempt-4,55,1624,agent_max_step_limit,88,0.8519527982093666,True
slimshetty/swebench-verified:sweb.eval.x86_64.django__django-11179,1.0,r2egym-qwen3-rl-100-steps-1-attempt-4,46,3957,agent_max_step_limit,40,0.8175744828610095,True
slimshetty/swebench-verified:sweb.eval.x86_64.django__django-15695,0.0,r2egym-qwen3-rl-100-steps-1-attempt-4,100,5934,abs_step_limit,123,0.3486451285660856,False
slimshetty/swebench-verified:sweb.eval.x86_64.sphinx-doc__sphinx-9591,0.0,r2egym-qwen3-rl-100-steps-1-attempt-4,52,1296,token_limit,44,0.037326887745718636,False
slimshetty/swebench-verified:sweb.eval.x86_64.sympy__sympy-13647,1.0,r2egym-qwen3-rl-100-steps-1-attempt-4,41,799,token_limit,76,0.16451645880021024,True
slimshetty/swebench-verified:sweb.eval.x86_64.django__django-16661,1.0,r2egym-qwen3-rl-100-steps-1-attempt-4,40,5036,agent,36,0.8807970889295663,True
slimshetty/swebench-verified:sweb.eval.x86_64.sphinx-doc__sphinx-7889,1.0,r2egym-qwen3-rl-100-steps-1-attempt-4,100,954,abs_step_limit,5,0.679178699175393,True
slimshetty/swebench-verified:sweb.eval.x86_64.sympy__sympy-22080,0.0,r2egym-qwen3-rl-100-steps-1-attempt-4,40,442,agent,91,0.7772998560157665,False
slimshetty/swebench-verified:sweb.eval.x86_64.django__django-11728,0.0,r2egym-qwen3-rl-100-steps-1-attempt-4,100,0,abs_step_limit,43,1.0129988559492579e-05,False
slimshetty/swebench-verified:sweb.eval.x86_64.django__django-11820,0.0,r2egym-qwen3-rl-100-steps-1-attempt-4,99,3738,token_limit,61,0.11920292358664392,False
slimshetty/swebench-verified:sweb.eval.x86_64.django__django-10914,1.0,r2egym-qwen3-rl-100-steps-1-attempt-4,28,2283,agent,98,0.7549149758396752,True
slimshetty/swebench-verified:sweb.eval.x86_64.scikit-learn__scikit-learn-11310,1.0,r2egym-qwen3-rl-100-steps-1-attempt-4,26,1059,agent,50,0.8354835411997898,True
slimshetty/swebench-verified:sweb.eval.x86_64.pylint-dev__pylint-6386,0.0,r2egym-qwen3-rl-100-steps-1-attempt-4,100,0,abs_step_limit,7,1.4738976696371488e-05,False
slimshetty/swebench-verified:sweb.eval.x86_64.django__django-12050,1.0,r2egym-qwen3-rl-100-steps-1-attempt-4,14,4493,agent,10,0.880797068590724,True
slimshetty/swebench-verified:sweb.eval.x86_64.django__django-15930,0.0,r2egym-qwen3-rl-100-steps-1-attempt-4,47,2985,token_limit,0,0.010986940849479475,False
slimshetty/swebench-verified:sweb.eval.x86_64.django__django-14311,0.0,r2egym-qwen3-rl-100-steps-1-attempt-4,100,3767,abs_step_limit,56,0.8354835309589074,False
slimshetty/swebench-verified:sweb.eval.x86_64.scikit-learn__scikit-learn-12585,1.0,r2egym-qwen3-rl-100-steps-1-attempt-4,16,555,agent,22,0.8175744850834648,True
slimshetty/swebench-verified:sweb.eval.x86_64.django__django-11790,0.0,r2egym-qwen3-rl-100-steps-1-attempt-4,58,2145,token_limit,76,0.18242552602881168,False
slimshetty/swebench-verified:sweb.eval.x86_64.sphinx-doc__sphinx-8638,0.0,r2egym-qwen3-rl-100-steps-1-attempt-4,100,906,abs_step_limit,34,0.0011695101803339434,False
slimshetty/swebench-verified:sweb.eval.x86_64.django__django-16429,0.0,r2egym-qwen3-rl-100-steps-1-attempt-4,48,2423,token_limit,11,0.033085975885990035,False
slimshetty/swebench-verified:sweb.eval.x86_64.sphinx-doc__sphinx-9258,0.0,r2egym-qwen3-rl-100-steps-1-attempt-4,78,4219,token_limit,45,0.0059110675373543866,False
slimshetty/swebench-verified:sweb.eval.x86_64.sphinx-doc__sphinx-11445,1.0,r2egym-qwen3-rl-100-steps-1-attempt-4,27,4404,agent,8,0.8519528038477824,True
slimshetty/swebench-verified:sweb.eval.x86_64.sympy__sympy-22714,1.0,r2egym-qwen3-rl-100-steps-1-attempt-4,47,1634,agent_max_step_limit,11,0.8670357649558006,True
slimshetty/swebench-verified:sweb.eval.x86_64.matplotlib__matplotlib-26113,1.0,r2egym-qwen3-rl-100-steps-1-attempt-4,66,2408,token_limit,812,0.7310585727705127,True
slimshetty/swebench-verified:sweb.eval.x86_64.django__django-15572,1.0,r2egym-qwen3-rl-100-steps-1-attempt-4,100,2579,abs_step_limit,10,0.7772998560157665,True
slimshetty/swebench-verified:sweb.eval.x86_64.django__django-11400,0.0,r2egym-qwen3-rl-100-steps-1-attempt-4,61,6169,agent_max_step_limit,56,0.34864513533394575,False
slimshetty/swebench-verified:sweb.eval.x86_64.django__django-15629,0.0,r2egym-qwen3-rl-100-steps-1-attempt-4,62,6533,token_limit,115,0.7057850278370112,False
slimshetty/swebench-verified:sweb.eval.x86_64.django__django-14915,1.0,r2egym-qwen3-rl-100-steps-1-attempt-4,58,2208,token_limit,23,0.7772998663336158,True
slimshetty/swebench-verified:sweb.eval.x86_64.django__django-15554,0.0,r2egym-qwen3-rl-100-steps-1-attempt-4,100,2777,abs_step_limit,41,0.5,False
slimshetty/swebench-verified:sweb.eval.x86_64.sympy__sympy-13480,1.0,r2egym-qwen3-rl-100-steps-1-attempt-4,40,3596,agent,43,0.8354835350552604,True
slimshetty/swebench-verified:sweb.eval.x86_64.django__django-16485,1.0,r2egym-qwen3-rl-100-steps-1-attempt-4,64,2181,agent_max_step_limit,9,0.7981867801399694,True
slimshetty/swebench-verified:sweb.eval.x86_64.sympy__sympy-21847,1.0,r2egym-qwen3-rl-100-steps-1-attempt-4,23,1727,agent,9,0.8670357580842941,True
slimshetty/swebench-verified:sweb.eval.x86_64.django__django-16569,1.0,r2egym-qwen3-rl-100-steps-1-attempt-4,66,1361,token_limit,111,0.8670357615200474,True
slimshetty/swebench-verified:sweb.eval.x86_64.sympy__sympy-17318,0.0,r2egym-qwen3-rl-100-steps-1-attempt-4,32,914,agent,10,0.8175744717487329,False
slimshetty/swebench-verified:sweb.eval.x86_64.sphinx-doc__sphinx-9367,1.0,r2egym-qwen3-rl-100-steps-1-attempt-4,60,2034,token_limit,25,0.4378234991142019,True
slimshetty/swebench-verified:sweb.eval.x86_64.pydata__xarray-4356,1.0,r2egym-qwen3-rl-100-steps-1-attempt-4,41,844,max_step_limit,604,0.8670357683915538,True
slimshetty/swebench-verified:sweb.eval.x86_64.matplotlib__matplotlib-23299,0.0,r2egym-qwen3-rl-100-steps-1-attempt-4,34,626,agent,192,0.8670357563664174,False
slimshetty/swebench-verified:sweb.eval.x86_64.sympy__sympy-24661,1.0,r2egym-qwen3-rl-100-steps-1-attempt-4,41,3658,max_step_limit,27,0.7981867705385762,True
slimshetty/swebench-verified:sweb.eval.x86_64.django__django-16082,1.0,r2egym-qwen3-rl-100-steps-1-attempt-4,20,4370,agent,170,0.7549149868676283,True
slimshetty/swebench-verified:sweb.eval.x86_64.django__django-14787,1.0,r2egym-qwen3-rl-100-steps-1-attempt-4,27,3025,agent,20,0.8933093961129794,True
slimshetty/swebench-verified:sweb.eval.x86_64.matplotlib__matplotlib-24149,1.0,r2egym-qwen3-rl-100-steps-1-attempt-4,100,1564,abs_step_limit,767,0.5621765008857981,True
slimshetty/swebench-verified:sweb.eval.x86_64.django__django-12774,0.0,r2egym-qwen3-rl-100-steps-1-attempt-4,100,4847,abs_step_limit,0,0.0046095731109340255,False
slimshetty/swebench-verified:sweb.eval.x86_64.django__django-17087,0.0,r2egym-qwen3-rl-100-steps-1-attempt-4,100,4124,abs_step_limit,0,0.2942149783515163,False
slimshetty/swebench-verified:sweb.eval.x86_64.sympy__sympy-16792,0.0,r2egym-qwen3-rl-100-steps-1-attempt-4,88,0,token_limit,54,6.605215242684585e-05,False
slimshetty/swebench-verified:sweb.eval.x86_64.django__django-13551,0.0,r2egym-qwen3-rl-100-steps-1-attempt-4,100,2481,abs_step_limit,56,0.7310585786300049,False
slimshetty/swebench-verified:sweb.eval.x86_64.django__django-12754,0.0,r2egym-qwen3-rl-100-steps-1-attempt-4,100,2812,abs_step_limit,104,0.7549149813536518,False
slimshetty/swebench-verified:sweb.eval.x86_64.scikit-learn__scikit-learn-26323,1.0,r2egym-qwen3-rl-100-steps-1-attempt-4,27,585,agent,188,0.9149009561531424,True
slimshetty/swebench-verified:sweb.eval.x86_64.pydata__xarray-4966,1.0,r2egym-qwen3-rl-100-steps-1-attempt-4,34,1021,agent,21,0.880797076413356,True
slimshetty/swebench-verified:sweb.eval.x86_64.sympy__sympy-13615,0.0,r2egym-qwen3-rl-100-steps-1-attempt-4,48,1057,token_limit,67,0.0052201265930996036,False
slimshetty/swebench-verified:sweb.eval.x86_64.sympy__sympy-20590,1.0,r2egym-qwen3-rl-100-steps-1-attempt-4,38,1229,agent,21,0.7772998663336157,True
slimshetty/swebench-verified:sweb.eval.x86_64.django__django-13033,0.0,r2egym-qwen3-rl-100-steps-1-attempt-4,100,0,abs_step_limit,26,8.481106125749372e-05,False
slimshetty/swebench-verified:sweb.eval.x86_64.django__django-11555,0.0,r2egym-qwen3-rl-100-steps-1-attempt-4,56,3319,agent_max_step_limit,25,0.6224593312018546,False
slimshetty/swebench-verified:sweb.eval.x86_64.django__django-14376,0.0,r2egym-qwen3-rl-100-steps-1-attempt-4,29,1955,agent,6,0.8175744739711883,False
slimshetty/swebench-verified:sweb.eval.x86_64.django__django-11964,0.0,r2egym-qwen3-rl-100-steps-1-attempt-4,79,0,token_limit,15,5.1442238043702974e-05,False
slimshetty/swebench-verified:sweb.eval.x86_64.django__django-13012,0.0,r2egym-qwen3-rl-100-steps-1-attempt-4,65,3019,token_limit,135,0.34864513533394575,False
slimshetty/swebench-verified:sweb.eval.x86_64.django__django-17029,1.0,r2egym-qwen3-rl-100-steps-1-attempt-4,100,2477,abs_step_limit,43,0.8354835330070839,True
slimshetty/swebench-verified:sweb.eval.x86_64.django__django-11163,1.0,r2egym-qwen3-rl-100-steps-1-attempt-4,64,2764,agent_max_step_limit,141,0.8670357632379241,True
slimshetty/swebench-verified:sweb.eval.x86_64.sympy__sympy-18189,1.0,r2egym-qwen3-rl-100-steps-1-attempt-4,27,2725,agent,41,0.8670357477770336,True
slimshetty/swebench-verified:sweb.eval.x86_64.django__django-14315,0.0,r2egym-qwen3-rl-100-steps-1-attempt-4,100,2149,abs_step_limit,0,0.7549149978955811,False
slimshetty/swebench-verified:sweb.eval.x86_64.pytest-dev__pytest-5631,0.0,r2egym-qwen3-rl-100-steps-1-attempt-4,33,1272,agent,15,0.7549149813536518,False
slimshetty/swebench-verified:sweb.eval.x86_64.django__django-14725,0.0,r2egym-qwen3-rl-100-steps-1-attempt-4,87,4929,token_limit,64,0.14804719803168945,False
slimshetty/swebench-verified:sweb.eval.x86_64.scikit-learn__scikit-learn-25232,0.0,r2egym-qwen3-rl-100-steps-1-attempt-4,68,2598,token_limit,213,0.012431652671183199,False
slimshetty/swebench-verified:sweb.eval.x86_64.pytest-dev__pytest-10081,1.0,r2egym-qwen3-rl-100-steps-1-attempt-4,41,3338,max_step_limit,63,0.867035763237924,True
slimshetty/swebench-verified:sweb.eval.x86_64.django__django-15161,0.0,r2egym-qwen3-rl-100-steps-1-attempt-4,100,0,abs_step_limit,208,5.1442195197777694e-05,False
slimshetty/swebench-verified:sweb.eval.x86_64.django__django-12209,1.0,r2egym-qwen3-rl-100-steps-1-attempt-4,100,2138,abs_step_limit,0,0.6791787056691698,True
slimshetty/swebench-verified:sweb.eval.x86_64.astropy__astropy-14309,1.0,r2egym-qwen3-rl-100-steps-1-attempt-4,48,477,token_limit,141,0.8807970701552505,True
slimshetty/swebench-verified:sweb.eval.x86_64.matplotlib__matplotlib-24570,1.0,r2egym-qwen3-rl-100-steps-1-attempt-4,29,2356,agent,267,0.6513548646660543,True
slimshetty/swebench-verified:sweb.eval.x86_64.sphinx-doc__sphinx-10435,0.0,r2egym-qwen3-rl-100-steps-1-attempt-4,100,4267,abs_step_limit,74,0.14804719803168948,False
slimshetty/swebench-verified:sweb.eval.x86_64.sphinx-doc__sphinx-9658,0.0,r2egym-qwen3-rl-100-steps-1-attempt-4,96,942,token_limit,24,0.0011695104535372352,False
slimshetty/swebench-verified:sweb.eval.x86_64.matplotlib__matplotlib-25287,1.0,r2egym-qwen3-rl-100-steps-1-attempt-4,100,2501,abs_step_limit,786,0.8670357666736772,True
slimshetty/swebench-verified:sweb.eval.x86_64.django__django-14580,1.0,r2egym-qwen3-rl-100-steps-1-attempt-4,59,1368,agent_max_step_limit,49,0.8519527963298946,True
slimshetty/swebench-verified:sweb.eval.x86_64.matplotlib__matplotlib-20488,0.0,r2egym-qwen3-rl-100-steps-1-attempt-4,62,2855,token_limit,111,0.005911068087347653,False
slimshetty/swebench-verified:sweb.eval.x86_64.scikit-learn__scikit-learn-13328,1.0,r2egym-qwen3-rl-100-steps-1-attempt-4,18,1306,agent,9,0.8519528038477825,True
slimshetty/swebench-verified:sweb.eval.x86_64.django__django-15741,0.0,r2egym-qwen3-rl-100-steps-1-attempt-4,53,516,token_limit,104,0.0015011823361337057,False
slimshetty/swebench-verified:sweb.eval.x86_64.sphinx-doc__sphinx-7748,0.0,r2egym-qwen3-rl-100-steps-1-attempt-4,49,0,token_limit,12,1.473898899742027e-05,False
slimshetty/swebench-verified:sweb.eval.x86_64.sympy__sympy-14248,0.0,r2egym-qwen3-rl-100-steps-1-attempt-4,48,1635,token_limit,431,0.010986944280147603,False
slimshetty/swebench-verified:sweb.eval.x86_64.django__django-11119,1.0,r2egym-qwen3-rl-100-steps-1-attempt-4,12,485,agent,7,0.8933094046341532,True
slimshetty/swebench-verified:sweb.eval.x86_64.django__django-13406,0.0,r2egym-qwen3-rl-100-steps-1-attempt-4,100,2691,abs_step_limit,30,0.04208773106961129,False
slimshetty/swebench-verified:sweb.eval.x86_64.pytest-dev__pytest-5809,1.0,r2egym-qwen3-rl-100-steps-1-attempt-4,32,5493,agent,3,0.7310585669110202,True
slimshetty/swebench-verified:sweb.eval.x86_64.django__django-13028,0.0,r2egym-qwen3-rl-100-steps-1-attempt-4,40,0,token_limit,276,0.00012339458897419825,False
slimshetty/swebench-verified:sweb.eval.x86_64.astropy__astropy-14369,0.0,r2egym-qwen3-rl-100-steps-1-attempt-4,23,1115,agent,730,0.8175744673038222,False
slimshetty/swebench-verified:sweb.eval.x86_64.sympy__sympy-15599,0.0,r2egym-qwen3-rl-100-steps-1-attempt-4,69,3160,token_limit,76,0.002800927463311383,False
slimshetty/swebench-verified:sweb.eval.x86_64.matplotlib__matplotlib-20826,0.0,r2egym-qwen3-rl-100-steps-1-attempt-4,64,1236,token_limit,673,0.3775406687981454,False
slimshetty/swebench-verified:sweb.eval.x86_64.django__django-14434,0.0,r2egym-qwen3-rl-100-steps-1-attempt-4,21,2047,agent,0,0.8354835391516132,False
slimshetty/swebench-verified:sweb.eval.x86_64.django__django-15851,1.0,r2egym-qwen3-rl-100-steps-1-attempt-4,100,2838,abs_step_limit,8,0.017986208744815498,True
slimshetty/swebench-verified:sweb.eval.x86_64.django__django-14534,0.0,r2egym-qwen3-rl-100-steps-1-attempt-4,75,1300,token_limit,118,0.7310585903489891,False
slimshetty/swebench-verified:sweb.eval.x86_64.sphinx-doc__sphinx-9320,1.0,r2egym-qwen3-rl-100-steps-1-attempt-4,12,1765,agent,9,0.8670357546485407,True
slimshetty/swebench-verified:sweb.eval.x86_64.astropy__astropy-14508,0.0,r2egym-qwen3-rl-100-steps-1-attempt-4,5,0,token_limit,174,0.00012339463311067254,False
slimshetty/swebench-verified:sweb.eval.x86_64.pydata__xarray-6461,1.0,r2egym-qwen3-rl-100-steps-1-attempt-4,26,1392,agent,247,0.798186784940666,True
slimshetty/swebench-verified:sweb.eval.x86_64.django__django-15280,0.0,r2egym-qwen3-rl-100-steps-1-attempt-4,62,0,token_limit,85,0.0002611903667911478,False
slimshetty/swebench-verified:sweb.eval.x86_64.django__django-13023,0.0,r2egym-qwen3-rl-100-steps-1-attempt-4,26,1591,agent,9,0.7310585786300048,False
slimshetty/swebench-verified:sweb.eval.x86_64.astropy__astropy-14096,0.0,r2egym-qwen3-rl-100-steps-1-attempt-4,32,2047,token_limit,426,0.0031726825685614636,False
slimshetty/swebench-verified:sweb.eval.x86_64.pytest-dev__pytest-7324,0.0,r2egym-qwen3-rl-100-steps-1-attempt-4,41,0,max_step_limit,58,0.0002959570976861762,False
slimshetty/swebench-verified:sweb.eval.x86_64.django__django-13807,0.0,r2egym-qwen3-rl-100-steps-1-attempt-4,41,807,token_limit,38,0.880797071719777,False
slimshetty/swebench-verified:sweb.eval.x86_64.pytest-dev__pytest-5787,0.0,r2egym-qwen3-rl-100-steps-1-attempt-4,56,0,token_limit,123,5.14421951322801e-05,False
slimshetty/swebench-verified:sweb.eval.x86_64.pylint-dev__pylint-4970,0.0,r2egym-qwen3-rl-100-steps-1-attempt-4,47,2473,agent_max_step_limit,4,0.2018132174596823,False
slimshetty/swebench-verified:sweb.eval.x86_64.pytest-dev__pytest-6197,0.0,r2egym-qwen3-rl-100-steps-1-attempt-4,100,4249,abs_step_limit,145,0.0004305570251103315,False
slimshetty/swebench-verified:sweb.eval.x86_64.django__django-13810,1.0,r2egym-qwen3-rl-100-steps-1-attempt-4,45,2922,agent_max_step_limit,30,0.8175744761936437,True
slimshetty/swebench-verified:sweb.eval.x86_64.django__django-16100,0.0,r2egym-qwen3-rl-100-steps-1-attempt-4,94,4569,token_limit,57,0.017986210093688976,False
slimshetty/swebench-verified:sweb.eval.x86_64.pydata__xarray-4687,1.0,r2egym-qwen3-rl-100-steps-1-attempt-4,43,1852,agent_max_step_limit,1717,0.6791786926816161,True
slimshetty/swebench-verified:sweb.eval.x86_64.sphinx-doc__sphinx-7590,0.0,r2egym-qwen3-rl-100-steps-1-attempt-4,80,2287,token_limit,24,0.6791787121629466,False
slimshetty/swebench-verified:sweb.eval.x86_64.sphinx-doc__sphinx-9698,0.0,r2egym-qwen3-rl-100-steps-1-attempt-4,100,2009,abs_step_limit,45,0.00020342694747018628,False
slimshetty/swebench-verified:sweb.eval.x86_64.sympy__sympy-14531,0.0,r2egym-qwen3-rl-100-steps-1-attempt-4,69,4924,token_limit,80,0.5,False
slimshetty/swebench-verified:sweb.eval.x86_64.django__django-13569,1.0,r2egym-qwen3-rl-100-steps-1-attempt-4,60,2300,agent_max_step_limit,66,0.798186787341014,True
slimshetty/swebench-verified:sweb.eval.x86_64.astropy__astropy-14539,1.0,r2egym-qwen3-rl-100-steps-1-attempt-4,22,1041,agent,46,0.8519528094861981,True
slimshetty/swebench-verified:sweb.eval.x86_64.sympy__sympy-13878,0.0,r2egym-qwen3-rl-100-steps-1-attempt-4,46,4526,agent_max_step_limit,19,0.5926665999540698,False
slimshetty/swebench-verified:sweb.eval.x86_64.sphinx-doc__sphinx-8120,1.0,r2egym-qwen3-rl-100-steps-1-attempt-4,100,1515,abs_step_limit,44,0.37754066879814546,True
slimshetty/swebench-verified:sweb.eval.x86_64.sympy__sympy-18211,0.0,r2egym-qwen3-rl-100-steps-1-attempt-4,75,4285,token_limit,0,0.017986208843513554,False
slimshetty/swebench-verified:sweb.eval.x86_64.django__django-16136,0.0,r2egym-qwen3-rl-100-steps-1-attempt-4,42,1858,agent_max_step_limit,7,0.7549149868676283,False
slimshetty/swebench-verified:sweb.eval.x86_64.sympy__sympy-12489,0.0,r2egym-qwen3-rl-100-steps-1-attempt-4,96,3374,token_limit,0,0.002182716483884326,False
slimshetty/swebench-verified:sweb.eval.x86_64.django__django-11951,0.0,r2egym-qwen3-rl-100-steps-1-attempt-4,100,2974,abs_step_limit,21,0.7981867777396212,False
slimshetty/swebench-verified:sweb.eval.x86_64.django__django-11433,0.0,r2egym-qwen3-rl-100-steps-1-attempt-4,100,1841,abs_step_limit,141,0.37754066879814546,False
slimshetty/swebench-verified:sweb.eval.x86_64.sympy__sympy-23824,1.0,r2egym-qwen3-rl-100-steps-1-attempt-4,38,1757,agent,2,0.8670357460591569,True
slimshetty/swebench-verified:sweb.eval.x86_64.scikit-learn__scikit-learn-9288,1.0,r2egym-qwen3-rl-100-steps-1-attempt-4,37,1971,agent,123,0.8807970889295663,True
slimshetty/swebench-verified:sweb.eval.x86_64.matplotlib__matplotlib-25332,0.0,r2egym-qwen3-rl-100-steps-1-attempt-4,100,529,abs_step_limit,180,0.8670357615200474,False
slimshetty/swebench-verified:sweb.eval.x86_64.django__django-14999,1.0,r2egym-qwen3-rl-100-steps-1-attempt-4,100,2676,abs_step_limit,113,0.37754066879814546,True
slimshetty/swebench-verified:sweb.eval.x86_64.sympy__sympy-17139,0.0,r2egym-qwen3-rl-100-steps-1-attempt-4,100,555,abs_step_limit,67,0.0021827162688764718,False
slimshetty/swebench-verified:sweb.eval.x86_64.scikit-learn__scikit-learn-13779,1.0,r2egym-qwen3-rl-100-steps-1-attempt-4,100,1326,abs_step_limit,18,0.8807970764133561,True
slimshetty/swebench-verified:sweb.eval.x86_64.pytest-dev__pytest-7982,1.0,r2egym-qwen3-rl-100-steps-1-attempt-4,100,1714,abs_step_limit,78,0.8807970748488297,True
slimshetty/swebench-verified:sweb.eval.x86_64.astropy__astropy-7606,0.0,r2egym-qwen3-rl-100-steps-1-attempt-4,55,2713,token_limit,0,0.0031726831451267534,False
slimshetty/swebench-verified:sweb.eval.x86_64.django__django-11749,1.0,r2egym-qwen3-rl-100-steps-1-attempt-4,96,4100,token_limit,34,0.7981867825403176,True
slimshetty/swebench-verified:sweb.eval.x86_64.scikit-learn__scikit-learn-13142,1.0,r2egym-qwen3-rl-100-steps-1-attempt-4,19,3680,agent,54,0.8933094152856196,True
slimshetty/swebench-verified:sweb.eval.x86_64.django__django-12708,1.0,r2egym-qwen3-rl-100-steps-1-attempt-4,92,4584,token_limit,101,0.8807970764133561,True
slimshetty/swebench-verified:sweb.eval.x86_64.astropy__astropy-8872,0.0,r2egym-qwen3-rl-100-steps-1-attempt-4,100,1630,abs_step_limit,0,0.00026119030648029526,False
slimshetty/swebench-verified:sweb.eval.x86_64.sphinx-doc__sphinx-8459,1.0,r2egym-qwen3-rl-100-steps-1-attempt-4,94,1983,token_limit,17,0.5,True
slimshetty/swebench-verified:sweb.eval.x86_64.matplotlib__matplotlib-23476,0.0,r2egym-qwen3-rl-100-steps-1-attempt-4,100,2707,abs_step_limit,104,0.8670357735451834,False
slimshetty/swebench-verified:sweb.eval.x86_64.django__django-11066,1.0,r2egym-qwen3-rl-100-steps-1-attempt-4,100,3751,abs_step_limit,3,0.8670357494949105,True
slimshetty/swebench-verified:sweb.eval.x86_64.django__django-12325,0.0,r2egym-qwen3-rl-100-steps-1-attempt-4,60,0,token_limit,201,0.00015843621580380603,False
slimshetty/swebench-verified:sweb.eval.x86_64.sympy__sympy-21596,0.0,r2egym-qwen3-rl-100-steps-1-attempt-4,22,1741,agent,46,0.8519527963298947,False
slimshetty/swebench-verified:sweb.eval.x86_64.pytest-dev__pytest-10356,0.0,r2egym-qwen3-rl-100-steps-1-attempt-4,43,2280,agent_max_step_limit,77,0.5926665999540698,False
slimshetty/swebench-verified:sweb.eval.x86_64.django__django-12858,1.0,r2egym-qwen3-rl-100-steps-1-attempt-4,19,2919,agent,73,0.7981867825403177,True
slimshetty/swebench-verified:sweb.eval.x86_64.django__django-13315,0.0,r2egym-qwen3-rl-100-steps-1-attempt-4,89,4857,token_limit,146,0.8670357529306639,False
slimshetty/swebench-verified:sweb.eval.x86_64.sympy__sympy-19495,1.0,r2egym-qwen3-rl-100-steps-1-attempt-4,65,2967,agent_max_step_limit,8,0.8175744673038222,True
slimshetty/swebench-verified:sweb.eval.x86_64.sympy__sympy-12096,1.0,r2egym-qwen3-rl-100-steps-1-attempt-4,29,2342,agent,43,0.8519528038477825,True
slimshetty/swebench-verified:sweb.eval.x86_64.pylint-dev__pylint-7277,0.0,r2egym-qwen3-rl-100-steps-1-attempt-4,69,1856,token_limit,120,0.004070137664931159,False
slimshetty/swebench-verified:sweb.eval.x86_64.django__django-15368,1.0,r2egym-qwen3-rl-100-steps-1-attempt-4,69,3423,agent_max_step_limit,29,0.8175744739711883,True
slimshetty/swebench-verified:sweb.eval.x86_64.astropy__astropy-13453,0.0,r2egym-qwen3-rl-100-steps-1-attempt-4,54,2904,token_limit,2,0.16451646289656316,False
slimshetty/swebench-verified:sweb.eval.x86_64.django__django-16454,0.0,r2egym-qwen3-rl-100-steps-1-attempt-4,100,0,token_limit,45,1.3007126909916233e-05,False
slimshetty/swebench-verified:sweb.eval.x86_64.sphinx-doc__sphinx-10614,0.0,r2egym-qwen3-rl-100-steps-1-attempt-4,100,2752,abs_step_limit,5,0.7549149813536518,False
slimshetty/swebench-verified:sweb.eval.x86_64.pydata__xarray-3305,1.0,r2egym-qwen3-rl-100-steps-1-attempt-4,44,1902,agent_max_step_limit,653,0.11920292984474948,True
slimshetty/swebench-verified:sweb.eval.x86_64.django__django-12741,1.0,r2egym-qwen3-rl-100-steps-1-attempt-4,43,2892,agent_max_step_limit,67,0.7772998560157665,True
slimshetty/swebench-verified:sweb.eval.x86_64.scikit-learn__scikit-learn-25747,0.0,r2egym-qwen3-rl-100-steps-1-attempt-4,74,3159,token_limit,14,0.7549149923816048,False
slimshetty/swebench-verified:sweb.eval.x86_64.sphinx-doc__sphinx-8269,1.0,r2egym-qwen3-rl-100-steps-1-attempt-4,72,4800,token_limit,5,0.8519527944504227,True
slimshetty/swebench-verified:sweb.eval.x86_64.django__django-15916,0.0,r2egym-qwen3-rl-100-steps-1-attempt-4,87,2709,token_limit,130,0.014063629574305642,False
slimshetty/swebench-verified:sweb.eval.x86_64.django__django-11532,0.0,r2egym-qwen3-rl-100-steps-1-attempt-4,83,2040,token_limit,130,0.679178699175393,False
slimshetty/swebench-verified:sweb.eval.x86_64.django__django-13212,0.0,r2egym-qwen3-rl-100-steps-1-attempt-4,100,6969,abs_step_limit,2,0.40733340004593027,False
slimshetty/swebench-verified:sweb.eval.x86_64.django__django-15375,1.0,r2egym-qwen3-rl-100-steps-1-attempt-4,75,3968,agent_max_step_limit,95,0.8175744761936437,True
slimshetty/swebench-verified:sweb.eval.x86_64.matplotlib__matplotlib-25311,1.0,r2egym-qwen3-rl-100-steps-1-attempt-4,34,1674,agent,181,0.7772998663336158,True
slimshetty/swebench-verified:sweb.eval.x86_64.django__django-14089,1.0,r2egym-qwen3-rl-100-steps-1-attempt-4,34,1129,agent,43,0.7981867777396211,True
slimshetty/swebench-verified:sweb.eval.x86_64.sympy__sympy-13852,0.0,r2egym-qwen3-rl-100-steps-1-attempt-4,77,2507,agent_max_step_limit,4,0.5621765008857981,False
slimshetty/swebench-verified:sweb.eval.x86_64.matplotlib__matplotlib-24970,1.0,r2egym-qwen3-rl-100-steps-1-attempt-4,44,2347,agent_max_step_limit,253,0.5926665999540698,True
slimshetty/swebench-verified:sweb.eval.x86_64.django__django-13741,1.0,r2egym-qwen3-rl-100-steps-1-attempt-4,23,2341,agent,82,0.7549149813536518,True
slimshetty/swebench-verified:sweb.eval.x86_64.django__django-15569,1.0,r2egym-qwen3-rl-100-steps-1-attempt-4,100,1160,abs_step_limit,242,0.8519527982093666,True
slimshetty/swebench-verified:sweb.eval.x86_64.django__django-13658,1.0,r2egym-qwen3-rl-100-steps-1-attempt-4,87,3583,agent_max_step_limit,181,0.8807970904940925,True
slimshetty/swebench-verified:sweb.eval.x86_64.sympy__sympy-20154,1.0,r2egym-qwen3-rl-100-steps-1-attempt-4,26,2301,agent,40,0.8519527982093666,True
slimshetty/swebench-verified:sweb.eval.x86_64.django__django-15103,1.0,r2egym-qwen3-rl-100-steps-1-attempt-4,22,1895,agent,17,0.8354835350552603,True
slimshetty/swebench-verified:sweb.eval.x86_64.django__django-15315,1.0,r2egym-qwen3-rl-100-steps-1-attempt-4,60,1335,token_limit,33,0.8354835309589073,True
slimshetty/swebench-verified:sweb.eval.x86_64.sphinx-doc__sphinx-8265,0.0,r2egym-qwen3-rl-100-steps-1-attempt-4,80,669,token_limit,22,0.32082130731838393,False
slimshetty/swebench-verified:sweb.eval.x86_64.sympy__sympy-13974,0.0,r2egym-qwen3-rl-100-steps-1-attempt-4,69,2220,token_limit,4,0.025957355690778516,False
slimshetty/swebench-verified:sweb.eval.x86_64.astropy__astropy-13579,1.0,r2egym-qwen3-rl-100-steps-1-attempt-4,73,4653,token_limit,40,0.9046505254608135,True
slimshetty/swebench-verified:sweb.eval.x86_64.pytest-dev__pytest-6202,1.0,r2egym-qwen3-rl-100-steps-1-attempt-4,100,865,abs_step_limit,72,0.320821300824607,True
slimshetty/swebench-verified:sweb.eval.x86_64.astropy__astropy-7336,0.0,r2egym-qwen3-rl-100-steps-1-attempt-4,25,789,agent,0,0.8670357701094304,False
slimshetty/swebench-verified:sweb.eval.x86_64.django__django-11206,0.0,r2egym-qwen3-rl-100-steps-1-attempt-4,49,4063,token_limit,4,0.320821300824607,False
slimshetty/swebench-verified:sweb.eval.x86_64.scikit-learn__scikit-learn-10297,1.0,r2egym-qwen3-rl-100-steps-1-attempt-4,32,3062,agent,28,0.8175744828610095,True
slimshetty/swebench-verified:sweb.eval.x86_64.django__django-16255,0.0,r2egym-qwen3-rl-100-steps-1-attempt-4,100,1575,abs_step_limit,0,0.9046505267461572,False
slimshetty/swebench-verified:sweb.eval.x86_64.sphinx-doc__sphinx-7757,0.0,r2egym-qwen3-rl-100-steps-1-attempt-4,100,2735,abs_step_limit,33,0.40733340004593027,False
slimshetty/swebench-verified:sweb.eval.x86_64.sympy__sympy-24539,1.0,r2egym-qwen3-rl-100-steps-1-attempt-4,28,2261,agent,62,0.7981867705385762,True
slimshetty/swebench-verified:sweb.eval.x86_64.django__django-14792,0.0,r2egym-qwen3-rl-100-steps-1-attempt-4,54,1952,agent_max_step_limit,23,0.8175744695262775,False
slimshetty/swebench-verified:sweb.eval.x86_64.django__django-16315,0.0,r2egym-qwen3-rl-100-steps-1-attempt-4,41,3419,max_step_limit,42,0.7310585786300048,False
slimshetty/swebench-verified:sweb.eval.x86_64.django__django-7530,1.0,r2egym-qwen3-rl-100-steps-1-attempt-4,2,0,token_limit,59,0.0001795279875394055,True
slimshetty/swebench-verified:sweb.eval.x86_64.django__django-12276,0.0,r2egym-qwen3-rl-100-steps-1-attempt-4,100,0,abs_step_limit,117,3.1201918788014855e-05,False
slimshetty/swebench-verified:sweb.eval.x86_64.astropy__astropy-13033,0.0,r2egym-qwen3-rl-100-steps-1-attempt-4,21,999,agent,20,0.8807970701552505,False
slimshetty/swebench-verified:sweb.eval.x86_64.django__django-14765,1.0,r2egym-qwen3-rl-100-steps-1-attempt-4,55,858,token_limit,64,0.8354835391516133,True
slimshetty/swebench-verified:sweb.eval.x86_64.django__django-13590,1.0,r2egym-qwen3-rl-100-steps-1-attempt-4,31,6178,agent,145,0.5312093733737563,True
slimshetty/swebench-verified:sweb.eval.x86_64.sympy__sympy-16766,0.0,r2egym-qwen3-rl-100-steps-1-attempt-4,100,0,abs_step_limit,7,1.4738978452886064e-05,False
slimshetty/swebench-verified:sweb.eval.x86_64.django__django-13401,0.0,r2egym-qwen3-rl-100-steps-1-attempt-4,88,3079,agent_max_step_limit,31,0.6791787056691697,False
slimshetty/swebench-verified:sweb.eval.x86_64.django__django-15814,1.0,r2egym-qwen3-rl-100-steps-1-attempt-4,100,2564,abs_step_limit,29,0.8519527963298946,True
slimshetty/swebench-verified:sweb.eval.x86_64.sphinx-doc__sphinx-9673,1.0,r2egym-qwen3-rl-100-steps-1-attempt-4,100,2301,abs_step_limit,24,0.5312093733737562,True
slimshetty/swebench-verified:sweb.eval.x86_64.django__django-15863,1.0,r2egym-qwen3-rl-100-steps-1-attempt-4,16,2634,agent,9,0.8354835309589073,True
slimshetty/swebench-verified:sweb.eval.x86_64.django__django-12193,0.0,r2egym-qwen3-rl-100-steps-1-attempt-4,100,1574,abs_step_limit,11,0.9046505376715775,False
slimshetty/swebench-verified:sweb.eval.x86_64.django__django-13121,0.0,r2egym-qwen3-rl-100-steps-1-attempt-4,100,0,abs_step_limit,168,3.5356267545276676e-05,False
slimshetty/swebench-verified:sweb.eval.x86_64.django__django-13513,0.0,r2egym-qwen3-rl-100-steps-1-attempt-4,23,960,agent,83,0.10669060388702056,False
slimshetty/swebench-verified:sweb.eval.x86_64.matplotlib__matplotlib-24026,1.0,r2egym-qwen3-rl-100-steps-1-attempt-4,55,2137,token_limit,764,0.8670357598021707,True
slimshetty/swebench-verified:sweb.eval.x86_64.django__django-15973,0.0,r2egym-qwen3-rl-100-steps-1-attempt-4,53,3189,agent_max_step_limit,157,0.7310585844894971,False
slimshetty/swebench-verified:sweb.eval.x86_64.psf__requests-1142,0.0,r2egym-qwen3-rl-100-steps-1-attempt-4,35,1670,agent,4,0.4378234991142019,False
slimshetty/swebench-verified:sweb.eval.x86_64.psf__requests-6028,0.0,r2egym-qwen3-rl-100-steps-1-attempt-4,49,2174,agent_max_step_limit,185,0.5926665999540698,False
slimshetty/swebench-verified:sweb.eval.x86_64.pylint-dev__pylint-8898,0.0,r2egym-qwen3-rl-100-steps-1-attempt-4,50,4475,token_limit,17,0.22270014914315836,False
slimshetty/swebench-verified:sweb.eval.x86_64.sympy__sympy-13877,0.0,r2egym-qwen3-rl-100-steps-1-attempt-4,22,1808,llm_query_error,110,0.0203323551977555,False
slimshetty/swebench-verified:sweb.eval.x86_64.sphinx-doc__sphinx-9229,0.0,r2egym-qwen3-rl-100-steps-1-attempt-4,100,3849,abs_step_limit,13,0.16451646494473965,False
slimshetty/swebench-verified:sweb.eval.x86_64.psf__requests-5414,0.0,r2egym-qwen3-rl-100-steps-1-attempt-4,41,1913,max_step_limit,122,0.6791786926816161,False
slimshetty/swebench-verified:sweb.eval.x86_64.django__django-12125,0.0,r2egym-qwen3-rl-100-steps-1-attempt-4,40,0,token_limit,45,0.00013982208934490794,False
slimshetty/swebench-verified:sweb.eval.x86_64.sympy__sympy-17655,1.0,r2egym-qwen3-rl-100-steps-1-attempt-4,45,3936,token_limit,9,0.43782349911420193,True
slimshetty/swebench-verified:sweb.eval.x86_64.django__django-12039,0.0,r2egym-qwen3-rl-100-steps-1-attempt-4,100,4367,abs_step_limit,11,0.7549149868676283,False
slimshetty/swebench-verified:sweb.eval.x86_64.django__django-11099,1.0,r2egym-qwen3-rl-100-steps-1-attempt-4,28,4956,agent,19,0.5621765008857982,True
slimshetty/swebench-verified:sweb.eval.x86_64.sympy__sympy-13031,0.0,r2egym-qwen3-rl-100-steps-1-attempt-4,55,956,token_limit,9,0.00037998456728429033,False
slimshetty/swebench-verified:sweb.eval.x86_64.sympy__sympy-21612,0.0,r2egym-qwen3-rl-100-steps-1-attempt-4,41,546,token_limit,98,0.025957358610626615,False
slimshetty/swebench-verified:sweb.eval.x86_64.sympy__sympy-15809,0.0,r2egym-qwen3-rl-100-steps-1-attempt-4,27,1729,agent,10,0.851952809486198,False
slimshetty/swebench-verified:sweb.eval.x86_64.sphinx-doc__sphinx-8595,1.0,r2egym-qwen3-rl-100-steps-1-attempt-4,49,2063,token_limit,0,0.020332354678328397,True
slimshetty/swebench-verified:sweb.eval.x86_64.astropy__astropy-7166,0.0,r2egym-qwen3-rl-100-steps-1-attempt-4,21,1714,agent,0,0.6513548646660542,False
slimshetty/swebench-verified:sweb.eval.x86_64.django__django-13809,1.0,r2egym-qwen3-rl-100-steps-1-attempt-4,100,4975,abs_step_limit,245,0.7772998560157665,True
slimshetty/swebench-verified:sweb.eval.x86_64.pydata__xarray-6992,0.0,r2egym-qwen3-rl-100-steps-1-attempt-4,24,3018,agent,945,0.8519527944504227,False
slimshetty/swebench-verified:sweb.eval.x86_64.django__django-11885,0.0,r2egym-qwen3-rl-100-steps-1-attempt-4,100,3175,abs_step_limit,41,0.6224593312018546,False
slimshetty/swebench-verified:sweb.eval.x86_64.mwaskom__seaborn-3069,0.0,r2egym-qwen3-rl-100-steps-1-attempt-4,41,1612,max_step_limit,92,0.13296424019782926,False
slimshetty/swebench-verified:sweb.eval.x86_64.sympy__sympy-16886,1.0,r2egym-qwen3-rl-100-steps-1-attempt-4,24,2542,agent,42,0.7057850278370112,True
slimshetty/swebench-verified:sweb.eval.x86_64.astropy__astropy-14365,0.0,r2egym-qwen3-rl-100-steps-1-attempt-4,99,2980,token_limit,8,0.7772998663336157,False
slimshetty/swebench-verified:sweb.eval.x86_64.sympy__sympy-13372,1.0,r2egym-qwen3-rl-100-steps-1-attempt-4,74,774,token_limit,44,0.8807970732843033,True
slimshetty/swebench-verified:sweb.eval.x86_64.pydata__xarray-4695,1.0,r2egym-qwen3-rl-100-steps-1-attempt-4,100,3122,abs_step_limit,875,0.8670357701094304,True
slimshetty/swebench-verified:sweb.eval.x86_64.django__django-16263,0.0,r2egym-qwen3-rl-100-steps-1-attempt-4,100,4251,abs_step_limit,98,0.5312093733737563,False
slimshetty/swebench-verified:sweb.eval.x86_64.django__django-16667,0.0,r2egym-qwen3-rl-100-steps-1-attempt-4,35,2040,agent,24,0.7057850278370112,False
slimshetty/swebench-verified:sweb.eval.x86_64.pydata__xarray-6721,1.0,r2egym-qwen3-rl-100-steps-1-attempt-4,100,1296,abs_step_limit,1405,0.22270014398423357,True
slimshetty/swebench-verified:sweb.eval.x86_64.matplotlib__matplotlib-26466,0.0,r2egym-qwen3-rl-100-steps-1-attempt-4,32,1473,agent,100,0.817574471748733,False
slimshetty/swebench-verified:sweb.eval.x86_64.django__django-14007,0.0,r2egym-qwen3-rl-100-steps-1-attempt-4,87,0,token_limit,12,0.00012339457418903047,False
slimshetty/swebench-verified:sweb.eval.x86_64.django__django-14500,0.0,r2egym-qwen3-rl-100-steps-1-attempt-4,100,4668,abs_step_limit,21,0.6513548646660543,False
slimshetty/swebench-verified:sweb.eval.x86_64.astropy__astropy-14995,1.0,r2egym-qwen3-rl-100-steps-1-attempt-4,18,1830,agent,179,0.8175744695262775,True
slimshetty/swebench-verified:sweb.eval.x86_64.pydata__xarray-7229,0.0,r2egym-qwen3-rl-100-steps-1-attempt-4,44,946,token_limit,268,0.6513548646660542,False
slimshetty/swebench-verified:sweb.eval.x86_64.django__django-11265,1.0,r2egym-qwen3-rl-100-steps-1-attempt-4,77,3704,token_limit,30,0.7310585786300049,True
slimshetty/swebench-verified:sweb.eval.x86_64.matplotlib__matplotlib-25479,0.0,r2egym-qwen3-rl-100-steps-1-attempt-4,77,1392,agent_max_step_limit,262,0.7549149813536518,False
slimshetty/swebench-verified:sweb.eval.x86_64.django__django-13363,1.0,r2egym-qwen3-rl-100-steps-1-attempt-4,37,4380,agent,76,0.7981867825403177,True
slimshetty/swebench-verified:sweb.eval.x86_64.sphinx-doc__sphinx-8035,0.0,r2egym-qwen3-rl-100-steps-1-attempt-4,100,3968,abs_step_limit,1,0.4073334000459302,False
slimshetty/swebench-verified:sweb.eval.x86_64.django__django-11276,1.0,r2egym-qwen3-rl-100-steps-1-attempt-4,100,2013,abs_step_limit,548,0.679178699175393,True
slimshetty/swebench-verified:sweb.eval.x86_64.django__django-14017,0.0,r2egym-qwen3-rl-100-steps-1-attempt-4,31,1930,agent,147,0.851952809486198,False
slimshetty/swebench-verified:sweb.eval.x86_64.django__django-13512,0.0,r2egym-qwen3-rl-100-steps-1-attempt-4,76,3454,token_limit,32,0.5926665999540698,False
slimshetty/swebench-verified:sweb.eval.x86_64.pytest-dev__pytest-5262,0.0,r2egym-qwen3-rl-100-steps-1-attempt-4,41,1249,max_step_limit,106,0.7772998663336158,False
slimshetty/swebench-verified:sweb.eval.x86_64.django__django-10554,0.0,r2egym-qwen3-rl-100-steps-1-attempt-4,44,939,agent_max_step_limit,21,0.34864512856608554,False
slimshetty/swebench-verified:sweb.eval.x86_64.django__django-11141,0.0,r2egym-qwen3-rl-100-steps-1-attempt-4,34,3206,agent,23,0.8175744761936437,False
slimshetty/swebench-verified:sweb.eval.x86_64.scikit-learn__scikit-learn-14141,1.0,r2egym-qwen3-rl-100-steps-1-attempt-4,20,1247,agent,2,0.7549149923816048,True
slimshetty/swebench-verified:sweb.eval.x86_64.django__django-11138,0.0,r2egym-qwen3-rl-100-steps-1-attempt-4,65,1114,token_limit,73,0.0005527785296761288,False
slimshetty/swebench-verified:sweb.eval.x86_64.sphinx-doc__sphinx-9602,0.0,r2egym-qwen3-rl-100-steps-1-attempt-4,81,1759,token_limit,45,0.8670357615200474,False
slimshetty/swebench-verified:sweb.eval.x86_64.pydata__xarray-3151,1.0,r2egym-qwen3-rl-100-steps-1-attempt-4,22,2222,agent,66,0.904650527388829,True
slimshetty/swebench-verified:sweb.eval.x86_64.sympy__sympy-21379,1.0,r2egym-qwen3-rl-100-steps-1-attempt-4,27,872,agent,91,0.8175744828610095,True
slimshetty/swebench-verified:sweb.eval.x86_64.django__django-15525,0.0,r2egym-qwen3-rl-100-steps-1-attempt-4,100,3228,abs_step_limit,53,0.7057850216484838,False
slimshetty/swebench-verified:sweb.eval.x86_64.django__django-15252,0.0,r2egym-qwen3-rl-100-steps-1-attempt-4,49,2717,agent_max_step_limit,34,0.731058584489497,False
slimshetty/swebench-verified:sweb.eval.x86_64.django__django-13297,0.0,r2egym-qwen3-rl-100-steps-1-attempt-4,100,3368,abs_step_limit,52,0.731058584489497,False
slimshetty/swebench-verified:sweb.eval.x86_64.django__django-11848,0.0,r2egym-qwen3-rl-100-steps-1-attempt-4,77,5092,token_limit,43,0.7981867729389246,False
slimshetty/swebench-verified:sweb.eval.x86_64.django__django-11239,0.0,r2egym-qwen3-rl-100-steps-1-attempt-4,30,2923,agent,5,0.8807970654616711,False
slimshetty/swebench-verified:sweb.eval.x86_64.django__django-13410,1.0,r2egym-qwen3-rl-100-steps-1-attempt-4,41,2361,max_step_limit,40,0.8519528000888386,True
slimshetty/swebench-verified:sweb.eval.x86_64.django__django-15380,1.0,r2egym-qwen3-rl-100-steps-1-attempt-4,100,4167,abs_step_limit,133,0.8354835371034368,True
slimshetty/swebench-verified:sweb.eval.x86_64.matplotlib__matplotlib-25122,1.0,r2egym-qwen3-rl-100-steps-1-attempt-4,31,1362,agent,2476,0.7310585786300049,True
slimshetty/swebench-verified:sweb.eval.x86_64.pydata__xarray-3993,0.0,r2egym-qwen3-rl-100-steps-1-attempt-4,48,1093,agent_max_step_limit,2390,0.08509904268669496,False
slimshetty/swebench-verified:sweb.eval.x86_64.matplotlib__matplotlib-24637,0.0,r2egym-qwen3-rl-100-steps-1-attempt-4,99,0,token_limit,29,2.7535697638353506e-05,False
slimshetty/swebench-verified:sweb.eval.x86_64.django__django-12262,1.0,r2egym-qwen3-rl-100-steps-1-attempt-4,76,3453,token_limit,18,0.798186775339273,True
slimshetty/swebench-verified:sweb.eval.x86_64.django__django-16032,1.0,r2egym-qwen3-rl-100-steps-1-attempt-4,100,3300,abs_step_limit,77,0.7057850340255386,True
slimshetty/swebench-verified:sweb.eval.x86_64.scikit-learn__scikit-learn-15100,1.0,r2egym-qwen3-rl-100-steps-1-attempt-4,88,2086,token_limit,93,0.8354835350552604,True
slimshetty/swebench-verified:sweb.eval.x86_64.django__django-11451,1.0,r2egym-qwen3-rl-100-steps-1-attempt-4,100,2806,abs_step_limit,45,0.7981867681382279,True
slimshetty/swebench-verified:sweb.eval.x86_64.django__django-11734,0.0,r2egym-qwen3-rl-100-steps-1-attempt-4,44,0,token_limit,275,9.610239129980829e-05,False
slimshetty/swebench-verified:sweb.eval.x86_64.pydata__xarray-6744,0.0,r2egym-qwen3-rl-100-steps-1-attempt-4,45,1321,agent_max_step_limit,1801,0.6513548646660542,False
slimshetty/swebench-verified:sweb.eval.x86_64.django__django-13964,0.0,r2egym-qwen3-rl-100-steps-1-attempt-4,71,0,token_limit,36,5.14421951322801e-05,False
slimshetty/swebench-verified:sweb.eval.x86_64.astropy__astropy-13977,0.0,r2egym-qwen3-rl-100-steps-1-attempt-4,37,3129,agent,312,0.8354835432479661,False
slimshetty/swebench-verified:sweb.eval.x86_64.django__django-13109,1.0,r2egym-qwen3-rl-100-steps-1-attempt-4,44,3143,agent_max_step_limit,170,0.7549149758396752,True
slimshetty/swebench-verified:sweb.eval.x86_64.sympy__sympy-18763,0.0,r2egym-qwen3-rl-100-steps-1-attempt-4,52,2126,token_limit,141,0.02297736924098106,False
slimshetty/swebench-verified:sweb.eval.x86_64.django__django-14631,0.0,r2egym-qwen3-rl-100-steps-1-attempt-4,43,3892,agent_max_step_limit,116,0.7057850216484837,False
slimshetty/swebench-verified:sweb.eval.x86_64.django__django-14053,0.0,r2egym-qwen3-rl-100-steps-1-attempt-4,100,1660,abs_step_limit,30,0.8354835350552604,False
slimshetty/swebench-verified:sweb.eval.x86_64.sympy__sympy-13091,0.0,r2egym-qwen3-rl-100-steps-1-attempt-4,83,2669,token_limit,87,0.7772998560157665,False
slimshetty/swebench-verified:sweb.eval.x86_64.django__django-13195,0.0,r2egym-qwen3-rl-100-steps-1-attempt-4,46,1930,agent_max_step_limit,381,0.7981867777396212,False
slimshetty/swebench-verified:sweb.eval.x86_64.astropy__astropy-14598,0.0,r2egym-qwen3-rl-100-steps-1-attempt-4,35,2128,agent,175,0.5,False
slimshetty/swebench-verified:sweb.eval.x86_64.django__django-13346,0.0,r2egym-qwen3-rl-100-steps-1-attempt-4,46,1740,token_limit,0,0.0005527787318545115,False
slimshetty/swebench-verified:sweb.eval.x86_64.sympy__sympy-13757,0.0,r2egym-qwen3-rl-100-steps-1-attempt-4,74,466,token_limit,166,0.2689414272294874,False
slimshetty/swebench-verified:sweb.eval.x86_64.pylint-dev__pylint-4551,0.0,r2egym-qwen3-rl-100-steps-1-attempt-4,94,2266,token_limit,0,0.003172682385209305,False
slimshetty/swebench-verified:sweb.eval.x86_64.django__django-14559,1.0,r2egym-qwen3-rl-100-steps-1-attempt-4,100,3603,abs_step_limit,23,0.7772998508568417,True
slimshetty/swebench-verified:sweb.eval.x86_64.django__django-13417,1.0,r2egym-qwen3-rl-100-steps-1-attempt-4,73,2798,token_limit,280,0.7549149813536518,True
slimshetty/swebench-verified:sweb.eval.x86_64.django__django-15037,0.0,r2egym-qwen3-rl-100-steps-1-attempt-4,98,1215,token_limit,14,0.002800926566526945,False
slimshetty/swebench-verified:sweb.eval.x86_64.django__django-10097,0.0,r2egym-qwen3-rl-100-steps-1-attempt-4,100,0,abs_step_limit,1427,0.00010889690869558618,False
slimshetty/swebench-verified:sweb.eval.x86_64.pylint-dev__pylint-6528,0.0,r2egym-qwen3-rl-100-steps-1-attempt-4,100,3963,abs_step_limit,171,0.02033235300874136,False
slimshetty/swebench-verified:sweb.eval.x86_64.django__django-16642,0.0,r2egym-qwen3-rl-100-steps-1-attempt-4,82,2812,token_limit,21,0.0019267343002115592,False
slimshetty/swebench-verified:sweb.eval.x86_64.django__django-11149,0.0,r2egym-qwen3-rl-100-steps-1-attempt-4,88,0,token_limit,46,1.670142781244497e-05,False
slimshetty/swebench-verified:sweb.eval.x86_64.django__django-15503,0.0,r2egym-qwen3-rl-100-steps-1-attempt-4,46,1979,token_limit,73,0.7772998663336158,False
slimshetty/swebench-verified:sweb.eval.x86_64.sympy__sympy-15349,0.0,r2egym-qwen3-rl-100-steps-1-attempt-4,37,2310,token_limit,3,0.5,False
slimshetty/swebench-verified:sweb.eval.x86_64.sympy__sympy-17630,0.0,r2egym-qwen3-rl-100-steps-1-attempt-4,60,4212,token_limit,6,0.0019267348321249098,False
slimshetty/swebench-verified:sweb.eval.x86_64.sphinx-doc__sphinx-7910,1.0,r2egym-qwen3-rl-100-steps-1-attempt-4,33,2908,agent,16,0.5621765008857982,True
slimshetty/swebench-verified:sweb.eval.x86_64.django__django-16145,1.0,r2egym-qwen3-rl-100-steps-1-attempt-4,100,3130,abs_step_limit,174,0.6513548646660543,True
slimshetty/swebench-verified:sweb.eval.x86_64.sympy__sympy-23534,1.0,r2egym-qwen3-rl-100-steps-1-attempt-4,54,2005,token_limit,11,0.7310585786300049,True
slimshetty/swebench-verified:sweb.eval.x86_64.sympy__sympy-22456,1.0,r2egym-qwen3-rl-100-steps-1-attempt-1,14,318,agent,29,0.8807970670261976,True
slimshetty/swebench-verified:sweb.eval.x86_64.sympy__sympy-18199,0.0,r2egym-qwen3-rl-100-steps-1-attempt-1,43,1373,agent_max_step_limit,113,0.8175744850834649,False
slimshetty/swebench-verified:sweb.eval.x86_64.psf__requests-1724,1.0,r2egym-qwen3-rl-100-steps-1-attempt-1,40,2300,agent,79,0.7772998611746912,True
slimshetty/swebench-verified:sweb.eval.x86_64.django__django-13821,1.0,r2egym-qwen3-rl-100-steps-1-attempt-1,40,636,agent,14,0.8175744850834649,True
slimshetty/swebench-verified:sweb.eval.x86_64.sympy__sympy-19954,1.0,r2egym-qwen3-rl-100-steps-1-attempt-1,31,3749,agent,56,0.8933094081846421,True
slimshetty/swebench-verified:sweb.eval.x86_64.django__django-15278,0.0,r2egym-qwen3-rl-100-steps-1-attempt-1,42,0,agent_max_step_limit,138,0.0011695100461121403,False
slimshetty/swebench-verified:sweb.eval.x86_64.django__django-11490,0.0,r2egym-qwen3-rl-100-steps-1-attempt-1,46,2724,agent_max_step_limit,22,0.8519528057272543,False
slimshetty/swebench-verified:sweb.eval.x86_64.django__django-15561,0.0,r2egym-qwen3-rl-100-steps-1-attempt-1,24,4349,agent,141,0.8175744806385543,False
slimshetty/swebench-verified:sweb.eval.x86_64.sympy__sympy-19783,1.0,r2egym-qwen3-rl-100-steps-1-attempt-1,41,2165,max_step_limit,9,0.651354857898194,True
slimshetty/swebench-verified:sweb.eval.x86_64.sympy__sympy-23262,0.0,r2egym-qwen3-rl-100-steps-1-attempt-1,51,0,token_limit,61,4.006367783266211e-05,False
slimshetty/swebench-verified:sweb.eval.x86_64.pallets__flask-5014,1.0,r2egym-qwen3-rl-100-steps-1-attempt-1,12,444,agent,59,0.880797071719777,True
slimshetty/swebench-verified:sweb.eval.x86_64.django__django-13343,1.0,r2egym-qwen3-rl-100-steps-1-attempt-1,53,3837,agent_max_step_limit,130,0.7981867753392728,True
slimshetty/swebench-verified:sweb.eval.x86_64.django__django-11603,1.0,r2egym-qwen3-rl-100-steps-1-attempt-1,48,3087,agent_max_step_limit,58,0.8175744761936437,True
slimshetty/swebench-verified:sweb.eval.x86_64.psf__requests-2931,0.0,r2egym-qwen3-rl-100-steps-1-attempt-1,41,1116,max_step_limit,84,0.7549149868676284,False
slimshetty/swebench-verified:sweb.eval.x86_64.pytest-dev__pytest-7205,1.0,r2egym-qwen3-rl-100-steps-1-attempt-1,76,873,token_limit,16,0.7981867777396211,True
slimshetty/swebench-verified:sweb.eval.x86_64.scikit-learn__scikit-learn-14496,1.0,r2egym-qwen3-rl-100-steps-1-attempt-1,43,4100,agent_max_step_limit,39,0.7549149813536518,True
slimshetty/swebench-verified:sweb.eval.x86_64.django__django-11299,1.0,r2egym-qwen3-rl-100-steps-1-attempt-1,63,2025,agent_max_step_limit,103,0.8175744695262777,True
slimshetty/swebench-verified:sweb.eval.x86_64.django__django-16560,0.0,r2egym-qwen3-rl-100-steps-1-attempt-1,76,5067,agent_max_step_limit,66,0.20181323186177205,False
slimshetty/swebench-verified:sweb.eval.x86_64.scikit-learn__scikit-learn-14053,1.0,r2egym-qwen3-rl-100-steps-1-attempt-1,16,806,agent,5,0.8175744761936437,True
slimshetty/swebench-verified:sweb.eval.x86_64.django__django-13449,0.0,r2egym-qwen3-rl-100-steps-1-attempt-1,100,3440,abs_step_limit,12,0.6224593312018546,False
slimshetty/swebench-verified:sweb.eval.x86_64.astropy__astropy-8707,0.0,r2egym-qwen3-rl-100-steps-1-attempt-1,94,2443,token_limit,4,0.7772998663336158,False
slimshetty/swebench-verified:sweb.eval.x86_64.sympy__sympy-19346,0.0,r2egym-qwen3-rl-100-steps-1-attempt-1,81,2453,agent_max_step_limit,40,0.7981867801399695,False
slimshetty/swebench-verified:sweb.eval.x86_64.django__django-11133,1.0,r2egym-qwen3-rl-100-steps-1-attempt-1,57,1085,token_limit,64,0.9046505370289057,True
slimshetty/swebench-verified:sweb.eval.x86_64.matplotlib__matplotlib-25775,0.0,r2egym-qwen3-rl-100-steps-1-attempt-1,61,772,token_limit,5,0.005911068303514174,False
slimshetty/swebench-verified:sweb.eval.x86_64.django__django-16116,0.0,r2egym-qwen3-rl-100-steps-1-attempt-1,41,3567,max_step_limit,137,0.7310585786300049,False
slimshetty/swebench-verified:sweb.eval.x86_64.sympy__sympy-18698,0.0,r2egym-qwen3-rl-100-steps-1-attempt-1,40,1415,token_limit,147,0.014063628515392662,False
slimshetty/swebench-verified:sweb.eval.x86_64.django__django-14140,0.0,r2egym-qwen3-rl-100-steps-1-attempt-1,54,4297,agent_max_step_limit,199,0.8354835371034368,False
slimshetty/swebench-verified:sweb.eval.x86_64.sympy__sympy-13551,1.0,r2egym-qwen3-rl-100-steps-1-attempt-1,43,1596,agent_max_step_limit,17,0.8354835371034368,True
slimshetty/swebench-verified:sweb.eval.x86_64.sympy__sympy-24066,1.0,r2egym-qwen3-rl-100-steps-1-attempt-1,23,2434,agent,30,0.7310585786300049,True
slimshetty/swebench-verified:sweb.eval.x86_64.sympy__sympy-14976,1.0,r2egym-qwen3-rl-100-steps-1-attempt-1,96,1220,token_limit,13,0.5926665999540698,True
slimshetty/swebench-verified:sweb.eval.x86_64.pylint-dev__pylint-7080,0.0,r2egym-qwen3-rl-100-steps-1-attempt-1,60,3620,agent_max_step_limit,119,0.11920291419948609,False
slimshetty/swebench-verified:sweb.eval.x86_64.django__django-16901,1.0,r2egym-qwen3-rl-100-steps-1-attempt-1,93,3423,token_limit,6,0.6791787056691698,True
slimshetty/swebench-verified:sweb.eval.x86_64.django__django-15382,1.0,r2egym-qwen3-rl-100-steps-1-attempt-1,45,2791,agent_max_step_limit,161,0.8175744806385543,True
slimshetty/swebench-verified:sweb.eval.x86_64.django__django-16333,1.0,r2egym-qwen3-rl-100-steps-1-attempt-1,100,2460,abs_step_limit,87,0.7057850216484838,True
slimshetty/swebench-verified:sweb.eval.x86_64.sphinx-doc__sphinx-7454,0.0,r2egym-qwen3-rl-100-steps-1-attempt-1,85,6034,token_limit,27,0.11920291107043361,False
slimshetty/swebench-verified:sweb.eval.x86_64.django__django-16662,1.0,r2egym-qwen3-rl-100-steps-1-attempt-1,71,5235,token_limit,51,0.817574471748733,True
slimshetty/swebench-verified:sweb.eval.x86_64.django__django-13089,1.0,r2egym-qwen3-rl-100-steps-1-attempt-1,100,6511,abs_step_limit,352,0.8933094046341532,True
slimshetty/swebench-verified:sweb.eval.x86_64.scikit-learn__scikit-learn-25931,0.0,r2egym-qwen3-rl-100-steps-1-attempt-1,69,576,token_limit,20,0.5621765008857981,False
slimshetty/swebench-verified:sweb.eval.x86_64.pylint-dev__pylint-6903,1.0,r2egym-qwen3-rl-100-steps-1-attempt-1,96,3563,token_limit,8,0.8519527982093666,True
slimshetty/swebench-verified:sweb.eval.x86_64.pydata__xarray-3677,1.0,r2egym-qwen3-rl-100-steps-1-attempt-1,26,1238,agent,21,0.8807970732843033,True
slimshetty/swebench-verified:sweb.eval.x86_64.django__django-12308,0.0,r2egym-qwen3-rl-100-steps-1-attempt-1,100,4713,abs_step_limit,20,0.651354857898194,False
slimshetty/swebench-verified:sweb.eval.x86_64.sympy__sympy-14711,1.0,r2egym-qwen3-rl-100-steps-1-attempt-1,41,428,max_step_limit,2,0.8354835391516133,True
slimshetty/swebench-verified:sweb.eval.x86_64.django__django-13128,0.0,r2egym-qwen3-rl-100-steps-1-attempt-1,100,0,abs_step_limit,134,5.1442225844299154e-05,False
slimshetty/swebench-verified:sweb.eval.x86_64.django__django-9296,1.0,r2egym-qwen3-rl-100-steps-1-attempt-1,11,499,agent,20,0.8519527944504227,True
slimshetty/swebench-verified:sweb.eval.x86_64.matplotlib__matplotlib-24870,0.0,r2egym-qwen3-rl-100-steps-1-attempt-1,43,1818,agent_max_step_limit,65,0.8807970748488297,False
slimshetty/swebench-verified:sweb.eval.x86_64.sympy__sympy-12481,0.0,r2egym-qwen3-rl-100-steps-1-attempt-1,43,1496,token_limit,5,0.05340332584513182,False
slimshetty/swebench-verified:sweb.eval.x86_64.sympy__sympy-19040,0.0,r2egym-qwen3-rl-100-steps-1-attempt-1,100,479,abs_step_limit,148,0.004609571969986935,False
slimshetty/swebench-verified:sweb.eval.x86_64.django__django-17084,1.0,r2egym-qwen3-rl-100-steps-1-attempt-1,81,3826,token_limit,107,0.1329642333263228,True
slimshetty/swebench-verified:sweb.eval.x86_64.django__django-11211,0.0,r2egym-qwen3-rl-100-steps-1-attempt-1,100,2639,abs_step_limit,76,0.0007096705073752526,False
slimshetty/swebench-verified:sweb.eval.x86_64.pydata__xarray-4629,1.0,r2egym-qwen3-rl-100-steps-1-attempt-1,34,1609,agent,32,0.7772998508568416,True
slimshetty/swebench-verified:sweb.eval.x86_64.django__django-16612,1.0,r2egym-qwen3-rl-100-steps-1-attempt-1,100,2509,abs_step_limit,335,0.7772998611746912,True
slimshetty/swebench-verified:sweb.eval.x86_64.sphinx-doc__sphinx-9281,0.0,r2egym-qwen3-rl-100-steps-1-attempt-1,100,1588,abs_step_limit,38,0.7057850340255386,False
slimshetty/swebench-verified:sweb.eval.x86_64.django__django-14349,1.0,r2egym-qwen3-rl-100-steps-1-attempt-1,44,1674,agent_max_step_limit,18,0.8519528038477824,True
slimshetty/swebench-verified:sweb.eval.x86_64.sympy__sympy-15976,0.0,r2egym-qwen3-rl-100-steps-1-attempt-1,49,5181,token_limit,37,0.012431648086171443,False
slimshetty/swebench-verified:sweb.eval.x86_64.django__django-13933,1.0,r2egym-qwen3-rl-100-steps-1-attempt-1,36,2862,agent,19,0.8354835432479661,True
slimshetty/swebench-verified:sweb.eval.x86_64.scikit-learn__scikit-learn-13124,0.0,r2egym-qwen3-rl-100-steps-1-attempt-1,25,670,token_limit,59,0.24508500761839525,False
slimshetty/swebench-verified:sweb.eval.x86_64.sympy__sympy-16450,0.0,r2egym-qwen3-rl-100-steps-1-attempt-1,100,0,abs_step_limit,38,4.006368737910463e-05,False
slimshetty/swebench-verified:sweb.eval.x86_64.matplotlib__matplotlib-13989,1.0,r2egym-qwen3-rl-100-steps-1-attempt-1,60,549,token_limit,411,0.7549149813536518,True
slimshetty/swebench-verified:sweb.eval.x86_64.sympy__sympy-20438,0.0,r2egym-qwen3-rl-100-steps-1-attempt-1,63,0,token_limit,93,2.7535704219423216e-05,False
slimshetty/swebench-verified:sweb.eval.x86_64.django__django-16256,0.0,r2egym-qwen3-rl-100-steps-1-attempt-1,46,0,token_limit,53,2.7535694365549603e-05,False
slimshetty/swebench-verified:sweb.eval.x86_64.django__django-11333,0.0,r2egym-qwen3-rl-100-steps-1-attempt-1,100,2454,abs_step_limit,0,0.5,False
slimshetty/swebench-verified:sweb.eval.x86_64.django__django-14672,1.0,r2egym-qwen3-rl-100-steps-1-attempt-1,100,2005,abs_step_limit,0,0.7310585786300048,True
slimshetty/swebench-verified:sweb.eval.x86_64.django__django-14034,0.0,r2egym-qwen3-rl-100-steps-1-attempt-1,39,2234,agent,12,0.8519527944504227,False
slimshetty/swebench-verified:sweb.eval.x86_64.sympy__sympy-11618,1.0,r2egym-qwen3-rl-100-steps-1-attempt-1,31,3100,agent,4,0.8354835411997897,True
slimshetty/swebench-verified:sweb.eval.x86_64.scikit-learn__scikit-learn-26194,0.0,r2egym-qwen3-rl-100-steps-1-attempt-1,40,617,token_limit,186,0.2227001336663842,False
slimshetty/swebench-verified:sweb.eval.x86_64.django__django-13670,1.0,r2egym-qwen3-rl-100-steps-1-attempt-1,43,1068,agent_max_step_limit,17,0.8175744695262775,True
slimshetty/swebench-verified:sweb.eval.x86_64.astropy__astropy-12907,0.0,r2egym-qwen3-rl-100-steps-1-attempt-1,43,2946,token_limit,7,0.02033235530906131,False
slimshetty/swebench-verified:sweb.eval.x86_64.django__django-11815,0.0,r2egym-qwen3-rl-100-steps-1-attempt-1,53,3541,agent_max_step_limit,36,0.4378234991142019,False
slimshetty/swebench-verified:sweb.eval.x86_64.django__django-14855,1.0,r2egym-qwen3-rl-100-steps-1-attempt-1,100,2502,abs_step_limit,325,0.7549149923816048,True
slimshetty/swebench-verified:sweb.eval.x86_64.sympy__sympy-16597,0.0,r2egym-qwen3-rl-100-steps-1-attempt-1,53,1319,token_limit,0,0.06754669301670264,False
slimshetty/swebench-verified:sweb.eval.x86_64.scikit-learn__scikit-learn-13439,1.0,r2egym-qwen3-rl-100-steps-1-attempt-1,19,2513,agent,40,0.8519527963298947,True
slimshetty/swebench-verified:sweb.eval.x86_64.pytest-dev__pytest-10051,0.0,r2egym-qwen3-rl-100-steps-1-attempt-1,23,395,agent,14,0.7772998663336157,False
slimshetty/swebench-verified:sweb.eval.x86_64.matplotlib__matplotlib-23412,0.0,r2egym-qwen3-rl-100-steps-1-attempt-1,100,602,abs_step_limit,46,0.0003799845229103089,False
slimshetty/swebench-verified:sweb.eval.x86_64.pydata__xarray-4075,1.0,r2egym-qwen3-rl-100-steps-1-attempt-1,23,1333,agent,958,0.8670357649558006,True
slimshetty/swebench-verified:sweb.eval.x86_64.django__django-14155,0.0,r2egym-qwen3-rl-100-steps-1-attempt-1,100,2397,abs_step_limit,89,0.6224593312018545,False
slimshetty/swebench-verified:sweb.eval.x86_64.django__django-14539,0.0,r2egym-qwen3-rl-100-steps-1-attempt-1,76,4629,token_limit,0,0.037326883462100995,False
slimshetty/swebench-verified:sweb.eval.x86_64.sympy__sympy-22914,1.0,r2egym-qwen3-rl-100-steps-1-attempt-1,42,669,agent_max_step_limit,17,0.8670357512127872,True
slimshetty/swebench-verified:sweb.eval.x86_64.django__django-15098,0.0,r2egym-qwen3-rl-100-steps-1-attempt-1,100,5189,abs_step_limit,87,0.7057850278370112,False
slimshetty/swebench-verified:sweb.eval.x86_64.django__django-12965,0.0,r2egym-qwen3-rl-100-steps-1-attempt-1,56,0,token_limit,52,0.00010889690889840039,False
slimshetty/swebench-verified:sweb.eval.x86_64.django__django-11551,1.0,r2egym-qwen3-rl-100-steps-1-attempt-1,96,4694,token_limit,119,0.7549149868676283,True
slimshetty/swebench-verified:sweb.eval.x86_64.django__django-14351,0.0,r2egym-qwen3-rl-100-steps-1-attempt-1,100,3220,abs_step_limit,53,0.37754066879814546,False
slimshetty/swebench-verified:sweb.eval.x86_64.django__django-15467,1.0,r2egym-qwen3-rl-100-steps-1-attempt-1,42,3376,agent_max_step_limit,62,0.7981867777396212,True
slimshetty/swebench-verified:sweb.eval.x86_64.django__django-12663,1.0,r2egym-qwen3-rl-100-steps-1-attempt-1,41,3114,max_step_limit,135,0.7310585669110202,True
slimshetty/swebench-verified:sweb.eval.x86_64.django__django-14011,0.0,r2egym-qwen3-rl-100-steps-1-attempt-1,100,2655,abs_step_limit,2,0.0002959570929501615,False
slimshetty/swebench-verified:sweb.eval.x86_64.sphinx-doc__sphinx-8548,0.0,r2egym-qwen3-rl-100-steps-1-attempt-1,77,0,token_limit,5,0.00023050682229086835,False
slimshetty/swebench-verified:sweb.eval.x86_64.django__django-15499,1.0,r2egym-qwen3-rl-100-steps-1-attempt-1,100,2392,abs_step_limit,35,0.8670357701094303,True
slimshetty/swebench-verified:sweb.eval.x86_64.django__django-14373,1.0,r2egym-qwen3-rl-100-steps-1-attempt-1,29,2031,agent,19,0.8670357563664174,True
slimshetty/swebench-verified:sweb.eval.x86_64.scikit-learn__scikit-learn-25102,0.0,r2egym-qwen3-rl-100-steps-1-attempt-1,29,3835,agent,59,0.7549149758396752,False
slimshetty/swebench-verified:sweb.eval.x86_64.django__django-14752,1.0,r2egym-qwen3-rl-100-steps-1-attempt-1,69,3998,token_limit,15,0.43782349911420193,True
slimshetty/swebench-verified:sweb.eval.x86_64.django__django-15104,1.0,r2egym-qwen3-rl-100-steps-1-attempt-1,100,1087,abs_step_limit,131,0.8519527982093666,True
slimshetty/swebench-verified:sweb.eval.x86_64.pylint-dev__pylint-4604,0.0,r2egym-qwen3-rl-100-steps-1-attempt-1,100,3039,abs_step_limit,0,0.7310585727705126,False
slimshetty/swebench-verified:sweb.eval.x86_64.django__django-13820,0.0,r2egym-qwen3-rl-100-steps-1-attempt-1,81,3974,token_limit,0,0.003593602070365685,False
slimshetty/swebench-verified:sweb.eval.x86_64.pydata__xarray-7233,1.0,r2egym-qwen3-rl-100-steps-1-attempt-1,33,3006,agent,189,0.8670357649558006,True
slimshetty/swebench-verified:sweb.eval.x86_64.django__django-12419,0.0,r2egym-qwen3-rl-100-steps-1-attempt-1,87,2388,agent_max_step_limit,0,0.8354835330070838,False
slimshetty/swebench-verified:sweb.eval.x86_64.matplotlib__matplotlib-26342,1.0,r2egym-qwen3-rl-100-steps-1-attempt-1,43,621,agent_max_step_limit,81,0.3486451488696663,True
slimshetty/swebench-verified:sweb.eval.x86_64.sphinx-doc__sphinx-8721,1.0,r2egym-qwen3-rl-100-steps-1-attempt-1,26,3860,agent,3,0.7981867777396211,True
slimshetty/swebench-verified:sweb.eval.x86_64.scikit-learn__scikit-learn-25973,1.0,r2egym-qwen3-rl-100-steps-1-attempt-1,20,969,agent,72,0.8519528057272543,True
slimshetty/swebench-verified:sweb.eval.x86_64.django__django-13568,0.0,r2egym-qwen3-rl-100-steps-1-attempt-1,28,4517,agent,12,0.7310585727705126,False
slimshetty/swebench-verified:sweb.eval.x86_64.django__django-15987,1.0,r2egym-qwen3-rl-100-steps-1-attempt-1,100,1978,abs_step_limit,52,0.7549149813536516,True
slimshetty/swebench-verified:sweb.eval.x86_64.django__django-12273,0.0,r2egym-qwen3-rl-100-steps-1-attempt-1,100,2504,abs_step_limit,27,0.0005527786558326011,False
slimshetty/swebench-verified:sweb.eval.x86_64.django__django-15277,1.0,r2egym-qwen3-rl-100-steps-1-attempt-1,100,3518,abs_step_limit,158,0.8519528076067262,True
slimshetty/swebench-verified:sweb.eval.x86_64.matplotlib__matplotlib-26291,0.0,r2egym-qwen3-rl-100-steps-1-attempt-1,19,602,agent,49,0.8354835371034368,False
slimshetty/swebench-verified:sweb.eval.x86_64.django__django-11880,1.0,r2egym-qwen3-rl-100-steps-1-attempt-1,13,460,agent,114,0.8354835411997897,True
slimshetty/swebench-verified:sweb.eval.x86_64.sympy__sympy-15345,0.0,r2egym-qwen3-rl-100-steps-1-attempt-1,50,0,token_limit,8,2.4300246514137558e-05,False
slimshetty/swebench-verified:sweb.eval.x86_64.sympy__sympy-24443,0.0,r2egym-qwen3-rl-100-steps-1-attempt-1,56,2908,token_limit,0,0.0046095717734193015,False
slimshetty/swebench-verified:sweb.eval.x86_64.django__django-16877,1.0,r2egym-qwen3-rl-100-steps-1-attempt-1,30,1661,agent,0,0.7549149813536518,True
slimshetty/swebench-verified:sweb.eval.x86_64.pydata__xarray-4094,0.0,r2egym-qwen3-rl-100-steps-1-attempt-1,51,736,token_limit,862,0.8519528019683106,False
slimshetty/swebench-verified:sweb.eval.x86_64.django__django-10973,1.0,r2egym-qwen3-rl-100-steps-1-attempt-1,47,3590,agent_max_step_limit,0,0.8175744695262777,True
slimshetty/swebench-verified:sweb.eval.x86_64.django__django-11292,0.0,r2egym-qwen3-rl-100-steps-1-attempt-1,100,1536,abs_step_limit,27,0.5621765008857982,False
slimshetty/swebench-verified:sweb.eval.x86_64.django__django-11740,0.0,r2egym-qwen3-rl-100-steps-1-attempt-1,100,2663,abs_step_limit,82,0.7772998560157665,False
slimshetty/swebench-verified:sweb.eval.x86_64.django__django-15128,0.0,r2egym-qwen3-rl-100-steps-1-attempt-1,100,4085,token_limit,265,0.7310585786300049,False
slimshetty/swebench-verified:sweb.eval.x86_64.scikit-learn__scikit-learn-10844,1.0,r2egym-qwen3-rl-100-steps-1-attempt-1,34,2058,agent,16,0.9046505293168444,True
slimshetty/swebench-verified:sweb.eval.x86_64.scikit-learn__scikit-learn-14894,1.0,r2egym-qwen3-rl-100-steps-1-attempt-1,17,864,agent,85,0.7549149868676283,True
slimshetty/swebench-verified:sweb.eval.x86_64.matplotlib__matplotlib-24177,0.0,r2egym-qwen3-rl-100-steps-1-attempt-1,41,1483,max_step_limit,766,0.7981867729389246,False
slimshetty/swebench-verified:sweb.eval.x86_64.sympy__sympy-20916,0.0,r2egym-qwen3-rl-100-steps-1-attempt-1,70,887,agent_max_step_limit,1,0.7057850216484838,False
slimshetty/swebench-verified:sweb.eval.x86_64.django__django-12304,0.0,r2egym-qwen3-rl-100-steps-1-attempt-1,88,921,token_limit,13,0.004609572170827789,False
slimshetty/swebench-verified:sweb.eval.x86_64.scikit-learn__scikit-learn-10908,0.0,r2egym-qwen3-rl-100-steps-1-attempt-1,100,0,abs_step_limit,47,1.4738985482753428e-05,False
slimshetty/swebench-verified:sweb.eval.x86_64.astropy__astropy-13236,0.0,r2egym-qwen3-rl-100-steps-1-attempt-1,55,748,token_limit,644,0.7772998560157665,False
slimshetty/swebench-verified:sweb.eval.x86_64.sphinx-doc__sphinx-7985,0.0,r2egym-qwen3-rl-100-steps-1-attempt-1,78,8162,token_limit,0,0.008577486878890903,False
slimshetty/swebench-verified:sweb.eval.x86_64.django__django-12143,1.0,r2egym-qwen3-rl-100-steps-1-attempt-1,100,715,token_limit,52,0.9149009474519222,True
slimshetty/swebench-verified:sweb.eval.x86_64.psf__requests-2317,1.0,r2egym-qwen3-rl-100-steps-1-attempt-1,29,759,agent,133,0.6791786926816161,True
slimshetty/swebench-verified:sweb.eval.x86_64.sympy__sympy-19637,1.0,r2egym-qwen3-rl-100-steps-1-attempt-1,60,1442,token_limit,40,0.1824255171389905,True
slimshetty/swebench-verified:sweb.eval.x86_64.matplotlib__matplotlib-23314,1.0,r2egym-qwen3-rl-100-steps-1-attempt-1,78,2371,token_limit,862,0.7057850340255386,True
slimshetty/swebench-verified:sweb.eval.x86_64.scikit-learn__scikit-learn-13496,1.0,r2egym-qwen3-rl-100-steps-1-attempt-1,63,760,token_limit,19,0.29421498454004374,True
slimshetty/swebench-verified:sweb.eval.x86_64.pytest-dev__pytest-7432,1.0,r2egym-qwen3-rl-100-steps-1-attempt-1,68,2669,token_limit,77,0.8175744761936437,True
slimshetty/swebench-verified:sweb.eval.x86_64.django__django-13158,0.0,r2egym-qwen3-rl-100-steps-1-attempt-1,56,3494,agent_max_step_limit,29,0.8354835452961425,False
slimshetty/swebench-verified:sweb.eval.x86_64.pydata__xarray-3095,1.0,r2egym-qwen3-rl-100-steps-1-attempt-1,54,957,agent_max_step_limit,253,0.8807970811069351,True
slimshetty/swebench-verified:sweb.eval.x86_64.django__django-16502,0.0,r2egym-qwen3-rl-100-steps-1-attempt-1,64,0,token_limit,4,3.535624645738762e-05,False
slimshetty/swebench-verified:sweb.eval.x86_64.scikit-learn__scikit-learn-14983,0.0,r2egym-qwen3-rl-100-steps-1-attempt-1,55,1902,token_limit,101,0.007577241260857425,False
slimshetty/swebench-verified:sweb.eval.x86_64.pytest-dev__pytest-7236,0.0,r2egym-qwen3-rl-100-steps-1-attempt-1,34,1877,agent,50,0.7981867753392728,False
slimshetty/swebench-verified:sweb.eval.x86_64.django__django-14238,1.0,r2egym-qwen3-rl-100-steps-1-attempt-1,24,1392,agent,39,0.8807970811069351,True
slimshetty/swebench-verified:sweb.eval.x86_64.psf__requests-1921,1.0,r2egym-qwen3-rl-100-steps-1-attempt-1,91,3017,token_limit,107,0.8807970842359877,True
slimshetty/swebench-verified:sweb.eval.x86_64.scikit-learn__scikit-learn-11578,1.0,r2egym-qwen3-rl-100-steps-1-attempt-1,100,7037,abs_step_limit,93,0.8807970842359877,True
slimshetty/swebench-verified:sweb.eval.x86_64.sympy__sympy-23950,0.0,r2egym-qwen3-rl-100-steps-1-attempt-1,60,0,token_limit,4,2.7535687805818776e-05,False
slimshetty/swebench-verified:sweb.eval.x86_64.django__django-16950,0.0,r2egym-qwen3-rl-100-steps-1-attempt-1,72,4739,token_limit,3,0.4687906266262437,False
slimshetty/swebench-verified:sweb.eval.x86_64.scikit-learn__scikit-learn-13135,1.0,r2egym-qwen3-rl-100-steps-1-attempt-1,26,3261,agent,33,0.880797068590724,True
slimshetty/swebench-verified:sweb.eval.x86_64.django__django-14404,0.0,r2egym-qwen3-rl-100-steps-1-attempt-1,100,2402,abs_step_limit,323,0.7772998663336158,False
slimshetty/swebench-verified:sweb.eval.x86_64.django__django-13837,0.0,r2egym-qwen3-rl-100-steps-1-attempt-1,20,2980,agent,52,0.679178692681616,False
slimshetty/swebench-verified:sweb.eval.x86_64.sympy__sympy-20428,0.0,r2egym-qwen3-rl-100-steps-1-attempt-1,61,0,token_limit,154,7.484626275905827e-05,False
slimshetty/swebench-verified:sweb.eval.x86_64.django__django-11477,0.0,r2egym-qwen3-rl-100-steps-1-attempt-1,100,2216,abs_step_limit,151,0.0013250222984417554,False
slimshetty/swebench-verified:sweb.eval.x86_64.django__django-15127,0.0,r2egym-qwen3-rl-100-steps-1-attempt-1,43,2296,agent_max_step_limit,1,0.7057850278370112,False
slimshetty/swebench-verified:sweb.eval.x86_64.django__django-16819,1.0,r2egym-qwen3-rl-100-steps-1-attempt-1,87,5810,token_limit,38,0.7772998714925403,True
slimshetty/swebench-verified:sweb.eval.x86_64.sympy__sympy-20801,0.0,r2egym-qwen3-rl-100-steps-1-attempt-1,100,1089,abs_step_limit,0,0.004070136891018763,False
slimshetty/swebench-verified:sweb.eval.x86_64.django__django-13344,0.0,r2egym-qwen3-rl-100-steps-1-attempt-1,44,4078,token_limit,356,0.46879062662624377,False
slimshetty/swebench-verified:sweb.eval.x86_64.sphinx-doc__sphinx-9711,1.0,r2egym-qwen3-rl-100-steps-1-attempt-1,93,3574,token_limit,0,0.8354835391516133,True
slimshetty/swebench-verified:sweb.eval.x86_64.django__django-16938,0.0,r2egym-qwen3-rl-100-steps-1-attempt-1,98,3902,token_limit,65,0.8933093961129794,False
slimshetty/swebench-verified:sweb.eval.x86_64.sympy__sympy-23413,0.0,r2egym-qwen3-rl-100-steps-1-attempt-1,26,1946,agent,2,0.7772998560157665,False
slimshetty/swebench-verified:sweb.eval.x86_64.django__django-12713,0.0,r2egym-qwen3-rl-100-steps-1-attempt-1,100,3421,abs_step_limit,58,0.5621765008857982,False
slimshetty/swebench-verified:sweb.eval.x86_64.sympy__sympy-13798,0.0,r2egym-qwen3-rl-100-steps-1-attempt-1,52,3021,agent_max_step_limit,71,0.6513548646660542,False
slimshetty/swebench-verified:sweb.eval.x86_64.matplotlib__matplotlib-25960,0.0,r2egym-qwen3-rl-100-steps-1-attempt-1,66,2953,token_limit,131,0.22270014398423355,False
slimshetty/swebench-verified:sweb.eval.x86_64.pydata__xarray-2905,1.0,r2egym-qwen3-rl-100-steps-1-attempt-1,19,1429,agent,364,0.8670357529306639,True
slimshetty/swebench-verified:sweb.eval.x86_64.django__django-15957,0.0,r2egym-qwen3-rl-100-steps-1-attempt-1,66,4485,token_limit,9,0.32082130731838393,False
slimshetty/swebench-verified:sweb.eval.x86_64.matplotlib__matplotlib-26113,1.0,r2egym-qwen3-rl-100-steps-1-attempt-1,36,3221,agent,812,0.8807970764133561,True
slimshetty/swebench-verified:sweb.eval.x86_64.django__django-12406,0.0,r2egym-qwen3-rl-100-steps-1-attempt-1,100,2726,abs_step_limit,155,0.679178699175393,False
slimshetty/swebench-verified:sweb.eval.x86_64.django__django-15268,0.0,r2egym-qwen3-rl-100-steps-1-attempt-1,96,6423,token_limit,13,0.0011695103519529276,False
slimshetty/swebench-verified:sweb.eval.x86_64.sympy__sympy-21930,0.0,r2egym-qwen3-rl-100-steps-1-attempt-1,78,828,token_limit,45,0.005911068002522816,False
slimshetty/swebench-verified:sweb.eval.x86_64.sphinx-doc__sphinx-8056,0.0,r2egym-qwen3-rl-100-steps-1-attempt-1,43,3701,token_limit,34,0.22270012850745968,False
slimshetty/swebench-verified:sweb.eval.x86_64.sphinx-doc__sphinx-11510,0.0,r2egym-qwen3-rl-100-steps-1-attempt-1,42,0,agent_max_step_limit,7,0.00012339457428777782,False
slimshetty/swebench-verified:sweb.eval.x86_64.astropy__astropy-7671,0.0,r2egym-qwen3-rl-100-steps-1-attempt-1,19,921,agent,0,0.7549149978955811,False
slimshetty/swebench-verified:sweb.eval.x86_64.pydata__xarray-7393,1.0,r2egym-qwen3-rl-100-steps-1-attempt-1,56,658,agent_max_step_limit,71,0.8519527963298946,True
slimshetty/swebench-verified:sweb.eval.x86_64.pytest-dev__pytest-7490,0.0,r2egym-qwen3-rl-100-steps-1-attempt-1,94,846,token_limit,78,9.61024030095036e-05,False
slimshetty/swebench-verified:sweb.eval.x86_64.matplotlib__matplotlib-22865,0.0,r2egym-qwen3-rl-100-steps-1-attempt-1,100,1430,abs_step_limit,56,0.04208773182056191,False
slimshetty/swebench-verified:sweb.eval.x86_64.django__django-15563,0.0,r2egym-qwen3-rl-100-steps-1-attempt-1,58,2001,token_limit,29,0.18242552380635632,False
slimshetty/swebench-verified:sweb.eval.x86_64.django__django-14493,0.0,r2egym-qwen3-rl-100-steps-1-attempt-1,77,1973,token_limit,6,0.20181321986003056,False
slimshetty/swebench-verified:sweb.eval.x86_64.django__django-16527,1.0,r2egym-qwen3-rl-100-steps-1-attempt-1,41,9849,max_step_limit,6,0.817574471748733,True
slimshetty/swebench-verified:sweb.eval.x86_64.sphinx-doc__sphinx-8593,0.0,r2egym-qwen3-rl-100-steps-1-attempt-1,95,2077,token_limit,1,0.7057850402140659,False
slimshetty/swebench-verified:sweb.eval.x86_64.matplotlib__matplotlib-14623,0.0,r2egym-qwen3-rl-100-steps-1-attempt-1,73,666,token_limit,400,0.2689414330889798,False
slimshetty/swebench-verified:sweb.eval.x86_64.django__django-11095,1.0,r2egym-qwen3-rl-100-steps-1-attempt-1,56,3173,token_limit,19,0.8519528000888387,True
slimshetty/swebench-verified:sweb.eval.x86_64.pytest-dev__pytest-7571,1.0,r2egym-qwen3-rl-100-steps-1-attempt-1,41,879,max_step_limit,14,0.8354835350552604,True
slimshetty/swebench-verified:sweb.eval.x86_64.sympy__sympy-12419,1.0,r2egym-qwen3-rl-100-steps-1-attempt-1,66,1600,agent_max_step_limit,25,0.7310585727705126,True
slimshetty/swebench-verified:sweb.eval.x86_64.matplotlib__matplotlib-21568,0.0,r2egym-qwen3-rl-100-steps-1-attempt-1,98,648,token_limit,73,0.0001233945301513246,False
slimshetty/swebench-verified:sweb.eval.x86_64.django__django-16631,0.0,r2egym-qwen3-rl-100-steps-1-attempt-1,95,8249,token_limit,11,0.8354835391516132,False
slimshetty/swebench-verified:sweb.eval.x86_64.django__django-14608,1.0,r2egym-qwen3-rl-100-steps-1-attempt-1,41,3950,max_step_limit,394,0.8354835371034368,True
slimshetty/swebench-verified:sweb.eval.x86_64.django__django-13279,0.0,r2egym-qwen3-rl-100-steps-1-attempt-1,100,5226,abs_step_limit,337,0.6224593312018546,False
slimshetty/swebench-verified:sweb.eval.x86_64.astropy__astropy-14182,0.0,r2egym-qwen3-rl-100-steps-1-attempt-1,48,1406,token_limit,8,0.10669058684467357,False
slimshetty/swebench-verified:sweb.eval.x86_64.django__django-16429,1.0,r2egym-qwen3-rl-100-steps-1-attempt-1,30,1864,agent,21,0.880797068590724,True
slimshetty/swebench-verified:sweb.eval.x86_64.sphinx-doc__sphinx-9230,0.0,r2egym-qwen3-rl-100-steps-1-attempt-1,90,2392,token_limit,44,0.2942149597859341,False
slimshetty/swebench-verified:sweb.eval.x86_64.sympy__sympy-15875,0.0,r2egym-qwen3-rl-100-steps-1-attempt-1,68,513,token_limit,80,0.00970847726942099,False
slimshetty/swebench-verified:sweb.eval.x86_64.scikit-learn__scikit-learn-14710,0.0,r2egym-qwen3-rl-100-steps-1-attempt-1,100,3010,abs_step_limit,0,0.7981867801399695,False
slimshetty/swebench-verified:sweb.eval.x86_64.sphinx-doc__sphinx-8475,1.0,r2egym-qwen3-rl-100-steps-1-attempt-1,16,1072,agent,17,0.7772998663336158,True
slimshetty/swebench-verified:sweb.eval.x86_64.psf__requests-1766,1.0,r2egym-qwen3-rl-100-steps-1-attempt-1,30,1528,agent,79,0.8354835452961425,True
slimshetty/swebench-verified:sweb.eval.x86_64.sympy__sympy-13647,0.0,r2egym-qwen3-rl-100-steps-1-attempt-1,37,0,agent,76,0.002472622851692673,False
slimshetty/swebench-verified:sweb.eval.x86_64.matplotlib__matplotlib-26208,0.0,r2egym-qwen3-rl-100-steps-1-attempt-1,63,498,token_limit,813,0.40733340004593027,False
slimshetty/swebench-verified:sweb.eval.x86_64.django__django-12155,1.0,r2egym-qwen3-rl-100-steps-1-attempt-1,30,3153,agent,6,0.651354857898194,True
slimshetty/swebench-verified:sweb.eval.x86_64.astropy__astropy-13398,0.0,r2egym-qwen3-rl-100-steps-1-attempt-1,53,2157,token_limit,68,0.005220126433503571,False
slimshetty/swebench-verified:sweb.eval.x86_64.sympy__sympy-24562,1.0,r2egym-qwen3-rl-100-steps-1-attempt-1,42,3049,agent_max_step_limit,105,0.8933094159957173,True
slimshetty/swebench-verified:sweb.eval.x86_64.sphinx-doc__sphinx-8551,0.0,r2egym-qwen3-rl-100-steps-1-attempt-1,100,2984,abs_step_limit,31,0.4073334000459302,False
slimshetty/swebench-verified:sweb.eval.x86_64.pylint-dev__pylint-4661,0.0,r2egym-qwen3-rl-100-steps-1-attempt-1,21,1585,agent,0,0.5926665999540698,False
slimshetty/swebench-verified:sweb.eval.x86_64.django__django-10880,0.0,r2egym-qwen3-rl-100-steps-1-attempt-1,100,1600,abs_step_limit,54,0.7772998663336158,False
slimshetty/swebench-verified:sweb.eval.x86_64.pytest-dev__pytest-7521,0.0,r2egym-qwen3-rl-100-steps-1-attempt-1,100,472,abs_step_limit,125,0.008577487362004005,False
slimshetty/swebench-verified:sweb.eval.x86_64.django__django-15731,1.0,r2egym-qwen3-rl-100-steps-1-attempt-1,100,2224,abs_step_limit,58,0.7981867801399694,True
slimshetty/swebench-verified:sweb.eval.x86_64.scikit-learn__scikit-learn-12973,0.0,r2egym-qwen3-rl-100-steps-1-attempt-1,60,0,token_limit,32,1.0129993393540266e-05,False
slimshetty/swebench-verified:sweb.eval.x86_64.sphinx-doc__sphinx-7440,0.0,r2egym-qwen3-rl-100-steps-1-attempt-1,73,906,token_limit,12,0.0001584362346832731,False
slimshetty/swebench-verified:sweb.eval.x86_64.pydata__xarray-6599,0.0,r2egym-qwen3-rl-100-steps-1-attempt-1,47,4641,token_limit,261,0.053403329799824234,False
slimshetty/swebench-verified:sweb.eval.x86_64.django__django-16801,1.0,r2egym-qwen3-rl-100-steps-1-attempt-1,21,3155,agent,17,0.8670357735451835,True
slimshetty/swebench-verified:sweb.eval.x86_64.mwaskom__seaborn-3187,0.0,r2egym-qwen3-rl-100-steps-1-attempt-1,100,2102,abs_step_limit,248,0.07585818681131791,False
slimshetty/swebench-verified:sweb.eval.x86_64.django__django-11999,0.0,r2egym-qwen3-rl-100-steps-1-attempt-1,100,1901,abs_step_limit,30,0.010986944715306174,False
slimshetty/swebench-verified:sweb.eval.x86_64.django__django-14170,0.0,r2egym-qwen3-rl-100-steps-1-attempt-1,100,0,abs_step_limit,76,8.481108157318755e-05,False
slimshetty/swebench-verified:sweb.eval.x86_64.scikit-learn__scikit-learn-14087,0.0,r2egym-qwen3-rl-100-steps-1-attempt-1,46,2353,token_limit,170,0.002472622872366713,False
slimshetty/swebench-verified:sweb.eval.x86_64.pytest-dev__pytest-8399,1.0,r2egym-qwen3-rl-100-steps-1-attempt-1,42,551,agent_max_step_limit,59,0.880797068590724,True
slimshetty/swebench-verified:sweb.eval.x86_64.pydata__xarray-6938,0.0,r2egym-qwen3-rl-100-steps-1-attempt-1,50,1773,token_limit,430,0.0001795278997786023,False
slimshetty/swebench-verified:sweb.eval.x86_64.django__django-11790,0.0,r2egym-qwen3-rl-100-steps-1-attempt-1,100,4648,abs_step_limit,0,0.6224593241981982,False
slimshetty/swebench-verified:sweb.eval.x86_64.pytest-dev__pytest-5840,0.0,r2egym-qwen3-rl-100-steps-1-attempt-1,100,685,abs_step_limit,0,0.0066928493702222355,False
slimshetty/swebench-verified:sweb.eval.x86_64.scikit-learn__scikit-learn-12682,0.0,r2egym-qwen3-rl-100-steps-1-attempt-1,94,3761,token_limit,35,0.7310585669110203,False
slimshetty/swebench-verified:sweb.eval.x86_64.sphinx-doc__sphinx-9591,0.0,r2egym-qwen3-rl-100-steps-1-attempt-1,72,2204,token_limit,44,0.4073334000459302,False
slimshetty/swebench-verified:sweb.eval.x86_64.django__django-14915,1.0,r2egym-qwen3-rl-100-steps-1-attempt-1,54,2987,agent_max_step_limit,23,0.8519528076067262,True
slimshetty/swebench-verified:sweb.eval.x86_64.django__django-13925,0.0,r2egym-qwen3-rl-100-steps-1-attempt-1,38,0,token_limit,24,7.484626274326669e-05,False
slimshetty/swebench-verified:sweb.eval.x86_64.matplotlib__matplotlib-20859,1.0,r2egym-qwen3-rl-100-steps-1-attempt-1,34,1245,agent,88,0.7549149923816048,True
slimshetty/swebench-verified:sweb.eval.x86_64.django__django-15732,0.0,r2egym-qwen3-rl-100-steps-1-attempt-1,100,2144,abs_step_limit,125,0.5621765008857982,False
slimshetty/swebench-verified:sweb.eval.x86_64.django__django-13786,1.0,r2egym-qwen3-rl-100-steps-1-attempt-1,81,2875,agent_max_step_limit,33,0.8519528038477825,True
slimshetty/swebench-verified:sweb.eval.x86_64.pylint-dev__pylint-6386,0.0,r2egym-qwen3-rl-100-steps-1-attempt-1,62,0,token_limit,7,4.5397890237206746e-05,False
slimshetty/swebench-verified:sweb.eval.x86_64.django__django-16139,1.0,r2egym-qwen3-rl-100-steps-1-attempt-1,100,2237,abs_step_limit,86,0.8354835391516133,True
slimshetty/swebench-verified:sweb.eval.x86_64.django__django-16595,0.0,r2egym-qwen3-rl-100-steps-1-attempt-1,100,5468,abs_step_limit,0,0.8519527982093666,False
slimshetty/swebench-verified:sweb.eval.x86_64.matplotlib__matplotlib-22871,0.0,r2egym-qwen3-rl-100-steps-1-attempt-1,44,2724,agent_max_step_limit,86,0.2689414096510109,False
slimshetty/swebench-verified:sweb.eval.x86_64.sympy__sympy-15017,1.0,r2egym-qwen3-rl-100-steps-1-attempt-1,78,1604,token_limit,14,0.4073334000459302,True
slimshetty/swebench-verified:sweb.eval.x86_64.django__django-15572,0.0,r2egym-qwen3-rl-100-steps-1-attempt-1,100,1179,abs_step_limit,10,0.0019267351039022424,False
slimshetty/swebench-verified:sweb.eval.x86_64.django__django-16485,1.0,r2egym-qwen3-rl-100-steps-1-attempt-1,23,2691,agent,9,0.851952809486198,True
slimshetty/swebench-verified:sweb.eval.x86_64.django__django-11179,1.0,r2egym-qwen3-rl-100-steps-1-attempt-1,36,1930,agent,40,0.7981867705385763,True
slimshetty/swebench-verified:sweb.eval.x86_64.sphinx-doc__sphinx-9367,1.0,r2egym-qwen3-rl-100-steps-1-attempt-1,15,580,agent,25,0.8670357683915538,True
slimshetty/swebench-verified:sweb.eval.x86_64.django__django-11087,0.0,r2egym-qwen3-rl-100-steps-1-attempt-1,100,0,abs_step_limit,41,6.605213666925526e-05,False
slimshetty/swebench-verified:sweb.eval.x86_64.sphinx-doc__sphinx-8621,1.0,r2egym-qwen3-rl-100-steps-1-attempt-1,95,1576,token_limit,31,0.003593602579752702,True
slimshetty/swebench-verified:sweb.eval.x86_64.django__django-14311,1.0,r2egym-qwen3-rl-100-steps-1-attempt-1,34,1928,agent,59,0.8354835411997897,True
slimshetty/swebench-verified:sweb.eval.x86_64.matplotlib__matplotlib-20676,0.0,r2egym-qwen3-rl-100-steps-1-attempt-1,41,0,token_limit,32,5.144219519403497e-05,False
slimshetty/swebench-verified:sweb.eval.x86_64.django__django-11400,0.0,r2egym-qwen3-rl-100-steps-1-attempt-1,100,5080,abs_step_limit,58,0.6513548782017745,False
slimshetty/swebench-verified:sweb.eval.x86_64.sphinx-doc__sphinx-10673,0.0,r2egym-qwen3-rl-100-steps-1-attempt-1,100,2728,abs_step_limit,9,0.3775406617944891,False
slimshetty/swebench-verified:sweb.eval.x86_64.django__django-16899,0.0,r2egym-qwen3-rl-100-steps-1-attempt-1,100,2563,abs_step_limit,54,0.8175744673038222,False
slimshetty/swebench-verified:sweb.eval.x86_64.django__django-13794,0.0,r2egym-qwen3-rl-100-steps-1-attempt-1,96,2791,token_limit,0,0.0031726834308321975,False
slimshetty/swebench-verified:sweb.eval.x86_64.django__django-13516,0.0,r2egym-qwen3-rl-100-steps-1-attempt-1,100,1885,abs_step_limit,43,0.18242551936144574,False
slimshetty/swebench-verified:sweb.eval.x86_64.sympy__sympy-24213,1.0,r2egym-qwen3-rl-100-steps-1-attempt-1,100,2120,abs_step_limit,31,0.6224593312018545,True
slimshetty/swebench-verified:sweb.eval.x86_64.sphinx-doc__sphinx-9461,0.0,r2egym-qwen3-rl-100-steps-1-attempt-1,100,1975,abs_step_limit,59,0.6224593382055109,False
slimshetty/swebench-verified:sweb.eval.x86_64.django__django-13551,0.0,r2egym-qwen3-rl-100-steps-1-attempt-1,61,4976,token_limit,56,0.7310585786300049,False
slimshetty/swebench-verified:sweb.eval.x86_64.django__django-11820,0.0,r2egym-qwen3-rl-100-steps-1-attempt-1,62,2146,token_limit,61,0.4378234991142019,False
slimshetty/swebench-verified:sweb.eval.x86_64.django__django-15695,0.0,r2egym-qwen3-rl-100-steps-1-attempt-1,100,3120,abs_step_limit,123,0.34864513533394575,False
slimshetty/swebench-verified:sweb.eval.x86_64.sympy__sympy-22080,0.0,r2egym-qwen3-rl-100-steps-1-attempt-1,44,821,agent_max_step_limit,88,0.817574471748733,False
slimshetty/swebench-verified:sweb.eval.x86_64.scikit-learn__scikit-learn-25232,0.0,r2egym-qwen3-rl-100-steps-1-attempt-1,48,3212,agent_max_step_limit,151,0.320821300824607,False
slimshetty/swebench-verified:sweb.eval.x86_64.django__django-15930,1.0,r2egym-qwen3-rl-100-steps-1-attempt-1,46,2267,agent_max_step_limit,88,0.7772998560157665,True
slimshetty/swebench-verified:sweb.eval.x86_64.django__django-14771,0.0,r2egym-qwen3-rl-100-steps-1-attempt-1,100,4516,abs_step_limit,60,0.7772998663336158,False
slimshetty/swebench-verified:sweb.eval.x86_64.django__django-16493,1.0,r2egym-qwen3-rl-100-steps-1-attempt-1,52,2824,agent_max_step_limit,91,0.8354835371034368,True
slimshetty/swebench-verified:sweb.eval.x86_64.sphinx-doc__sphinx-10449,1.0,r2egym-qwen3-rl-100-steps-1-attempt-1,78,2042,token_limit,30,0.7981867753392728,True
slimshetty/swebench-verified:sweb.eval.x86_64.django__django-12774,0.0,r2egym-qwen3-rl-100-steps-1-attempt-1,41,5418,max_step_limit,39,0.7772998560157665,False
slimshetty/swebench-verified:sweb.eval.x86_64.scikit-learn__scikit-learn-11310,1.0,r2egym-qwen3-rl-100-steps-1-attempt-1,16,1016,agent,50,0.8354835350552603,True
slimshetty/swebench-verified:sweb.eval.x86_64.sympy__sympy-13480,1.0,r2egym-qwen3-rl-100-steps-1-attempt-1,21,594,agent,43,0.8807970779778824,True
slimshetty/swebench-verified:sweb.eval.x86_64.django__django-14122,1.0,r2egym-qwen3-rl-100-steps-1-attempt-1,51,2708,agent_max_step_limit,26,0.798186768138228,True
slimshetty/swebench-verified:sweb.eval.x86_64.matplotlib__matplotlib-24627,1.0,r2egym-qwen3-rl-100-steps-1-attempt-1,100,1973,abs_step_limit,776,0.904650527388829,True
slimshetty/swebench-verified:sweb.eval.x86_64.django__django-15629,0.0,r2egym-qwen3-rl-100-steps-1-attempt-1,41,1639,max_step_limit,115,0.320821300824607,False
slimshetty/swebench-verified:sweb.eval.x86_64.django__django-12050,1.0,r2egym-qwen3-rl-100-steps-1-attempt-1,43,587,agent_max_step_limit,10,0.8354835411997897,True
slimshetty/swebench-verified:sweb.eval.x86_64.sympy__sympy-13615,1.0,r2egym-qwen3-rl-100-steps-1-attempt-1,42,956,agent_max_step_limit,70,0.8519528000888386,True
slimshetty/swebench-verified:sweb.eval.x86_64.scikit-learn__scikit-learn-12585,1.0,r2egym-qwen3-rl-100-steps-1-attempt-1,54,555,agent_max_step_limit,22,0.8670357512127872,True
slimshetty/swebench-verified:sweb.eval.x86_64.sympy__sympy-21847,1.0,r2egym-qwen3-rl-100-steps-1-attempt-1,35,2161,agent,9,0.8670357563664174,True
slimshetty/swebench-verified:sweb.eval.x86_64.sympy__sympy-17139,1.0,r2egym-qwen3-rl-100-steps-1-attempt-1,22,549,agent,67,0.8175744806385543,True
slimshetty/swebench-verified:sweb.eval.x86_64.django__django-14315,0.0,r2egym-qwen3-rl-100-steps-1-attempt-1,31,833,agent,0,0.8807970795424088,False
slimshetty/swebench-verified:sweb.eval.x86_64.django__django-14787,1.0,r2egym-qwen3-rl-100-steps-1-attempt-1,24,1859,agent,20,0.8670357615200474,True
slimshetty/swebench-verified:sweb.eval.x86_64.django__django-12209,1.0,r2egym-qwen3-rl-100-steps-1-attempt-1,49,2645,agent_max_step_limit,0,0.8519527963298947,True
slimshetty/swebench-verified:sweb.eval.x86_64.django__django-15022,0.0,r2egym-qwen3-rl-100-steps-1-attempt-1,93,7501,token_limit,56,0.32082130731838393,False
slimshetty/swebench-verified:sweb.eval.x86_64.sphinx-doc__sphinx-11445,0.0,r2egym-qwen3-rl-100-steps-1-attempt-1,23,2896,agent,6,0.5312093733737563,False
slimshetty/swebench-verified:sweb.eval.x86_64.sphinx-doc__sphinx-10466,0.0,r2egym-qwen3-rl-100-steps-1-attempt-1,100,0,abs_step_limit,6,3.535625490018181e-05,False
slimshetty/swebench-verified:sweb.eval.x86_64.django__django-11964,0.0,r2egym-qwen3-rl-100-steps-1-attempt-1,100,0,abs_step_limit,15,5.829126543170052e-05,False
slimshetty/swebench-verified:sweb.eval.x86_64.django__django-15554,0.0,r2egym-qwen3-rl-100-steps-1-attempt-1,69,3608,token_limit,19,0.7549149923816048,False
slimshetty/swebench-verified:sweb.eval.x86_64.astropy__astropy-14096,0.0,r2egym-qwen3-rl-100-steps-1-attempt-1,99,0,token_limit,426,5.144222581997146e-05,False
slimshetty/swebench-verified:sweb.eval.x86_64.pytest-dev__pytest-5631,1.0,r2egym-qwen3-rl-100-steps-1-attempt-1,69,998,token_limit,15,0.817574471748733,True
slimshetty/swebench-verified:sweb.eval.x86_64.django__django-17087,0.0,r2egym-qwen3-rl-100-steps-1-attempt-1,43,0,agent_max_step_limit,53,0.0002959571674605987,False
slimshetty/swebench-verified:sweb.eval.x86_64.sphinx-doc__sphinx-10323,0.0,r2egym-qwen3-rl-100-steps-1-attempt-1,57,1476,token_limit,38,0.7310585786300048,False
slimshetty/swebench-verified:sweb.eval.x86_64.sphinx-doc__sphinx-9258,0.0,r2egym-qwen3-rl-100-steps-1-attempt-1,59,4899,agent_max_step_limit,43,0.7981867801399695,False
slimshetty/swebench-verified:sweb.eval.x86_64.sympy__sympy-17318,0.0,r2egym-qwen3-rl-100-steps-1-attempt-1,38,2172,agent,10,0.8670357615200474,False
slimshetty/swebench-verified:sweb.eval.x86_64.pydata__xarray-4356,1.0,r2egym-qwen3-rl-100-steps-1-attempt-1,46,852,token_limit,604,0.7057850216484838,True
slimshetty/swebench-verified:sweb.eval.x86_64.django__django-11555,0.0,r2egym-qwen3-rl-100-steps-1-attempt-1,100,1525,abs_step_limit,26,0.43782349911420193,False
slimshetty/swebench-verified:sweb.eval.x86_64.sphinx-doc__sphinx-8269,1.0,r2egym-qwen3-rl-100-steps-1-attempt-1,100,6728,abs_step_limit,5,0.8519528000888387,True
slimshetty/swebench-verified:sweb.eval.x86_64.sphinx-doc__sphinx-7462,0.0,r2egym-qwen3-rl-100-steps-1-attempt-1,41,3298,token_limit,49,0.7057850216484838,False
slimshetty/swebench-verified:sweb.eval.x86_64.django__django-11728,0.0,r2egym-qwen3-rl-100-steps-1-attempt-1,62,2187,token_limit,43,0.002472622766699401,False
slimshetty/swebench-verified:sweb.eval.x86_64.matplotlib__matplotlib-22719,1.0,r2egym-qwen3-rl-100-steps-1-attempt-1,87,1895,token_limit,68,0.000379984522512336,True
slimshetty/swebench-verified:sweb.eval.x86_64.sympy__sympy-16792,0.0,r2egym-qwen3-rl-100-steps-1-attempt-1,100,0,abs_step_limit,54,4.006370169593065e-05,False
slimshetty/swebench-verified:sweb.eval.x86_64.matplotlib__matplotlib-24149,1.0,r2egym-qwen3-rl-100-steps-1-attempt-1,100,1259,abs_step_limit,767,0.8175744828610095,True
slimshetty/swebench-verified:sweb.eval.x86_64.django__django-16569,1.0,r2egym-qwen3-rl-100-steps-1-attempt-1,100,3898,abs_step_limit,111,0.8519528000888386,True
slimshetty/swebench-verified:sweb.eval.x86_64.matplotlib__matplotlib-23299,0.0,r2egym-qwen3-rl-100-steps-1-attempt-1,29,2661,agent,192,0.8670357598021707,False
slimshetty/swebench-verified:sweb.eval.x86_64.sphinx-doc__sphinx-8638,0.0,r2egym-qwen3-rl-100-steps-1-attempt-1,87,2408,token_limit,34,0.0015011822396361614,False
slimshetty/swebench-verified:sweb.eval.x86_64.sympy__sympy-24661,1.0,r2egym-qwen3-rl-100-steps-1-attempt-1,40,3450,agent,27,0.8519528019683105,True
slimshetty/swebench-verified:sweb.eval.x86_64.pytest-dev__pytest-5809,1.0,r2egym-qwen3-rl-100-steps-1-attempt-1,41,2071,max_step_limit,3,0.5926665999540698,True
slimshetty/swebench-verified:sweb.eval.x86_64.django__django-10914,1.0,r2egym-qwen3-rl-100-steps-1-attempt-1,62,3823,token_limit,98,0.7981867849406659,True
slimshetty/swebench-verified:sweb.eval.x86_64.django__django-16082,0.0,r2egym-qwen3-rl-100-steps-1-attempt-1,13,837,agent,170,0.5926665999540698,False
slimshetty/swebench-verified:sweb.eval.x86_64.pydata__xarray-4966,1.0,r2egym-qwen3-rl-100-steps-1-attempt-1,35,2569,agent,21,0.8519528076067262,True
slimshetty/swebench-verified:sweb.eval.x86_64.django__django-10999,0.0,r2egym-qwen3-rl-100-steps-1-attempt-1,78,1908,token_limit,9,0.10669058471438037,False
slimshetty/swebench-verified:sweb.eval.x86_64.sympy__sympy-15599,0.0,r2egym-qwen3-rl-100-steps-1-attempt-1,89,743,token_limit,80,0.7981867849406659,False
slimshetty/swebench-verified:sweb.eval.x86_64.django__django-14534,0.0,r2egym-qwen3-rl-100-steps-1-attempt-1,43,1630,agent_max_step_limit,118,0.6791786926816161,False
slimshetty/swebench-verified:sweb.eval.x86_64.django__django-13012,1.0,r2egym-qwen3-rl-100-steps-1-attempt-1,85,2955,token_limit,137,0.7981867729389246,True
slimshetty/swebench-verified:sweb.eval.x86_64.django__django-12754,0.0,r2egym-qwen3-rl-100-steps-1-attempt-1,34,3886,agent,104,0.7549149923816048,False
slimshetty/swebench-verified:sweb.eval.x86_64.astropy__astropy-14508,1.0,r2egym-qwen3-rl-100-steps-1-attempt-1,51,2871,token_limit,174,0.7981867705385762,True
slimshetty/swebench-verified:sweb.eval.x86_64.django__django-15851,1.0,r2egym-qwen3-rl-100-steps-1-attempt-1,38,1109,agent,8,0.7310585786300049,True
slimshetty/swebench-verified:sweb.eval.x86_64.pytest-dev__pytest-6197,0.0,r2egym-qwen3-rl-100-steps-1-attempt-1,78,0,token_limit,145,0.00020342692097540568,False
slimshetty/swebench-verified:sweb.eval.x86_64.django__django-15161,0.0,r2egym-qwen3-rl-100-steps-1-attempt-1,100,1925,abs_step_limit,0,0.0004305571266166989,False
slimshetty/swebench-verified:sweb.eval.x86_64.sphinx-doc__sphinx-10435,0.0,r2egym-qwen3-rl-100-steps-1-attempt-1,63,5198,agent_max_step_limit,74,0.7310585669110202,False
slimshetty/swebench-verified:sweb.eval.x86_64.scikit-learn__scikit-learn-14629,0.0,r2egym-qwen3-rl-100-steps-1-attempt-1,100,2791,abs_step_limit,26,0.7057850340255386,False
slimshetty/swebench-verified:sweb.eval.x86_64.django__django-14725,0.0,r2egym-qwen3-rl-100-steps-1-attempt-1,66,5370,token_limit,64,0.042087731520181665,False
slimshetty/swebench-verified:sweb.eval.x86_64.sphinx-doc__sphinx-7889,0.0,r2egym-qwen3-rl-100-steps-1-attempt-1,53,906,token_limit,5,0.0013250225101044235,False
slimshetty/swebench-verified:sweb.eval.x86_64.sphinx-doc__sphinx-8120,0.0,r2egym-qwen3-rl-100-steps-1-attempt-1,63,906,token_limit,44,0.00013982209011187473,False
slimshetty/swebench-verified:sweb.eval.x86_64.django__django-16661,1.0,r2egym-qwen3-rl-100-steps-1-attempt-1,91,4456,token_limit,36,0.7057850340255386,True
slimshetty/swebench-verified:sweb.eval.x86_64.sympy__sympy-18189,1.0,r2egym-qwen3-rl-100-steps-1-attempt-1,24,665,agent,41,0.7310585727705127,True
slimshetty/swebench-verified:sweb.eval.x86_64.django__django-13033,0.0,r2egym-qwen3-rl-100-steps-1-attempt-1,57,473,token_limit,26,0.0534033330012421,False
slimshetty/swebench-verified:sweb.eval.x86_64.matplotlib__matplotlib-25287,1.0,r2egym-qwen3-rl-100-steps-1-attempt-1,100,2013,abs_step_limit,786,0.6791787121629465,True
slimshetty/swebench-verified:sweb.eval.x86_64.sphinx-doc__sphinx-7748,0.0,r2egym-qwen3-rl-100-steps-1-attempt-1,39,6809,llm_query_error,9,0.0,False
slimshetty/swebench-verified:sweb.eval.x86_64.sympy__sympy-20590,0.0,r2egym-qwen3-rl-100-steps-1-attempt-1,53,0,token_limit,21,9.61024375498969e-05,False
slimshetty/swebench-verified:sweb.eval.x86_64.sphinx-doc__sphinx-9698,1.0,r2egym-qwen3-rl-100-steps-1-attempt-1,99,624,token_limit,45,0.8175744806385542,True
slimshetty/swebench-verified:sweb.eval.x86_64.django__django-13112,0.0,r2egym-qwen3-rl-100-steps-1-attempt-1,6,0,token_limit,63,0.00037998452778547704,False
slimshetty/swebench-verified:sweb.eval.x86_64.sympy__sympy-14531,0.0,r2egym-qwen3-rl-100-steps-1-attempt-1,58,597,token_limit,84,0.7057850278370112,False
slimshetty/swebench-verified:sweb.eval.x86_64.matplotlib__matplotlib-20488,0.0,r2egym-qwen3-rl-100-steps-1-attempt-1,100,1910,abs_step_limit,110,0.1066905889749668,False
slimshetty/swebench-verified:sweb.eval.x86_64.pylint-dev__pylint-4970,0.0,r2egym-qwen3-rl-100-steps-1-attempt-1,30,2138,agent,17,0.8354835432479661,False
slimshetty/swebench-verified:sweb.eval.x86_64.scikit-learn__scikit-learn-13328,1.0,r2egym-qwen3-rl-100-steps-1-attempt-1,16,637,agent,9,0.880797076413356,True
slimshetty/swebench-verified:sweb.eval.x86_64.sympy__sympy-14248,0.0,r2egym-qwen3-rl-100-steps-1-attempt-1,42,5010,agent_max_step_limit,431,0.5926665999540698,False
slimshetty/swebench-verified:sweb.eval.x86_64.django__django-11163,1.0,r2egym-qwen3-rl-100-steps-1-attempt-1,77,4699,token_limit,141,0.880797076413356,True
slimshetty/swebench-verified:sweb.eval.x86_64.scikit-learn__scikit-learn-26323,1.0,r2egym-qwen3-rl-100-steps-1-attempt-1,75,730,token_limit,188,0.053403325280175794,True
slimshetty/swebench-verified:sweb.eval.x86_64.django__django-15741,1.0,r2egym-qwen3-rl-100-steps-1-attempt-1,70,916,token_limit,104,0.8175744828610095,True
slimshetty/swebench-verified:sweb.eval.x86_64.sympy__sympy-22714,1.0,r2egym-qwen3-rl-100-steps-1-attempt-1,62,3657,token_limit,11,0.01406362549361702,True
slimshetty/swebench-verified:sweb.eval.x86_64.astropy__astropy-14309,1.0,r2egym-qwen3-rl-100-steps-1-attempt-1,42,1843,agent_max_step_limit,141,0.7549149868676283,True
slimshetty/swebench-verified:sweb.eval.x86_64.django__django-13406,0.0,r2egym-qwen3-rl-100-steps-1-attempt-1,58,2917,agent_max_step_limit,32,0.7772998663336158,False
slimshetty/swebench-verified:sweb.eval.x86_64.sphinx-doc__sphinx-9658,0.0,r2egym-qwen3-rl-100-steps-1-attempt-1,100,963,abs_step_limit,24,0.06754668973182398,False
slimshetty/swebench-verified:sweb.eval.x86_64.pylint-dev__pylint-7277,1.0,r2egym-qwen3-rl-100-steps-1-attempt-1,82,652,token_limit,122,0.8670357683915538,True
slimshetty/swebench-verified:sweb.eval.x86_64.sympy__sympy-18211,0.0,r2egym-qwen3-rl-100-steps-1-attempt-1,34,1889,agent,54,0.754914997895581,False
slimshetty/swebench-verified:sweb.eval.x86_64.scikit-learn__scikit-learn-13779,1.0,r2egym-qwen3-rl-100-steps-1-attempt-1,24,1431,agent,18,0.8670357598021707,True
slimshetty/swebench-verified:sweb.eval.x86_64.sympy__sympy-12096,1.0,r2egym-qwen3-rl-100-steps-1-attempt-1,21,1222,agent,43,0.8933094010836643,True
slimshetty/swebench-verified:sweb.eval.x86_64.sphinx-doc__sphinx-9320,1.0,r2egym-qwen3-rl-100-steps-1-attempt-1,13,1764,agent,9,0.8807970779778825,True
slimshetty/swebench-verified:sweb.eval.x86_64.django__django-14376,0.0,r2egym-qwen3-rl-100-steps-1-attempt-1,100,2461,abs_step_limit,6,0.8519528019683105,False
slimshetty/swebench-verified:sweb.eval.x86_64.django__django-14580,1.0,r2egym-qwen3-rl-100-steps-1-attempt-1,79,2970,token_limit,49,0.5,True
slimshetty/swebench-verified:sweb.eval.x86_64.django__django-14999,1.0,r2egym-qwen3-rl-100-steps-1-attempt-1,100,3219,abs_step_limit,113,0.8519528038477824,True
slimshetty/swebench-verified:sweb.eval.x86_64.sympy__sympy-12489,0.0,r2egym-qwen3-rl-100-steps-1-attempt-1,48,3797,agent_max_step_limit,5,0.7772998560157665,False
slimshetty/swebench-verified:sweb.eval.x86_64.django__django-13028,1.0,r2egym-qwen3-rl-100-steps-1-attempt-1,60,3429,agent_max_step_limit,276,0.7981867801399695,True
slimshetty/swebench-verified:sweb.eval.x86_64.matplotlib__matplotlib-20826,0.0,r2egym-qwen3-rl-100-steps-1-attempt-1,48,2881,token_limit,673,0.0024726229516171994,False
slimshetty/swebench-verified:sweb.eval.x86_64.django__django-14434,1.0,r2egym-qwen3-rl-100-steps-1-attempt-1,48,1864,agent_max_step_limit,133,0.7981867753392728,True
slimshetty/swebench-verified:sweb.eval.x86_64.django__django-11532,0.0,r2egym-qwen3-rl-100-steps-1-attempt-1,42,1896,agent_max_step_limit,130,0.7772998663336157,False
slimshetty/swebench-verified:sweb.eval.x86_64.django__django-15280,0.0,r2egym-qwen3-rl-100-steps-1-attempt-1,64,2066,token_limit,85,0.16451645880021026,False
slimshetty/swebench-verified:sweb.eval.x86_64.pydata__xarray-6461,0.0,r2egym-qwen3-rl-100-steps-1-attempt-1,41,2073,token_limit,247,0.8519528094861981,False
slimshetty/swebench-verified:sweb.eval.x86_64.django__django-13023,0.0,r2egym-qwen3-rl-100-steps-1-attempt-1,90,3827,token_limit,9,0.7772998611746912,False
slimshetty/swebench-verified:sweb.eval.x86_64.matplotlib__matplotlib-23476,0.0,r2egym-qwen3-rl-100-steps-1-attempt-1,26,2083,agent,104,0.8807970670261976,False
slimshetty/swebench-verified:sweb.eval.x86_64.sphinx-doc__sphinx-7590,0.0,r2egym-qwen3-rl-100-steps-1-attempt-1,93,660,token_limit,24,0.01243164877220801,False
slimshetty/swebench-verified:sweb.eval.x86_64.django__django-11749,0.0,r2egym-qwen3-rl-100-steps-1-attempt-1,49,3186,agent_max_step_limit,0,0.6513548511303336,False
slimshetty/swebench-verified:sweb.eval.x86_64.sympy__sympy-23824,1.0,r2egym-qwen3-rl-100-steps-1-attempt-1,29,2232,agent,2,0.8807970670261976,True
slimshetty/swebench-verified:sweb.eval.x86_64.django__django-13569,0.0,r2egym-qwen3-rl-100-steps-1-attempt-1,100,2412,abs_step_limit,66,0.731058584489497,False
slimshetty/swebench-verified:sweb.eval.x86_64.pytest-dev__pytest-5787,0.0,r2egym-qwen3-rl-100-steps-1-attempt-1,71,4690,token_limit,0,0.00043055712934725055,False
slimshetty/swebench-verified:sweb.eval.x86_64.astropy__astropy-13453,0.0,r2egym-qwen3-rl-100-steps-1-attempt-1,100,2581,abs_step_limit,7,0.0028009271843262005,False
slimshetty/swebench-verified:sweb.eval.x86_64.django__django-11951,0.0,r2egym-qwen3-rl-100-steps-1-attempt-1,100,2270,abs_step_limit,21,0.5621765008857981,False
slimshetty/swebench-verified:sweb.eval.x86_64.astropy__astropy-7606,0.0,r2egym-qwen3-rl-100-steps-1-attempt-1,79,1508,token_limit,0,0.40733340004593027,False
slimshetty/swebench-verified:sweb.eval.x86_64.sympy__sympy-13878,0.0,r2egym-qwen3-rl-100-steps-1-attempt-1,100,1581,abs_step_limit,19,0.08509904500702023,False
slimshetty/swebench-verified:sweb.eval.x86_64.django__django-11119,1.0,r2egym-qwen3-rl-100-steps-1-attempt-1,100,1329,abs_step_limit,7,0.851952809486198,True
slimshetty/swebench-verified:sweb.eval.x86_64.django__django-11433,0.0,r2egym-qwen3-rl-100-steps-1-attempt-1,80,3451,token_limit,138,0.7981867729389246,False
slimshetty/swebench-verified:sweb.eval.x86_64.pytest-dev__pytest-7982,1.0,r2egym-qwen3-rl-100-steps-1-attempt-1,42,1781,agent_max_step_limit,78,0.8354835371034368,True
slimshetty/swebench-verified:sweb.eval.x86_64.django__django-11066,1.0,r2egym-qwen3-rl-100-steps-1-attempt-1,100,4008,abs_step_limit,3,0.8519528076067262,True
slimshetty/swebench-verified:sweb.eval.x86_64.scikit-learn__scikit-learn-9288,1.0,r2egym-qwen3-rl-100-steps-1-attempt-1,10,1281,agent,123,0.8807970732843033,True
slimshetty/swebench-verified:sweb.eval.x86_64.matplotlib__matplotlib-24570,1.0,r2egym-qwen3-rl-100-steps-1-attempt-1,100,1639,abs_step_limit,267,0.017986206178666236,True
slimshetty/swebench-verified:sweb.eval.x86_64.django__django-16032,1.0,r2egym-qwen3-rl-100-steps-1-attempt-1,96,2889,token_limit,77,0.7772998560157665,True
slimshetty/swebench-verified:sweb.eval.x86_64.pytest-dev__pytest-7324,0.0,r2egym-qwen3-rl-100-steps-1-attempt-1,100,0,abs_step_limit,58,0.00010889692170580166,False
slimshetty/swebench-verified:sweb.eval.x86_64.sphinx-doc__sphinx-8265,0.0,r2egym-qwen3-rl-100-steps-1-attempt-1,100,906,abs_step_limit,22,0.000552778731372139,False
slimshetty/swebench-verified:sweb.eval.x86_64.django__django-13810,1.0,r2egym-qwen3-rl-100-steps-1-attempt-1,100,3615,abs_step_limit,30,0.7772998560157665,True
slimshetty/swebench-verified:sweb.eval.x86_64.pytest-dev__pytest-10356,0.0,r2egym-qwen3-rl-100-steps-1-attempt-1,15,1077,agent,79,0.7981867729389246,False
slimshetty/swebench-verified:sweb.eval.x86_64.scikit-learn__scikit-learn-25747,0.0,r2egym-qwen3-rl-100-steps-1-attempt-1,28,3678,agent,14,0.8807970873650401,False
slimshetty/swebench-verified:sweb.eval.x86_64.astropy__astropy-14369,0.0,r2egym-qwen3-rl-100-steps-1-attempt-1,54,1143,token_limit,732,0.006692851410316465,False
slimshetty/swebench-verified:sweb.eval.x86_64.django__django-12276,1.0,r2egym-qwen3-rl-100-steps-1-attempt-1,28,1888,agent,117,0.754914975839675,True
slimshetty/swebench-verified:sweb.eval.x86_64.astropy__astropy-14539,1.0,r2egym-qwen3-rl-100-steps-1-attempt-1,24,2475,agent,46,0.8807970826714614,True
slimshetty/swebench-verified:sweb.eval.x86_64.django__django-17029,0.0,r2egym-qwen3-rl-100-steps-1-attempt-1,71,2626,token_limit,0,0.7310585669110203,False
slimshetty/swebench-verified:sweb.eval.x86_64.pydata__xarray-4687,0.0,r2egym-qwen3-rl-100-steps-1-attempt-1,64,2193,token_limit,1717,0.005220125130136161,False
slimshetty/swebench-verified:sweb.eval.x86_64.sympy__sympy-13974,0.0,r2egym-qwen3-rl-100-steps-1-attempt-1,18,1375,agent,4,0.7772998560157663,False
slimshetty/swebench-verified:sweb.eval.x86_64.django__django-15368,1.0,r2egym-qwen3-rl-100-steps-1-attempt-1,45,2449,agent_max_step_limit,29,0.7772998611746911,True
slimshetty/swebench-verified:sweb.eval.x86_64.pytest-dev__pytest-10081,0.0,r2egym-qwen3-rl-100-steps-1-attempt-1,31,3275,token_limit,21,0.008577487227365923,False
slimshetty/swebench-verified:sweb.eval.x86_64.django__django-16136,0.0,r2egym-qwen3-rl-100-steps-1-attempt-1,66,940,token_limit,0,0.0002959571273594631,False
slimshetty/swebench-verified:sweb.eval.x86_64.django__django-12325,0.0,r2egym-qwen3-rl-100-steps-1-attempt-1,45,0,token_limit,201,0.00020342706786284425,False
slimshetty/swebench-verified:sweb.eval.x86_64.django__django-16255,0.0,r2egym-qwen3-rl-100-steps-1-attempt-1,17,817,agent,35,0.4073334000459302,False
slimshetty/swebench-verified:sweb.eval.x86_64.django__django-14089,1.0,r2egym-qwen3-rl-100-steps-1-attempt-1,15,420,agent,43,0.8807970748488297,True
slimshetty/swebench-verified:sweb.eval.x86_64.sympy__sympy-13852,0.0,r2egym-qwen3-rl-100-steps-1-attempt-1,100,1711,abs_step_limit,4,0.6224593312018546,False
slimshetty/swebench-verified:sweb.eval.x86_64.django__django-13315,0.0,r2egym-qwen3-rl-100-steps-1-attempt-1,100,5858,abs_step_limit,146,0.6513548714339144,False
slimshetty/swebench-verified:sweb.eval.x86_64.django__django-16145,0.0,r2egym-qwen3-rl-100-steps-1-attempt-1,65,0,token_limit,174,3.5356246450956585e-05,False
slimshetty/swebench-verified:sweb.eval.x86_64.django__django-16100,1.0,r2egym-qwen3-rl-100-steps-1-attempt-1,92,5214,token_limit,59,0.7310585786300049,True
slimshetty/swebench-verified:sweb.eval.x86_64.sympy__sympy-16766,1.0,r2egym-qwen3-rl-100-steps-1-attempt-1,41,2362,max_step_limit,7,0.8354835309589073,True
slimshetty/swebench-verified:sweb.eval.x86_64.scikit-learn__scikit-learn-10297,1.0,r2egym-qwen3-rl-100-steps-1-attempt-1,24,1928,agent,28,0.817574478416099,True
slimshetty/swebench-verified:sweb.eval.x86_64.django__django-13417,1.0,r2egym-qwen3-rl-100-steps-1-attempt-1,71,2094,agent_max_step_limit,280,0.8354835391516133,True
slimshetty/swebench-verified:sweb.eval.x86_64.matplotlib__matplotlib-25311,0.0,r2egym-qwen3-rl-100-steps-1-attempt-1,35,1440,agent,181,0.8354835411997897,False
slimshetty/swebench-verified:sweb.eval.x86_64.django__django-7530,1.0,r2egym-qwen3-rl-100-steps-1-attempt-1,100,0,abs_step_limit,59,4.539786316234683e-05,True
slimshetty/swebench-verified:sweb.eval.x86_64.pydata__xarray-3305,1.0,r2egym-qwen3-rl-100-steps-1-attempt-1,35,475,agent,653,0.7310585844894971,True
slimshetty/swebench-verified:sweb.eval.x86_64.matplotlib__matplotlib-24970,1.0,r2egym-qwen3-rl-100-steps-1-attempt-1,55,2194,agent_max_step_limit,253,0.8670357580842941,True
slimshetty/swebench-verified:sweb.eval.x86_64.sympy__sympy-20154,1.0,r2egym-qwen3-rl-100-steps-1-attempt-1,41,3540,max_step_limit,40,0.880797071719777,True
slimshetty/swebench-verified:sweb.eval.x86_64.sympy__sympy-21596,0.0,r2egym-qwen3-rl-100-steps-1-attempt-1,100,1947,abs_step_limit,46,0.867035752930664,False
slimshetty/swebench-verified:sweb.eval.x86_64.sphinx-doc__sphinx-7757,1.0,r2egym-qwen3-rl-100-steps-1-attempt-1,36,1850,llm_query_error,33,0.0,True
slimshetty/swebench-verified:sweb.eval.x86_64.django__django-15569,1.0,r2egym-qwen3-rl-100-steps-1-attempt-1,100,489,abs_step_limit,242,0.880797071719777,True
slimshetty/swebench-verified:sweb.eval.x86_64.scikit-learn__scikit-learn-13142,1.0,r2egym-qwen3-rl-100-steps-1-attempt-1,39,2595,agent,54,0.8354835411997897,True
slimshetty/swebench-verified:sweb.eval.x86_64.astropy__astropy-8872,0.0,r2egym-qwen3-rl-100-steps-1-attempt-1,43,1980,token_limit,0,0.40733340004593027,False
slimshetty/swebench-verified:sweb.eval.x86_64.django__django-13658,0.0,r2egym-qwen3-rl-100-steps-1-attempt-1,100,1510,abs_step_limit,113,0.7772998714925403,False
slimshetty/swebench-verified:sweb.eval.x86_64.sphinx-doc__sphinx-8459,1.0,r2egym-qwen3-rl-100-steps-1-attempt-1,100,5476,abs_step_limit,17,0.0600866545922063,True
slimshetty/swebench-verified:sweb.eval.x86_64.django__django-16454,0.0,r2egym-qwen3-rl-100-steps-1-attempt-1,82,959,token_limit,0,0.0028009268500642707,False
slimshetty/swebench-verified:sweb.eval.x86_64.django__django-13807,0.0,r2egym-qwen3-rl-100-steps-1-attempt-1,100,2267,abs_step_limit,38,0.817574478416099,False
slimshetty/swebench-verified:sweb.eval.x86_64.django__django-13212,0.0,r2egym-qwen3-rl-100-steps-1-attempt-1,100,8895,abs_step_limit,0,0.009708475881559974,False
slimshetty/swebench-verified:sweb.eval.x86_64.django__django-12708,1.0,r2egym-qwen3-rl-100-steps-1-attempt-1,95,3747,token_limit,101,0.8354835309589073,True
slimshetty/swebench-verified:sweb.eval.x86_64.django__django-13121,0.0,r2egym-qwen3-rl-100-steps-1-attempt-1,57,0,token_limit,168,4.006368259662828e-05,False
slimshetty/swebench-verified:sweb.eval.x86_64.django__django-15375,0.0,r2egym-qwen3-rl-100-steps-1-attempt-1,100,3042,abs_step_limit,77,0.5621765008857981,False
slimshetty/swebench-verified:sweb.eval.x86_64.django__django-13401,0.0,r2egym-qwen3-rl-100-steps-1-attempt-1,30,3429,agent,31,0.7772998560157665,False
slimshetty/swebench-verified:sweb.eval.x86_64.astropy__astropy-13579,1.0,r2egym-qwen3-rl-100-steps-1-attempt-1,43,4085,agent_max_step_limit,40,0.731058584489497,True
slimshetty/swebench-verified:sweb.eval.x86_64.sphinx-doc__sphinx-10614,0.0,r2egym-qwen3-rl-100-steps-1-attempt-1,86,3476,token_limit,5,0.6224593312018546,False
slimshetty/swebench-verified:sweb.eval.x86_64.sympy__sympy-17655,0.0,r2egym-qwen3-rl-100-steps-1-attempt-1,43,1111,token_limit,8,0.005220125323585849,False
slimshetty/swebench-verified:sweb.eval.x86_64.django__django-15103,1.0,r2egym-qwen3-rl-100-steps-1-attempt-1,42,2698,agent_max_step_limit,17,0.8670357649558007,True
slimshetty/swebench-verified:sweb.eval.x86_64.sympy__sympy-24539,1.0,r2egym-qwen3-rl-100-steps-1-attempt-1,39,1071,agent,62,0.8670357546485407,True
slimshetty/swebench-verified:sweb.eval.x86_64.sphinx-doc__sphinx-8595,1.0,r2egym-qwen3-rl-100-steps-1-attempt-1,41,638,max_step_limit,0,0.8354835330070839,True
slimshetty/swebench-verified:sweb.eval.x86_64.django__django-12741,0.0,r2egym-qwen3-rl-100-steps-1-attempt-1,100,7798,abs_step_limit,0,0.5,False
slimshetty/swebench-verified:sweb.eval.x86_64.django__django-11206,1.0,r2egym-qwen3-rl-100-steps-1-attempt-1,48,2416,token_limit,4,0.20181322466072713,True
slimshetty/swebench-verified:sweb.eval.x86_64.django__django-15814,1.0,r2egym-qwen3-rl-100-steps-1-attempt-1,95,2421,token_limit,29,0.8933094039240554,True
slimshetty/swebench-verified:sweb.eval.x86_64.astropy__astropy-14365,0.0,r2egym-qwen3-rl-100-steps-1-attempt-1,20,682,agent,8,0.4378234991142019,False
slimshetty/swebench-verified:sweb.eval.x86_64.astropy__astropy-7336,0.0,r2egym-qwen3-rl-100-steps-1-attempt-1,43,2319,agent_max_step_limit,0,0.7981867801399695,False
slimshetty/swebench-verified:sweb.eval.x86_64.matplotlib__matplotlib-25332,0.0,r2egym-qwen3-rl-100-steps-1-attempt-1,41,1770,token_limit,180,0.32082128783705344,False
slimshetty/swebench-verified:sweb.eval.x86_64.django__django-13513,0.0,r2egym-qwen3-rl-100-steps-1-attempt-1,20,998,agent,83,0.4378234991142019,False
slimshetty/swebench-verified:sweb.eval.x86_64.django__django-12039,0.0,r2egym-qwen3-rl-100-steps-1-attempt-1,74,2532,agent_max_step_limit,11,0.7772998508568417,False
slimshetty/swebench-verified:sweb.eval.x86_64.django__django-16315,0.0,r2egym-qwen3-rl-100-steps-1-attempt-1,79,3054,token_limit,42,0.705785040214066,False
slimshetty/swebench-verified:sweb.eval.x86_64.django__django-14792,0.0,r2egym-qwen3-rl-100-steps-1-attempt-1,87,2546,token_limit,23,0.8175744850834648,False
slimshetty/swebench-verified:sweb.eval.x86_64.pylint-dev__pylint-8898,0.0,r2egym-qwen3-rl-100-steps-1-attempt-1,85,1618,token_limit,17,0.22270013366638422,False
slimshetty/swebench-verified:sweb.eval.x86_64.django__django-13590,0.0,r2egym-qwen3-rl-100-steps-1-attempt-1,32,1952,agent,140,0.817574471748733,False
slimshetty/swebench-verified:sweb.eval.x86_64.sympy__sympy-19495,1.0,r2egym-qwen3-rl-100-steps-1-attempt-1,77,2612,token_limit,8,0.4378234991142019,True
slimshetty/swebench-verified:sweb.eval.x86_64.django__django-15916,0.0,r2egym-qwen3-rl-100-steps-1-attempt-1,42,3639,token_limit,148,0.01098694325803103,False
slimshetty/swebench-verified:sweb.eval.x86_64.pydata__xarray-6721,0.0,r2egym-qwen3-rl-100-steps-1-attempt-1,45,874,agent_max_step_limit,1405,0.06754668410060376,False
slimshetty/swebench-verified:sweb.eval.x86_64.django__django-12858,0.0,r2egym-qwen3-rl-100-steps-1-attempt-1,46,4698,token_limit,0,0.002800926673828911,False
slimshetty/swebench-verified:sweb.eval.x86_64.psf__requests-5414,0.0,r2egym-qwen3-rl-100-steps-1-attempt-1,23,1691,agent,122,0.8354835289107309,False
slimshetty/swebench-verified:sweb.eval.x86_64.pytest-dev__pytest-6202,1.0,r2egym-qwen3-rl-100-steps-1-attempt-1,48,1425,token_limit,72,0.8354835350552604,True
slimshetty/swebench-verified:sweb.eval.x86_64.django__django-11099,1.0,r2egym-qwen3-rl-100-steps-1-attempt-1,18,901,agent,19,0.7981867777396212,True
slimshetty/swebench-verified:sweb.eval.x86_64.psf__requests-6028,0.0,r2egym-qwen3-rl-100-steps-1-attempt-1,100,0,abs_step_limit,185,0.0001398220565931915,False
slimshetty/swebench-verified:sweb.eval.x86_64.sympy__sympy-13877,0.0,r2egym-qwen3-rl-100-steps-1-attempt-1,17,2219,llm_query_error,110,0.6224593312018546,False
slimshetty/swebench-verified:sweb.eval.x86_64.django__django-15863,1.0,r2egym-qwen3-rl-100-steps-1-attempt-1,30,3696,agent,9,0.867035752930664,True
slimshetty/swebench-verified:sweb.eval.x86_64.django__django-14765,1.0,r2egym-qwen3-rl-100-steps-1-attempt-1,47,858,agent_max_step_limit,64,0.8519528076067262,True
slimshetty/swebench-verified:sweb.eval.x86_64.django__django-13741,1.0,r2egym-qwen3-rl-100-steps-1-attempt-1,100,2758,abs_step_limit,82,0.8519528019683105,True
slimshetty/swebench-verified:sweb.eval.x86_64.scikit-learn__scikit-learn-15100,1.0,r2egym-qwen3-rl-100-steps-1-attempt-1,35,2005,agent,93,0.8519527944504227,True
slimshetty/swebench-verified:sweb.eval.x86_64.matplotlib__matplotlib-24637,0.0,r2egym-qwen3-rl-100-steps-1-attempt-1,55,0,token_limit,29,8.481104114974359e-05,False
slimshetty/swebench-verified:sweb.eval.x86_64.matplotlib__matplotlib-26466,0.0,r2egym-qwen3-rl-100-steps-1-attempt-1,31,1702,agent,100,0.8175744673038222,False
slimshetty/swebench-verified:sweb.eval.x86_64.sphinx-doc__sphinx-9229,0.0,r2egym-qwen3-rl-100-steps-1-attempt-1,77,703,token_limit,13,0.6224593312018546,False
slimshetty/swebench-verified:sweb.eval.x86_64.django__django-12193,0.0,r2egym-qwen3-rl-100-steps-1-attempt-1,100,4351,abs_step_limit,11,0.8175744695262777,False
slimshetty/swebench-verified:sweb.eval.x86_64.sympy__sympy-13031,0.0,r2egym-qwen3-rl-100-steps-1-attempt-1,42,1640,agent_max_step_limit,9,0.2942149659744614,False
slimshetty/swebench-verified:sweb.eval.x86_64.sympy__sympy-21612,0.0,r2egym-qwen3-rl-100-steps-1-attempt-1,100,618,abs_step_limit,98,0.0006263340730710421,False
slimshetty/swebench-verified:sweb.eval.x86_64.psf__requests-1142,1.0,r2egym-qwen3-rl-100-steps-1-attempt-1,41,2170,max_step_limit,5,0.7981867801399694,True
slimshetty/swebench-verified:sweb.eval.x86_64.django__django-12262,1.0,r2egym-qwen3-rl-100-steps-1-attempt-1,52,3341,agent_max_step_limit,18,0.8807970842359877,True
slimshetty/swebench-verified:sweb.eval.x86_64.django__django-16263,0.0,r2egym-qwen3-rl-100-steps-1-attempt-1,100,3907,abs_step_limit,99,0.32082130731838393,False
slimshetty/swebench-verified:sweb.eval.x86_64.astropy__astropy-7166,0.0,r2egym-qwen3-rl-100-steps-1-attempt-1,10,533,agent,0,0.8670357563664174,False
slimshetty/swebench-verified:sweb.eval.x86_64.django__django-15315,0.0,r2egym-qwen3-rl-100-steps-1-attempt-1,100,1280,abs_step_limit,33,0.00043055717446398306,False
slimshetty/swebench-verified:sweb.eval.x86_64.django__django-14500,1.0,r2egym-qwen3-rl-100-steps-1-attempt-1,100,2607,abs_step_limit,21,0.10669059536584677,True
slimshetty/swebench-verified:sweb.eval.x86_64.django__django-12125,0.0,r2egym-qwen3-rl-100-steps-1-attempt-1,38,0,token_limit,45,0.00020342704267029438,False
slimshetty/swebench-verified:sweb.eval.x86_64.pylint-dev__pylint-6528,0.0,r2egym-qwen3-rl-100-steps-1-attempt-1,100,8654,abs_step_limit,0,0.46879062662624377,False
slimshetty/swebench-verified:sweb.eval.x86_64.django__django-13512,1.0,r2egym-qwen3-rl-100-steps-1-attempt-1,100,2696,abs_step_limit,32,0.7981867801399695,True
slimshetty/swebench-verified:sweb.eval.x86_64.sympy__sympy-15809,0.0,r2egym-qwen3-rl-100-steps-1-attempt-1,42,1354,agent_max_step_limit,10,0.8175744806385543,False
slimshetty/swebench-verified:sweb.eval.x86_64.matplotlib__matplotlib-24026,1.0,r2egym-qwen3-rl-100-steps-1-attempt-1,45,1540,agent_max_step_limit,764,0.5,True
slimshetty/swebench-verified:sweb.eval.x86_64.sphinx-doc__sphinx-9602,0.0,r2egym-qwen3-rl-100-steps-1-attempt-1,20,739,agent,45,0.7981867849406659,False
slimshetty/swebench-verified:sweb.eval.x86_64.astropy__astropy-14995,1.0,r2egym-qwen3-rl-100-steps-1-attempt-1,10,951,agent,179,0.880797068590724,True
slimshetty/swebench-verified:sweb.eval.x86_64.pydata__xarray-3151,1.0,r2egym-qwen3-rl-100-steps-1-attempt-1,21,3170,agent,66,0.7310585786300049,True
slimshetty/swebench-verified:sweb.eval.x86_64.django__django-13297,0.0,r2egym-qwen3-rl-100-steps-1-attempt-1,73,3500,agent_max_step_limit,50,0.5312093733737563,False
slimshetty/swebench-verified:sweb.eval.x86_64.matplotlib__matplotlib-25479,0.0,r2egym-qwen3-rl-100-steps-1-attempt-1,100,1408,abs_step_limit,263,0.8175744695262775,False
slimshetty/swebench-verified:sweb.eval.x86_64.django__django-11885,0.0,r2egym-qwen3-rl-100-steps-1-attempt-1,70,3045,token_limit,41,0.4378234991142019,False
slimshetty/swebench-verified:sweb.eval.x86_64.django__django-11265,1.0,r2egym-qwen3-rl-100-steps-1-attempt-1,52,3753,token_limit,30,0.817574478416099,True
slimshetty/swebench-verified:sweb.eval.x86_64.django__django-15973,0.0,r2egym-qwen3-rl-100-steps-1-attempt-1,100,718,abs_step_limit,157,0.00017952800694923088,False
slimshetty/swebench-verified:sweb.eval.x86_64.astropy__astropy-13033,0.0,r2egym-qwen3-rl-100-steps-1-attempt-1,71,3886,token_limit,20,0.8175744761936437,False
slimshetty/swebench-verified:sweb.eval.x86_64.django__django-11138,0.0,r2egym-qwen3-rl-100-steps-1-attempt-1,31,5856,agent,73,0.8354835452961425,False
slimshetty/swebench-verified:sweb.eval.x86_64.pydata__xarray-6744,0.0,r2egym-qwen3-rl-100-steps-1-attempt-1,20,1068,agent,1801,0.8807970904940926,False
slimshetty/swebench-verified:sweb.eval.x86_64.sphinx-doc__sphinx-8035,0.0,r2egym-qwen3-rl-100-steps-1-attempt-1,100,1260,abs_step_limit,2,0.008577485841385804,False
slimshetty/swebench-verified:sweb.eval.x86_64.django__django-14559,0.0,r2egym-qwen3-rl-100-steps-1-attempt-1,44,3674,agent_max_step_limit,23,0.7981867777396211,False
slimshetty/swebench-verified:sweb.eval.x86_64.django__django-13809,1.0,r2egym-qwen3-rl-100-steps-1-attempt-1,85,3380,token_limit,245,0.8354835371034368,True
slimshetty/swebench-verified:sweb.eval.x86_64.pydata__xarray-7229,0.0,r2egym-qwen3-rl-100-steps-1-attempt-1,46,1731,token_limit,280,0.7772998663336158,False
slimshetty/swebench-verified:sweb.eval.x86_64.sphinx-doc__sphinx-9673,0.0,r2egym-qwen3-rl-100-steps-1-attempt-1,60,3570,token_limit,24,0.8933093989533708,False
slimshetty/swebench-verified:sweb.eval.x86_64.django__django-14007,0.0,r2egym-qwen3-rl-100-steps-1-attempt-1,78,3405,token_limit,0,0.731058584489497,False
slimshetty/swebench-verified:sweb.eval.x86_64.sympy__sympy-16886,1.0,r2egym-qwen3-rl-100-steps-1-attempt-1,37,1789,agent,42,0.8354835330070839,True
slimshetty/swebench-verified:sweb.eval.x86_64.django__django-13346,0.0,r2egym-qwen3-rl-100-steps-1-attempt-1,100,2448,abs_step_limit,65,0.053403329799824234,False
slimshetty/swebench-verified:sweb.eval.x86_64.django__django-15252,0.0,r2egym-qwen3-rl-100-steps-1-attempt-1,44,4304,agent_max_step_limit,34,0.8175744850834648,False
slimshetty/swebench-verified:sweb.eval.x86_64.django__django-14017,1.0,r2egym-qwen3-rl-100-steps-1-attempt-1,39,1818,agent,147,0.7981867729389246,True
slimshetty/swebench-verified:sweb.eval.x86_64.sympy__sympy-18763,0.0,r2egym-qwen3-rl-100-steps-1-attempt-1,77,1952,token_limit,141,0.1645164608483867,False
slimshetty/swebench-verified:sweb.eval.x86_64.django__django-11239,0.0,r2egym-qwen3-rl-100-steps-1-attempt-1,33,2240,agent,5,0.7310585844894971,False
slimshetty/swebench-verified:sweb.eval.x86_64.pytest-dev__pytest-5262,1.0,r2egym-qwen3-rl-100-steps-1-attempt-1,65,1300,agent_max_step_limit,108,0.6224593382055109,True
slimshetty/swebench-verified:sweb.eval.x86_64.django__django-13410,1.0,r2egym-qwen3-rl-100-steps-1-attempt-1,23,1966,agent,40,0.817574478416099,True
slimshetty/swebench-verified:sweb.eval.x86_64.django__django-16667,0.0,r2egym-qwen3-rl-100-steps-1-attempt-1,100,2452,abs_step_limit,24,0.867035752930664,False
slimshetty/swebench-verified:sweb.eval.x86_64.django__django-11451,1.0,r2egym-qwen3-rl-100-steps-1-attempt-1,54,5352,agent_max_step_limit,45,0.8519528076067261,True
slimshetty/swebench-verified:sweb.eval.x86_64.django__django-15525,1.0,r2egym-qwen3-rl-100-steps-1-attempt-1,100,2891,abs_step_limit,53,0.7549149923816048,True
slimshetty/swebench-verified:sweb.eval.x86_64.sympy__sympy-21379,0.0,r2egym-qwen3-rl-100-steps-1-attempt-1,100,757,abs_step_limit,91,0.4687906266262437,False
slimshetty/swebench-verified:sweb.eval.x86_64.pydata__xarray-3993,0.0,r2egym-qwen3-rl-100-steps-1-attempt-1,49,1479,agent_max_step_limit,2398,0.7981867705385763,False
slimshetty/swebench-verified:sweb.eval.x86_64.sympy__sympy-13372,0.0,r2egym-qwen3-rl-100-steps-1-attempt-1,53,1417,token_limit,35,0.017986212297945843,False
slimshetty/swebench-verified:sweb.eval.x86_64.django__django-11734,0.0,r2egym-qwen3-rl-100-steps-1-attempt-1,51,0,token_limit,275,6.605214444376839e-05,False
slimshetty/swebench-verified:sweb.eval.x86_64.django__django-13195,0.0,r2egym-qwen3-rl-100-steps-1-attempt-1,100,3430,abs_step_limit,381,0.5621765008857981,False
slimshetty/swebench-verified:sweb.eval.x86_64.django__django-11276,1.0,r2egym-qwen3-rl-100-steps-1-attempt-1,52,3241,token_limit,548,0.679178699175393,True
slimshetty/swebench-verified:sweb.eval.x86_64.sphinx-doc__sphinx-7910,1.0,r2egym-qwen3-rl-100-steps-1-attempt-1,40,2854,agent,16,0.8175744761936437,True
slimshetty/swebench-verified:sweb.eval.x86_64.django__django-11141,0.0,r2egym-qwen3-rl-100-steps-1-attempt-1,49,3379,agent_max_step_limit,24,0.7310585669110203,False
slimshetty/swebench-verified:sweb.eval.x86_64.sympy__sympy-17630,0.0,r2egym-qwen3-rl-100-steps-1-attempt-1,20,1454,agent,19,0.880797085800514,False
slimshetty/swebench-verified:sweb.eval.x86_64.pydata__xarray-4695,0.0,r2egym-qwen3-rl-100-steps-1-attempt-1,41,0,token_limit,875,0.00012339457385328963,False
slimshetty/swebench-verified:sweb.eval.x86_64.django__django-15380,1.0,r2egym-qwen3-rl-100-steps-1-attempt-1,100,4723,abs_step_limit,133,0.7981867801399695,True
slimshetty/swebench-verified:sweb.eval.x86_64.scikit-learn__scikit-learn-14141,1.0,r2egym-qwen3-rl-100-steps-1-attempt-1,32,3222,agent,2,0.7057850154599562,True
slimshetty/swebench-verified:sweb.eval.x86_64.pylint-dev__pylint-4551,0.0,r2egym-qwen3-rl-100-steps-1-attempt-1,100,714,abs_step_limit,0,0.5,False
slimshetty/swebench-verified:sweb.eval.x86_64.django__django-14631,0.0,r2egym-qwen3-rl-100-steps-1-attempt-1,41,3975,max_step_limit,113,0.7057850216484838,False
slimshetty/swebench-verified:sweb.eval.x86_64.django__django-13109,1.0,r2egym-qwen3-rl-100-steps-1-attempt-1,100,3593,abs_step_limit,170,0.8670357666736772,True
slimshetty/swebench-verified:sweb.eval.x86_64.django__django-15037,0.0,r2egym-qwen3-rl-100-steps-1-attempt-1,100,3881,abs_step_limit,13,0.7310585727705126,False
slimshetty/swebench-verified:sweb.eval.x86_64.sympy__sympy-15349,1.0,r2egym-qwen3-rl-100-steps-1-attempt-1,41,2073,max_step_limit,3,0.8519528076067262,True
slimshetty/swebench-verified:sweb.eval.x86_64.sympy__sympy-13091,0.0,r2egym-qwen3-rl-100-steps-1-attempt-1,100,1676,abs_step_limit,87,0.5621765008857981,False
slimshetty/swebench-verified:sweb.eval.x86_64.pydata__xarray-6992,0.0,r2egym-qwen3-rl-100-steps-1-attempt-1,100,2148,abs_step_limit,945,0.798186768138228,False
slimshetty/swebench-verified:sweb.eval.x86_64.django__django-16642,0.0,r2egym-qwen3-rl-100-steps-1-attempt-1,45,2157,agent_max_step_limit,21,0.5926665999540698,False
slimshetty/swebench-verified:sweb.eval.x86_64.django__django-13363,1.0,r2egym-qwen3-rl-100-steps-1-attempt-1,100,3422,abs_step_limit,76,0.6513548646660542,True
slimshetty/swebench-verified:sweb.eval.x86_64.django__django-13964,0.0,r2egym-qwen3-rl-100-steps-1-attempt-1,48,2232,token_limit,33,0.7981867777396212,False
slimshetty/swebench-verified:sweb.eval.x86_64.astropy__astropy-14598,0.0,r2egym-qwen3-rl-100-steps-1-attempt-1,48,1498,token_limit,172,0.5312093733737563,False
slimshetty/swebench-verified:sweb.eval.x86_64.django__django-15503,0.0,r2egym-qwen3-rl-100-steps-1-attempt-1,100,1608,abs_step_limit,77,0.6224593312018545,False
slimshetty/swebench-verified:sweb.eval.x86_64.django__django-14053,0.0,r2egym-qwen3-rl-100-steps-1-attempt-1,100,3604,abs_step_limit,31,0.8670357494949105,False
slimshetty/swebench-verified:sweb.eval.x86_64.django__django-11149,0.0,r2egym-qwen3-rl-100-steps-1-attempt-1,100,4946,abs_step_limit,42,0.679178699175393,False
slimshetty/swebench-verified:sweb.eval.x86_64.astropy__astropy-13977,0.0,r2egym-qwen3-rl-100-steps-1-attempt-1,44,6791,agent_max_step_limit,283,0.651354857898194,False
slimshetty/swebench-verified:sweb.eval.x86_64.mwaskom__seaborn-3069,0.0,r2egym-qwen3-rl-100-steps-1-attempt-1,2,0,token_limit,94,0.0005527785459159993,False
slimshetty/swebench-verified:sweb.eval.x86_64.sympy__sympy-13757,0.0,r2egym-qwen3-rl-100-steps-1-attempt-1,63,2329,token_limit,162,0.01243165346012554,False
slimshetty/swebench-verified:sweb.eval.x86_64.django__django-10097,0.0,r2egym-qwen3-rl-100-steps-1-attempt-1,93,0,token_limit,1427,1.147877222879974e-05,False
slimshetty/swebench-verified:sweb.eval.x86_64.sympy__sympy-23534,1.0,r2egym-qwen3-rl-100-steps-1-attempt-1,28,1890,token_limit,11,0.5,True
slimshetty/swebench-verified:sweb.eval.x86_64.pytest-dev__pytest-7205,1.0,r2egym-qwen3-rl-100-steps-attempt-2,15,881,agent,16,0.8175744828610095,True
slimshetty/swebench-verified:sweb.eval.x86_64.django__django-16662,1.0,r2egym-qwen3-rl-100-steps-attempt-2,19,3146,agent,51,0.8175744828610095,True
slimshetty/swebench-verified:sweb.eval.x86_64.django__django-13821,1.0,r2egym-qwen3-rl-100-steps-attempt-2,43,3528,agent_max_step_limit,14,0.7310585786300049,True
slimshetty/swebench-verified:sweb.eval.x86_64.django__django-11848,0.0,r2egym-qwen3-rl-100-steps-1-attempt-1,100,2514,abs_step_limit,43,0.6224593312018545,False
slimshetty/swebench-verified:sweb.eval.x86_64.sympy__sympy-19954,1.0,r2egym-qwen3-rl-100-steps-attempt-2,41,2073,max_step_limit,56,0.8807970811069351,True
slimshetty/swebench-verified:sweb.eval.x86_64.sympy__sympy-19346,1.0,r2egym-qwen3-rl-100-steps-attempt-2,32,2352,agent,40,0.8519527982093666,True
slimshetty/swebench-verified:sweb.eval.x86_64.sympy__sympy-22456,1.0,r2egym-qwen3-rl-100-steps-attempt-2,28,318,agent,29,0.8807970654616711,True
slimshetty/swebench-verified:sweb.eval.x86_64.psf__requests-1724,1.0,r2egym-qwen3-rl-100-steps-attempt-2,21,847,agent,79,0.7549149813536518,True
slimshetty/swebench-verified:sweb.eval.x86_64.pylint-dev__pylint-7080,0.0,r2egym-qwen3-rl-100-steps-attempt-2,34,653,agent,121,0.8175744850834648,False
slimshetty/swebench-verified:sweb.eval.x86_64.django__django-15561,1.0,r2egym-qwen3-rl-100-steps-attempt-2,44,2399,agent_max_step_limit,141,0.8519528076067262,True
slimshetty/swebench-verified:sweb.eval.x86_64.scikit-learn__scikit-learn-14496,1.0,r2egym-qwen3-rl-100-steps-attempt-2,33,2671,agent,39,0.817574478416099,True
slimshetty/swebench-verified:sweb.eval.x86_64.matplotlib__matplotlib-25122,1.0,r2egym-qwen3-rl-100-steps-1-attempt-1,62,4390,token_limit,2476,0.7772998714925403,True
slimshetty/swebench-verified:sweb.eval.x86_64.sympy__sympy-23262,1.0,r2egym-qwen3-rl-100-steps-attempt-2,40,1604,agent,61,0.880797071719777,True
slimshetty/swebench-verified:sweb.eval.x86_64.django__django-14672,1.0,r2egym-qwen3-rl-100-steps-attempt-2,68,2783,token_limit,0,0.8807970811069351,True
slimshetty/swebench-verified:sweb.eval.x86_64.django__django-11551,1.0,r2egym-qwen3-rl-100-steps-attempt-2,45,4475,agent_max_step_limit,119,0.6513548782017745,True
slimshetty/swebench-verified:sweb.eval.x86_64.scikit-learn__scikit-learn-14053,1.0,r2egym-qwen3-rl-100-steps-attempt-2,25,1762,agent,5,0.8807970904940926,True
slimshetty/swebench-verified:sweb.eval.x86_64.django__django-11133,1.0,r2egym-qwen3-rl-100-steps-attempt-2,19,1182,agent,64,0.8354835371034368,True
slimshetty/swebench-verified:sweb.eval.x86_64.astropy__astropy-8707,1.0,r2egym-qwen3-rl-100-steps-attempt-2,57,3937,agent_max_step_limit,11,0.7981867873410141,True
slimshetty/swebench-verified:sweb.eval.x86_64.django__django-17084,0.0,r2egym-qwen3-rl-100-steps-attempt-2,71,2005,token_limit,107,0.3775406687981454,False
slimshetty/swebench-verified:sweb.eval.x86_64.django__django-13089,1.0,r2egym-qwen3-rl-100-steps-attempt-2,41,2696,max_step_limit,352,0.7981867777396212,True
slimshetty/swebench-verified:sweb.eval.x86_64.astropy__astropy-12907,0.0,r2egym-qwen3-rl-100-steps-attempt-2,41,0,token_limit,13,0.00015843617749854987,False
slimshetty/swebench-verified:sweb.eval.x86_64.django__django-13343,1.0,r2egym-qwen3-rl-100-steps-attempt-2,47,4867,agent_max_step_limit,130,0.7981867753392728,True
slimshetty/swebench-verified:sweb.eval.x86_64.django__django-16901,0.0,r2egym-qwen3-rl-100-steps-attempt-2,64,1436,token_limit,6,0.0031726823557551432,False
slimshetty/swebench-verified:sweb.eval.x86_64.django__django-11603,1.0,r2egym-qwen3-rl-100-steps-attempt-2,64,3121,agent_max_step_limit,58,0.8354835371034369,True
slimshetty/swebench-verified:sweb.eval.x86_64.django__django-10554,0.0,r2egym-qwen3-rl-100-steps-1-attempt-1,72,3327,token_limit,23,0.004070137714008536,False
slimshetty/swebench-verified:sweb.eval.x86_64.django__django-11815,1.0,r2egym-qwen3-rl-100-steps-attempt-2,15,784,agent,44,0.8670357512127872,True
slimshetty/swebench-verified:sweb.eval.x86_64.sympy__sympy-18199,0.0,r2egym-qwen3-rl-100-steps-attempt-2,53,1815,agent_max_step_limit,113,0.7981867825403177,False
slimshetty/swebench-verified:sweb.eval.x86_64.psf__requests-2931,1.0,r2egym-qwen3-rl-100-steps-attempt-2,22,486,agent,84,0.8175744761936438,True
slimshetty/swebench-verified:sweb.eval.x86_64.django__django-11490,0.0,r2egym-qwen3-rl-100-steps-attempt-2,100,2289,abs_step_limit,22,0.32082129433083023,False
slimshetty/swebench-verified:sweb.eval.x86_64.matplotlib__matplotlib-13989,1.0,r2egym-qwen3-rl-100-steps-attempt-2,37,817,agent,411,0.8933094145755219,True
slimshetty/swebench-verified:sweb.eval.x86_64.django__django-12308,0.0,r2egym-qwen3-rl-100-steps-attempt-2,74,5947,agent_max_step_limit,19,0.7310585903489891,False
slimshetty/swebench-verified:sweb.eval.x86_64.pydata__xarray-3677,1.0,r2egym-qwen3-rl-100-steps-attempt-2,31,604,agent,21,0.7981867729389246,True
slimshetty/swebench-verified:sweb.eval.x86_64.django__django-11211,1.0,r2egym-qwen3-rl-100-steps-attempt-2,44,3957,agent_max_step_limit,76,0.7772998714925403,True
slimshetty/swebench-verified:sweb.eval.x86_64.django__django-14155,0.0,r2egym-qwen3-rl-100-steps-attempt-2,40,1513,agent,89,0.8354835371034368,False
slimshetty/swebench-verified:sweb.eval.x86_64.django__django-12419,0.0,r2egym-qwen3-rl-100-steps-attempt-2,23,2252,agent,0,0.7310585669110203,False
slimshetty/swebench-verified:sweb.eval.x86_64.django__django-15278,1.0,r2egym-qwen3-rl-100-steps-attempt-2,100,3042,abs_step_limit,138,0.7981867825403176,True
slimshetty/swebench-verified:sweb.eval.x86_64.sympy__sympy-19783,0.0,r2egym-qwen3-rl-100-steps-attempt-2,100,1513,abs_step_limit,9,0.8354835350552603,False
slimshetty/swebench-verified:sweb.eval.x86_64.matplotlib__matplotlib-25775,1.0,r2egym-qwen3-rl-100-steps-attempt-2,61,3876,token_limit,89,0.04742587334586295,True
slimshetty/swebench-verified:sweb.eval.x86_64.pydata__xarray-4629,1.0,r2egym-qwen3-rl-100-steps-attempt-2,33,505,token_limit,32,0.8933094103149355,True
slimshetty/swebench-verified:sweb.eval.x86_64.django__django-15022,1.0,r2egym-qwen3-rl-100-steps-attempt-2,100,3741,abs_step_limit,56,0.5312093733737563,True
slimshetty/swebench-verified:sweb.eval.x86_64.sympy__sympy-24066,1.0,r2egym-qwen3-rl-100-steps-attempt-2,46,3302,agent_max_step_limit,30,0.7981867873410141,True
slimshetty/swebench-verified:sweb.eval.x86_64.scikit-learn__scikit-learn-26194,0.0,r2egym-qwen3-rl-100-steps-attempt-2,100,799,abs_step_limit,181,0.8175744850834648,False
slimshetty/swebench-verified:sweb.eval.x86_64.django__django-13670,1.0,r2egym-qwen3-rl-100-steps-attempt-2,14,2039,agent,17,0.6224593382055109,True
slimshetty/swebench-verified:sweb.eval.x86_64.pylint-dev__pylint-6903,1.0,r2egym-qwen3-rl-100-steps-attempt-2,89,3269,token_limit,8,0.8519527963298947,True
slimshetty/swebench-verified:sweb.eval.x86_64.sympy__sympy-14976,0.0,r2egym-qwen3-rl-100-steps-attempt-2,41,2211,token_limit,5,0.0052201255992516665,False
slimshetty/swebench-verified:sweb.eval.x86_64.django__django-16560,0.0,r2egym-qwen3-rl-100-steps-attempt-2,90,7039,agent_max_step_limit,66,0.5926665999540698,False
slimshetty/swebench-verified:sweb.eval.x86_64.sympy__sympy-15976,0.0,r2egym-qwen3-rl-100-steps-attempt-2,56,1147,token_limit,37,0.025957357621645773,False
slimshetty/swebench-verified:sweb.eval.x86_64.sympy__sympy-16597,0.0,r2egym-qwen3-rl-100-steps-attempt-2,28,586,agent,73,0.7981867801399694,False
slimshetty/swebench-verified:sweb.eval.x86_64.django__django-13449,1.0,r2egym-qwen3-rl-100-steps-attempt-2,75,2110,token_limit,46,0.6513548511303338,True
slimshetty/swebench-verified:sweb.eval.x86_64.django__django-13128,0.0,r2egym-qwen3-rl-100-steps-attempt-2,36,2984,agent,134,0.679178692681616,False
slimshetty/swebench-verified:sweb.eval.x86_64.django__django-14349,1.0,r2egym-qwen3-rl-100-steps-attempt-2,31,651,agent,18,0.8519527982093668,True
slimshetty/swebench-verified:sweb.eval.x86_64.sympy__sympy-24443,0.0,r2egym-qwen3-rl-100-steps-attempt-2,31,2073,agent,0,0.16451647108926923,False
slimshetty/swebench-verified:sweb.eval.x86_64.django__django-16333,0.0,r2egym-qwen3-rl-100-steps-attempt-2,100,3008,abs_step_limit,87,0.00029595698952422926,False
slimshetty/swebench-verified:sweb.eval.x86_64.scikit-learn__scikit-learn-25931,0.0,r2egym-qwen3-rl-100-steps-attempt-2,49,2411,token_limit,0,0.002800927533545419,False
slimshetty/swebench-verified:sweb.eval.x86_64.django__django-15277,1.0,r2egym-qwen3-rl-100-steps-attempt-2,22,2091,agent,158,0.8519528076067261,True
slimshetty/swebench-verified:sweb.eval.x86_64.pallets__flask-5014,1.0,r2egym-qwen3-rl-100-steps-attempt-2,100,1973,abs_step_limit,59,0.7549149813536518,True
slimshetty/swebench-verified:sweb.eval.x86_64.django__django-14771,1.0,r2egym-qwen3-rl-100-steps-attempt-2,49,1263,agent_max_step_limit,60,0.7057850402140659,True
slimshetty/swebench-verified:sweb.eval.x86_64.django__django-11333,0.0,r2egym-qwen3-rl-100-steps-attempt-2,61,2064,token_limit,2,0.8354835411997898,False
slimshetty/swebench-verified:sweb.eval.x86_64.django__django-16612,0.0,r2egym-qwen3-rl-100-steps-attempt-2,100,2355,abs_step_limit,335,0.7549149923816048,False
slimshetty/swebench-verified:sweb.eval.x86_64.sympy__sympy-12481,1.0,r2egym-qwen3-rl-100-steps-attempt-2,33,1524,token_limit,7,0.7549149923816048,True
slimshetty/swebench-verified:sweb.eval.x86_64.sphinx-doc__sphinx-7454,0.0,r2egym-qwen3-rl-100-steps-attempt-2,67,2797,token_limit,27,0.009708476615783198,False
slimshetty/swebench-verified:sweb.eval.x86_64.sympy__sympy-11618,1.0,r2egym-qwen3-rl-100-steps-attempt-2,42,2444,agent_max_step_limit,4,0.8354835350552603,True
slimshetty/swebench-verified:sweb.eval.x86_64.sympy__sympy-19040,0.0,r2egym-qwen3-rl-100-steps-attempt-2,45,423,agent_max_step_limit,146,0.8807970795424088,False
slimshetty/swebench-verified:sweb.eval.x86_64.sympy__sympy-18698,0.0,r2egym-qwen3-rl-100-steps-attempt-2,39,1909,agent,147,0.40733340004593027,False
slimshetty/swebench-verified:sweb.eval.x86_64.django__django-16877,0.0,r2egym-qwen3-rl-100-steps-attempt-2,20,2225,agent,0,0.7310585903489891,False
slimshetty/swebench-verified:sweb.eval.x86_64.sympy__sympy-14711,0.0,r2egym-qwen3-rl-100-steps-attempt-2,100,315,abs_step_limit,2,0.0011695102855899578,False
slimshetty/swebench-verified:sweb.eval.x86_64.django__django-15098,0.0,r2egym-qwen3-rl-100-steps-attempt-2,96,5044,token_limit,81,0.3208212878370535,False
slimshetty/swebench-verified:sweb.eval.x86_64.pydata__xarray-4075,1.0,r2egym-qwen3-rl-100-steps-attempt-2,25,2843,agent,958,0.8807970654616711,True
slimshetty/swebench-verified:sweb.eval.x86_64.sympy__sympy-13551,0.0,r2egym-qwen3-rl-100-steps-attempt-2,72,1809,token_limit,17,0.0004878571662085154,False
slimshetty/swebench-verified:sweb.eval.x86_64.django__django-15382,0.0,r2egym-qwen3-rl-100-steps-attempt-2,72,2574,token_limit,161,0.7772998663336158,False
slimshetty/swebench-verified:sweb.eval.x86_64.django__django-16116,1.0,r2egym-qwen3-rl-100-steps-attempt-2,100,3897,abs_step_limit,137,0.5312093733737563,True
slimshetty/swebench-verified:sweb.eval.x86_64.scikit-learn__scikit-learn-10908,0.0,r2egym-qwen3-rl-100-steps-attempt-2,42,1482,agent_max_step_limit,47,0.8175744695262777,False
slimshetty/swebench-verified:sweb.eval.x86_64.sphinx-doc__sphinx-7985,0.0,r2egym-qwen3-rl-100-steps-attempt-2,98,2615,token_limit,3,0.7310585786300049,False
slimshetty/swebench-verified:sweb.eval.x86_64.django__django-14373,1.0,r2egym-qwen3-rl-100-steps-attempt-2,33,3252,agent,19,0.7981867777396212,True
slimshetty/swebench-verified:sweb.eval.x86_64.django__django-14140,0.0,r2egym-qwen3-rl-100-steps-attempt-2,38,4046,agent,199,0.8175744761936437,False
slimshetty/swebench-verified:sweb.eval.x86_64.django__django-9296,0.0,r2egym-qwen3-rl-100-steps-attempt-2,100,1813,abs_step_limit,14,0.43782349911420193,False
slimshetty/swebench-verified:sweb.eval.x86_64.django__django-10973,0.0,r2egym-qwen3-rl-100-steps-attempt-2,83,2133,token_limit,0,0.8670357683915538,False
slimshetty/swebench-verified:sweb.eval.x86_64.sympy__sympy-20916,0.0,r2egym-qwen3-rl-100-steps-attempt-2,50,0,token_limit,1,5.8291251550907405e-05,False
slimshetty/swebench-verified:sweb.eval.x86_64.django__django-15104,1.0,r2egym-qwen3-rl-100-steps-attempt-2,41,2863,max_step_limit,131,0.7549149868676283,True
slimshetty/swebench-verified:sweb.eval.x86_64.matplotlib__matplotlib-23412,0.0,r2egym-qwen3-rl-100-steps-attempt-2,100,601,abs_step_limit,46,3.5356246453014516e-05,False
slimshetty/swebench-verified:sweb.eval.x86_64.sympy__sympy-16450,0.0,r2egym-qwen3-rl-100-steps-attempt-2,100,0,abs_step_limit,38,2.1444943285915917e-05,False
slimshetty/swebench-verified:sweb.eval.x86_64.django__django-15499,1.0,r2egym-qwen3-rl-100-steps-attempt-2,87,5281,token_limit,35,0.8670357649558006,True
slimshetty/swebench-verified:sweb.eval.x86_64.django__django-14351,0.0,r2egym-qwen3-rl-100-steps-attempt-2,100,4094,abs_step_limit,57,0.7772998663336158,False
slimshetty/swebench-verified:sweb.eval.x86_64.scikit-learn__scikit-learn-25102,0.0,r2egym-qwen3-rl-100-steps-attempt-2,42,5915,agent_max_step_limit,59,0.7549149978955811,False
slimshetty/swebench-verified:sweb.eval.x86_64.pytest-dev__pytest-10051,0.0,r2egym-qwen3-rl-100-steps-attempt-2,52,1012,token_limit,14,0.1645164608483867,False
slimshetty/swebench-verified:sweb.eval.x86_64.scikit-learn__scikit-learn-13439,1.0,r2egym-qwen3-rl-100-steps-attempt-2,40,3443,agent,40,0.8354835371034368,True
slimshetty/swebench-verified:sweb.eval.x86_64.django__django-15128,1.0,r2egym-qwen3-rl-100-steps-attempt-2,68,7946,token_limit,282,0.40733340004593027,True
slimshetty/swebench-verified:sweb.eval.x86_64.pydata__xarray-4094,1.0,r2egym-qwen3-rl-100-steps-attempt-2,47,689,agent_max_step_limit,862,0.8354835309589073,True
slimshetty/swebench-verified:sweb.eval.x86_64.django__django-16256,0.0,r2egym-qwen3-rl-100-steps-attempt-2,46,1626,agent_max_step_limit,53,0.34864514210180597,False
slimshetty/swebench-verified:sweb.eval.x86_64.matplotlib__matplotlib-26342,0.0,r2egym-qwen3-rl-100-steps-attempt-2,44,0,token_limit,81,6.605213670529732e-05,False
slimshetty/swebench-verified:sweb.eval.x86_64.matplotlib__matplotlib-24177,0.0,r2egym-qwen3-rl-100-steps-attempt-2,32,1973,agent,768,0.8354835411997898,False
slimshetty/swebench-verified:sweb.eval.x86_64.sphinx-doc__sphinx-9281,0.0,r2egym-qwen3-rl-100-steps-attempt-2,29,22886,llm_query_error,38,0.0,False
slimshetty/swebench-verified:sweb.eval.x86_64.scikit-learn__scikit-learn-13124,1.0,r2egym-qwen3-rl-100-steps-attempt-2,41,5867,max_step_limit,60,0.679178699175393,True
slimshetty/swebench-verified:sweb.eval.x86_64.sphinx-doc__sphinx-8548,0.0,r2egym-qwen3-rl-100-steps-attempt-2,100,2765,abs_step_limit,5,0.6791786861878392,False
slimshetty/swebench-verified:sweb.eval.x86_64.django__django-11292,0.0,r2egym-qwen3-rl-100-steps-attempt-2,56,0,token_limit,31,3.120191506550783e-05,False
slimshetty/swebench-verified:sweb.eval.x86_64.scikit-learn__scikit-learn-14983,0.0,r2egym-qwen3-rl-100-steps-attempt-2,48,1636,agent_max_step_limit,105,0.5312093733737563,False
slimshetty/swebench-verified:sweb.eval.x86_64.sphinx-doc__sphinx-8056,0.0,r2egym-qwen3-rl-100-steps-attempt-2,41,906,token_limit,40,0.0003353502629820082,False
slimshetty/swebench-verified:sweb.eval.x86_64.pytest-dev__pytest-7432,1.0,r2egym-qwen3-rl-100-steps-attempt-2,19,2493,agent,77,0.7549149868676284,True
slimshetty/swebench-verified:sweb.eval.x86_64.scikit-learn__scikit-learn-11578,1.0,r2egym-qwen3-rl-100-steps-attempt-2,34,2916,agent,93,0.8354835309589074,True
slimshetty/swebench-verified:sweb.eval.x86_64.pydata__xarray-7233,1.0,r2egym-qwen3-rl-100-steps-attempt-2,20,1324,agent,189,0.8354835432479661,True
slimshetty/swebench-verified:sweb.eval.x86_64.pylint-dev__pylint-4604,0.0,r2egym-qwen3-rl-100-steps-attempt-2,100,1419,abs_step_limit,0,0.0017007223483838476,False
slimshetty/swebench-verified:sweb.eval.x86_64.sympy__sympy-15345,0.0,r2egym-qwen3-rl-100-steps-attempt-2,100,1417,abs_step_limit,5,0.01406363009084859,False
slimshetty/swebench-verified:sweb.eval.x86_64.django__django-11299,0.0,r2egym-qwen3-rl-100-steps-attempt-2,100,3554,abs_step_limit,98,0.7310585903489892,False
slimshetty/swebench-verified:sweb.eval.x86_64.django__django-12273,0.0,r2egym-qwen3-rl-100-steps-attempt-2,100,1694,abs_step_limit,27,0.0006263340779168448,False
slimshetty/swebench-verified:sweb.eval.x86_64.django__django-13933,1.0,r2egym-qwen3-rl-100-steps-attempt-2,100,3078,abs_step_limit,19,0.6224593241981982,True
slimshetty/swebench-verified:sweb.eval.x86_64.django__django-14855,1.0,r2egym-qwen3-rl-100-steps-attempt-2,100,3436,abs_step_limit,325,0.8354835330070839,True
slimshetty/swebench-verified:sweb.eval.x86_64.django__django-15987,1.0,r2egym-qwen3-rl-100-steps-attempt-2,78,3958,token_limit,52,0.8933094032139576,True
slimshetty/swebench-verified:sweb.eval.x86_64.matplotlib__matplotlib-23314,1.0,r2egym-qwen3-rl-100-steps-attempt-2,42,1162,agent_max_step_limit,862,0.8519528019683105,True
slimshetty/swebench-verified:sweb.eval.x86_64.pytest-dev__pytest-7236,1.0,r2egym-qwen3-rl-100-steps-attempt-2,23,1404,agent,51,0.7772998508568416,True
slimshetty/swebench-verified:sweb.eval.x86_64.django__django-13568,0.0,r2egym-qwen3-rl-100-steps-attempt-2,100,4659,abs_step_limit,12,0.20181322946142374,False
slimshetty/swebench-verified:sweb.eval.x86_64.sphinx-doc__sphinx-8721,0.0,r2egym-qwen3-rl-100-steps-attempt-2,58,906,token_limit,3,0.0006263342322538596,False
slimshetty/swebench-verified:sweb.eval.x86_64.sympy__sympy-20438,0.0,r2egym-qwen3-rl-100-steps-attempt-2,36,0,token_limit,93,8.481106132783505e-05,False
slimshetty/swebench-verified:sweb.eval.x86_64.django__django-11740,1.0,r2egym-qwen3-rl-100-steps-attempt-2,100,4219,abs_step_limit,109,0.6513548714339145,True
slimshetty/swebench-verified:sweb.eval.x86_64.django__django-14539,0.0,r2egym-qwen3-rl-100-steps-attempt-2,55,5431,token_limit,14,0.006692850924284856,False
slimshetty/swebench-verified:sweb.eval.x86_64.django__django-15467,1.0,r2egym-qwen3-rl-100-steps-attempt-2,100,4030,abs_step_limit,62,0.8670357477770337,True
slimshetty/swebench-verified:sweb.eval.x86_64.django__django-14034,0.0,r2egym-qwen3-rl-100-steps-attempt-2,72,0,token_limit,12,1.1478764016780948e-05,False
slimshetty/swebench-verified:sweb.eval.x86_64.sympy__sympy-22914,1.0,r2egym-qwen3-rl-100-steps-attempt-2,70,3564,agent_max_step_limit,17,0.8670357683915538,True
slimshetty/swebench-verified:sweb.eval.x86_64.psf__requests-2317,1.0,r2egym-qwen3-rl-100-steps-attempt-2,21,1485,agent,133,0.8175744739711883,True
slimshetty/swebench-verified:sweb.eval.x86_64.scikit-learn__scikit-learn-14710,0.0,r2egym-qwen3-rl-100-steps-attempt-2,23,1751,agent,0,0.8519527982093668,False
slimshetty/swebench-verified:sweb.eval.x86_64.django__django-13344,0.0,r2egym-qwen3-rl-100-steps-attempt-2,100,0,abs_step_limit,356,7.484622689092787e-05,False
slimshetty/swebench-verified:sweb.eval.x86_64.django__django-16502,0.0,r2egym-qwen3-rl-100-steps-attempt-2,44,503,agent_max_step_limit,4,0.6513548646660543,False
slimshetty/swebench-verified:sweb.eval.x86_64.psf__requests-1921,1.0,r2egym-qwen3-rl-100-steps-attempt-2,36,3207,agent,107,0.8175744850834648,True
slimshetty/swebench-verified:sweb.eval.x86_64.django__django-12663,0.0,r2egym-qwen3-rl-100-steps-attempt-2,90,2763,token_limit,135,0.37754067580180184,False
slimshetty/swebench-verified:sweb.eval.x86_64.django__django-12965,0.0,r2egym-qwen3-rl-100-steps-attempt-2,100,2664,abs_step_limit,52,0.0009110510521973823,False
slimshetty/swebench-verified:sweb.eval.x86_64.django__django-14752,1.0,r2egym-qwen3-rl-100-steps-attempt-2,65,5218,token_limit,15,0.43782349911420193,True
slimshetty/swebench-verified:sweb.eval.x86_64.django__django-15127,0.0,r2egym-qwen3-rl-100-steps-attempt-2,15,1565,agent,1,0.7549149758396752,False
slimshetty/swebench-verified:sweb.eval.x86_64.django__django-11880,1.0,r2egym-qwen3-rl-100-steps-attempt-2,49,1686,token_limit,114,0.7772998663336158,True
slimshetty/swebench-verified:sweb.eval.x86_64.django__django-16631,0.0,r2egym-qwen3-rl-100-steps-attempt-2,37,0,token_limit,12,4.006370170788174e-05,False
slimshetty/swebench-verified:sweb.eval.x86_64.django__django-14493,1.0,r2egym-qwen3-rl-100-steps-attempt-2,41,2528,max_step_limit,36,0.7549149813536518,True
slimshetty/swebench-verified:sweb.eval.x86_64.sympy__sympy-20801,0.0,r2egym-qwen3-rl-100-steps-attempt-2,57,1155,token_limit,96,0.8807970889295664,False
slimshetty/swebench-verified:sweb.eval.x86_64.matplotlib__matplotlib-25960,0.0,r2egym-qwen3-rl-100-steps-attempt-2,62,1483,agent_max_step_limit,131,0.8519528038477825,False
slimshetty/swebench-verified:sweb.eval.x86_64.matplotlib__matplotlib-21568,0.0,r2egym-qwen3-rl-100-steps-attempt-2,51,1163,agent_max_step_limit,73,0.16451645880021024,False
slimshetty/swebench-verified:sweb.eval.x86_64.scikit-learn__scikit-learn-14894,1.0,r2egym-qwen3-rl-100-steps-attempt-2,56,1810,token_limit,85,0.9046505395995927,True
slimshetty/swebench-verified:sweb.eval.x86_64.sympy__sympy-21930,0.0,r2egym-qwen3-rl-100-steps-attempt-2,57,451,token_limit,45,0.09534945590170513,False
slimshetty/swebench-verified:sweb.eval.x86_64.django__django-12143,1.0,r2egym-qwen3-rl-100-steps-attempt-2,100,1866,abs_step_limit,52,0.7057850278370112,True
slimshetty/swebench-verified:sweb.eval.x86_64.scikit-learn__scikit-learn-13135,1.0,r2egym-qwen3-rl-100-steps-attempt-2,35,3244,agent,33,0.904650530602188,True
slimshetty/swebench-verified:sweb.eval.x86_64.django__django-16938,0.0,r2egym-qwen3-rl-100-steps-attempt-2,100,3126,abs_step_limit,65,0.0008040857950496685,False
slimshetty/swebench-verified:sweb.eval.x86_64.sphinx-doc__sphinx-9711,0.0,r2egym-qwen3-rl-100-steps-attempt-2,100,423,abs_step_limit,0,0.001325022258543192,False
slimshetty/swebench-verified:sweb.eval.x86_64.matplotlib__matplotlib-26113,1.0,r2egym-qwen3-rl-100-steps-attempt-2,41,1907,max_step_limit,812,0.8354835309589074,True
slimshetty/swebench-verified:sweb.eval.x86_64.pydata__xarray-6599,0.0,r2egym-qwen3-rl-100-steps-attempt-2,19,2718,agent,263,0.16451646494473965,False
slimshetty/swebench-verified:sweb.eval.x86_64.django__django-12304,0.0,r2egym-qwen3-rl-100-steps-attempt-2,100,924,abs_step_limit,17,0.0005527785886541956,False
slimshetty/swebench-verified:sweb.eval.x86_64.django__django-12713,1.0,r2egym-qwen3-rl-100-steps-attempt-2,100,5103,abs_step_limit,58,0.8175744739711883,True
slimshetty/swebench-verified:sweb.eval.x86_64.scikit-learn__scikit-learn-12973,0.0,r2egym-qwen3-rl-100-steps-attempt-2,41,955,max_step_limit,32,0.8354835452961427,False
slimshetty/swebench-verified:sweb.eval.x86_64.scikit-learn__scikit-learn-13496,1.0,r2egym-qwen3-rl-100-steps-attempt-2,62,832,token_limit,19,0.07585818576669105,True
slimshetty/swebench-verified:sweb.eval.x86_64.django__django-16950,0.0,r2egym-qwen3-rl-100-steps-attempt-2,86,0,token_limit,3,1.4738985479697128e-05,False
slimshetty/swebench-verified:sweb.eval.x86_64.django__django-13279,1.0,r2egym-qwen3-rl-100-steps-attempt-2,20,2385,agent,346,0.7772998663336158,True
slimshetty/swebench-verified:sweb.eval.x86_64.scikit-learn__scikit-learn-25973,0.0,r2egym-qwen3-rl-100-steps-attempt-2,50,0,token_limit,72,0.0002611902427268146,False
slimshetty/swebench-verified:sweb.eval.x86_64.matplotlib__matplotlib-14623,1.0,r2egym-qwen3-rl-100-steps-attempt-2,60,1927,agent_max_step_limit,400,0.6513548646660542,True
slimshetty/swebench-verified:sweb.eval.x86_64.astropy__astropy-13236,0.0,r2egym-qwen3-rl-100-steps-attempt-2,100,1755,abs_step_limit,644,0.4073334000459302,False
slimshetty/swebench-verified:sweb.eval.x86_64.sphinx-doc__sphinx-11510,0.0,r2egym-qwen3-rl-100-steps-attempt-2,35,3416,agent,7,0.8175744761936438,False
slimshetty/swebench-verified:sweb.eval.x86_64.sympy__sympy-13647,0.0,r2egym-qwen3-rl-100-steps-attempt-2,44,795,agent_max_step_limit,76,0.798186768138228,False
slimshetty/swebench-verified:sweb.eval.x86_64.sympy__sympy-23950,0.0,r2egym-qwen3-rl-100-steps-attempt-2,100,301,token_limit,4,0.004070137593202687,False
slimshetty/swebench-verified:sweb.eval.x86_64.pydata__xarray-3095,0.0,r2egym-qwen3-rl-100-steps-attempt-2,61,1507,token_limit,253,0.003172682849848731,False
slimshetty/swebench-verified:sweb.eval.x86_64.django__django-15268,0.0,r2egym-qwen3-rl-100-steps-attempt-2,66,3702,token_limit,126,0.8354835411997897,False
slimshetty/swebench-verified:sweb.eval.x86_64.sympy__sympy-15875,0.0,r2egym-qwen3-rl-100-steps-attempt-2,15,2809,agent,58,0.7981867705385763,False
slimshetty/swebench-verified:sweb.eval.x86_64.django__django-11999,1.0,r2egym-qwen3-rl-100-steps-attempt-2,31,2068,agent,30,0.8175744806385542,True
slimshetty/swebench-verified:sweb.eval.x86_64.django__django-16527,1.0,r2egym-qwen3-rl-100-steps-attempt-2,70,1825,token_limit,6,0.8175744828610095,True
slimshetty/swebench-verified:sweb.eval.x86_64.sympy__sympy-19637,1.0,r2egym-qwen3-rl-100-steps-attempt-2,31,697,token_limit,40,0.04208772401067612,True
slimshetty/swebench-verified:sweb.eval.x86_64.sympy__sympy-13798,0.0,r2egym-qwen3-rl-100-steps-attempt-2,55,2721,token_limit,2,0.1329642281726931,False
slimshetty/swebench-verified:sweb.eval.x86_64.django__django-16819,1.0,r2egym-qwen3-rl-100-steps-attempt-2,100,2804,abs_step_limit,38,0.7310585844894971,True
slimshetty/swebench-verified:sweb.eval.x86_64.astropy__astropy-7671,0.0,r2egym-qwen3-rl-100-steps-attempt-2,21,1028,agent,0,0.7772998611746912,False
slimshetty/swebench-verified:sweb.eval.x86_64.sphinx-doc__sphinx-8593,0.0,r2egym-qwen3-rl-100-steps-attempt-2,78,906,token_limit,1,0.00048785704112389765,False
slimshetty/swebench-verified:sweb.eval.x86_64.sympy__sympy-23413,0.0,r2egym-qwen3-rl-100-steps-attempt-2,68,2267,token_limit,2,0.0758581763650499,False
slimshetty/swebench-verified:sweb.eval.x86_64.django__django-15957,0.0,r2egym-qwen3-rl-100-steps-attempt-2,73,4078,token_limit,89,0.0066928499800834205,False
slimshetty/swebench-verified:sweb.eval.x86_64.matplotlib__matplotlib-22865,0.0,r2egym-qwen3-rl-100-steps-attempt-2,100,1432,abs_step_limit,56,0.7310585669110203,False
slimshetty/swebench-verified:sweb.eval.x86_64.sphinx-doc__sphinx-10449,1.0,r2egym-qwen3-rl-100-steps-attempt-2,75,2430,token_limit,30,0.8670357546485407,True
slimshetty/swebench-verified:sweb.eval.x86_64.sphinx-doc__sphinx-8475,1.0,r2egym-qwen3-rl-100-steps-attempt-2,18,5472,agent,17,0.8807970701552504,True
slimshetty/swebench-verified:sweb.eval.x86_64.django__django-15563,0.0,r2egym-qwen3-rl-100-steps-attempt-2,62,5183,token_limit,28,0.40733340004593027,False
slimshetty/swebench-verified:sweb.eval.x86_64.sympy__sympy-20428,0.0,r2egym-qwen3-rl-100-steps-attempt-2,82,1910,token_limit,154,0.0028009268734756113,False
slimshetty/swebench-verified:sweb.eval.x86_64.matplotlib__matplotlib-26291,0.0,r2egym-qwen3-rl-100-steps-attempt-2,94,0,token_limit,49,2.1444958628814052e-05,False
slimshetty/swebench-verified:sweb.eval.x86_64.pytest-dev__pytest-7490,1.0,r2egym-qwen3-rl-100-steps-attempt-2,53,1733,agent_max_step_limit,78,0.6513548646660543,True
slimshetty/swebench-verified:sweb.eval.x86_64.django__django-13158,0.0,r2egym-qwen3-rl-100-steps-attempt-2,45,2516,token_limit,29,0.006692850682816934,False
slimshetty/swebench-verified:sweb.eval.x86_64.sphinx-doc__sphinx-8551,0.0,r2egym-qwen3-rl-100-steps-attempt-2,100,2937,abs_step_limit,28,0.1329642453514593,False
slimshetty/swebench-verified:sweb.eval.x86_64.django__django-13837,0.0,r2egym-qwen3-rl-100-steps-attempt-2,69,7483,token_limit,50,0.4378234991142019,False
slimshetty/swebench-verified:sweb.eval.x86_64.astropy__astropy-13398,0.0,r2egym-qwen3-rl-100-steps-attempt-2,56,0,token_limit,68,5.14422074125194e-05,False
slimshetty/swebench-verified:sweb.eval.x86_64.pydata__xarray-6938,0.0,r2egym-qwen3-rl-100-steps-attempt-2,55,2041,agent_max_step_limit,430,0.5,False
slimshetty/swebench-verified:sweb.eval.x86_64.django__django-11790,1.0,r2egym-qwen3-rl-100-steps-attempt-2,24,1968,agent,77,0.7981867777396212,True
slimshetty/swebench-verified:sweb.eval.x86_64.pytest-dev__pytest-7521,0.0,r2egym-qwen3-rl-100-steps-attempt-2,49,517,agent_max_step_limit,123,0.8670357477770337,False
slimshetty/swebench-verified:sweb.eval.x86_64.sympy__sympy-12419,1.0,r2egym-qwen3-rl-100-steps-attempt-2,97,2159,token_limit,25,0.6224593312018545,True
slimshetty/swebench-verified:sweb.eval.x86_64.sympy__sympy-15017,1.0,r2egym-qwen3-rl-100-steps-attempt-2,98,1592,token_limit,14,0.8175744761936437,True
slimshetty/swebench-verified:sweb.eval.x86_64.django__django-12406,0.0,r2egym-qwen3-rl-100-steps-attempt-2,72,3506,token_limit,155,0.6791787056691697,False
slimshetty/swebench-verified:sweb.eval.x86_64.sympy__sympy-24562,1.0,r2egym-qwen3-rl-100-steps-attempt-2,13,405,agent,105,0.8933094159957173,True
slimshetty/swebench-verified:sweb.eval.x86_64.scikit-learn__scikit-learn-10844,1.0,r2egym-qwen3-rl-100-steps-attempt-2,46,1484,agent_max_step_limit,16,0.8519528057272543,True
slimshetty/swebench-verified:sweb.eval.x86_64.sphinx-doc__sphinx-7440,0.0,r2egym-qwen3-rl-100-steps-attempt-2,100,0,abs_step_limit,12,5.8291293247581486e-05,False
slimshetty/swebench-verified:sweb.eval.x86_64.pydata__xarray-2905,0.0,r2egym-qwen3-rl-100-steps-attempt-2,63,2172,token_limit,364,0.6224593312018546,False
slimshetty/swebench-verified:sweb.eval.x86_64.pytest-dev__pytest-7571,1.0,r2egym-qwen3-rl-100-steps-attempt-2,20,801,agent,14,0.798186768138228,True
slimshetty/swebench-verified:sweb.eval.x86_64.django__django-16429,1.0,r2egym-qwen3-rl-100-steps-attempt-2,35,3074,agent,21,0.8519528000888386,True
slimshetty/swebench-verified:sweb.eval.x86_64.django__django-16595,1.0,r2egym-qwen3-rl-100-steps-attempt-2,41,2561,max_step_limit,37,0.8354835350552604,True
slimshetty/swebench-verified:sweb.eval.x86_64.matplotlib__matplotlib-26208,0.0,r2egym-qwen3-rl-100-steps-attempt-2,60,588,token_limit,813,0.053403328481593404,False
slimshetty/swebench-verified:sweb.eval.x86_64.scikit-learn__scikit-learn-14087,0.0,r2egym-qwen3-rl-100-steps-attempt-2,45,1867,token_limit,144,0.04742587620689797,False
slimshetty/swebench-verified:sweb.eval.x86_64.django__django-11477,0.0,r2egym-qwen3-rl-100-steps-attempt-2,51,3022,token_limit,151,0.020332354492818713,False
slimshetty/swebench-verified:sweb.eval.x86_64.matplotlib__matplotlib-25311,0.0,r2egym-qwen3-rl-100-steps-1-attempt-7,36,0,token_limit,181,3.5356267533443565e-05,False
slimshetty/swebench-verified:sweb.eval.x86_64.matplotlib__matplotlib-24970,0.0,r2egym-qwen3-rl-100-steps-1-attempt-7,42,730,agent_max_step_limit,106,0.8519527963298947,False
slimshetty/swebench-verified:sweb.eval.x86_64.django__django-13212,0.0,r2egym-qwen3-rl-100-steps-1-attempt-7,100,8234,abs_step_limit,2,0.651354857898194,False
slimshetty/swebench-verified:sweb.eval.x86_64.django__django-13417,1.0,r2egym-qwen3-rl-100-steps-1-attempt-7,100,1731,abs_step_limit,280,0.7057850340255386,True
slimshetty/swebench-verified:sweb.eval.x86_64.sympy__sympy-21596,0.0,r2egym-qwen3-rl-100-steps-1-attempt-7,56,2245,agent_max_step_limit,42,0.7981867777396211,False
slimshetty/swebench-verified:sweb.eval.x86_64.django__django-16145,1.0,r2egym-qwen3-rl-100-steps-1-attempt-7,84,3577,token_limit,174,0.24508501313237172,True
slimshetty/swebench-verified:sweb.eval.x86_64.sympy__sympy-13877,0.0,r2egym-qwen3-rl-100-steps-1-attempt-7,14,989,token_limit,110,0.8175744739711883,False
slimshetty/swebench-verified:sweb.eval.x86_64.matplotlib__matplotlib-23476,0.0,r2egym-qwen3-rl-100-steps-1-attempt-7,71,1657,token_limit,104,0.7057850278370112,False
slimshetty/swebench-verified:sweb.eval.x86_64.django__django-14765,1.0,r2egym-qwen3-rl-100-steps-1-attempt-7,46,1564,agent_max_step_limit,64,0.8670357529306639,True
slimshetty/swebench-verified:sweb.eval.x86_64.sphinx-doc__sphinx-9673,0.0,r2egym-qwen3-rl-100-steps-1-attempt-7,65,4581,token_limit,24,0.014063626113468383,False
slimshetty/swebench-verified:sweb.eval.x86_64.sympy__sympy-21612,0.0,r2egym-qwen3-rl-100-steps-1-attempt-7,72,0,token_limit,98,5.144222578965541e-05,False
slimshetty/swebench-verified:sweb.eval.x86_64.django__django-13121,0.0,r2egym-qwen3-rl-100-steps-1-attempt-7,100,0,abs_step_limit,168,8.481105118017095e-05,False
slimshetty/swebench-verified:sweb.eval.x86_64.psf__requests-5414,0.0,r2egym-qwen3-rl-100-steps-1-attempt-7,29,2370,agent,122,0.8670357512127872,False
slimshetty/swebench-verified:sweb.eval.x86_64.psf__requests-1142,1.0,r2egym-qwen3-rl-100-steps-1-attempt-7,44,2312,agent_max_step_limit,5,0.7310585669110202,True
slimshetty/swebench-verified:sweb.eval.x86_64.sympy__sympy-13974,0.0,r2egym-qwen3-rl-100-steps-1-attempt-7,79,1774,token_limit,4,0.01798620792233172,False
slimshetty/swebench-verified:sweb.eval.x86_64.django__django-13590,1.0,r2egym-qwen3-rl-100-steps-1-attempt-7,41,4417,max_step_limit,145,0.8519528038477824,True
slimshetty/swebench-verified:sweb.eval.x86_64.sympy__sympy-16766,0.0,r2egym-qwen3-rl-100-steps-1-attempt-7,70,1951,token_limit,7,0.0850990380460446,False
slimshetty/swebench-verified:sweb.eval.x86_64.sphinx-doc__sphinx-8595,1.0,r2egym-qwen3-rl-100-steps-1-attempt-7,64,3366,agent_max_step_limit,0,0.7981867777396211,True
slimshetty/swebench-verified:sweb.eval.x86_64.sympy__sympy-24539,1.0,r2egym-qwen3-rl-100-steps-1-attempt-7,100,1236,abs_step_limit,62,0.7772998611746912,True
slimshetty/swebench-verified:sweb.eval.x86_64.django__django-12039,0.0,r2egym-qwen3-rl-100-steps-1-attempt-7,41,2755,max_step_limit,11,0.8519527982093666,False
slimshetty/swebench-verified:sweb.eval.x86_64.pytest-dev__pytest-6202,1.0,r2egym-qwen3-rl-100-steps-1-attempt-7,90,765,token_limit,72,0.679178699175393,True
slimshetty/swebench-verified:sweb.eval.x86_64.astropy__astropy-13579,0.0,r2egym-qwen3-rl-100-steps-1-attempt-7,100,2361,abs_step_limit,39,0.5621765008857981,False
slimshetty/swebench-verified:sweb.eval.x86_64.matplotlib__matplotlib-24026,1.0,r2egym-qwen3-rl-100-steps-1-attempt-7,46,2401,agent_max_step_limit,764,0.7057850154599562,True
slimshetty/swebench-verified:sweb.eval.x86_64.django__django-11885,0.0,r2egym-qwen3-rl-100-steps-1-attempt-7,83,2811,token_limit,43,0.7549149868676283,False
slimshetty/swebench-verified:sweb.eval.x86_64.astropy__astropy-7166,0.0,r2egym-qwen3-rl-100-steps-1-attempt-7,14,533,agent,0,0.8933094017937621,False
slimshetty/swebench-verified:sweb.eval.x86_64.django__django-15814,0.0,r2egym-qwen3-rl-100-steps-1-attempt-7,66,2655,token_limit,29,0.8519527982093666,False
slimshetty/swebench-verified:sweb.eval.x86_64.pylint-dev__pylint-6528,0.0,r2egym-qwen3-rl-100-steps-1-attempt-7,61,2244,agent_max_step_limit,171,0.7772998611746912,False
slimshetty/swebench-verified:sweb.eval.x86_64.pydata__xarray-7229,0.0,r2egym-qwen3-rl-100-steps-1-attempt-7,35,916,agent,270,0.867035758084294,False
slimshetty/swebench-verified:sweb.eval.x86_64.django__django-14500,1.0,r2egym-qwen3-rl-100-steps-1-attempt-7,51,2565,agent_max_step_limit,21,0.7310585669110202,True
slimshetty/swebench-verified:sweb.eval.x86_64.django__django-12262,1.0,r2egym-qwen3-rl-100-steps-1-attempt-7,49,4378,agent_max_step_limit,18,0.7310585786300049,True
slimshetty/swebench-verified:sweb.eval.x86_64.matplotlib__matplotlib-24637,0.0,r2egym-qwen3-rl-100-steps-1-attempt-7,57,0,token_limit,29,6.605214452354149e-05,False
slimshetty/swebench-verified:sweb.eval.x86_64.django__django-11276,1.0,r2egym-qwen3-rl-100-steps-1-attempt-7,43,1535,agent_max_step_limit,548,0.7057850278370112,True
slimshetty/swebench-verified:sweb.eval.x86_64.django__django-11206,0.0,r2egym-qwen3-rl-100-steps-1-attempt-7,31,3287,token_limit,0,0.00857748525531428,False
slimshetty/swebench-verified:sweb.eval.x86_64.django__django-13741,1.0,r2egym-qwen3-rl-100-steps-1-attempt-7,100,2322,abs_step_limit,82,0.7549149813536518,True
slimshetty/swebench-verified:sweb.eval.x86_64.django__django-11848,0.0,r2egym-qwen3-rl-100-steps-1-attempt-7,47,3067,token_limit,43,0.8354835391516133,False
slimshetty/swebench-verified:sweb.eval.x86_64.pylint-dev__pylint-8898,0.0,r2egym-qwen3-rl-100-steps-1-attempt-7,55,2809,agent_max_step_limit,17,0.7981867777396211,False
slimshetty/swebench-verified:sweb.eval.x86_64.astropy__astropy-14365,0.0,r2egym-qwen3-rl-100-steps-1-attempt-7,100,2188,abs_step_limit,8,0.8670357615200474,False
slimshetty/swebench-verified:sweb.eval.x86_64.sympy__sympy-13031,0.0,r2egym-qwen3-rl-100-steps-1-attempt-7,57,0,token_limit,9,0.0001233945596211086,False
slimshetty/swebench-verified:sweb.eval.x86_64.django__django-16263,0.0,r2egym-qwen3-rl-100-steps-1-attempt-7,65,4290,token_limit,99,0.7310585786300049,False
slimshetty/swebench-verified:sweb.eval.x86_64.django__django-13512,0.0,r2egym-qwen3-rl-100-steps-1-attempt-7,100,637,abs_step_limit,32,0.651354857898194,False
slimshetty/swebench-verified:sweb.eval.x86_64.astropy__astropy-14995,1.0,r2egym-qwen3-rl-100-steps-1-attempt-7,35,3808,agent,179,0.9149009573133051,True
slimshetty/swebench-verified:sweb.eval.x86_64.astropy__astropy-7336,0.0,r2egym-qwen3-rl-100-steps-1-attempt-7,100,1292,abs_step_limit,0,0.7981867873410141,False
slimshetty/swebench-verified:sweb.eval.x86_64.django__django-13809,1.0,r2egym-qwen3-rl-100-steps-1-attempt-7,100,3661,abs_step_limit,245,0.651354857898194,True
slimshetty/swebench-verified:sweb.eval.x86_64.psf__requests-6028,0.0,r2egym-qwen3-rl-100-steps-1-attempt-7,100,1366,token_limit,185,0.4687906266262437,False
slimshetty/swebench-verified:sweb.eval.x86_64.django__django-12193,0.0,r2egym-qwen3-rl-100-steps-1-attempt-7,100,3093,abs_step_limit,11,0.0600866545922063,False
slimshetty/swebench-verified:sweb.eval.x86_64.matplotlib__matplotlib-26466,0.0,r2egym-qwen3-rl-100-steps-1-attempt-7,41,1968,max_step_limit,100,0.8354835289107309,False
slimshetty/swebench-verified:sweb.eval.x86_64.sympy__sympy-13372,1.0,r2egym-qwen3-rl-100-steps-1-attempt-7,46,1446,token_limit,44,0.5621765008857982,True
slimshetty/swebench-verified:sweb.eval.x86_64.sympy__sympy-16886,1.0,r2egym-qwen3-rl-100-steps-1-attempt-7,26,963,agent,42,0.5312093733737563,True
slimshetty/swebench-verified:sweb.eval.x86_64.django__django-11099,1.0,r2egym-qwen3-rl-100-steps-1-attempt-7,100,1969,abs_step_limit,19,0.8175744761936437,True
slimshetty/swebench-verified:sweb.eval.x86_64.django__django-16667,0.0,r2egym-qwen3-rl-100-steps-1-attempt-7,48,2841,agent_max_step_limit,24,0.8519527963298947,False
slimshetty/swebench-verified:sweb.eval.x86_64.django__django-13513,0.0,r2egym-qwen3-rl-100-steps-1-attempt-7,91,1583,token_limit,83,0.005220125579906696,False
slimshetty/swebench-verified:sweb.eval.x86_64.django__django-15973,0.0,r2egym-qwen3-rl-100-steps-1-attempt-7,100,0,abs_step_limit,157,5.144223193894802e-05,False
slimshetty/swebench-verified:sweb.eval.x86_64.django__django-11265,0.0,r2egym-qwen3-rl-100-steps-1-attempt-7,100,2968,abs_step_limit,30,0.7549149758396752,False
slimshetty/swebench-verified:sweb.eval.x86_64.django__django-11239,0.0,r2egym-qwen3-rl-100-steps-1-attempt-7,19,2475,agent,5,0.6224593312018545,False
slimshetty/swebench-verified:sweb.eval.x86_64.sympy__sympy-18763,0.0,r2egym-qwen3-rl-100-steps-1-attempt-7,100,0,abs_step_limit,141,8.481105122953328e-05,False
slimshetty/swebench-verified:sweb.eval.x86_64.sphinx-doc__sphinx-9602,0.0,r2egym-qwen3-rl-100-steps-1-attempt-7,100,1037,abs_step_limit,45,0.8354835391516133,False
slimshetty/swebench-verified:sweb.eval.x86_64.pydata__xarray-3151,1.0,r2egym-qwen3-rl-100-steps-1-attempt-7,60,599,token_limit,66,0.9149009491921664,True
slimshetty/swebench-verified:sweb.eval.x86_64.django__django-14007,0.0,r2egym-qwen3-rl-100-steps-1-attempt-7,81,0,token_limit,12,5.144223809535255e-05,False
slimshetty/swebench-verified:sweb.eval.x86_64.django__django-11138,0.0,r2egym-qwen3-rl-100-steps-1-attempt-7,100,3045,abs_step_limit,73,0.6791787056691697,False
slimshetty/swebench-verified:sweb.eval.x86_64.pydata__xarray-4695,0.0,r2egym-qwen3-rl-100-steps-1-attempt-7,33,0,token_limit,875,4.5397863055000004e-05,False
slimshetty/swebench-verified:sweb.eval.x86_64.django__django-10554,0.0,r2egym-qwen3-rl-100-steps-1-attempt-7,66,3000,agent_max_step_limit,22,0.651354857898194,False
slimshetty/swebench-verified:sweb.eval.x86_64.django__django-13297,0.0,r2egym-qwen3-rl-100-steps-1-attempt-7,100,3502,abs_step_limit,50,0.07585818419975078,False
slimshetty/swebench-verified:sweb.eval.x86_64.django__django-13363,1.0,r2egym-qwen3-rl-100-steps-1-attempt-7,48,3219,agent_max_step_limit,76,0.5621765008857981,True
slimshetty/swebench-verified:sweb.eval.x86_64.django__django-14559,1.0,r2egym-qwen3-rl-100-steps-1-attempt-7,100,4946,abs_step_limit,23,0.6791786926816161,True
slimshetty/swebench-verified:sweb.eval.x86_64.pydata__xarray-6992,0.0,r2egym-qwen3-rl-100-steps-1-attempt-7,100,2073,abs_step_limit,945,0.8670357460591568,False
slimshetty/swebench-verified:sweb.eval.x86_64.sympy__sympy-15809,0.0,r2egym-qwen3-rl-100-steps-1-attempt-7,70,2212,token_limit,1,0.14804719803168948,False
slimshetty/swebench-verified:sweb.eval.x86_64.mwaskom__seaborn-3069,0.0,r2egym-qwen3-rl-100-steps-1-attempt-7,100,2831,abs_step_limit,0,0.0019267348451093285,False
slimshetty/swebench-verified:sweb.eval.x86_64.django__django-15863,0.0,r2egym-qwen3-rl-100-steps-1-attempt-7,36,5236,token_limit,6,0.06754669395523943,False
slimshetty/swebench-verified:sweb.eval.x86_64.sphinx-doc__sphinx-8035,0.0,r2egym-qwen3-rl-100-steps-1-attempt-7,76,5471,token_limit,1,0.3775406687981454,False
slimshetty/swebench-verified:sweb.eval.x86_64.django__django-15037,0.0,r2egym-qwen3-rl-100-steps-1-attempt-7,43,5171,agent_max_step_limit,13,0.7057850402140659,False
slimshetty/swebench-verified:sweb.eval.x86_64.django__django-11734,0.0,r2egym-qwen3-rl-100-steps-1-attempt-7,89,0,token_limit,275,5.8291244503214816e-05,False
slimshetty/swebench-verified:sweb.eval.x86_64.django__django-15525,0.0,r2egym-qwen3-rl-100-steps-1-attempt-7,44,1452,token_limit,53,0.0013250223409591443,False
slimshetty/swebench-verified:sweb.eval.x86_64.django__django-12125,0.0,r2egym-qwen3-rl-100-steps-1-attempt-7,43,0,token_limit,45,0.00037998442580493286,False
slimshetty/swebench-verified:sweb.eval.x86_64.pytest-dev__pytest-5262,0.0,r2egym-qwen3-rl-100-steps-1-attempt-7,49,1018,token_limit,31,0.04742587300927061,False
slimshetty/swebench-verified:sweb.eval.x86_64.django__django-13410,1.0,r2egym-qwen3-rl-100-steps-1-attempt-7,60,2306,agent_max_step_limit,40,0.7981867849406659,True
slimshetty/swebench-verified:sweb.eval.x86_64.pydata__xarray-6721,0.0,r2egym-qwen3-rl-100-steps-1-attempt-7,39,941,token_limit,1405,0.09534945911506375,False
slimshetty/swebench-verified:sweb.eval.x86_64.matplotlib__matplotlib-25479,0.0,r2egym-qwen3-rl-100-steps-1-attempt-7,34,2827,agent,263,0.8519528000888386,False
slimshetty/swebench-verified:sweb.eval.x86_64.matplotlib__matplotlib-25122,1.0,r2egym-qwen3-rl-100-steps-1-attempt-7,31,1830,agent,2476,0.6224593312018546,True
slimshetty/swebench-verified:sweb.eval.x86_64.scikit-learn__scikit-learn-14141,1.0,r2egym-qwen3-rl-100-steps-1-attempt-7,19,1579,agent,2,0.7549149978955811,True
slimshetty/swebench-verified:sweb.eval.x86_64.django__django-13346,0.0,r2egym-qwen3-rl-100-steps-1-attempt-7,99,829,token_limit,0,0.00026119021193303033,False
slimshetty/swebench-verified:sweb.eval.x86_64.django__django-14017,1.0,r2egym-qwen3-rl-100-steps-1-attempt-7,100,2610,abs_step_limit,147,0.7549149923816048,True
slimshetty/swebench-verified:sweb.eval.x86_64.astropy__astropy-13033,0.0,r2egym-qwen3-rl-100-steps-1-attempt-7,30,3849,token_limit,19,0.01798620907380902,False
slimshetty/swebench-verified:sweb.eval.x86_64.django__django-15503,0.0,r2egym-qwen3-rl-100-steps-1-attempt-7,67,6384,token_limit,75,0.817574478416099,False
slimshetty/swebench-verified:sweb.eval.x86_64.sympy__sympy-17630,0.0,r2egym-qwen3-rl-100-steps-1-attempt-7,42,1238,agent_max_step_limit,19,0.7981867825403176,False
slimshetty/swebench-verified:sweb.eval.x86_64.sphinx-doc__sphinx-9229,0.0,r2egym-qwen3-rl-100-steps-1-attempt-7,100,1683,abs_step_limit,13,0.0004305570783686052,False
slimshetty/swebench-verified:sweb.eval.x86_64.sympy__sympy-21379,0.0,r2egym-qwen3-rl-100-steps-1-attempt-7,56,2411,token_limit,91,0.005911067767202312,False
slimshetty/swebench-verified:sweb.eval.x86_64.django__django-16642,1.0,r2egym-qwen3-rl-100-steps-1-attempt-7,53,3680,agent_max_step_limit,21,0.8354835391516133,True
slimshetty/swebench-verified:sweb.eval.x86_64.django__django-11451,1.0,r2egym-qwen3-rl-100-steps-1-attempt-7,44,2293,agent_max_step_limit,45,0.7057850402140659,True
slimshetty/swebench-verified:sweb.eval.x86_64.django__django-13195,0.0,r2egym-qwen3-rl-100-steps-1-attempt-7,100,3100,abs_step_limit,381,0.8354835452961425,False
slimshetty/swebench-verified:sweb.eval.x86_64.sympy__sympy-23534,1.0,r2egym-qwen3-rl-100-steps-1-attempt-7,14,1314,agent,11,0.6513548646660543,True
slimshetty/swebench-verified:sweb.eval.x86_64.django__django-15380,0.0,r2egym-qwen3-rl-100-steps-1-attempt-7,83,3946,token_limit,133,0.0010322309949796938,False
slimshetty/swebench-verified:sweb.eval.x86_64.pydata__xarray-3993,0.0,r2egym-qwen3-rl-100-steps-1-attempt-7,68,1479,token_limit,2398,0.8175744739711883,False
slimshetty/swebench-verified:sweb.eval.x86_64.scikit-learn__scikit-learn-15100,1.0,r2egym-qwen3-rl-100-steps-1-attempt-7,71,687,token_limit,93,0.7549149923816048,True
slimshetty/swebench-verified:sweb.eval.x86_64.django__django-13109,0.0,r2egym-qwen3-rl-100-steps-1-attempt-7,99,2886,token_limit,170,0.00033535010068903,False
slimshetty/swebench-verified:sweb.eval.x86_64.pydata__xarray-6744,1.0,r2egym-qwen3-rl-100-steps-1-attempt-7,50,9781,token_limit,1815,0.3486451217982255,True
slimshetty/swebench-verified:sweb.eval.x86_64.sphinx-doc__sphinx-7910,0.0,r2egym-qwen3-rl-100-steps-1-attempt-7,100,4390,abs_step_limit,0,0.037326885336183654,False
slimshetty/swebench-verified:sweb.eval.x86_64.django__django-14631,1.0,r2egym-qwen3-rl-100-steps-1-attempt-7,67,4044,token_limit,117,0.37754066879814546,True
slimshetty/swebench-verified:sweb.eval.x86_64.astropy__astropy-13977,0.0,r2egym-qwen3-rl-100-steps-1-attempt-7,29,1050,token_limit,318,0.1192029235866439,False
slimshetty/swebench-verified:sweb.eval.x86_64.sympy__sympy-13757,0.0,r2egym-qwen3-rl-100-steps-1-attempt-7,85,0,token_limit,166,0.00013982207279103926,False
slimshetty/swebench-verified:sweb.eval.x86_64.django__django-11141,0.0,r2egym-qwen3-rl-100-steps-1-attempt-7,93,3278,token_limit,24,0.34864512179822543,False
slimshetty/swebench-verified:sweb.eval.x86_64.django__django-14053,0.0,r2egym-qwen3-rl-100-steps-1-attempt-7,57,6030,token_limit,31,0.29421496597446145,False
slimshetty/swebench-verified:sweb.eval.x86_64.django__django-15252,0.0,r2egym-qwen3-rl-100-steps-1-attempt-7,48,2661,token_limit,0,0.007577239811157006,False
slimshetty/swebench-verified:sweb.eval.x86_64.pylint-dev__pylint-4551,0.0,r2egym-qwen3-rl-100-steps-1-attempt-7,81,3601,token_limit,0,0.03308597743528922,False
slimshetty/swebench-verified:sweb.eval.x86_64.django__django-11149,0.0,r2egym-qwen3-rl-100-steps-1-attempt-7,72,5682,token_limit,40,0.8354835391516133,False
slimshetty/swebench-verified:sweb.eval.x86_64.django__django-13964,0.0,r2egym-qwen3-rl-100-steps-1-attempt-7,100,2805,abs_step_limit,36,0.0008040858976549788,False
slimshetty/swebench-verified:sweb.eval.x86_64.sympy__sympy-13091,0.0,r2egym-qwen3-rl-100-steps-1-attempt-7,41,1449,token_limit,63,0.002800926995734835,False
slimshetty/swebench-verified:sweb.eval.x86_64.sympy__sympy-15349,1.0,r2egym-qwen3-rl-100-steps-1-attempt-7,38,3096,agent,3,0.9046505299595162,True
slimshetty/swebench-verified:sweb.eval.x86_64.pylint-dev__pylint-7080,0.0,r2egym-qwen3-rl-100-steps-attempt-7,22,488,agent,121,0.8175744761936437,False
slimshetty/swebench-verified:sweb.eval.x86_64.django__django-10097,1.0,r2egym-qwen3-rl-100-steps-1-attempt-7,100,0,abs_step_limit,1432,3.120192250723057e-05,True
slimshetty/swebench-verified:sweb.eval.x86_64.django__django-12308,0.0,r2egym-qwen3-rl-100-steps-attempt-7,54,1634,token_limit,20,0.4378234991142019,False
slimshetty/swebench-verified:sweb.eval.x86_64.django__django-14672,1.0,r2egym-qwen3-rl-100-steps-attempt-7,41,514,max_step_limit,0,0.7310585786300049,True
slimshetty/swebench-verified:sweb.eval.x86_64.astropy__astropy-8707,0.0,r2egym-qwen3-rl-100-steps-attempt-7,31,2017,agent,4,0.8354835432479661,False
slimshetty/swebench-verified:sweb.eval.x86_64.django__django-15278,0.0,r2egym-qwen3-rl-100-steps-attempt-7,49,0,token_limit,138,8.481108152444222e-05,False
slimshetty/swebench-verified:sweb.eval.x86_64.astropy__astropy-14598,0.0,r2egym-qwen3-rl-100-steps-1-attempt-7,41,1668,token_limit,0,0.03308597898458847,False
slimshetty/swebench-verified:sweb.eval.x86_64.django__django-13449,1.0,r2egym-qwen3-rl-100-steps-attempt-7,41,3487,max_step_limit,46,0.8175744695262777,True
slimshetty/swebench-verified:sweb.eval.x86_64.sympy__sympy-19954,1.0,r2egym-qwen3-rl-100-steps-attempt-7,39,2492,agent,56,0.8670357580842941,True
slimshetty/swebench-verified:sweb.eval.x86_64.sympy__sympy-18199,0.0,r2egym-qwen3-rl-100-steps-attempt-7,43,1081,agent_max_step_limit,113,0.8354835371034368,False
slimshetty/swebench-verified:sweb.eval.x86_64.pytest-dev__pytest-7205,1.0,r2egym-qwen3-rl-100-steps-attempt-7,15,596,agent,16,0.8519528000888387,True
slimshetty/swebench-verified:sweb.eval.x86_64.django__django-16901,1.0,r2egym-qwen3-rl-100-steps-attempt-7,58,3003,agent_max_step_limit,6,0.7981867729389246,True
slimshetty/swebench-verified:sweb.eval.x86_64.scikit-learn__scikit-learn-25931,1.0,r2egym-qwen3-rl-100-steps-attempt-7,25,2882,agent,21,0.8354835432479661,True
slimshetty/swebench-verified:sweb.eval.x86_64.psf__requests-1724,1.0,r2egym-qwen3-rl-100-steps-attempt-7,34,1277,agent,79,0.8933094010836643,True
slimshetty/swebench-verified:sweb.eval.x86_64.django__django-14140,0.0,r2egym-qwen3-rl-100-steps-attempt-7,16,3595,agent,199,0.7772998714925403,False
slimshetty/swebench-verified:sweb.eval.x86_64.django__django-16116,1.0,r2egym-qwen3-rl-100-steps-attempt-7,85,808,token_limit,137,0.8175744673038222,True
slimshetty/swebench-verified:sweb.eval.x86_64.scikit-learn__scikit-learn-14053,1.0,r2egym-qwen3-rl-100-steps-attempt-7,14,1468,agent,5,0.7981867753392728,True
slimshetty/swebench-verified:sweb.eval.x86_64.psf__requests-2931,0.0,r2egym-qwen3-rl-100-steps-attempt-7,53,1028,agent_max_step_limit,84,0.5312093733737563,False
slimshetty/swebench-verified:sweb.eval.x86_64.django__django-15561,0.0,r2egym-qwen3-rl-100-steps-attempt-7,53,4640,agent_max_step_limit,134,0.40733340004593027,False
slimshetty/swebench-verified:sweb.eval.x86_64.django__django-13821,1.0,r2egym-qwen3-rl-100-steps-attempt-7,35,4309,agent,14,0.6224593382055109,True
slimshetty/swebench-verified:sweb.eval.x86_64.matplotlib__matplotlib-25775,1.0,r2egym-qwen3-rl-100-steps-attempt-7,74,2175,token_limit,89,0.0758581784543034,True
slimshetty/swebench-verified:sweb.eval.x86_64.sympy__sympy-16450,1.0,r2egym-qwen3-rl-100-steps-attempt-7,50,4370,agent_max_step_limit,38,0.9149009509324104,True
slimshetty/swebench-verified:sweb.eval.x86_64.sympy__sympy-15976,1.0,r2egym-qwen3-rl-100-steps-attempt-7,37,2672,token_limit,37,0.5,True
slimshetty/swebench-verified:sweb.eval.x86_64.sympy__sympy-19346,1.0,r2egym-qwen3-rl-100-steps-attempt-7,70,690,token_limit,40,0.8519528000888386,True
slimshetty/swebench-verified:sweb.eval.x86_64.django__django-11133,1.0,r2egym-qwen3-rl-100-steps-attempt-7,71,1082,token_limit,64,0.904650538956921,True
slimshetty/swebench-verified:sweb.eval.x86_64.django__django-11490,0.0,r2egym-qwen3-rl-100-steps-attempt-7,52,3587,agent_max_step_limit,22,0.8519528057272543,False
slimshetty/swebench-verified:sweb.eval.x86_64.django__django-11299,1.0,r2egym-qwen3-rl-100-steps-attempt-7,100,2216,abs_step_limit,103,0.8175744761936437,True
slimshetty/swebench-verified:sweb.eval.x86_64.sympy__sympy-24066,1.0,r2egym-qwen3-rl-100-steps-attempt-7,30,1340,agent,30,0.8670357563664174,True
slimshetty/swebench-verified:sweb.eval.x86_64.pallets__flask-5014,1.0,r2egym-qwen3-rl-100-steps-attempt-7,17,496,agent,59,0.8175744806385543,True
slimshetty/swebench-verified:sweb.eval.x86_64.django__django-16560,0.0,r2egym-qwen3-rl-100-steps-attempt-7,56,5736,agent_max_step_limit,66,0.7057850340255386,False
slimshetty/swebench-verified:sweb.eval.x86_64.pydata__xarray-3677,1.0,r2egym-qwen3-rl-100-steps-attempt-7,19,762,agent,21,0.8670357494949105,True
slimshetty/swebench-verified:sweb.eval.x86_64.django__django-14539,1.0,r2egym-qwen3-rl-100-steps-attempt-7,100,2158,abs_step_limit,14,0.8354835432479661,True
slimshetty/swebench-verified:sweb.eval.x86_64.django__django-16612,0.0,r2egym-qwen3-rl-100-steps-attempt-7,78,5156,token_limit,335,0.8670357649558006,False
slimshetty/swebench-verified:sweb.eval.x86_64.django__django-13089,1.0,r2egym-qwen3-rl-100-steps-attempt-7,100,2424,abs_step_limit,352,0.8175744673038222,True
slimshetty/swebench-verified:sweb.eval.x86_64.django__django-14752,1.0,r2egym-qwen3-rl-100-steps-attempt-7,100,6230,abs_step_limit,15,0.7549149868676283,True
slimshetty/swebench-verified:sweb.eval.x86_64.django__django-11815,1.0,r2egym-qwen3-rl-100-steps-attempt-7,41,3092,max_step_limit,44,0.7981867777396211,True
slimshetty/swebench-verified:sweb.eval.x86_64.sympy__sympy-13551,0.0,r2egym-qwen3-rl-100-steps-attempt-7,100,1249,abs_step_limit,0,0.001325022361447597,False
slimshetty/swebench-verified:sweb.eval.x86_64.django__django-13343,1.0,r2egym-qwen3-rl-100-steps-attempt-7,79,4142,token_limit,130,0.8175744761936437,True
slimshetty/swebench-verified:sweb.eval.x86_64.matplotlib__matplotlib-13989,1.0,r2egym-qwen3-rl-100-steps-attempt-7,72,817,token_limit,411,0.9046505383142492,True
slimshetty/swebench-verified:sweb.eval.x86_64.sympy__sympy-14976,0.0,r2egym-qwen3-rl-100-steps-attempt-7,57,1998,token_limit,13,0.05340333356619822,False
slimshetty/swebench-verified:sweb.eval.x86_64.django__django-11333,0.0,r2egym-qwen3-rl-100-steps-attempt-7,95,4901,token_limit,2,0.679178699175393,False
slimshetty/swebench-verified:sweb.eval.x86_64.django__django-16333,1.0,r2egym-qwen3-rl-100-steps-attempt-7,75,3450,token_limit,87,0.8354835371034368,True
slimshetty/swebench-verified:sweb.eval.x86_64.pylint-dev__pylint-6903,1.0,r2egym-qwen3-rl-100-steps-attempt-7,74,4291,token_limit,8,0.8354835371034368,True
slimshetty/swebench-verified:sweb.eval.x86_64.django__django-14349,1.0,r2egym-qwen3-rl-100-steps-attempt-7,18,2103,agent,18,0.8175744828610095,True
slimshetty/swebench-verified:sweb.eval.x86_64.django__django-15098,0.0,r2egym-qwen3-rl-100-steps-attempt-7,100,2258,abs_step_limit,87,0.34864513533394575,False
slimshetty/swebench-verified:sweb.eval.x86_64.django__django-14011,0.0,r2egym-qwen3-rl-100-steps-attempt-7,41,1574,token_limit,2,0.0006263340134640283,False
slimshetty/swebench-verified:sweb.eval.x86_64.django__django-11603,1.0,r2egym-qwen3-rl-100-steps-attempt-7,100,2362,abs_step_limit,58,0.8519528076067262,True
slimshetty/swebench-verified:sweb.eval.x86_64.sympy__sympy-24443,1.0,r2egym-qwen3-rl-100-steps-attempt-7,28,1532,agent,1,0.8670357512127873,True
slimshetty/swebench-verified:sweb.eval.x86_64.django__django-11211,0.0,r2egym-qwen3-rl-100-steps-attempt-7,100,4113,abs_step_limit,76,0.5,False
slimshetty/swebench-verified:sweb.eval.x86_64.django__django-16662,1.0,r2egym-qwen3-rl-100-steps-attempt-7,97,4400,token_limit,51,0.8670357512127872,True
slimshetty/swebench-verified:sweb.eval.x86_64.scikit-learn__scikit-learn-14496,1.0,r2egym-qwen3-rl-100-steps-attempt-7,100,2997,token_limit,39,0.8519528019683106,True
slimshetty/swebench-verified:sweb.eval.x86_64.django__django-15382,0.0,r2egym-qwen3-rl-100-steps-attempt-7,41,2801,max_step_limit,160,0.7310585786300049,False
slimshetty/swebench-verified:sweb.eval.x86_64.matplotlib__matplotlib-24870,0.0,r2egym-qwen3-rl-100-steps-attempt-7,42,3337,agent_max_step_limit,65,0.8519528076067262,False
slimshetty/swebench-verified:sweb.eval.x86_64.sphinx-doc__sphinx-7985,0.0,r2egym-qwen3-rl-100-steps-attempt-7,50,2638,agent_max_step_limit,3,0.6224593382055109,False
slimshetty/swebench-verified:sweb.eval.x86_64.pydata__xarray-4629,1.0,r2egym-qwen3-rl-100-steps-attempt-7,44,6395,agent_max_step_limit,32,0.6791787056691698,True
slimshetty/swebench-verified:sweb.eval.x86_64.matplotlib__matplotlib-23412,1.0,r2egym-qwen3-rl-100-steps-attempt-7,41,1445,max_step_limit,46,0.8519528000888386,True
slimshetty/swebench-verified:sweb.eval.x86_64.django__django-14855,1.0,r2egym-qwen3-rl-100-steps-attempt-7,100,4288,abs_step_limit,325,0.8519528019683106,True
slimshetty/swebench-verified:sweb.eval.x86_64.django__django-13670,1.0,r2egym-qwen3-rl-100-steps-attempt-7,23,1140,agent,17,0.8519528019683105,True
slimshetty/swebench-verified:sweb.eval.x86_64.sympy__sympy-20438,0.0,r2egym-qwen3-rl-100-steps-attempt-7,77,0,token_limit,93,9.610246050644951e-05,False
slimshetty/swebench-verified:sweb.eval.x86_64.django__django-16256,0.0,r2egym-qwen3-rl-100-steps-attempt-7,62,0,token_limit,53,6.605214449759119e-05,False
slimshetty/swebench-verified:sweb.eval.x86_64.sphinx-doc__sphinx-8548,0.0,r2egym-qwen3-rl-100-steps-attempt-7,100,906,abs_step_limit,5,0.00017952792216871714,False
slimshetty/swebench-verified:sweb.eval.x86_64.sympy__sympy-11618,1.0,r2egym-qwen3-rl-100-steps-attempt-7,31,786,agent,4,0.8670357701094303,True
slimshetty/swebench-verified:sweb.eval.x86_64.scikit-learn__scikit-learn-10908,0.0,r2egym-qwen3-rl-100-steps-attempt-7,21,725,agent,47,0.880797071719777,False
slimshetty/swebench-verified:sweb.eval.x86_64.django__django-17084,0.0,r2egym-qwen3-rl-100-steps-attempt-7,100,2191,abs_step_limit,107,0.5312093733737563,False
slimshetty/swebench-verified:sweb.eval.x86_64.django__django-15499,1.0,r2egym-qwen3-rl-100-steps-attempt-7,28,2247,agent,35,0.8519528057272543,True
slimshetty/swebench-verified:sweb.eval.x86_64.django__django-12419,1.0,r2egym-qwen3-rl-100-steps-attempt-7,33,2384,agent,0,0.6791787056691698,True
slimshetty/swebench-verified:sweb.eval.x86_64.django__django-14155,0.0,r2egym-qwen3-rl-100-steps-attempt-7,100,2522,abs_step_limit,89,0.6513548782017745,False
slimshetty/swebench-verified:sweb.eval.x86_64.pydata__xarray-4094,1.0,r2egym-qwen3-rl-100-steps-attempt-7,56,574,token_limit,862,0.8670357683915538,True
slimshetty/swebench-verified:sweb.eval.x86_64.scikit-learn__scikit-learn-13124,0.0,r2egym-qwen3-rl-100-steps-attempt-7,30,0,token_limit,60,6.605212084631218e-05,False
slimshetty/swebench-verified:sweb.eval.x86_64.sympy__sympy-19783,0.0,r2egym-qwen3-rl-100-steps-attempt-7,100,0,abs_step_limit,9,2.144495096083526e-05,False
slimshetty/swebench-verified:sweb.eval.x86_64.sympy__sympy-14711,0.0,r2egym-qwen3-rl-100-steps-attempt-7,100,0,abs_step_limit,2,5.14422074125194e-05,False
slimshetty/swebench-verified:sweb.eval.x86_64.django__django-15022,1.0,r2egym-qwen3-rl-100-steps-attempt-7,100,4309,abs_step_limit,56,0.7549149978955811,True
slimshetty/swebench-verified:sweb.eval.x86_64.django__django-11551,1.0,r2egym-qwen3-rl-100-steps-attempt-7,97,9176,token_limit,119,0.8670357701094304,True
slimshetty/swebench-verified:sweb.eval.x86_64.sympy__sympy-23262,1.0,r2egym-qwen3-rl-100-steps-attempt-7,41,4003,token_limit,61,0.5926665999540698,True
slimshetty/swebench-verified:sweb.eval.x86_64.django__django-9296,0.0,r2egym-qwen3-rl-100-steps-attempt-7,48,1739,agent_max_step_limit,0,0.7981867729389246,False
slimshetty/swebench-verified:sweb.eval.x86_64.django__django-12304,0.0,r2egym-qwen3-rl-100-steps-attempt-7,37,0,token_limit,17,3.535623803478889e-05,False
slimshetty/swebench-verified:sweb.eval.x86_64.django__django-14373,1.0,r2egym-qwen3-rl-100-steps-attempt-7,21,1196,agent,19,0.8670357649558006,True
slimshetty/swebench-verified:sweb.eval.x86_64.pydata__xarray-7233,1.0,r2egym-qwen3-rl-100-steps-attempt-7,15,585,agent,189,0.8670357615200474,True
slimshetty/swebench-verified:sweb.eval.x86_64.sympy__sympy-18698,0.0,r2egym-qwen3-rl-100-steps-attempt-7,100,1281,abs_step_limit,147,0.000804086002224488,False
slimshetty/swebench-verified:sweb.eval.x86_64.sympy__sympy-12481,1.0,r2egym-qwen3-rl-100-steps-attempt-7,33,3055,token_limit,7,0.020332355309061308,True
slimshetty/swebench-verified:sweb.eval.x86_64.django__django-15128,1.0,r2egym-qwen3-rl-100-steps-attempt-7,78,2772,token_limit,282,0.2689414096510109,True
slimshetty/swebench-verified:sweb.eval.x86_64.scikit-learn__scikit-learn-25102,1.0,r2egym-qwen3-rl-100-steps-attempt-7,43,2747,agent_max_step_limit,59,0.8519528019683105,True
slimshetty/swebench-verified:sweb.eval.x86_64.pytest-dev__pytest-10051,0.0,r2egym-qwen3-rl-100-steps-attempt-7,47,2095,agent_max_step_limit,15,0.880797068590724,False
slimshetty/swebench-verified:sweb.eval.x86_64.sphinx-doc__sphinx-9281,1.0,r2egym-qwen3-rl-100-steps-attempt-7,100,1386,abs_step_limit,38,0.651354857898194,True
slimshetty/swebench-verified:sweb.eval.x86_64.sympy__sympy-19040,0.0,r2egym-qwen3-rl-100-steps-attempt-7,71,0,token_limit,148,7.484626274326669e-05,False
slimshetty/swebench-verified:sweb.eval.x86_64.sympy__sympy-16597,0.0,r2egym-qwen3-rl-100-steps-attempt-7,100,1595,abs_step_limit,74,0.001325022705746075,False
slimshetty/swebench-verified:sweb.eval.x86_64.scikit-learn__scikit-learn-13496,1.0,r2egym-qwen3-rl-100-steps-attempt-7,23,1396,agent,19,0.731058584489497,True
slimshetty/swebench-verified:sweb.eval.x86_64.django__django-15987,0.0,r2egym-qwen3-rl-100-steps-attempt-7,44,2328,agent_max_step_limit,52,0.651354857898194,False
slimshetty/swebench-verified:sweb.eval.x86_64.pydata__xarray-4075,1.0,r2egym-qwen3-rl-100-steps-attempt-7,37,508,agent,958,0.8933094032139576,True
slimshetty/swebench-verified:sweb.eval.x86_64.django__django-14034,0.0,r2egym-qwen3-rl-100-steps-attempt-7,46,1872,agent_max_step_limit,12,0.46879062662624377,False
slimshetty/swebench-verified:sweb.eval.x86_64.pytest-dev__pytest-7432,0.0,r2egym-qwen3-rl-100-steps-attempt-7,67,0,token_limit,77,1.1478773595970265e-05,False
slimshetty/swebench-verified:sweb.eval.x86_64.sympy__sympy-22456,1.0,r2egym-qwen3-rl-100-steps-attempt-7,35,792,token_limit,29,0.6224593312018546,True
slimshetty/swebench-verified:sweb.eval.x86_64.scikit-learn__scikit-learn-14983,0.0,r2egym-qwen3-rl-100-steps-attempt-7,67,0,token_limit,105,4.539785776065476e-05,False
slimshetty/swebench-verified:sweb.eval.x86_64.astropy__astropy-12907,0.0,r2egym-qwen3-rl-100-steps-attempt-7,43,3753,token_limit,13,0.005220126281161909,False
slimshetty/swebench-verified:sweb.eval.x86_64.scikit-learn__scikit-learn-13439,0.0,r2egym-qwen3-rl-100-steps-attempt-7,75,0,token_limit,40,1.6701421836551084e-05,False
slimshetty/swebench-verified:sweb.eval.x86_64.astropy__astropy-13236,0.0,r2egym-qwen3-rl-100-steps-attempt-7,100,1642,abs_step_limit,640,0.002182716763800243,False
slimshetty/swebench-verified:sweb.eval.x86_64.django__django-15104,1.0,r2egym-qwen3-rl-100-steps-attempt-7,63,5035,token_limit,131,0.8670357666736772,True
slimshetty/swebench-verified:sweb.eval.x86_64.sphinx-doc__sphinx-8056,0.0,r2egym-qwen3-rl-100-steps-attempt-7,63,0,token_limit,40,5.144219519029225e-05,False
slimshetty/swebench-verified:sweb.eval.x86_64.matplotlib__matplotlib-26342,0.0,r2egym-qwen3-rl-100-steps-attempt-7,85,0,token_limit,81,3.535624645738762e-05,False
slimshetty/swebench-verified:sweb.eval.x86_64.pylint-dev__pylint-4604,0.0,r2egym-qwen3-rl-100-steps-attempt-7,100,0,abs_step_limit,0,3.535624645738762e-05,False
slimshetty/swebench-verified:sweb.eval.x86_64.matplotlib__matplotlib-26291,1.0,r2egym-qwen3-rl-100-steps-attempt-7,44,2068,agent_max_step_limit,49,0.8519528094861981,True
slimshetty/swebench-verified:sweb.eval.x86_64.django__django-15467,1.0,r2egym-qwen3-rl-100-steps-attempt-7,100,2622,token_limit,62,0.8807970811069351,True
slimshetty/swebench-verified:sweb.eval.x86_64.django__django-11292,0.0,r2egym-qwen3-rl-100-steps-attempt-7,82,2389,token_limit,31,0.5312093733737563,False
slimshetty/swebench-verified:sweb.eval.x86_64.django__django-14771,1.0,r2egym-qwen3-rl-100-steps-attempt-7,100,2998,abs_step_limit,60,0.022977367233847506,True
slimshetty/swebench-verified:sweb.eval.x86_64.matplotlib__matplotlib-23314,0.0,r2egym-qwen3-rl-100-steps-attempt-7,57,0,token_limit,862,4.0063701690975316e-05,False
slimshetty/swebench-verified:sweb.eval.x86_64.sphinx-doc__sphinx-8721,0.0,r2egym-qwen3-rl-100-steps-attempt-7,45,2456,agent_max_step_limit,2,0.34864513533394575,False
slimshetty/swebench-verified:sweb.eval.x86_64.django__django-13128,0.0,r2egym-qwen3-rl-100-steps-attempt-7,49,3528,token_limit,83,0.651354857898194,False
slimshetty/swebench-verified:sweb.eval.x86_64.django__django-12143,1.0,r2egym-qwen3-rl-100-steps-attempt-7,100,3016,abs_step_limit,52,0.8175744828610095,True
slimshetty/swebench-verified:sweb.eval.x86_64.django__django-16950,0.0,r2egym-qwen3-rl-100-steps-attempt-7,100,1895,abs_step_limit,3,0.6791786861878392,False
slimshetty/swebench-verified:sweb.eval.x86_64.django__django-16938,0.0,r2egym-qwen3-rl-100-steps-attempt-7,100,0,abs_step_limit,65,8.481106116247119e-05,False
slimshetty/swebench-verified:sweb.eval.x86_64.django__django-13933,1.0,r2egym-qwen3-rl-100-steps-attempt-7,58,3986,token_limit,19,0.7549149923816048,True
slimshetty/swebench-verified:sweb.eval.x86_64.django__django-12663,0.0,r2egym-qwen3-rl-100-steps-attempt-7,92,0,token_limit,135,4.006369689654616e-05,False
slimshetty/swebench-verified:sweb.eval.x86_64.sympy__sympy-15345,0.0,r2egym-qwen3-rl-100-steps-attempt-7,74,0,token_limit,8,0.0002034269474169126,False
slimshetty/swebench-verified:sweb.eval.x86_64.django__django-13344,0.0,r2egym-qwen3-rl-100-steps-attempt-7,53,2541,agent_max_step_limit,356,0.3208213008246071,False
slimshetty/swebench-verified:sweb.eval.x86_64.scikit-learn__scikit-learn-25973,1.0,r2egym-qwen3-rl-100-steps-attempt-7,15,704,agent,72,0.7310585844894971,True
slimshetty/swebench-verified:sweb.eval.x86_64.sphinx-doc__sphinx-7454,0.0,r2egym-qwen3-rl-100-steps-attempt-7,12,3073,token_limit,27,0.2942149783515162,False
slimshetty/swebench-verified:sweb.eval.x86_64.django__django-12273,0.0,r2egym-qwen3-rl-100-steps-attempt-7,100,2379,abs_step_limit,27,0.06008665459220631,False
slimshetty/swebench-verified:sweb.eval.x86_64.django__django-12965,0.0,r2egym-qwen3-rl-100-steps-attempt-7,36,0,token_limit,52,8.481107129162562e-05,False
slimshetty/swebench-verified:sweb.eval.x86_64.scikit-learn__scikit-learn-14710,0.0,r2egym-qwen3-rl-100-steps-attempt-7,41,2682,max_step_limit,0,0.8354835350552603,False
slimshetty/swebench-verified:sweb.eval.x86_64.django__django-10973,1.0,r2egym-qwen3-rl-100-steps-attempt-7,100,3318,abs_step_limit,0,0.7772998611746911,True
slimshetty/swebench-verified:sweb.eval.x86_64.pytest-dev__pytest-7236,1.0,r2egym-qwen3-rl-100-steps-attempt-7,24,1299,agent,51,0.7772998714925403,True
slimshetty/swebench-verified:sweb.eval.x86_64.sympy__sympy-20801,0.0,r2egym-qwen3-rl-100-steps-attempt-7,48,971,agent_max_step_limit,96,0.8519528057272544,False
slimshetty/swebench-verified:sweb.eval.x86_64.sphinx-doc__sphinx-9711,0.0,r2egym-qwen3-rl-100-steps-attempt-7,100,428,abs_step_limit,0,0.00033535026743106535,False
slimshetty/swebench-verified:sweb.eval.x86_64.matplotlib__matplotlib-26113,0.0,r2egym-qwen3-rl-100-steps-attempt-7,24,0,token_limit,812,1.1478770860481005e-05,False
slimshetty/swebench-verified:sweb.eval.x86_64.psf__requests-1921,0.0,r2egym-qwen3-rl-100-steps-attempt-7,100,644,abs_step_limit,107,5.829127930740772e-05,False
slimshetty/swebench-verified:sweb.eval.x86_64.sympy__sympy-20916,0.0,r2egym-qwen3-rl-100-steps-attempt-7,51,542,agent_max_step_limit,1,0.0008040858102019559,False
slimshetty/swebench-verified:sweb.eval.x86_64.psf__requests-2317,0.0,r2egym-qwen3-rl-100-steps-attempt-7,100,761,abs_step_limit,133,0.8670357718273068,False
slimshetty/swebench-verified:sweb.eval.x86_64.django__django-13820,1.0,r2egym-qwen3-rl-100-steps-attempt-7,93,3203,token_limit,24,0.7549149813536518,True
slimshetty/swebench-verified:sweb.eval.x86_64.django__django-15277,1.0,r2egym-qwen3-rl-100-steps-attempt-7,40,1995,agent,158,0.7310585844894971,True
slimshetty/swebench-verified:sweb.eval.x86_64.matplotlib__matplotlib-21568,0.0,r2egym-qwen3-rl-100-steps-attempt-7,100,0,abs_step_limit,73,5.144221357303798e-05,False
slimshetty/swebench-verified:sweb.eval.x86_64.matplotlib__matplotlib-24177,0.0,r2egym-qwen3-rl-100-steps-attempt-7,89,2141,token_limit,0,0.00033535026476748506,False
slimshetty/swebench-verified:sweb.eval.x86_64.django__django-11880,1.0,r2egym-qwen3-rl-100-steps-attempt-7,64,428,token_limit,114,0.8519528000888387,True
slimshetty/swebench-verified:sweb.eval.x86_64.django__django-16502,0.0,r2egym-qwen3-rl-100-steps-attempt-7,44,576,agent_max_step_limit,4,0.5621765008857981,False
slimshetty/swebench-verified:sweb.eval.x86_64.scikit-learn__scikit-learn-11578,1.0,r2egym-qwen3-rl-100-steps-attempt-7,83,2326,token_limit,93,0.9241418184118163,True
slimshetty/swebench-verified:sweb.eval.x86_64.sympy__sympy-23950,0.0,r2egym-qwen3-rl-100-steps-attempt-7,100,0,abs_step_limit,4,3.5356259125502595e-05,False
slimshetty/swebench-verified:sweb.eval.x86_64.django__django-14351,0.0,r2egym-qwen3-rl-100-steps-attempt-7,44,0,token_limit,58,4.006368732517898e-05,False
slimshetty/swebench-verified:sweb.eval.x86_64.django__django-11740,1.0,r2egym-qwen3-rl-100-steps-attempt-7,100,2758,abs_step_limit,109,0.7057850216484838,True
slimshetty/swebench-verified:sweb.eval.x86_64.sympy__sympy-20428,0.0,r2egym-qwen3-rl-100-steps-attempt-7,33,1657,agent,154,0.8175744695262775,False
slimshetty/swebench-verified:sweb.eval.x86_64.django__django-14493,1.0,r2egym-qwen3-rl-100-steps-attempt-7,48,2533,agent_max_step_limit,36,0.7981867729389246,True
slimshetty/swebench-verified:sweb.eval.x86_64.django__django-12713,1.0,r2egym-qwen3-rl-100-steps-attempt-7,56,3536,token_limit,58,0.9149009486120849,True
slimshetty/swebench-verified:sweb.eval.x86_64.pytest-dev__pytest-7490,0.0,r2egym-qwen3-rl-100-steps-attempt-7,46,1480,agent_max_step_limit,78,0.7310585903489891,False
slimshetty/swebench-verified:sweb.eval.x86_64.django__django-12406,0.0,r2egym-qwen3-rl-100-steps-attempt-7,36,2961,agent,165,0.817574471748733,False
slimshetty/swebench-verified:sweb.eval.x86_64.matplotlib__matplotlib-22865,0.0,r2egym-qwen3-rl-100-steps-attempt-7,29,3442,agent,57,0.7772998508568417,False
slimshetty/swebench-verified:sweb.eval.x86_64.django__django-16819,0.0,r2egym-qwen3-rl-100-steps-attempt-7,100,0,abs_step_limit,38,7.48462449330816e-05,False
slimshetty/swebench-verified:sweb.eval.x86_64.django__django-13568,0.0,r2egym-qwen3-rl-100-steps-attempt-7,100,3675,abs_step_limit,12,0.7772998714925403,False
slimshetty/swebench-verified:sweb.eval.x86_64.pydata__xarray-3095,1.0,r2egym-qwen3-rl-100-steps-attempt-7,56,761,agent_max_step_limit,253,0.8354835350552604,True
slimshetty/swebench-verified:sweb.eval.x86_64.django__django-16877,1.0,r2egym-qwen3-rl-100-steps-attempt-7,85,2368,token_limit,0,0.5621765008857981,True
slimshetty/swebench-verified:sweb.eval.x86_64.scikit-learn__scikit-learn-13135,1.0,r2egym-qwen3-rl-100-steps-attempt-7,41,1336,max_step_limit,33,0.9046505299595163,True
slimshetty/swebench-verified:sweb.eval.x86_64.matplotlib__matplotlib-25960,0.0,r2egym-qwen3-rl-100-steps-attempt-7,78,2914,token_limit,121,0.03732688399755317,False
slimshetty/swebench-verified:sweb.eval.x86_64.django__django-11477,0.0,r2egym-qwen3-rl-100-steps-attempt-7,100,3923,abs_step_limit,151,0.0013250222765668674,False
slimshetty/swebench-verified:sweb.eval.x86_64.sympy__sympy-15017,1.0,r2egym-qwen3-rl-100-steps-attempt-7,43,987,agent_max_step_limit,14,0.7981867777396212,True
slimshetty/swebench-verified:sweb.eval.x86_64.django__django-14404,0.0,r2egym-qwen3-rl-100-steps-attempt-7,100,569,abs_step_limit,323,0.7310585727705127,False
slimshetty/swebench-verified:sweb.eval.x86_64.sympy__sympy-22914,0.0,r2egym-qwen3-rl-100-steps-attempt-7,89,1904,token_limit,17,0.679178699175393,False
slimshetty/swebench-verified:sweb.eval.x86_64.scikit-learn__scikit-learn-14894,1.0,r2egym-qwen3-rl-100-steps-attempt-7,100,3090,abs_step_limit,85,0.8670357598021707,True
slimshetty/swebench-verified:sweb.eval.x86_64.pydata__xarray-6938,0.0,r2egym-qwen3-rl-100-steps-attempt-7,50,3094,agent_max_step_limit,430,0.8670357546485407,False
slimshetty/swebench-verified:sweb.eval.x86_64.django__django-13837,1.0,r2egym-qwen3-rl-100-steps-attempt-7,45,1841,agent_max_step_limit,57,0.37754067580180184,True
slimshetty/swebench-verified:sweb.eval.x86_64.django__django-15127,0.0,r2egym-qwen3-rl-100-steps-attempt-7,68,1837,agent_max_step_limit,1,0.29421498454004374,False
slimshetty/swebench-verified:sweb.eval.x86_64.astropy__astropy-14182,0.0,r2egym-qwen3-rl-100-steps-attempt-7,34,820,agent,8,0.7772998611746911,False
slimshetty/swebench-verified:sweb.eval.x86_64.scikit-learn__scikit-learn-10844,1.0,r2egym-qwen3-rl-100-steps-attempt-7,34,2248,agent,16,0.5,True
slimshetty/swebench-verified:sweb.eval.x86_64.matplotlib__matplotlib-14623,1.0,r2egym-qwen3-rl-100-steps-attempt-7,93,5947,token_limit,400,0.8175744695262777,True
slimshetty/swebench-verified:sweb.eval.x86_64.sphinx-doc__sphinx-7440,0.0,r2egym-qwen3-rl-100-steps-attempt-7,100,906,abs_step_limit,12,0.00033535022664804375,False
slimshetty/swebench-verified:sweb.eval.x86_64.django__django-15957,0.0,r2egym-qwen3-rl-100-steps-attempt-7,78,2685,token_limit,89,0.7310585786300049,False
slimshetty/swebench-verified:sweb.eval.x86_64.django__django-14238,1.0,r2egym-qwen3-rl-100-steps-attempt-7,79,2401,token_limit,39,0.817574478416099,True
slimshetty/swebench-verified:sweb.eval.x86_64.sympy__sympy-13647,1.0,r2egym-qwen3-rl-100-steps-attempt-7,38,1660,agent,76,0.8670357460591568,True
slimshetty/swebench-verified:sweb.eval.x86_64.astropy__astropy-7671,0.0,r2egym-qwen3-rl-100-steps-attempt-7,25,1938,agent,0,0.6791787121629466,False
slimshetty/swebench-verified:sweb.eval.x86_64.pydata__xarray-2905,1.0,r2egym-qwen3-rl-100-steps-attempt-7,34,1782,agent,364,0.8807970889295664,True
slimshetty/swebench-verified:sweb.eval.x86_64.sphinx-doc__sphinx-10449,0.0,r2egym-qwen3-rl-100-steps-attempt-7,65,4357,agent_max_step_limit,30,0.8807970764133561,False
slimshetty/swebench-verified:sweb.eval.x86_64.scikit-learn__scikit-learn-26194,0.0,r2egym-qwen3-rl-100-steps-attempt-7,25,995,token_limit,186,0.2942149659744614,False
slimshetty/swebench-verified:sweb.eval.x86_64.sympy__sympy-21930,0.0,r2egym-qwen3-rl-100-steps-attempt-7,67,1493,token_limit,45,0.0059110678739174236,False
slimshetty/swebench-verified:sweb.eval.x86_64.django__django-16429,1.0,r2egym-qwen3-rl-100-steps-attempt-7,25,1672,agent,21,0.8354835309589073,True
slimshetty/swebench-verified:sweb.eval.x86_64.sphinx-doc__sphinx-8551,1.0,r2egym-qwen3-rl-100-steps-attempt-7,51,2766,token_limit,32,0.8175744739711883,True
slimshetty/swebench-verified:sweb.eval.x86_64.matplotlib__matplotlib-26208,0.0,r2egym-qwen3-rl-100-steps-attempt-7,53,0,token_limit,813,0.00023050665640459252,False
slimshetty/swebench-verified:sweb.eval.x86_64.pydata__xarray-6599,0.0,r2egym-qwen3-rl-100-steps-attempt-7,22,3303,agent,262,0.6224593312018545,False
slimshetty/swebench-verified:sweb.eval.x86_64.django__django-15732,1.0,r2egym-qwen3-rl-100-steps-attempt-7,32,3120,agent,125,0.8670357580842941,True
slimshetty/swebench-verified:sweb.eval.x86_64.scikit-learn__scikit-learn-12682,0.0,r2egym-qwen3-rl-100-steps-attempt-7,43,3675,agent_max_step_limit,66,0.8354835391516133,False
slimshetty/swebench-verified:sweb.eval.x86_64.django__django-16631,0.0,r2egym-qwen3-rl-100-steps-attempt-7,100,2184,abs_step_limit,12,0.320821300824607,False
slimshetty/swebench-verified:sweb.eval.x86_64.pytest-dev__pytest-7521,1.0,r2egym-qwen3-rl-100-steps-attempt-7,36,462,agent,125,0.8519528057272543,True
slimshetty/swebench-verified:sweb.eval.x86_64.scikit-learn__scikit-learn-12973,0.0,r2egym-qwen3-rl-100-steps-attempt-7,100,2434,abs_step_limit,32,0.7549149923816048,False
slimshetty/swebench-verified:sweb.eval.x86_64.sphinx-doc__sphinx-8593,0.0,r2egym-qwen3-rl-100-steps-attempt-7,100,906,abs_step_limit,1,5.8291286290217195e-05,False
slimshetty/swebench-verified:sweb.eval.x86_64.django__django-13158,0.0,r2egym-qwen3-rl-100-steps-attempt-7,100,3394,abs_step_limit,4,0.11920292984474949,False
slimshetty/swebench-verified:sweb.eval.x86_64.pytest-dev__pytest-7571,1.0,r2egym-qwen3-rl-100-steps-attempt-7,18,834,agent,14,0.8175744806385542,True
slimshetty/swebench-verified:sweb.eval.x86_64.sympy__sympy-24562,1.0,r2egym-qwen3-rl-100-steps-attempt-7,46,375,agent_max_step_limit,105,0.9149009474519222,True
slimshetty/swebench-verified:sweb.eval.x86_64.django__django-15731,1.0,r2egym-qwen3-rl-100-steps-attempt-7,73,1972,token_limit,58,0.8175744828610095,True
slimshetty/swebench-verified:sweb.eval.x86_64.psf__requests-1766,1.0,r2egym-qwen3-rl-100-steps-attempt-7,29,2179,agent,79,0.8519527944504227,True
slimshetty/swebench-verified:sweb.eval.x86_64.django__django-11790,0.0,r2egym-qwen3-rl-100-steps-attempt-7,44,2975,agent_max_step_limit,0,0.7549149868676283,False
slimshetty/swebench-verified:sweb.eval.x86_64.pytest-dev__pytest-8399,1.0,r2egym-qwen3-rl-100-steps-attempt-7,25,1016,agent,59,0.8354835371034369,True
slimshetty/swebench-verified:sweb.eval.x86_64.django__django-10880,0.0,r2egym-qwen3-rl-100-steps-attempt-7,82,5604,token_limit,54,0.9046505254608136,False
slimshetty/swebench-verified:sweb.eval.x86_64.sphinx-doc__sphinx-7889,0.0,r2egym-qwen3-rl-100-steps-attempt-7,16,1066,agent,5,0.7981867801399694,False
slimshetty/swebench-verified:sweb.eval.x86_64.django__django-16527,0.0,r2egym-qwen3-rl-100-steps-attempt-7,100,1948,abs_step_limit,6,0.00029595716630673294,False
slimshetty/swebench-verified:sweb.eval.x86_64.django__django-10999,0.0,r2egym-qwen3-rl-100-steps-attempt-7,100,497,abs_step_limit,10,0.8354835371034368,False
slimshetty/swebench-verified:sweb.eval.x86_64.sympy__sympy-12419,0.0,r2egym-qwen3-rl-100-steps-attempt-7,40,873,token_limit,25,0.00037998456672049533,False
slimshetty/swebench-verified:sweb.eval.x86_64.django__django-13794,0.0,r2egym-qwen3-rl-100-steps-attempt-7,100,1802,abs_step_limit,19,0.8670357598021707,False
slimshetty/swebench-verified:sweb.eval.x86_64.scikit-learn__scikit-learn-14087,0.0,r2egym-qwen3-rl-100-steps-attempt-7,55,1197,token_limit,0,0.00037998452088728,False
slimshetty/swebench-verified:sweb.eval.x86_64.sympy__sympy-23413,0.0,r2egym-qwen3-rl-100-steps-attempt-7,38,3367,token_limit,2,0.04742587805815601,False
slimshetty/swebench-verified:sweb.eval.x86_64.django__django-16595,1.0,r2egym-qwen3-rl-100-steps-attempt-7,100,2286,abs_step_limit,37,0.8933094003735664,True
slimshetty/swebench-verified:sweb.eval.x86_64.matplotlib__matplotlib-20676,0.0,r2egym-qwen3-rl-100-steps-attempt-7,41,0,token_limit,32,0.00033535018609918803,False
slimshetty/swebench-verified:sweb.eval.x86_64.django__django-11179,1.0,r2egym-qwen3-rl-100-steps-attempt-7,24,1745,agent,40,0.8519528019683106,True
slimshetty/swebench-verified:sweb.eval.x86_64.astropy__astropy-13398,0.0,r2egym-qwen3-rl-100-steps-attempt-7,59,4244,token_limit,68,0.0179862066392571,False
slimshetty/swebench-verified:sweb.eval.x86_64.django__django-13786,1.0,r2egym-qwen3-rl-100-steps-attempt-7,100,2754,abs_step_limit,33,0.6791787121629466,True
slimshetty/swebench-verified:sweb.eval.x86_64.matplotlib__matplotlib-24627,1.0,r2egym-qwen3-rl-100-steps-attempt-7,54,1385,agent_max_step_limit,776,0.8670357649558007,True
slimshetty/swebench-verified:sweb.eval.x86_64.sympy__sympy-13798,0.0,r2egym-qwen3-rl-100-steps-attempt-7,18,1487,token_limit,102,0.5926665999540698,False
slimshetty/swebench-verified:sweb.eval.x86_64.django__django-16139,1.0,r2egym-qwen3-rl-100-steps-attempt-7,29,3244,agent,86,0.8354835391516133,True
slimshetty/swebench-verified:sweb.eval.x86_64.django__django-14915,0.0,r2egym-qwen3-rl-100-steps-attempt-7,36,0,token_limit,23,0.00010889689590403128,False
slimshetty/swebench-verified:sweb.eval.x86_64.django__django-15563,0.0,r2egym-qwen3-rl-100-steps-attempt-7,62,4146,token_limit,29,0.3208213073183839,False
slimshetty/swebench-verified:sweb.eval.x86_64.sphinx-doc__sphinx-8475,1.0,r2egym-qwen3-rl-100-steps-attempt-7,81,3113,token_limit,17,0.8670357615200474,True
slimshetty/swebench-verified:sweb.eval.x86_64.django__django-13279,0.0,r2egym-qwen3-rl-100-steps-attempt-7,53,3447,token_limit,322,0.14804719239327382,False
slimshetty/swebench-verified:sweb.eval.x86_64.matplotlib__matplotlib-20859,1.0,r2egym-qwen3-rl-100-steps-attempt-7,18,769,agent,88,0.8175744806385542,True
slimshetty/swebench-verified:sweb.eval.x86_64.django__django-14170,0.0,r2egym-qwen3-rl-100-steps-attempt-7,91,5501,token_limit,6,0.7310585786300049,False
slimshetty/swebench-verified:sweb.eval.x86_64.django__django-14608,0.0,r2egym-qwen3-rl-100-steps-attempt-7,100,3185,abs_step_limit,392,0.5312093733737563,False
slimshetty/swebench-verified:sweb.eval.x86_64.sphinx-doc__sphinx-9591,0.0,r2egym-qwen3-rl-100-steps-attempt-7,64,5502,token_limit,44,0.09534947389651462,False
slimshetty/swebench-verified:sweb.eval.x86_64.sphinx-doc__sphinx-9461,0.0,r2egym-qwen3-rl-100-steps-attempt-7,44,1990,token_limit,59,0.14804719803168948,False
slimshetty/swebench-verified:sweb.eval.x86_64.sphinx-doc__sphinx-9367,1.0,r2egym-qwen3-rl-100-steps-attempt-7,12,615,agent,25,0.8670357580842941,True
slimshetty/swebench-verified:sweb.eval.x86_64.pylint-dev__pylint-4661,0.0,r2egym-qwen3-rl-100-steps-attempt-7,49,4129,agent_max_step_limit,0,0.5621765008857981,False
slimshetty/swebench-verified:sweb.eval.x86_64.django__django-11087,0.0,r2egym-qwen3-rl-100-steps-attempt-7,46,0,token_limit,41,2.1444943290362748e-05,False
slimshetty/swebench-verified:sweb.eval.x86_64.pydata__xarray-7393,0.0,r2egym-qwen3-rl-100-steps-attempt-7,78,1985,token_limit,70,0.014063623801939483,False
slimshetty/swebench-verified:sweb.eval.x86_64.django__django-13516,0.0,r2egym-qwen3-rl-100-steps-attempt-7,100,3911,abs_step_limit,43,0.7549149758396752,False
slimshetty/swebench-verified:sweb.eval.x86_64.sympy__sympy-13615,0.0,r2egym-qwen3-rl-100-steps-attempt-7,43,1740,agent_max_step_limit,66,0.7981867849406659,False
slimshetty/swebench-verified:sweb.eval.x86_64.pylint-dev__pylint-6386,0.0,r2egym-qwen3-rl-100-steps-attempt-7,100,512,abs_step_limit,7,0.7549149978955811,False
slimshetty/swebench-verified:sweb.eval.x86_64.sphinx-doc__sphinx-10673,1.0,r2egym-qwen3-rl-100-steps-attempt-7,100,4595,abs_step_limit,9,0.7981867801399694,True
slimshetty/swebench-verified:sweb.eval.x86_64.django__django-16801,1.0,r2egym-qwen3-rl-100-steps-attempt-7,100,2867,abs_step_limit,17,0.8519528019683106,True
slimshetty/swebench-verified:sweb.eval.x86_64.matplotlib__matplotlib-22719,1.0,r2egym-qwen3-rl-100-steps-attempt-7,40,638,agent,68,0.817574478416099,True
slimshetty/swebench-verified:sweb.eval.x86_64.sympy__sympy-19637,1.0,r2egym-qwen3-rl-100-steps-attempt-7,63,409,token_limit,40,0.00460957283958516,True
slimshetty/swebench-verified:sweb.eval.x86_64.sphinx-doc__sphinx-9230,0.0,r2egym-qwen3-rl-100-steps-attempt-7,47,2902,token_limit,44,0.02931222794246844,False
slimshetty/swebench-verified:sweb.eval.x86_64.sympy__sympy-24213,1.0,r2egym-qwen3-rl-100-steps-attempt-7,100,1480,abs_step_limit,31,0.4378234991142019,True
slimshetty/swebench-verified:sweb.eval.x86_64.mwaskom__seaborn-3187,0.0,r2egym-qwen3-rl-100-steps-attempt-7,100,1352,abs_step_limit,248,0.6224593312018546,False
slimshetty/swebench-verified:sweb.eval.x86_64.django__django-11095,0.0,r2egym-qwen3-rl-100-steps-attempt-7,100,608,abs_step_limit,4,0.0011695100990121196,False
slimshetty/swebench-verified:sweb.eval.x86_64.sphinx-doc__sphinx-9258,0.0,r2egym-qwen3-rl-100-steps-attempt-7,42,1509,agent_max_step_limit,45,0.7772998663336157,False
slimshetty/swebench-verified:sweb.eval.x86_64.sphinx-doc__sphinx-8621,0.0,r2egym-qwen3-rl-100-steps-attempt-7,77,3618,token_limit,29,0.320821300824607,False
slimshetty/swebench-verified:sweb.eval.x86_64.django__django-11820,0.0,r2egym-qwen3-rl-100-steps-attempt-7,82,3152,token_limit,61,0.880797085800514,False
slimshetty/swebench-verified:sweb.eval.x86_64.sphinx-doc__sphinx-10323,0.0,r2egym-qwen3-rl-100-steps-attempt-7,78,1987,token_limit,34,0.5312093733737563,False
slimshetty/swebench-verified:sweb.eval.x86_64.pytest-dev__pytest-5840,0.0,r2egym-qwen3-rl-100-steps-attempt-7,75,3478,token_limit,50,0.6513548714339145,False
slimshetty/swebench-verified:sweb.eval.x86_64.django__django-16485,1.0,r2egym-qwen3-rl-100-steps-attempt-7,28,3729,agent,9,0.8519528057272544,True
slimshetty/swebench-verified:sweb.eval.x86_64.django__django-11964,0.0,r2egym-qwen3-rl-100-steps-attempt-7,100,0,abs_step_limit,15,0.00010889689573290682,False
slimshetty/swebench-verified:sweb.eval.x86_64.sphinx-doc__sphinx-10466,1.0,r2egym-qwen3-rl-100-steps-attempt-7,100,679,abs_step_limit,6,0.8670357494949105,True
slimshetty/swebench-verified:sweb.eval.x86_64.django__django-14122,1.0,r2egym-qwen3-rl-100-steps-attempt-7,56,718,token_limit,26,0.4378234991142019,True
slimshetty/swebench-verified:sweb.eval.x86_64.django__django-11999,1.0,r2egym-qwen3-rl-100-steps-attempt-7,97,2160,token_limit,30,0.6791787121629465,True
slimshetty/swebench-verified:sweb.eval.x86_64.django__django-13112,0.0,r2egym-qwen3-rl-100-steps-attempt-7,42,0,token_limit,63,4.539787399116584e-05,False
slimshetty/swebench-verified:sweb.eval.x86_64.sympy__sympy-15875,0.0,r2egym-qwen3-rl-100-steps-attempt-7,43,3363,token_limit,37,0.07585817688736327,False
slimshetty/swebench-verified:sweb.eval.x86_64.django__django-12774,0.0,r2egym-qwen3-rl-100-steps-attempt-7,100,2614,abs_step_limit,39,0.7549149868676284,False
slimshetty/swebench-verified:sweb.eval.x86_64.scikit-learn__scikit-learn-14629,0.0,r2egym-qwen3-rl-100-steps-attempt-7,47,2230,agent_max_step_limit,26,0.7310585903489891,False
slimshetty/swebench-verified:sweb.eval.x86_64.sympy__sympy-22080,0.0,r2egym-qwen3-rl-100-steps-attempt-7,72,0,token_limit,91,4.00636825785559e-05,False
slimshetty/swebench-verified:sweb.eval.x86_64.django__django-16899,1.0,r2egym-qwen3-rl-100-steps-attempt-7,84,2864,token_limit,54,0.7981867825403176,True
slimshetty/swebench-verified:sweb.eval.x86_64.sympy__sympy-22714,1.0,r2egym-qwen3-rl-100-steps-attempt-7,40,1904,agent,11,0.867035763237924,True
slimshetty/swebench-verified:sweb.eval.x86_64.django__django-13925,0.0,r2egym-qwen3-rl-100-steps-attempt-7,100,423,abs_step_limit,24,0.10669059678604235,False
slimshetty/swebench-verified:sweb.eval.x86_64.django__django-11400,0.0,r2egym-qwen3-rl-100-steps-attempt-7,65,6092,token_limit,58,0.7981867729389246,False
slimshetty/swebench-verified:sweb.eval.x86_64.scikit-learn__scikit-learn-11310,1.0,r2egym-qwen3-rl-100-steps-attempt-7,40,3101,agent,50,0.8354835411997897,True
slimshetty/swebench-verified:sweb.eval.x86_64.django__django-15161,0.0,r2egym-qwen3-rl-100-steps-attempt-7,44,953,agent_max_step_limit,208,0.4687906266262437,False
slimshetty/swebench-verified:sweb.eval.x86_64.sphinx-doc__sphinx-7462,0.0,r2egym-qwen3-rl-100-steps-attempt-7,70,1871,token_limit,49,0.0066928506611467365,False
slimshetty/swebench-verified:sweb.eval.x86_64.django__django-15695,0.0,r2egym-qwen3-rl-100-steps-attempt-7,100,5434,abs_step_limit,123,0.6513548714339144,False
slimshetty/swebench-verified:sweb.eval.x86_64.scikit-learn__scikit-learn-25232,0.0,r2egym-qwen3-rl-100-steps-attempt-7,92,2253,token_limit,0,0.00023050665788685725,False
slimshetty/swebench-verified:sweb.eval.x86_64.matplotlib__matplotlib-22871,0.0,r2egym-qwen3-rl-100-steps-attempt-7,34,1711,token_limit,87,0.679178699175393,False
slimshetty/swebench-verified:sweb.eval.x86_64.django__django-14315,0.0,r2egym-qwen3-rl-100-steps-attempt-7,77,522,token_limit,0,0.8670357529306639,False
slimshetty/swebench-verified:sweb.eval.x86_64.sympy__sympy-13480,1.0,r2egym-qwen3-rl-100-steps-attempt-7,28,1107,agent,43,0.8354835391516133,True
slimshetty/swebench-verified:sweb.eval.x86_64.django__django-13551,0.0,r2egym-qwen3-rl-100-steps-attempt-7,100,5174,abs_step_limit,56,0.8807970873650401,False
slimshetty/swebench-verified:sweb.eval.x86_64.django__django-16493,1.0,r2egym-qwen3-rl-100-steps-attempt-7,83,1636,token_limit,91,0.880797076413356,True
slimshetty/swebench-verified:sweb.eval.x86_64.sympy__sympy-16792,0.0,r2egym-qwen3-rl-100-steps-attempt-7,90,0,token_limit,54,2.7535694365549603e-05,False
slimshetty/swebench-verified:sweb.eval.x86_64.scikit-learn__scikit-learn-12585,1.0,r2egym-qwen3-rl-100-steps-attempt-7,100,1867,abs_step_limit,22,0.8519528076067262,True
slimshetty/swebench-verified:sweb.eval.x86_64.django__django-15629,0.0,r2egym-qwen3-rl-100-steps-attempt-7,85,0,token_limit,115,4.539786854620345e-05,False
slimshetty/swebench-verified:sweb.eval.x86_64.django__django-11728,0.0,r2egym-qwen3-rl-100-steps-attempt-7,94,1466,token_limit,43,0.0001584362340378212,False
slimshetty/swebench-verified:sweb.eval.x86_64.django__django-17087,1.0,r2egym-qwen3-rl-100-steps-attempt-7,91,2314,token_limit,53,0.7772998508568416,True
slimshetty/swebench-verified:sweb.eval.x86_64.sympy__sympy-17318,0.0,r2egym-qwen3-rl-100-steps-attempt-7,15,1040,agent,10,0.7549149868676283,False
slimshetty/swebench-verified:sweb.eval.x86_64.sphinx-doc__sphinx-11445,1.0,r2egym-qwen3-rl-100-steps-attempt-7,100,409,abs_step_limit,8,0.9046505344582187,True
slimshetty/swebench-verified:sweb.eval.x86_64.django__django-15930,0.0,r2egym-qwen3-rl-100-steps-attempt-7,89,2880,token_limit,88,0.7549149813536518,False
slimshetty/swebench-verified:sweb.eval.x86_64.django__django-11555,0.0,r2egym-qwen3-rl-100-steps-attempt-7,47,2925,agent_max_step_limit,26,0.7310585844894971,False
slimshetty/swebench-verified:sweb.eval.x86_64.django__django-12155,1.0,r2egym-qwen3-rl-100-steps-attempt-7,48,1933,token_limit,6,0.6224593312018546,True
slimshetty/swebench-verified:sweb.eval.x86_64.django__django-14534,0.0,r2egym-qwen3-rl-100-steps-attempt-7,67,1436,token_limit,118,0.817574478416099,False
slimshetty/swebench-verified:sweb.eval.x86_64.django__django-15572,0.0,r2egym-qwen3-rl-100-steps-attempt-7,72,2143,token_limit,10,0.0420877295677101,False
slimshetty/swebench-verified:sweb.eval.x86_64.sphinx-doc__sphinx-11510,0.0,r2egym-qwen3-rl-100-steps-attempt-7,37,0,token_limit,7,5.144223196776698e-05,False
slimshetty/swebench-verified:sweb.eval.x86_64.django__django-12050,0.0,r2egym-qwen3-rl-100-steps-attempt-7,60,4160,agent_max_step_limit,0,0.7981867753392728,False
slimshetty/swebench-verified:sweb.eval.x86_64.django__django-10914,1.0,r2egym-qwen3-rl-100-steps-attempt-7,80,2472,token_limit,98,0.8354835391516132,True
slimshetty/swebench-verified:sweb.eval.x86_64.pydata__xarray-4966,1.0,r2egym-qwen3-rl-100-steps-attempt-7,13,2387,agent,21,0.731058584489497,True
slimshetty/swebench-verified:sweb.eval.x86_64.pytest-dev__pytest-5787,0.0,r2egym-qwen3-rl-100-steps-attempt-7,35,0,token_limit,123,6.605216031765658e-05,False
slimshetty/swebench-verified:sweb.eval.x86_64.django__django-17029,1.0,r2egym-qwen3-rl-100-steps-attempt-7,42,2499,agent_max_step_limit,43,0.8519528057272543,True
slimshetty/swebench-verified:sweb.eval.x86_64.django__django-16661,1.0,r2egym-qwen3-rl-100-steps-attempt-7,79,4917,token_limit,36,0.8175744806385543,True
slimshetty/swebench-verified:sweb.eval.x86_64.django__django-14725,0.0,r2egym-qwen3-rl-100-steps-attempt-7,55,4749,agent_max_step_limit,64,0.5,False
slimshetty/swebench-verified:sweb.eval.x86_64.django__django-15280,0.0,r2egym-qwen3-rl-100-steps-attempt-7,54,0,token_limit,85,0.00013982202280394198,False
slimshetty/swebench-verified:sweb.eval.x86_64.sympy__sympy-21847,0.0,r2egym-qwen3-rl-100-steps-attempt-7,100,0,abs_step_limit,9,1.670142980380249e-05,False
slimshetty/swebench-verified:sweb.eval.x86_64.matplotlib__matplotlib-20488,0.0,r2egym-qwen3-rl-100-steps-attempt-7,100,1201,abs_step_limit,110,0.679178686187839,False
slimshetty/swebench-verified:sweb.eval.x86_64.sympy__sympy-18189,1.0,r2egym-qwen3-rl-100-steps-attempt-7,19,659,agent,41,0.8807970685907242,True
slimshetty/swebench-verified:sweb.eval.x86_64.sphinx-doc__sphinx-10435,0.0,r2egym-qwen3-rl-100-steps-attempt-7,45,3586,agent_max_step_limit,0,0.2689414096510109,False
slimshetty/swebench-verified:sweb.eval.x86_64.astropy__astropy-14508,0.0,r2egym-qwen3-rl-100-steps-attempt-7,62,574,token_limit,171,0.00029595706101220225,False
slimshetty/swebench-verified:sweb.eval.x86_64.django__django-15554,0.0,r2egym-qwen3-rl-100-steps-attempt-7,100,0,abs_step_limit,41,4.539788480710582e-05,False
slimshetty/swebench-verified:sweb.eval.x86_64.django__django-14376,0.0,r2egym-qwen3-rl-100-steps-attempt-7,29,791,token_limit,6,0.8670357494949105,False
slimshetty/swebench-verified:sweb.eval.x86_64.django__django-16569,1.0,r2egym-qwen3-rl-100-steps-attempt-7,32,4284,agent,111,0.8519528038477825,True
slimshetty/swebench-verified:sweb.eval.x86_64.matplotlib__matplotlib-24149,1.0,r2egym-qwen3-rl-100-steps-attempt-7,58,731,token_limit,767,0.012431652488240054,True
slimshetty/swebench-verified:sweb.eval.x86_64.django__django-16082,1.0,r2egym-qwen3-rl-100-steps-attempt-7,100,897,abs_step_limit,170,0.817574478416099,True
slimshetty/swebench-verified:sweb.eval.x86_64.sympy__sympy-14531,0.0,r2egym-qwen3-rl-100-steps-attempt-7,100,0,abs_step_limit,84,3.120190763025685e-05,False
slimshetty/swebench-verified:sweb.eval.x86_64.django__django-13012,0.0,r2egym-qwen3-rl-100-steps-attempt-7,53,0,token_limit,137,0.00010889696062395887,False
slimshetty/swebench-verified:sweb.eval.x86_64.matplotlib__matplotlib-23299,0.0,r2egym-qwen3-rl-100-steps-attempt-7,61,1362,token_limit,0,0.08509903572571949,False
slimshetty/swebench-verified:sweb.eval.x86_64.matplotlib__matplotlib-25287,1.0,r2egym-qwen3-rl-100-steps-attempt-7,42,1561,agent_max_step_limit,786,0.7981867681382279,True
slimshetty/swebench-verified:sweb.eval.x86_64.django__django-14311,0.0,r2egym-qwen3-rl-100-steps-attempt-7,100,0,abs_step_limit,59,2.1444950959977102e-05,False
slimshetty/swebench-verified:sweb.eval.x86_64.sphinx-doc__sphinx-8638,0.0,r2egym-qwen3-rl-100-steps-attempt-7,100,2562,abs_step_limit,34,0.5926665999540698,False
slimshetty/swebench-verified:sweb.eval.x86_64.django__django-14787,0.0,r2egym-qwen3-rl-100-steps-attempt-7,100,1113,abs_step_limit,17,0.7981867825403177,False
slimshetty/swebench-verified:sweb.eval.x86_64.django__django-15851,1.0,r2egym-qwen3-rl-100-steps-attempt-7,100,1143,abs_step_limit,8,0.6513548782017745,True
slimshetty/swebench-verified:sweb.eval.x86_64.sphinx-doc__sphinx-7590,0.0,r2egym-qwen3-rl-100-steps-attempt-7,56,906,token_limit,24,0.00013982205661760424,False
slimshetty/swebench-verified:sweb.eval.x86_64.astropy__astropy-14309,1.0,r2egym-qwen3-rl-100-steps-attempt-7,56,558,token_limit,141,0.8807970748488297,True
slimshetty/swebench-verified:sweb.eval.x86_64.sympy__sympy-24661,0.0,r2egym-qwen3-rl-100-steps-attempt-7,57,568,token_limit,27,0.003172682387418367,False
slimshetty/swebench-verified:sweb.eval.x86_64.scikit-learn__scikit-learn-13328,1.0,r2egym-qwen3-rl-100-steps-attempt-7,23,637,agent,9,0.8670357546485407,True
slimshetty/swebench-verified:sweb.eval.x86_64.django__django-11119,1.0,r2egym-qwen3-rl-100-steps-attempt-7,42,3593,agent_max_step_limit,7,0.9046505261034854,True
slimshetty/swebench-verified:sweb.eval.x86_64.scikit-learn__scikit-learn-26323,1.0,r2egym-qwen3-rl-100-steps-attempt-7,81,585,token_limit,188,0.8933094060543488,True
slimshetty/swebench-verified:sweb.eval.x86_64.django__django-12209,1.0,r2egym-qwen3-rl-100-steps-attempt-7,100,5270,abs_step_limit,0,0.8670357477770336,True
slimshetty/swebench-verified:sweb.eval.x86_64.astropy__astropy-7606,0.0,r2egym-qwen3-rl-100-steps-attempt-7,18,1651,agent,0,0.46879062662624377,False
slimshetty/swebench-verified:sweb.eval.x86_64.sphinx-doc__sphinx-7748,0.0,r2egym-qwen3-rl-100-steps-attempt-7,94,6838,token_limit,9,0.26894141551050293,False
slimshetty/swebench-verified:sweb.eval.x86_64.django__django-7530,1.0,r2egym-qwen3-rl-100-steps-attempt-7,100,0,abs_step_limit,59,0.00026119030753664704,True
slimshetty/swebench-verified:sweb.eval.x86_64.django__django-15741,1.0,r2egym-qwen3-rl-100-steps-attempt-7,100,1544,abs_step_limit,104,0.32082129433083023,True
slimshetty/swebench-verified:sweb.eval.x86_64.django__django-14580,1.0,r2egym-qwen3-rl-100-steps-attempt-7,100,3989,abs_step_limit,49,0.6224593312018546,True
slimshetty/swebench-verified:sweb.eval.x86_64.django__django-11163,1.0,r2egym-qwen3-rl-100-steps-attempt-7,69,2055,token_limit,141,0.7057850154599562,True
slimshetty/swebench-verified:sweb.eval.x86_64.django__django-15268,0.0,r2egym-qwen3-rl-100-steps-attempt-7,5,0,token_limit,130,6.605216778701623e-05,False
slimshetty/swebench-verified:sweb.eval.x86_64.astropy__astropy-14096,0.0,r2egym-qwen3-rl-100-steps-attempt-7,48,1331,token_limit,426,0.020332351339154453,False
slimshetty/swebench-verified:sweb.eval.x86_64.django__django-14999,1.0,r2egym-qwen3-rl-100-steps-attempt-7,100,3535,abs_step_limit,113,0.6224593312018545,True
slimshetty/swebench-verified:sweb.eval.x86_64.matplotlib__matplotlib-24570,0.0,r2egym-qwen3-rl-100-steps-attempt-7,55,2001,agent_max_step_limit,267,0.4687906266262437,False
slimshetty/swebench-verified:sweb.eval.x86_64.pytest-dev__pytest-5631,1.0,r2egym-qwen3-rl-100-steps-attempt-7,100,3179,abs_step_limit,15,0.851952809486198,True
slimshetty/swebench-verified:sweb.eval.x86_64.django__django-13406,0.0,r2egym-qwen3-rl-100-steps-attempt-7,100,5330,abs_step_limit,30,0.5926665999540698,False
slimshetty/swebench-verified:sweb.eval.x86_64.django__django-12754,0.0,r2egym-qwen3-rl-100-steps-attempt-7,80,4783,token_limit,72,0.5621765008857982,False
slimshetty/swebench-verified:sweb.eval.x86_64.django__django-13569,1.0,r2egym-qwen3-rl-100-steps-attempt-7,38,4356,agent,66,0.8354835309589074,True
slimshetty/swebench-verified:sweb.eval.x86_64.pytest-dev__pytest-5809,1.0,r2egym-qwen3-rl-100-steps-attempt-7,100,2726,abs_step_limit,3,0.7310585727705127,True
slimshetty/swebench-verified:sweb.eval.x86_64.sphinx-doc__sphinx-8120,1.0,r2egym-qwen3-rl-100-steps-attempt-7,100,3564,abs_step_limit,44,0.22270013882530887,True
slimshetty/swebench-verified:sweb.eval.x86_64.sympy__sympy-17139,0.0,r2egym-qwen3-rl-100-steps-attempt-7,86,2523,token_limit,0,0.13296424878721277,False
slimshetty/swebench-verified:sweb.eval.x86_64.sympy__sympy-12096,1.0,r2egym-qwen3-rl-100-steps-attempt-7,18,2245,agent,43,0.8933094081846422,True
slimshetty/swebench-verified:sweb.eval.x86_64.django__django-13033,0.0,r2egym-qwen3-rl-100-steps-attempt-7,64,0,token_limit,26,6.605212085976786e-05,False
slimshetty/swebench-verified:sweb.eval.x86_64.django__django-16454,0.0,r2egym-qwen3-rl-100-steps-attempt-7,33,1770,agent,44,0.7772998663336158,False
slimshetty/swebench-verified:sweb.eval.x86_64.sympy__sympy-14248,0.0,r2egym-qwen3-rl-100-steps-attempt-7,53,4521,token_limit,433,0.014063625390308462,False
slimshetty/swebench-verified:sweb.eval.x86_64.sympy__sympy-20590,0.0,r2egym-qwen3-rl-100-steps-attempt-7,24,0,token_limit,21,0.00017952792065897762,False
slimshetty/swebench-verified:sweb.eval.x86_64.django__django-13028,0.0,r2egym-qwen3-rl-100-steps-attempt-7,100,1088,abs_step_limit,0,0.0003353502250674579,False
slimshetty/swebench-verified:sweb.eval.x86_64.sympy__sympy-18211,0.0,r2egym-qwen3-rl-100-steps-attempt-7,41,1208,max_step_limit,54,0.8354835452961427,False
slimshetty/swebench-verified:sweb.eval.x86_64.sympy__sympy-23824,1.0,r2egym-qwen3-rl-100-steps-attempt-7,31,2109,agent,2,0.9149009555730612,True
slimshetty/swebench-verified:sweb.eval.x86_64.pytest-dev__pytest-6197,0.0,r2egym-qwen3-rl-100-steps-attempt-7,36,1406,token_limit,2,0.16451645880021026,False
slimshetty/swebench-verified:sweb.eval.x86_64.django__django-16100,1.0,r2egym-qwen3-rl-100-steps-attempt-7,75,7922,token_limit,59,0.8354835452961425,True
slimshetty/swebench-verified:sweb.eval.x86_64.pylint-dev__pylint-4970,0.0,r2egym-qwen3-rl-100-steps-attempt-7,100,2565,abs_step_limit,17,0.7772998714925403,False
slimshetty/swebench-verified:sweb.eval.x86_64.matplotlib__matplotlib-20826,1.0,r2egym-qwen3-rl-100-steps-attempt-7,53,4384,token_limit,673,0.010986941375717586,True
slimshetty/swebench-verified:sweb.eval.x86_64.django__django-11433,0.0,r2egym-qwen3-rl-100-steps-attempt-7,100,2125,abs_step_limit,138,0.4687906266262437,False
slimshetty/swebench-verified:sweb.eval.x86_64.sphinx-doc__sphinx-8269,1.0,r2egym-qwen3-rl-100-steps-attempt-7,75,2059,token_limit,5,0.8175744806385543,True
slimshetty/swebench-verified:sweb.eval.x86_64.pytest-dev__pytest-10081,1.0,r2egym-qwen3-rl-100-steps-attempt-7,63,4682,agent_max_step_limit,63,0.24508500761839525,True
slimshetty/swebench-verified:sweb.eval.x86_64.sphinx-doc__sphinx-9320,1.0,r2egym-qwen3-rl-100-steps-attempt-7,34,2984,agent,9,0.8519527944504227,True
slimshetty/swebench-verified:sweb.eval.x86_64.sympy__sympy-12489,0.0,r2egym-qwen3-rl-100-steps-attempt-7,91,0,token_limit,8,1.892514597494899e-05,False
slimshetty/swebench-verified:sweb.eval.x86_64.django__django-13023,0.0,r2egym-qwen3-rl-100-steps-attempt-7,100,708,abs_step_limit,9,0.7772998611746912,False
slimshetty/swebench-verified:sweb.eval.x86_64.django__django-16032,1.0,r2egym-qwen3-rl-100-steps-attempt-7,85,3507,token_limit,77,0.7981867849406659,True
slimshetty/swebench-verified:sweb.eval.x86_64.scikit-learn__scikit-learn-13142,1.0,r2egym-qwen3-rl-100-steps-attempt-7,17,1817,agent,54,0.8670357666736772,True
slimshetty/swebench-verified:sweb.eval.x86_64.pytest-dev__pytest-10356,0.0,r2egym-qwen3-rl-100-steps-attempt-7,25,2647,agent,79,0.6224593312018546,False
slimshetty/swebench-verified:sweb.eval.x86_64.scikit-learn__scikit-learn-13779,1.0,r2egym-qwen3-rl-100-steps-attempt-7,22,2790,agent,18,0.8519527982093666,True
slimshetty/swebench-verified:sweb.eval.x86_64.pydata__xarray-4687,0.0,r2egym-qwen3-rl-100-steps-attempt-7,37,2812,agent,1717,0.4687906266262437,False
slimshetty/swebench-verified:sweb.eval.x86_64.sphinx-doc__sphinx-8265,0.0,r2egym-qwen3-rl-100-steps-attempt-7,51,1407,agent_max_step_limit,21,0.7549149868676283,False
slimshetty/swebench-verified:sweb.eval.x86_64.django__django-12276,1.0,r2egym-qwen3-rl-100-steps-attempt-7,12,461,agent,117,0.8354835411997897,True
slimshetty/swebench-verified:sweb.eval.x86_64.sympy__sympy-15599,0.0,r2egym-qwen3-rl-100-steps-attempt-7,60,2669,token_limit,80,0.07585818576669105,False
slimshetty/swebench-verified:sweb.eval.x86_64.django__django-13807,0.0,r2egym-qwen3-rl-100-steps-attempt-7,76,2274,token_limit,38,0.8807970826714614,False
slimshetty/swebench-verified:sweb.eval.x86_64.django__django-15814,1.0,r2egym-qwen3-rl-100-steps-attempt-7,23,705,agent,29,0.8354835432479661,True
slimshetty/swebench-verified:sweb.eval.x86_64.astropy__astropy-14539,1.0,r2egym-qwen3-rl-100-steps-attempt-7,23,1679,agent,46,0.8807970795424087,True
slimshetty/swebench-verified:sweb.eval.x86_64.sphinx-doc__sphinx-10614,0.0,r2egym-qwen3-rl-100-steps-attempt-7,48,1952,token_limit,5,0.5,False
slimshetty/swebench-verified:sweb.eval.x86_64.sympy__sympy-13878,0.0,r2egym-qwen3-rl-100-steps-attempt-7,71,4570,token_limit,19,0.18242551713899047,False
slimshetty/swebench-verified:sweb.eval.x86_64.pylint-dev__pylint-7277,1.0,r2egym-qwen3-rl-100-steps-attempt-7,100,1552,abs_step_limit,122,0.817574471748733,True
slimshetty/swebench-verified:sweb.eval.x86_64.pytest-dev__pytest-7982,1.0,r2egym-qwen3-rl-100-steps-attempt-7,100,2020,abs_step_limit,78,0.8807970889295663,True
slimshetty/swebench-verified:sweb.eval.x86_64.scikit-learn__scikit-learn-25747,0.0,r2egym-qwen3-rl-100-steps-attempt-7,39,3743,agent,14,0.7057850340255386,False
slimshetty/swebench-verified:sweb.eval.x86_64.matplotlib__matplotlib-25332,0.0,r2egym-qwen3-rl-100-steps-attempt-7,59,1357,agent_max_step_limit,181,0.8670357615200474,False
slimshetty/swebench-verified:sweb.eval.x86_64.django__django-13658,1.0,r2egym-qwen3-rl-100-steps-attempt-7,63,1962,token_limit,181,0.8807970701552504,True
slimshetty/swebench-verified:sweb.eval.x86_64.pydata__xarray-4356,0.0,r2egym-qwen3-rl-100-steps-attempt-7,67,7596,token_limit,598,0.0021827163789158665,False
slimshetty/swebench-verified:sweb.eval.x86_64.django__django-12858,1.0,r2egym-qwen3-rl-100-steps-attempt-7,38,1256,token_limit,73,0.5312093733737563,True
slimshetty/swebench-verified:sweb.eval.x86_64.pydata__xarray-6461,0.0,r2egym-qwen3-rl-100-steps-attempt-7,96,1001,token_limit,247,0.033085978269527264,False
slimshetty/swebench-verified:sweb.eval.x86_64.sphinx-doc__sphinx-9658,0.0,r2egym-qwen3-rl-100-steps-attempt-7,53,2553,token_limit,23,0.0474258736824553,False
slimshetty/swebench-verified:sweb.eval.x86_64.astropy__astropy-13453,0.0,r2egym-qwen3-rl-100-steps-attempt-7,51,454,token_limit,2,0.004609571918708422,False
slimshetty/swebench-verified:sweb.eval.x86_64.sympy__sympy-13852,0.0,r2egym-qwen3-rl-100-steps-attempt-7,100,1737,abs_step_limit,4,0.7772998714925403,False
slimshetty/swebench-verified:sweb.eval.x86_64.scikit-learn__scikit-learn-9288,1.0,r2egym-qwen3-rl-100-steps-attempt-7,70,1154,token_limit,123,0.9149009474519223,True
slimshetty/swebench-verified:sweb.eval.x86_64.pydata__xarray-3305,1.0,r2egym-qwen3-rl-100-steps-attempt-7,36,2164,agent,653,0.679178692681616,True
slimshetty/swebench-verified:sweb.eval.x86_64.astropy__astropy-8872,0.0,r2egym-qwen3-rl-100-steps-attempt-7,54,4208,token_limit,0,0.2689414272294874,False
slimshetty/swebench-verified:sweb.eval.x86_64.scikit-learn__scikit-learn-10297,1.0,r2egym-qwen3-rl-100-steps-attempt-7,20,2421,agent,28,0.7981867729389246,True
slimshetty/swebench-verified:sweb.eval.x86_64.django__django-14792,0.0,r2egym-qwen3-rl-100-steps-attempt-7,100,1851,abs_step_limit,23,0.8354835289107309,False
slimshetty/swebench-verified:sweb.eval.x86_64.django__django-15368,1.0,r2egym-qwen3-rl-100-steps-attempt-7,100,671,abs_step_limit,29,0.2942149659744614,True
slimshetty/swebench-verified:sweb.eval.x86_64.sphinx-doc__sphinx-9673,0.0,r2egym-qwen3-rl-100-steps-attempt-7,41,3749,max_step_limit,24,0.7549149868676283,False
slimshetty/swebench-verified:sweb.eval.x86_64.sympy__sympy-13974,0.0,r2egym-qwen3-rl-100-steps-attempt-7,100,994,abs_step_limit,0,0.001169510137905165,False
slimshetty/swebench-verified:sweb.eval.x86_64.django__django-11951,0.0,r2egym-qwen3-rl-100-steps-attempt-7,82,4451,token_limit,21,0.731058584489497,False
slimshetty/swebench-verified:sweb.eval.x86_64.django__django-12741,1.0,r2egym-qwen3-rl-100-steps-attempt-7,100,1516,abs_step_limit,67,0.43782349911420193,True
slimshetty/swebench-verified:sweb.eval.x86_64.astropy__astropy-14369,0.0,r2egym-qwen3-rl-100-steps-attempt-7,43,3805,token_limit,730,0.09534947132582736,False
slimshetty/swebench-verified:sweb.eval.x86_64.sympy__sympy-20154,1.0,r2egym-qwen3-rl-100-steps-attempt-7,36,2995,agent,40,0.817574471748733,True
slimshetty/swebench-verified:sweb.eval.x86_64.django__django-14089,1.0,r2egym-qwen3-rl-100-steps-attempt-7,36,3336,agent,43,0.8354835432479661,True
slimshetty/swebench-verified:sweb.eval.x86_64.django__django-16136,0.0,r2egym-qwen3-rl-100-steps-attempt-7,100,3702,abs_step_limit,7,0.7057850216484838,False
slimshetty/swebench-verified:sweb.eval.x86_64.django__django-12325,0.0,r2egym-qwen3-rl-100-steps-attempt-7,100,2238,abs_step_limit,200,0.3208213073183839,False
slimshetty/swebench-verified:sweb.eval.x86_64.django__django-11749,0.0,r2egym-qwen3-rl-100-steps-attempt-7,34,3531,token_limit,28,0.022977371373560648,False
slimshetty/swebench-verified:sweb.eval.x86_64.django__django-15103,1.0,r2egym-qwen3-rl-100-steps-attempt-7,63,1898,token_limit,17,0.8519528094861981,True
slimshetty/swebench-verified:sweb.eval.x86_64.django__django-15375,0.0,r2egym-qwen3-rl-100-steps-attempt-7,62,0,token_limit,95,9.610242555213935e-05,False
slimshetty/swebench-verified:sweb.eval.x86_64.django__django-12708,1.0,r2egym-qwen3-rl-100-steps-attempt-7,56,2913,token_limit,101,0.7549149978955811,True
slimshetty/swebench-verified:sweb.eval.x86_64.sphinx-doc__sphinx-7757,1.0,r2egym-qwen3-rl-100-steps-attempt-7,20,2597,agent,33,0.7310585786300049,True
slimshetty/swebench-verified:sweb.eval.x86_64.django__django-15315,1.0,r2egym-qwen3-rl-100-steps-attempt-7,91,1401,token_limit,33,0.7981867825403176,True
slimshetty/swebench-verified:sweb.eval.x86_64.django__django-13212,0.0,r2egym-qwen3-rl-100-steps-attempt-7,100,8975,abs_step_limit,2,0.16451646494473962,False
slimshetty/swebench-verified:sweb.eval.x86_64.django__django-14434,0.0,r2egym-qwen3-rl-100-steps-attempt-7,16,0,token_limit,133,5.1442207268424645e-05,False
slimshetty/swebench-verified:sweb.eval.x86_64.django__django-13741,1.0,r2egym-qwen3-rl-100-steps-attempt-7,41,1813,max_step_limit,82,0.7057850340255386,True
slimshetty/swebench-verified:sweb.eval.x86_64.django__django-11532,0.0,r2egym-qwen3-rl-100-steps-attempt-7,100,2000,abs_step_limit,130,0.7057850216484838,False
slimshetty/swebench-verified:sweb.eval.x86_64.matplotlib__matplotlib-23476,0.0,r2egym-qwen3-rl-100-steps-attempt-7,100,0,abs_step_limit,104,5.144220130215401e-05,False
slimshetty/swebench-verified:sweb.eval.x86_64.sympy__sympy-21596,0.0,r2egym-qwen3-rl-100-steps-attempt-7,98,1748,token_limit,0,0.00023050665812831213,False
slimshetty/swebench-verified:sweb.eval.x86_64.django__django-16255,1.0,r2egym-qwen3-rl-100-steps-attempt-7,100,1911,abs_step_limit,36,0.679178699175393,True
slimshetty/swebench-verified:sweb.eval.x86_64.django__django-16145,1.0,r2egym-qwen3-rl-100-steps-attempt-7,96,1451,token_limit,174,0.16451646699291617,True
slimshetty/swebench-verified:sweb.eval.x86_64.matplotlib__matplotlib-25311,0.0,r2egym-qwen3-rl-100-steps-attempt-7,56,1648,token_limit,181,0.014063627766405476,False
slimshetty/swebench-verified:sweb.eval.x86_64.django__django-13315,0.0,r2egym-qwen3-rl-100-steps-attempt-7,100,3026,abs_step_limit,146,0.7057850278370111,False
slimshetty/swebench-verified:sweb.eval.x86_64.django__django-11206,0.0,r2egym-qwen3-rl-100-steps-attempt-7,100,3010,abs_step_limit,4,0.010986940940559147,False
slimshetty/swebench-verified:sweb.eval.x86_64.django__django-13417,1.0,r2egym-qwen3-rl-100-steps-attempt-7,64,2432,agent_max_step_limit,280,0.679178692681616,True
slimshetty/swebench-verified:sweb.eval.x86_64.astropy__astropy-7336,0.0,r2egym-qwen3-rl-100-steps-attempt-7,10,789,agent,0,0.8670357529306639,False
slimshetty/swebench-verified:sweb.eval.x86_64.django__django-13810,0.0,r2egym-qwen3-rl-100-steps-attempt-7,84,4352,token_limit,27,0.02297736936642691,False
slimshetty/swebench-verified:sweb.eval.x86_64.pytest-dev__pytest-6202,0.0,r2egym-qwen3-rl-100-steps-attempt-7,48,418,token_limit,72,0.08509905080783367,False
slimshetty/swebench-verified:sweb.eval.x86_64.django__django-16315,0.0,r2egym-qwen3-rl-100-steps-attempt-7,51,3421,agent_max_step_limit,42,0.7981867753392728,False
slimshetty/swebench-verified:sweb.eval.x86_64.django__django-15916,0.0,r2egym-qwen3-rl-100-steps-attempt-7,96,4362,token_limit,149,0.7549149923816048,False
slimshetty/swebench-verified:sweb.eval.x86_64.django__django-13513,0.0,r2egym-qwen3-rl-100-steps-attempt-7,29,2251,agent,74,0.06008665522337757,False
slimshetty/swebench-verified:sweb.eval.x86_64.sympy__sympy-24539,1.0,r2egym-qwen3-rl-100-steps-attempt-7,55,3519,agent_max_step_limit,62,0.7057850340255386,True
slimshetty/swebench-verified:sweb.eval.x86_64.django__django-13512,1.0,r2egym-qwen3-rl-100-steps-attempt-7,100,1196,abs_step_limit,32,0.32082130731838393,True
slimshetty/swebench-verified:sweb.eval.x86_64.sphinx-doc__sphinx-9698,1.0,r2egym-qwen3-rl-100-steps-attempt-7,60,3618,token_limit,45,0.8354835309589074,True
slimshetty/swebench-verified:sweb.eval.x86_64.sympy__sympy-17655,0.0,r2egym-qwen3-rl-100-steps-attempt-7,100,2040,abs_step_limit,9,0.8933094081846421,False
slimshetty/swebench-verified:sweb.eval.x86_64.pydata__xarray-4695,1.0,r2egym-qwen3-rl-100-steps-attempt-7,30,2613,agent,875,0.9046505421702797,True
slimshetty/swebench-verified:sweb.eval.x86_64.astropy__astropy-13579,0.0,r2egym-qwen3-rl-100-steps-attempt-7,73,5456,token_limit,31,0.7310585903489891,False
slimshetty/swebench-verified:sweb.eval.x86_64.astropy__astropy-14365,0.0,r2egym-qwen3-rl-100-steps-attempt-7,27,683,agent,8,0.7310585786300049,False
slimshetty/swebench-verified:sweb.eval.x86_64.django__django-15569,1.0,r2egym-qwen3-rl-100-steps-attempt-7,65,1272,token_limit,242,0.5,True
slimshetty/swebench-verified:sweb.eval.x86_64.django__django-14765,1.0,r2egym-qwen3-rl-100-steps-attempt-7,44,3164,agent_max_step_limit,64,0.7772998611746911,True
slimshetty/swebench-verified:sweb.eval.x86_64.matplotlib__matplotlib-24970,1.0,r2egym-qwen3-rl-100-steps-attempt-7,41,976,max_step_limit,253,0.7981867825403177,True
slimshetty/swebench-verified:sweb.eval.x86_64.django__django-13121,0.0,r2egym-qwen3-rl-100-steps-attempt-7,91,0,token_limit,168,5.829128628512799e-05,False
slimshetty/swebench-verified:sweb.eval.x86_64.pytest-dev__pytest-7324,0.0,r2egym-qwen3-rl-100-steps-attempt-7,51,805,token_limit,58,0.5621765008857982,False
slimshetty/swebench-verified:sweb.eval.x86_64.sympy__sympy-13877,0.0,r2egym-qwen3-rl-100-steps-attempt-7,16,1175,llm_query_error,110,0.03732688734412946,False
slimshetty/swebench-verified:sweb.eval.x86_64.sphinx-doc__sphinx-8459,0.0,r2egym-qwen3-rl-100-steps-attempt-7,78,0,token_limit,17,3.5356250681935664e-05,False
slimshetty/swebench-verified:sweb.eval.x86_64.django__django-11066,1.0,r2egym-qwen3-rl-100-steps-attempt-7,59,4505,token_limit,3,0.8519528076067262,True
slimshetty/swebench-verified:sweb.eval.x86_64.psf__requests-5414,1.0,r2egym-qwen3-rl-100-steps-attempt-7,40,1771,agent,130,0.8354835309589074,True
slimshetty/swebench-verified:sweb.eval.x86_64.django__django-13297,0.0,r2egym-qwen3-rl-100-steps-attempt-7,31,2839,agent,50,0.7981867777396212,False
slimshetty/swebench-verified:sweb.eval.x86_64.django__django-13401,0.0,r2egym-qwen3-rl-100-steps-attempt-7,44,2712,token_limit,31,0.798186768138228,False
slimshetty/swebench-verified:sweb.eval.x86_64.django__django-11885,0.0,r2egym-qwen3-rl-100-steps-attempt-7,97,8067,token_limit,0,0.5621765008857981,False
slimshetty/swebench-verified:sweb.eval.x86_64.django__django-12039,0.0,r2egym-qwen3-rl-100-steps-attempt-7,100,2611,abs_step_limit,11,0.8354835411997897,False
slimshetty/swebench-verified:sweb.eval.x86_64.sphinx-doc__sphinx-8035,0.0,r2egym-qwen3-rl-100-steps-attempt-7,55,2424,agent_max_step_limit,1,0.06754668550840877,False
slimshetty/swebench-verified:sweb.eval.x86_64.astropy__astropy-7166,0.0,r2egym-qwen3-rl-100-steps-attempt-7,24,3605,agent,0,0.8807970811069351,False
slimshetty/swebench-verified:sweb.eval.x86_64.django__django-11265,1.0,r2egym-qwen3-rl-100-steps-attempt-7,85,4646,token_limit,30,0.7549149868676283,True
slimshetty/swebench-verified:sweb.eval.x86_64.django__django-12125,0.0,r2egym-qwen3-rl-100-steps-attempt-7,100,2846,abs_step_limit,37,0.009708475890513915,False
slimshetty/swebench-verified:sweb.eval.x86_64.django__django-15863,1.0,r2egym-qwen3-rl-100-steps-attempt-7,35,558,agent,9,0.8519528000888387,True
slimshetty/swebench-verified:sweb.eval.x86_64.matplotlib__matplotlib-26466,0.0,r2egym-qwen3-rl-100-steps-attempt-7,21,1630,agent,100,0.7981867753392728,False
slimshetty/swebench-verified:sweb.eval.x86_64.sphinx-doc__sphinx-9602,0.0,r2egym-qwen3-rl-100-steps-attempt-7,22,3582,agent,45,0.7772998611746911,False
slimshetty/swebench-verified:sweb.eval.x86_64.sympy__sympy-19495,0.0,r2egym-qwen3-rl-100-steps-attempt-7,19,1587,token_limit,8,0.00757724245493455,False
slimshetty/swebench-verified:sweb.eval.x86_64.pylint-dev__pylint-8898,0.0,r2egym-qwen3-rl-100-steps-attempt-7,40,2751,token_limit,14,0.0031726822364657944,False
slimshetty/swebench-verified:sweb.eval.x86_64.django__django-15380,1.0,r2egym-qwen3-rl-100-steps-attempt-7,64,1340,token_limit,133,0.8519528038477825,True
slimshetty/swebench-verified:sweb.eval.x86_64.matplotlib__matplotlib-24637,0.0,r2egym-qwen3-rl-100-steps-attempt-7,81,0,token_limit,29,3.120191134288775e-05,False
slimshetty/swebench-verified:sweb.eval.x86_64.django__django-15973,0.0,r2egym-qwen3-rl-100-steps-attempt-7,100,962,abs_step_limit,157,0.0009110512694229421,False
slimshetty/swebench-verified:sweb.eval.x86_64.django__django-13590,1.0,r2egym-qwen3-rl-100-steps-attempt-7,36,2760,agent,145,0.7549149813536518,True
slimshetty/swebench-verified:sweb.eval.x86_64.matplotlib__matplotlib-24026,1.0,r2egym-qwen3-rl-100-steps-attempt-7,35,1072,token_limit,764,0.7772998663336157,True
slimshetty/swebench-verified:sweb.eval.x86_64.pydata__xarray-7229,0.0,r2egym-qwen3-rl-100-steps-attempt-7,45,990,agent_max_step_limit,280,0.8670357546485407,False
slimshetty/swebench-verified:sweb.eval.x86_64.django__django-16667,0.0,r2egym-qwen3-rl-100-steps-attempt-7,34,1468,agent,24,0.8175744806385543,False
slimshetty/swebench-verified:sweb.eval.x86_64.sympy__sympy-15809,0.0,r2egym-qwen3-rl-100-steps-attempt-7,41,1702,max_step_limit,10,0.7549149868676283,False
slimshetty/swebench-verified:sweb.eval.x86_64.django__django-16263,0.0,r2egym-qwen3-rl-100-steps-attempt-7,56,5239,agent_max_step_limit,99,0.1480471923932738,False
slimshetty/swebench-verified:sweb.eval.x86_64.django__django-11734,0.0,r2egym-qwen3-rl-100-steps-attempt-7,35,0,token_limit,275,6.605215211303957e-05,False
slimshetty/swebench-verified:sweb.eval.x86_64.sphinx-doc__sphinx-9229,0.0,r2egym-qwen3-rl-100-steps-attempt-7,64,4175,token_limit,13,0.13296423676207597,False
slimshetty/swebench-verified:sweb.eval.x86_64.sphinx-doc__sphinx-8595,1.0,r2egym-qwen3-rl-100-steps-attempt-7,45,963,token_limit,0,0.09534947196849916,True
slimshetty/swebench-verified:sweb.eval.x86_64.django__django-11276,1.0,r2egym-qwen3-rl-100-steps-attempt-7,100,965,abs_step_limit,548,0.7549149758396752,True
slimshetty/swebench-verified:sweb.eval.x86_64.sympy__sympy-18763,0.0,r2egym-qwen3-rl-100-steps-attempt-7,46,1681,agent_max_step_limit,141,0.8175744806385542,False
slimshetty/swebench-verified:sweb.eval.x86_64.django__django-12262,1.0,r2egym-qwen3-rl-100-steps-attempt-7,35,3056,agent,18,0.7772998508568416,True
slimshetty/swebench-verified:sweb.eval.x86_64.django__django-13809,0.0,r2egym-qwen3-rl-100-steps-attempt-7,81,1893,token_limit,232,0.01798620785653302,False
slimshetty/swebench-verified:sweb.eval.x86_64.sympy__sympy-13372,1.0,r2egym-qwen3-rl-100-steps-attempt-7,55,3945,agent_max_step_limit,44,0.8670357683915538,True
slimshetty/swebench-verified:sweb.eval.x86_64.django__django-11451,1.0,r2egym-qwen3-rl-100-steps-attempt-7,45,2294,agent_max_step_limit,45,0.7772998611746911,True
slimshetty/swebench-verified:sweb.eval.x86_64.psf__requests-6028,0.0,r2egym-qwen3-rl-100-steps-attempt-7,55,3700,token_limit,185,0.06754668597767713,False
slimshetty/swebench-verified:sweb.eval.x86_64.scikit-learn__scikit-learn-14141,1.0,r2egym-qwen3-rl-100-steps-attempt-7,16,561,agent,2,0.8519527982093666,True
slimshetty/swebench-verified:sweb.eval.x86_64.django__django-13195,0.0,r2egym-qwen3-rl-100-steps-attempt-7,58,0,token_limit,382,2.1444945846588504e-05,False
slimshetty/swebench-verified:sweb.eval.x86_64.django__django-14007,0.0,r2egym-qwen3-rl-100-steps-attempt-7,100,2317,abs_step_limit,0,0.7310585727705126,False
slimshetty/swebench-verified:sweb.eval.x86_64.sympy__sympy-16766,0.0,r2egym-qwen3-rl-100-steps-attempt-7,64,0,token_limit,7,7.88926352407059e-06,False
slimshetty/swebench-verified:sweb.eval.x86_64.pydata__xarray-3151,1.0,r2egym-qwen3-rl-100-steps-attempt-7,71,1208,token_limit,66,0.9324533140223229,True
slimshetty/swebench-verified:sweb.eval.x86_64.astropy__astropy-13033,0.0,r2egym-qwen3-rl-100-steps-attempt-7,60,1648,token_limit,20,0.012431648943717157,False
slimshetty/swebench-verified:sweb.eval.x86_64.django__django-11141,0.0,r2egym-qwen3-rl-100-steps-attempt-7,32,2764,agent,23,0.7549149923816048,False
slimshetty/swebench-verified:sweb.eval.x86_64.pylint-dev__pylint-6528,0.0,r2egym-qwen3-rl-100-steps-attempt-7,89,2843,agent_max_step_limit,0,0.5312093733737563,False
slimshetty/swebench-verified:sweb.eval.x86_64.sympy__sympy-13031,0.0,r2egym-qwen3-rl-100-steps-attempt-7,41,0,token_limit,9,6.605213650538403e-05,False
slimshetty/swebench-verified:sweb.eval.x86_64.psf__requests-1142,0.0,r2egym-qwen3-rl-100-steps-attempt-7,86,2862,token_limit,2,0.00460957281821911,False
slimshetty/swebench-verified:sweb.eval.x86_64.django__django-11099,1.0,r2egym-qwen3-rl-100-steps-attempt-7,100,1860,abs_step_limit,19,0.8175744673038222,True
slimshetty/swebench-verified:sweb.eval.x86_64.astropy__astropy-14995,1.0,r2egym-qwen3-rl-100-steps-attempt-7,45,2748,agent_max_step_limit,179,0.8807970904940926,True
slimshetty/swebench-verified:sweb.eval.x86_64.sympy__sympy-21379,0.0,r2egym-qwen3-rl-100-steps-attempt-7,45,614,token_limit,91,0.0010322308766168458,False
slimshetty/swebench-verified:sweb.eval.x86_64.django__django-15252,0.0,r2egym-qwen3-rl-100-steps-attempt-7,36,2507,agent,34,0.5621765008857981,False
slimshetty/swebench-verified:sweb.eval.x86_64.django__django-16642,1.0,r2egym-qwen3-rl-100-steps-attempt-7,57,4527,agent_max_step_limit,21,0.7549149868676283,True
slimshetty/swebench-verified:sweb.eval.x86_64.sympy__sympy-21612,0.0,r2egym-qwen3-rl-100-steps-attempt-7,100,722,abs_step_limit,98,0.0007096703481211007,False
slimshetty/swebench-verified:sweb.eval.x86_64.django__django-10554,0.0,r2egym-qwen3-rl-100-steps-attempt-7,100,2293,abs_step_limit,22,0.7057850278370112,False
slimshetty/swebench-verified:sweb.eval.x86_64.sympy__sympy-13091,0.0,r2egym-qwen3-rl-100-steps-attempt-7,100,2573,abs_step_limit,89,0.3775406687981454,False
slimshetty/swebench-verified:sweb.eval.x86_64.django__django-15525,1.0,r2egym-qwen3-rl-100-steps-attempt-7,100,4317,abs_step_limit,53,0.5621765008857981,True
slimshetty/swebench-verified:sweb.eval.x86_64.django__django-11239,0.0,r2egym-qwen3-rl-100-steps-attempt-7,35,3363,agent,5,0.8354835330070839,False
slimshetty/swebench-verified:sweb.eval.x86_64.django__django-12193,0.0,r2egym-qwen3-rl-100-steps-attempt-7,56,4377,token_limit,11,0.025957358092589023,False
slimshetty/swebench-verified:sweb.eval.x86_64.django__django-14631,0.0,r2egym-qwen3-rl-100-steps-attempt-7,59,3752,agent_max_step_limit,116,0.40733340004593027,False
slimshetty/swebench-verified:sweb.eval.x86_64.django__django-11138,0.0,r2egym-qwen3-rl-100-steps-attempt-7,100,3160,abs_step_limit,73,0.8670357683915538,False
slimshetty/swebench-verified:sweb.eval.x86_64.django__django-14559,1.0,r2egym-qwen3-rl-100-steps-attempt-7,97,3256,token_limit,23,0.6224593241981982,True
slimshetty/swebench-verified:sweb.eval.x86_64.pydata__xarray-6721,0.0,r2egym-qwen3-rl-100-steps-attempt-7,61,1977,token_limit,1404,0.03308597743528922,False
slimshetty/swebench-verified:sweb.eval.x86_64.scikit-learn__scikit-learn-15100,1.0,r2egym-qwen3-rl-100-steps-attempt-7,78,685,token_limit,93,0.8670357735451835,True
slimshetty/swebench-verified:sweb.eval.x86_64.django__django-13410,1.0,r2egym-qwen3-rl-100-steps-attempt-7,100,755,abs_step_limit,40,0.8354835330070839,True
slimshetty/swebench-verified:sweb.eval.x86_64.django__django-11149,0.0,r2egym-qwen3-rl-100-steps-attempt-7,42,4273,agent_max_step_limit,42,0.7057850340255386,False
slimshetty/swebench-verified:sweb.eval.x86_64.pydata__xarray-6992,0.0,r2egym-qwen3-rl-100-steps-attempt-7,94,3149,token_limit,945,0.7772998560157665,False
slimshetty/swebench-verified:sweb.eval.x86_64.pytest-dev__pytest-5262,0.0,r2egym-qwen3-rl-100-steps-attempt-7,74,3115,token_limit,20,0.0040701377876246015,False
slimshetty/swebench-verified:sweb.eval.x86_64.django__django-14017,0.0,r2egym-qwen3-rl-100-steps-attempt-7,74,4093,agent_max_step_limit,146,0.4378234991142019,False
slimshetty/swebench-verified:sweb.eval.x86_64.matplotlib__matplotlib-25122,1.0,r2egym-qwen3-rl-100-steps-attempt-7,34,2237,token_limit,2476,0.7772998611746912,True
slimshetty/swebench-verified:sweb.eval.x86_64.sphinx-doc__sphinx-7910,0.0,r2egym-qwen3-rl-100-steps-attempt-7,43,3889,agent_max_step_limit,15,0.7057850278370112,False
slimshetty/swebench-verified:sweb.eval.x86_64.pylint-dev__pylint-4551,0.0,r2egym-qwen3-rl-100-steps-attempt-7,100,2709,abs_step_limit,0,0.5926665999540698,False
slimshetty/swebench-verified:sweb.eval.x86_64.mwaskom__seaborn-3069,0.0,r2egym-qwen3-rl-100-steps-attempt-7,94,3281,token_limit,86,0.24508500210441891,False
slimshetty/swebench-verified:sweb.eval.x86_64.django__django-11848,0.0,r2egym-qwen3-rl-100-steps-attempt-7,100,4513,abs_step_limit,43,0.18242551936144574,False
slimshetty/swebench-verified:sweb.eval.x86_64.matplotlib__matplotlib-25479,0.0,r2egym-qwen3-rl-100-steps-attempt-7,48,875,token_limit,263,0.16451646904109266,False
slimshetty/swebench-verified:sweb.eval.x86_64.django__django-14053,0.0,r2egym-qwen3-rl-100-steps-attempt-7,100,4654,abs_step_limit,30,0.6513548578981939,False
slimshetty/swebench-verified:sweb.eval.x86_64.django__django-13964,0.0,r2egym-qwen3-rl-100-steps-attempt-7,76,3114,token_limit,31,0.6513548646660543,False
slimshetty/swebench-verified:sweb.eval.x86_64.django__django-14500,0.0,r2egym-qwen3-rl-100-steps-attempt-7,38,2556,token_limit,21,0.06754669489377622,False
slimshetty/swebench-verified:sweb.eval.x86_64.django__django-13363,1.0,r2egym-qwen3-rl-100-steps-attempt-7,40,1119,token_limit,76,0.7549149758396752,True
slimshetty/swebench-verified:sweb.eval.x86_64.pydata__xarray-3993,0.0,r2egym-qwen3-rl-100-steps-attempt-7,41,0,token_limit,2394,1.1478772229300848e-05,False
slimshetty/swebench-verified:sweb.eval.x86_64.sympy__sympy-16886,1.0,r2egym-qwen3-rl-100-steps-attempt-7,23,1226,agent,42,0.798186768138228,True
slimshetty/swebench-verified:sweb.eval.x86_64.django__django-13346,0.0,r2egym-qwen3-rl-100-steps-attempt-7,57,1537,token_limit,0,0.00033535018598210753,False
slimshetty/swebench-verified:sweb.eval.x86_64.django__django-15503,0.0,r2egym-qwen3-rl-100-steps-attempt-7,35,3278,token_limit,61,0.008577484819720604,False
slimshetty/swebench-verified:sweb.eval.x86_64.django__django-10097,0.0,r2egym-qwen3-rl-100-steps-attempt-7,100,0,abs_step_limit,1432,7.48462449695656e-05,False
slimshetty/swebench-verified:sweb.eval.x86_64.django__django-15037,0.0,r2egym-qwen3-rl-100-steps-attempt-7,78,3520,token_limit,13,0.46879062662624377,False
slimshetty/swebench-verified:sweb.eval.x86_64.pydata__xarray-6744,0.0,r2egym-qwen3-rl-100-steps-attempt-7,45,1726,token_limit,1801,0.025957357998400377,False
slimshetty/swebench-verified:sweb.eval.x86_64.sympy__sympy-13757,0.0,r2egym-qwen3-rl-100-steps-attempt-7,49,2445,token_limit,166,0.005220124731146203,False
slimshetty/swebench-verified:sweb.eval.x86_64.astropy__astropy-14598,0.0,r2egym-qwen3-rl-100-steps-attempt-7,36,1055,token_limit,0,0.004609572638744278,False
slimshetty/swebench-verified:sweb.eval.x86_64.astropy__astropy-13977,0.0,r2egym-qwen3-rl-100-steps-attempt-7,42,2615,token_limit,0,0.0024726233467211125,False
slimshetty/swebench-verified:sweb.eval.x86_64.sympy__sympy-17630,0.0,r2egym-qwen3-rl-100-steps-attempt-7,50,0,token_limit,19,0.00015843627179906717,False
slimshetty/swebench-verified:sweb.eval.x86_64.django__django-13109,1.0,r2egym-qwen3-rl-100-steps-attempt-7,83,2812,token_limit,170,0.7549149868676283,True
slimshetty/swebench-verified:sweb.eval.x86_64.django__django-13343,1.0,r2egym-qwen3-rl-64k-100-steps-1-attempt-1,14,2459,agent,130,0.7549149868676283,True
slimshetty/swebench-verified:sweb.eval.x86_64.sympy__sympy-15349,1.0,r2egym-qwen3-rl-100-steps-attempt-7,77,1171,token_limit,3,0.8807970779778825,True
slimshetty/swebench-verified:sweb.eval.x86_64.sympy__sympy-23534,1.0,r2egym-qwen3-rl-100-steps-attempt-7,26,403,token_limit,11,0.18242551713899047,True
slimshetty/swebench-verified:sweb.eval.x86_64.django__django-11551,1.0,r2egym-qwen3-rl-64k-100-steps-1-attempt-1,47,5199,agent_max_step_limit,119,0.7549149813536518,True
slimshetty/swebench-verified:sweb.eval.x86_64.sympy__sympy-22456,1.0,r2egym-qwen3-rl-64k-100-steps-1-attempt-1,18,402,agent,29,0.7310585786300049,True
slimshetty/swebench-verified:sweb.eval.x86_64.sympy__sympy-19954,1.0,r2egym-qwen3-rl-64k-100-steps-1-attempt-1,42,704,agent_max_step_limit,56,0.8933093975331752,True
slimshetty/swebench-verified:sweb.eval.x86_64.sympy__sympy-13551,0.0,r2egym-qwen3-rl-64k-100-steps-1-attempt-1,20,1278,agent,15,0.7549149758396752,False
slimshetty/swebench-verified:sweb.eval.x86_64.scikit-learn__scikit-learn-14496,1.0,r2egym-qwen3-rl-64k-100-steps-1-attempt-1,100,1594,abs_step_limit,39,0.8175744761936437,True
slimshetty/swebench-verified:sweb.eval.x86_64.django__django-16901,0.0,r2egym-qwen3-rl-64k-100-steps-1-attempt-1,100,527,abs_step_limit,0,0.0004878571055252999,False
slimshetty/swebench-verified:sweb.eval.x86_64.django__django-15561,0.0,r2egym-qwen3-rl-64k-100-steps-1-attempt-1,41,3678,max_step_limit,141,0.7549149978955811,False
slimshetty/swebench-verified:sweb.eval.x86_64.sympy__sympy-19783,1.0,r2egym-qwen3-rl-64k-100-steps-1-attempt-1,38,2459,agent,9,0.6513548511303338,True
slimshetty/swebench-verified:sweb.eval.x86_64.django__django-13821,1.0,r2egym-qwen3-rl-64k-100-steps-1-attempt-1,41,1605,max_step_limit,14,0.7549149978955811,True
slimshetty/swebench-verified:sweb.eval.x86_64.django__django-12308,0.0,r2egym-qwen3-rl-64k-100-steps-1-attempt-1,29,2484,agent,20,0.7310585727705127,False
slimshetty/swebench-verified:sweb.eval.x86_64.pytest-dev__pytest-7205,1.0,r2egym-qwen3-rl-64k-100-steps-1-attempt-1,44,2262,agent_max_step_limit,16,0.8175744828610095,True
slimshetty/swebench-verified:sweb.eval.x86_64.astropy__astropy-8707,0.0,r2egym-qwen3-rl-64k-100-steps-1-attempt-1,55,2330,agent_max_step_limit,4,0.5621765008857981,False
slimshetty/swebench-verified:sweb.eval.x86_64.django__django-11333,0.0,r2egym-qwen3-rl-64k-100-steps-1-attempt-1,46,1583,agent_max_step_limit,2,0.7057850340255386,False
slimshetty/swebench-verified:sweb.eval.x86_64.sympy__sympy-18199,0.0,r2egym-qwen3-rl-64k-100-steps-1-attempt-1,45,1245,agent_max_step_limit,113,0.6513548782017745,False
slimshetty/swebench-verified:sweb.eval.x86_64.scikit-learn__scikit-learn-25931,1.0,r2egym-qwen3-rl-64k-100-steps-1-attempt-1,32,2076,agent,21,0.8354835350552604,True
slimshetty/swebench-verified:sweb.eval.x86_64.sympy__sympy-24443,1.0,r2egym-qwen3-rl-64k-100-steps-1-attempt-1,42,954,agent_max_step_limit,1,0.6791787056691698,True
slimshetty/swebench-verified:sweb.eval.x86_64.django__django-16116,0.0,r2egym-qwen3-rl-64k-100-steps-1-attempt-1,45,2474,token_limit,137,0.5621765008857981,False
slimshetty/swebench-verified:sweb.eval.x86_64.sympy__sympy-15976,0.0,r2egym-qwen3-rl-64k-100-steps-1-attempt-1,43,2962,agent_max_step_limit,37,0.4073334000459302,False
slimshetty/swebench-verified:sweb.eval.x86_64.django__django-11490,0.0,r2egym-qwen3-rl-64k-100-steps-1-attempt-1,100,6499,abs_step_limit,22,0.6513548646660543,False
slimshetty/swebench-verified:sweb.eval.x86_64.django__django-11133,1.0,r2egym-qwen3-rl-64k-100-steps-1-attempt-1,31,1868,agent,64,0.8807970795424088,True
slimshetty/swebench-verified:sweb.eval.x86_64.django__django-11299,0.0,r2egym-qwen3-rl-64k-100-steps-1-attempt-1,100,3216,abs_step_limit,103,0.8519527963298946,False
slimshetty/swebench-verified:sweb.eval.x86_64.pylint-dev__pylint-7080,0.0,r2egym-qwen3-rl-64k-100-steps-1-attempt-1,47,4524,agent_max_step_limit,113,0.6513548714339144,False
slimshetty/swebench-verified:sweb.eval.x86_64.scikit-learn__scikit-learn-14053,1.0,r2egym-qwen3-rl-64k-100-steps-1-attempt-1,16,707,agent,5,0.8670357683915538,True
slimshetty/swebench-verified:sweb.eval.x86_64.django__django-15278,1.0,r2egym-qwen3-rl-64k-100-steps-1-attempt-1,100,3470,abs_step_limit,138,0.8670357477770336,True
slimshetty/swebench-verified:sweb.eval.x86_64.sympy__sympy-23262,1.0,r2egym-qwen3-rl-64k-100-steps-1-attempt-1,46,1114,agent_max_step_limit,61,0.8354835350552603,True
slimshetty/swebench-verified:sweb.eval.x86_64.sympy__sympy-12481,1.0,r2egym-qwen3-rl-64k-100-steps-1-attempt-1,16,1746,agent,7,0.7549149923816048,True
slimshetty/swebench-verified:sweb.eval.x86_64.pallets__flask-5014,1.0,r2egym-qwen3-rl-64k-100-steps-1-attempt-1,41,463,max_step_limit,59,0.8670357615200474,True
slimshetty/swebench-verified:sweb.eval.x86_64.django__django-16612,1.0,r2egym-qwen3-rl-64k-100-steps-1-attempt-1,100,2467,abs_step_limit,335,0.6791786926816161,True
slimshetty/swebench-verified:sweb.eval.x86_64.psf__requests-2931,0.0,r2egym-qwen3-rl-64k-100-steps-1-attempt-1,73,1732,token_limit,83,0.37754066879814546,False
slimshetty/swebench-verified:sweb.eval.x86_64.django__django-11603,1.0,r2egym-qwen3-rl-64k-100-steps-1-attempt-1,100,635,abs_step_limit,58,0.8670357615200474,True
slimshetty/swebench-verified:sweb.eval.x86_64.pydata__xarray-4629,1.0,r2egym-qwen3-rl-64k-100-steps-1-attempt-1,17,505,agent,32,0.851952809486198,True
slimshetty/swebench-verified:sweb.eval.x86_64.psf__requests-1724,0.0,r2egym-qwen3-rl-64k-100-steps-1-attempt-1,54,1683,agent_max_step_limit,78,0.8807970748488297,False
slimshetty/swebench-verified:sweb.eval.x86_64.pydata__xarray-3677,1.0,r2egym-qwen3-rl-64k-100-steps-1-attempt-1,25,574,agent,21,0.7772998714925403,True
slimshetty/swebench-verified:sweb.eval.x86_64.django__django-14140,0.0,r2egym-qwen3-rl-64k-100-steps-1-attempt-1,41,2411,max_step_limit,199,0.8175744695262775,False
slimshetty/swebench-verified:sweb.eval.x86_64.django__django-16560,0.0,r2egym-qwen3-rl-64k-100-steps-1-attempt-1,100,7171,abs_step_limit,66,0.2942149783515162,False
slimshetty/swebench-verified:sweb.eval.x86_64.django__django-15022,1.0,r2egym-qwen3-rl-64k-100-steps-1-attempt-1,38,4035,agent,56,0.7310585786300048,True
slimshetty/swebench-verified:sweb.eval.x86_64.django__django-14155,0.0,r2egym-qwen3-rl-64k-100-steps-1-attempt-1,24,3347,agent,89,0.7310585669110202,False
slimshetty/swebench-verified:sweb.eval.x86_64.sphinx-doc__sphinx-7454,0.0,r2egym-qwen3-rl-64k-100-steps-1-attempt-1,100,1774,abs_step_limit,27,0.0028009263811871942,False
slimshetty/swebench-verified:sweb.eval.x86_64.sympy__sympy-14976,0.0,r2egym-qwen3-rl-64k-100-steps-1-attempt-1,52,2002,token_limit,13,0.004609572239199145,False
slimshetty/swebench-verified:sweb.eval.x86_64.matplotlib__matplotlib-24870,0.0,r2egym-qwen3-rl-64k-100-steps-1-attempt-1,41,2100,max_step_limit,65,0.8354835391516132,False
slimshetty/swebench-verified:sweb.eval.x86_64.django__django-14011,0.0,r2egym-qwen3-rl-64k-100-steps-1-attempt-1,67,481,token_limit,2,0.7772998508568416,False
slimshetty/swebench-verified:sweb.eval.x86_64.astropy__astropy-12907,0.0,r2egym-qwen3-rl-64k-100-steps-1-attempt-1,73,527,token_limit,13,0.004070137185482974,False
slimshetty/swebench-verified:sweb.eval.x86_64.matplotlib__matplotlib-25775,1.0,r2egym-qwen3-rl-64k-100-steps-1-attempt-1,76,2409,token_limit,89,0.5312093733737563,True
slimshetty/swebench-verified:sweb.eval.x86_64.scikit-learn__scikit-learn-26194,0.0,r2egym-qwen3-rl-64k-100-steps-1-attempt-1,61,0,token_limit,186,1.3007128461507534e-05,False
slimshetty/swebench-verified:sweb.eval.x86_64.sympy__sympy-24066,1.0,r2egym-qwen3-rl-64k-100-steps-1-attempt-1,42,2286,agent_max_step_limit,30,0.798186768138228,True
slimshetty/swebench-verified:sweb.eval.x86_64.django__django-13820,1.0,r2egym-qwen3-rl-64k-100-steps-1-attempt-1,25,6306,agent,24,0.7981867801399695,True
slimshetty/swebench-verified:sweb.eval.x86_64.django__django-14672,1.0,r2egym-qwen3-rl-64k-100-steps-1-attempt-1,44,3581,agent_max_step_limit,0,0.7981867705385763,True
slimshetty/swebench-verified:sweb.eval.x86_64.sphinx-doc__sphinx-7985,0.0,r2egym-qwen3-rl-64k-100-steps-1-attempt-1,100,4045,abs_step_limit,3,0.6224593382055109,False
slimshetty/swebench-verified:sweb.eval.x86_64.matplotlib__matplotlib-13989,1.0,r2egym-qwen3-rl-64k-100-steps-1-attempt-1,100,883,abs_step_limit,411,0.9399133515091156,True
slimshetty/swebench-verified:sweb.eval.x86_64.django__django-11211,0.0,r2egym-qwen3-rl-64k-100-steps-1-attempt-1,78,4566,token_limit,76,0.007577241565504651,False
slimshetty/swebench-verified:sweb.eval.x86_64.sympy__sympy-16597,0.0,r2egym-qwen3-rl-64k-100-steps-1-attempt-1,82,1550,token_limit,74,0.880797071719777,False
slimshetty/swebench-verified:sweb.eval.x86_64.scikit-learn__scikit-learn-10908,0.0,r2egym-qwen3-rl-64k-100-steps-1-attempt-1,22,1668,agent,47,0.8807970701552505,False
slimshetty/swebench-verified:sweb.eval.x86_64.django__django-17084,0.0,r2egym-qwen3-rl-64k-100-steps-1-attempt-1,64,4862,agent_max_step_limit,101,0.04742587570200942,False
slimshetty/swebench-verified:sweb.eval.x86_64.django__django-16256,0.0,r2egym-qwen3-rl-64k-100-steps-1-attempt-1,45,0,token_limit,53,3.535625066945945e-05,False
slimshetty/swebench-verified:sweb.eval.x86_64.scikit-learn__scikit-learn-13124,0.0,r2egym-qwen3-rl-64k-100-steps-1-attempt-1,22,2131,token_limit,59,0.1066905996264336,False
slimshetty/swebench-verified:sweb.eval.x86_64.django__django-13089,1.0,r2egym-qwen3-rl-64k-100-steps-1-attempt-1,100,5305,abs_step_limit,352,0.8175744761936437,True
slimshetty/swebench-verified:sweb.eval.x86_64.django__django-14349,1.0,r2egym-qwen3-rl-64k-100-steps-1-attempt-1,47,2475,agent_max_step_limit,18,0.8354835309589074,True
slimshetty/swebench-verified:sweb.eval.x86_64.django__django-13449,1.0,r2egym-qwen3-rl-64k-100-steps-1-attempt-1,100,1930,abs_step_limit,46,0.6513548782017746,True
slimshetty/swebench-verified:sweb.eval.x86_64.sympy__sympy-14711,1.0,r2egym-qwen3-rl-64k-100-steps-1-attempt-1,52,441,agent_max_step_limit,2,0.8807970701552504,True
slimshetty/swebench-verified:sweb.eval.x86_64.django__django-16662,0.0,r2egym-qwen3-rl-64k-100-steps-1-attempt-1,59,3912,token_limit,50,0.03308598065306466,False
slimshetty/swebench-verified:sweb.eval.x86_64.django__django-14752,0.0,r2egym-qwen3-rl-64k-100-steps-1-attempt-1,100,1016,abs_step_limit,0,0.00020342692278671096,False
slimshetty/swebench-verified:sweb.eval.x86_64.sympy__sympy-19346,0.0,r2egym-qwen3-rl-64k-100-steps-1-attempt-1,65,3306,token_limit,18,0.022977367986522567,False
slimshetty/swebench-verified:sweb.eval.x86_64.sympy__sympy-11618,1.0,r2egym-qwen3-rl-64k-100-steps-1-attempt-1,24,851,agent,4,0.867035763237924,True
slimshetty/swebench-verified:sweb.eval.x86_64.sphinx-doc__sphinx-9281,0.0,r2egym-qwen3-rl-64k-100-steps-1-attempt-1,27,2447,agent,38,0.5621765008857982,False
slimshetty/swebench-verified:sweb.eval.x86_64.django__django-12419,0.0,r2egym-qwen3-rl-64k-100-steps-1-attempt-1,100,1249,abs_step_limit,0,0.0017007221088279276,False
slimshetty/swebench-verified:sweb.eval.x86_64.pylint-dev__pylint-4604,0.0,r2egym-qwen3-rl-64k-100-steps-1-attempt-1,42,1633,agent_max_step_limit,0,0.14804720179063333,False
slimshetty/swebench-verified:sweb.eval.x86_64.django__django-14855,1.0,r2egym-qwen3-rl-64k-100-steps-1-attempt-1,94,3535,token_limit,325,0.8519528076067261,True
slimshetty/swebench-verified:sweb.eval.x86_64.sympy__sympy-16450,0.0,r2egym-qwen3-rl-64k-100-steps-1-attempt-1,100,0,abs_step_limit,38,2.4300243614475748e-05,False
slimshetty/swebench-verified:sweb.eval.x86_64.django__django-13670,1.0,r2egym-qwen3-rl-64k-100-steps-1-attempt-1,91,1302,token_limit,17,0.9149009520925732,True
slimshetty/swebench-verified:sweb.eval.x86_64.django__django-15098,0.0,r2egym-qwen3-rl-64k-100-steps-1-attempt-1,98,3371,token_limit,86,0.8354835452961425,False
slimshetty/swebench-verified:sweb.eval.x86_64.django__django-15382,0.0,r2egym-qwen3-rl-64k-100-steps-1-attempt-1,59,3423,token_limit,158,0.04208772536238702,False
slimshetty/swebench-verified:sweb.eval.x86_64.pytest-dev__pytest-10051,1.0,r2egym-qwen3-rl-64k-100-steps-1-attempt-1,41,1198,max_step_limit,15,0.8175744806385542,True
slimshetty/swebench-verified:sweb.eval.x86_64.pydata__xarray-4075,0.0,r2egym-qwen3-rl-64k-100-steps-1-attempt-1,54,0,token_limit,958,3.1201926212712214e-05,False
slimshetty/swebench-verified:sweb.eval.x86_64.django__django-9296,1.0,r2egym-qwen3-rl-64k-100-steps-1-attempt-1,100,499,abs_step_limit,20,0.8519527963298947,True
slimshetty/swebench-verified:sweb.eval.x86_64.django__django-14351,0.0,r2egym-qwen3-rl-64k-100-steps-1-attempt-1,55,0,token_limit,58,0.00020342692356213902,False
slimshetty/swebench-verified:sweb.eval.x86_64.sympy__sympy-18698,0.0,r2egym-qwen3-rl-64k-100-steps-1-attempt-1,76,1507,token_limit,145,0.012431651459184916,False
slimshetty/swebench-verified:sweb.eval.x86_64.django__django-13128,0.0,r2egym-qwen3-rl-64k-100-steps-1-attempt-1,75,2822,token_limit,134,0.5926665999540698,False
slimshetty/swebench-verified:sweb.eval.x86_64.django__django-15277,1.0,r2egym-qwen3-rl-64k-100-steps-1-attempt-1,71,1265,token_limit,158,0.8519527944504227,True
slimshetty/swebench-verified:sweb.eval.x86_64.django__django-11815,0.0,r2egym-qwen3-rl-64k-100-steps-1-attempt-1,45,2804,token_limit,36,0.24508501864634824,False
slimshetty/swebench-verified:sweb.eval.x86_64.sympy__sympy-20438,0.0,r2egym-qwen3-rl-64k-100-steps-1-attempt-1,74,604,token_limit,93,0.0024726232456480125,False
slimshetty/swebench-verified:sweb.eval.x86_64.django__django-15987,0.0,r2egym-qwen3-rl-64k-100-steps-1-attempt-1,95,748,token_limit,52,0.7310585786300049,False
slimshetty/swebench-verified:sweb.eval.x86_64.django__django-16877,0.0,r2egym-qwen3-rl-64k-100-steps-1-attempt-1,17,1557,agent,0,0.7057850154599562,False
slimshetty/swebench-verified:sweb.eval.x86_64.scikit-learn__scikit-learn-13496,1.0,r2egym-qwen3-rl-64k-100-steps-1-attempt-1,16,1396,agent,19,0.731058584489497,True
slimshetty/swebench-verified:sweb.eval.x86_64.sphinx-doc__sphinx-8548,0.0,r2egym-qwen3-rl-64k-100-steps-1-attempt-1,82,777,token_limit,5,0.0009110511852877678,False
slimshetty/swebench-verified:sweb.eval.x86_64.django__django-12965,0.0,r2egym-qwen3-rl-64k-100-steps-1-attempt-1,100,1484,abs_step_limit,6,0.651354857898194,False
slimshetty/swebench-verified:sweb.eval.x86_64.django__django-13933,0.0,r2egym-qwen3-rl-64k-100-steps-1-attempt-1,100,3397,abs_step_limit,19,0.07585818837825822,False
slimshetty/swebench-verified:sweb.eval.x86_64.pydata__xarray-7233,1.0,r2egym-qwen3-rl-64k-100-steps-1-attempt-1,23,4049,agent,189,0.8807970732843033,True
slimshetty/swebench-verified:sweb.eval.x86_64.django__django-14373,1.0,r2egym-qwen3-rl-64k-100-steps-1-attempt-1,48,2346,agent_max_step_limit,19,0.817574471748733,True
slimshetty/swebench-verified:sweb.eval.x86_64.sympy__sympy-19040,0.0,r2egym-qwen3-rl-64k-100-steps-1-attempt-1,64,0,token_limit,148,7.484622685281027e-05,False
slimshetty/swebench-verified:sweb.eval.x86_64.astropy__astropy-13236,0.0,r2egym-qwen3-rl-64k-100-steps-1-attempt-1,41,1796,max_step_limit,644,0.6224593312018546,False
slimshetty/swebench-verified:sweb.eval.x86_64.sphinx-doc__sphinx-8056,0.0,r2egym-qwen3-rl-64k-100-steps-1-attempt-1,41,906,token_limit,40,0.00026119021388614047,False
slimshetty/swebench-verified:sweb.eval.x86_64.django__django-14034,0.0,r2egym-qwen3-rl-64k-100-steps-1-attempt-1,37,6327,agent,12,0.8519528019683106,False
slimshetty/swebench-verified:sweb.eval.x86_64.scikit-learn__scikit-learn-11578,1.0,r2egym-qwen3-rl-64k-100-steps-1-attempt-1,49,640,agent_max_step_limit,93,0.8670357701094303,True
slimshetty/swebench-verified:sweb.eval.x86_64.pylint-dev__pylint-6903,1.0,r2egym-qwen3-rl-64k-100-steps-1-attempt-1,80,4060,token_limit,8,0.014063627482306901,True
slimshetty/swebench-verified:sweb.eval.x86_64.matplotlib__matplotlib-26342,0.0,r2egym-qwen3-rl-64k-100-steps-1-attempt-1,46,0,token_limit,81,3.120190019784534e-05,False
slimshetty/swebench-verified:sweb.eval.x86_64.django__django-11740,1.0,r2egym-qwen3-rl-64k-100-steps-1-attempt-1,100,3648,abs_step_limit,109,0.5621765008857981,True
slimshetty/swebench-verified:sweb.eval.x86_64.psf__requests-1921,1.0,r2egym-qwen3-rl-64k-100-steps-1-attempt-1,29,938,agent,107,0.8807970811069351,True
slimshetty/swebench-verified:sweb.eval.x86_64.django__django-12663,1.0,r2egym-qwen3-rl-64k-100-steps-1-attempt-1,45,2786,agent_max_step_limit,135,0.6513548511303336,True
slimshetty/swebench-verified:sweb.eval.x86_64.matplotlib__matplotlib-26291,0.0,r2egym-qwen3-rl-64k-100-steps-1-attempt-1,29,1113,agent,49,0.8354835309589073,False
slimshetty/swebench-verified:sweb.eval.x86_64.django__django-15128,0.0,r2egym-qwen3-rl-64k-100-steps-1-attempt-1,54,3973,token_limit,265,0.09534946811246839,False
slimshetty/swebench-verified:sweb.eval.x86_64.django__django-12143,1.0,r2egym-qwen3-rl-64k-100-steps-1-attempt-1,45,1969,token_limit,52,0.8519527944504227,True
slimshetty/swebench-verified:sweb.eval.x86_64.django__django-15467,1.0,r2egym-qwen3-rl-64k-100-steps-1-attempt-1,100,2599,abs_step_limit,62,0.8807970873650401,True
slimshetty/swebench-verified:sweb.eval.x86_64.django__django-14771,0.0,r2egym-qwen3-rl-64k-100-steps-1-attempt-1,100,3221,abs_step_limit,60,0.5926665999540697,False
slimshetty/swebench-verified:sweb.eval.x86_64.django__django-14539,1.0,r2egym-qwen3-rl-64k-100-steps-1-attempt-1,30,1829,token_limit,14,0.4687906266262437,True
slimshetty/swebench-verified:sweb.eval.x86_64.sympy__sympy-22914,0.0,r2egym-qwen3-rl-64k-100-steps-1-attempt-1,95,928,token_limit,17,0.00043055707939569334,False
slimshetty/swebench-verified:sweb.eval.x86_64.matplotlib__matplotlib-23412,1.0,r2egym-qwen3-rl-64k-100-steps-1-attempt-1,83,1983,token_limit,46,0.09534946811246837,True
slimshetty/swebench-verified:sweb.eval.x86_64.django__django-15499,1.0,r2egym-qwen3-rl-64k-100-steps-1-attempt-1,100,937,abs_step_limit,35,0.880797076413356,True
slimshetty/swebench-verified:sweb.eval.x86_64.scikit-learn__scikit-learn-10844,1.0,r2egym-qwen3-rl-64k-100-steps-1-attempt-1,14,633,agent,16,0.8519528000888386,True
slimshetty/swebench-verified:sweb.eval.x86_64.scikit-learn__scikit-learn-13439,0.0,r2egym-qwen3-rl-64k-100-steps-1-attempt-1,68,0,token_limit,40,7.889264465397747e-06,False
slimshetty/swebench-verified:sweb.eval.x86_64.sympy__sympy-21930,0.0,r2egym-qwen3-rl-64k-100-steps-1-attempt-1,36,1129,agent,45,0.817574471748733,False
slimshetty/swebench-verified:sweb.eval.x86_64.pydata__xarray-4094,0.0,r2egym-qwen3-rl-64k-100-steps-1-attempt-1,55,1212,token_limit,862,0.005220125896680592,False
slimshetty/swebench-verified:sweb.eval.x86_64.scikit-learn__scikit-learn-25102,1.0,r2egym-qwen3-rl-64k-100-steps-1-attempt-1,64,5303,token_limit,59,0.7981867777396211,True
slimshetty/swebench-verified:sweb.eval.x86_64.matplotlib__matplotlib-23314,1.0,r2egym-qwen3-rl-64k-100-steps-1-attempt-1,65,536,token_limit,862,0.8354835391516133,True
slimshetty/swebench-verified:sweb.eval.x86_64.scikit-learn__scikit-learn-14983,0.0,r2egym-qwen3-rl-64k-100-steps-1-attempt-1,100,1872,abs_step_limit,0,0.003172682414663466,False
slimshetty/swebench-verified:sweb.eval.x86_64.scikit-learn__scikit-learn-14894,1.0,r2egym-qwen3-rl-64k-100-steps-1-attempt-1,43,1187,agent_max_step_limit,85,0.8933093989533708,True
slimshetty/swebench-verified:sweb.eval.x86_64.sympy__sympy-20801,0.0,r2egym-qwen3-rl-64k-100-steps-1-attempt-1,59,458,agent_max_step_limit,96,0.8354835432479661,False
slimshetty/swebench-verified:sweb.eval.x86_64.django__django-11880,1.0,r2egym-qwen3-rl-64k-100-steps-1-attempt-1,76,446,agent_max_step_limit,114,0.9046505261034854,True
slimshetty/swebench-verified:sweb.eval.x86_64.django__django-10973,0.0,r2egym-qwen3-rl-64k-100-steps-1-attempt-1,88,2718,token_limit,0,0.015906389525063156,False
slimshetty/swebench-verified:sweb.eval.x86_64.django__django-15104,1.0,r2egym-qwen3-rl-64k-100-steps-1-attempt-1,93,3634,token_limit,131,0.8519528000888386,True
slimshetty/swebench-verified:sweb.eval.x86_64.django__django-11292,0.0,r2egym-qwen3-rl-64k-100-steps-1-attempt-1,89,2995,token_limit,31,0.16451646904109266,False
slimshetty/swebench-verified:sweb.eval.x86_64.django__django-15127,0.0,r2egym-qwen3-rl-64k-100-steps-1-attempt-1,49,594,token_limit,1,0.7310585727705127,False
slimshetty/swebench-verified:sweb.eval.x86_64.matplotlib__matplotlib-25960,0.0,r2egym-qwen3-rl-64k-100-steps-1-attempt-1,43,3130,agent_max_step_limit,121,0.5,False
slimshetty/swebench-verified:sweb.eval.x86_64.sympy__sympy-20916,0.0,r2egym-qwen3-rl-64k-100-steps-1-attempt-1,36,392,token_limit,1,0.348645142101806,False
slimshetty/swebench-verified:sweb.eval.x86_64.sphinx-doc__sphinx-9711,1.0,r2egym-qwen3-rl-64k-100-steps-1-attempt-1,100,1939,abs_step_limit,0,0.8519527963298946,True
slimshetty/swebench-verified:sweb.eval.x86_64.django__django-11477,0.0,r2egym-qwen3-rl-64k-100-steps-1-attempt-1,100,2202,abs_step_limit,151,0.0004305571283953152,False
slimshetty/swebench-verified:sweb.eval.x86_64.django__django-13158,0.0,r2egym-qwen3-rl-64k-100-steps-1-attempt-1,84,3010,token_limit,29,0.46879062662624377,False
slimshetty/swebench-verified:sweb.eval.x86_64.django__django-16819,0.0,r2egym-qwen3-rl-64k-100-steps-1-attempt-1,67,0,token_limit,38,1.6701419845073e-05,False
slimshetty/swebench-verified:sweb.eval.x86_64.django__django-12304,0.0,r2egym-qwen3-rl-64k-100-steps-1-attempt-1,100,1289,abs_step_limit,0,0.18242552602881168,False
slimshetty/swebench-verified:sweb.eval.x86_64.pytest-dev__pytest-7236,0.0,r2egym-qwen3-rl-64k-100-steps-1-attempt-1,100,0,abs_step_limit,51,0.00017952800821866645,False
slimshetty/swebench-verified:sweb.eval.x86_64.django__django-12406,0.0,r2egym-qwen3-rl-64k-100-steps-1-attempt-1,40,2365,agent,155,0.8354835350552604,False
slimshetty/swebench-verified:sweb.eval.x86_64.django__django-16938,0.0,r2egym-qwen3-rl-64k-100-steps-1-attempt-1,100,818,abs_step_limit,65,0.0006263343020261532,False
slimshetty/swebench-verified:sweb.eval.x86_64.django__django-12713,1.0,r2egym-qwen3-rl-64k-100-steps-1-attempt-1,24,5098,agent,58,0.8670357649558006,True
slimshetty/swebench-verified:sweb.eval.x86_64.sympy__sympy-20428,0.0,r2egym-qwen3-rl-64k-100-steps-1-attempt-1,42,1566,agent_max_step_limit,154,0.7310585844894971,False
slimshetty/swebench-verified:sweb.eval.x86_64.matplotlib__matplotlib-14623,0.0,r2egym-qwen3-rl-64k-100-steps-1-attempt-1,28,0,token_limit,400,9.610240320107613e-05,False
slimshetty/swebench-verified:sweb.eval.x86_64.django__django-16333,1.0,r2egym-qwen3-rl-64k-100-steps-1-attempt-1,50,2909,token_limit,87,0.7549149923816048,True
slimshetty/swebench-verified:sweb.eval.x86_64.pydata__xarray-6938,1.0,r2egym-qwen3-rl-64k-100-steps-1-attempt-1,43,499,agent_max_step_limit,430,0.8670357649558006,True
slimshetty/swebench-verified:sweb.eval.x86_64.django__django-16950,0.0,r2egym-qwen3-rl-64k-100-steps-1-attempt-1,100,2804,abs_step_limit,3,0.0010322310919748162,False
slimshetty/swebench-verified:sweb.eval.x86_64.django__django-14493,1.0,r2egym-qwen3-rl-64k-100-steps-1-attempt-1,57,3508,agent_max_step_limit,36,0.7057850340255386,True
slimshetty/swebench-verified:sweb.eval.x86_64.sympy__sympy-19637,0.0,r2egym-qwen3-rl-64k-100-steps-1-attempt-1,48,2574,token_limit,0,0.0019267349928630637,False
slimshetty/swebench-verified:sweb.eval.x86_64.scikit-learn__scikit-learn-13135,1.0,r2egym-qwen3-rl-64k-100-steps-1-attempt-1,12,840,agent,33,0.8933094081846421,True
slimshetty/swebench-verified:sweb.eval.x86_64.sympy__sympy-15345,0.0,r2egym-qwen3-rl-64k-100-steps-1-attempt-1,100,3530,abs_step_limit,5,0.00970847679486204,False
slimshetty/swebench-verified:sweb.eval.x86_64.sympy__sympy-23950,0.0,r2egym-qwen3-rl-64k-100-steps-1-attempt-1,67,619,token_limit,4,0.001169510037000833,False
slimshetty/swebench-verified:sweb.eval.x86_64.matplotlib__matplotlib-21568,0.0,r2egym-qwen3-rl-64k-100-steps-1-attempt-1,42,1486,agent_max_step_limit,72,0.7981867801399694,False
slimshetty/swebench-verified:sweb.eval.x86_64.sympy__sympy-13798,0.0,r2egym-qwen3-rl-64k-100-steps-1-attempt-1,23,2740,agent,101,0.5,False
slimshetty/swebench-verified:sweb.eval.x86_64.django__django-14404,0.0,r2egym-qwen3-rl-64k-100-steps-1-attempt-1,100,5432,abs_step_limit,323,0.8519527982093666,False
slimshetty/swebench-verified:sweb.eval.x86_64.django__django-13568,0.0,r2egym-qwen3-rl-64k-100-steps-1-attempt-1,96,2901,token_limit,12,0.7981867681382279,False
slimshetty/swebench-verified:sweb.eval.x86_64.pytest-dev__pytest-7432,1.0,r2egym-qwen3-rl-64k-100-steps-1-attempt-1,42,3971,agent_max_step_limit,77,0.8519528000888387,True
slimshetty/swebench-verified:sweb.eval.x86_64.django__django-15957,0.0,r2egym-qwen3-rl-64k-100-steps-1-attempt-1,71,4765,token_limit,75,0.06008665564415842,False
slimshetty/swebench-verified:sweb.eval.x86_64.psf__requests-2317,1.0,r2egym-qwen3-rl-64k-100-steps-1-attempt-1,47,3388,agent_max_step_limit,133,0.8175744695262775,True
slimshetty/swebench-verified:sweb.eval.x86_64.scikit-learn__scikit-learn-12973,1.0,r2egym-qwen3-rl-64k-100-steps-1-attempt-1,21,2602,agent,32,0.7057850154599562,True
slimshetty/swebench-verified:sweb.eval.x86_64.django__django-13344,0.0,r2egym-qwen3-rl-64k-100-steps-1-attempt-1,4,0,token_limit,356,0.00037998452822766916,False
slimshetty/swebench-verified:sweb.eval.x86_64.django__django-15268,0.0,r2egym-qwen3-rl-64k-100-steps-1-attempt-1,83,5547,token_limit,129,0.5926665999540698,False
slimshetty/swebench-verified:sweb.eval.x86_64.django__django-14238,1.0,r2egym-qwen3-rl-64k-100-steps-1-attempt-1,50,2472,agent_max_step_limit,39,0.817574471748733,True
slimshetty/swebench-verified:sweb.eval.x86_64.scikit-learn__scikit-learn-14710,0.0,r2egym-qwen3-rl-64k-100-steps-1-attempt-1,20,2012,agent,0,0.880797071719777,False
slimshetty/swebench-verified:sweb.eval.x86_64.scikit-learn__scikit-learn-25973,1.0,r2egym-qwen3-rl-64k-100-steps-1-attempt-1,84,1667,token_limit,72,0.8933094025038599,True
slimshetty/swebench-verified:sweb.eval.x86_64.sympy__sympy-13647,1.0,r2egym-qwen3-rl-64k-100-steps-1-attempt-1,46,2780,agent_max_step_limit,76,0.8807970811069351,True
slimshetty/swebench-verified:sweb.eval.x86_64.sphinx-doc__sphinx-8721,1.0,r2egym-qwen3-rl-64k-100-steps-1-attempt-1,63,1180,token_limit,3,0.8519528038477825,True
slimshetty/swebench-verified:sweb.eval.x86_64.pytest-dev__pytest-7490,0.0,r2egym-qwen3-rl-64k-100-steps-1-attempt-1,51,894,token_limit,77,0.5312093733737563,False
slimshetty/swebench-verified:sweb.eval.x86_64.matplotlib__matplotlib-26113,1.0,r2egym-qwen3-rl-64k-100-steps-1-attempt-1,55,4318,token_limit,812,0.7057850216484838,True
slimshetty/swebench-verified:sweb.eval.x86_64.pydata__xarray-3095,0.0,r2egym-qwen3-rl-64k-100-steps-1-attempt-1,53,865,token_limit,241,0.007577241288870963,False
slimshetty/swebench-verified:sweb.eval.x86_64.django__django-15563,0.0,r2egym-qwen3-rl-64k-100-steps-1-attempt-1,100,4389,abs_step_limit,29,0.6513548782017746,False
slimshetty/swebench-verified:sweb.eval.x86_64.sympy__sympy-15017,1.0,r2egym-qwen3-rl-64k-100-steps-1-attempt-1,100,1725,abs_step_limit,14,0.8670357718273068,True
slimshetty/swebench-verified:sweb.eval.x86_64.django__django-15732,0.0,r2egym-qwen3-rl-64k-100-steps-1-attempt-1,43,2174,agent_max_step_limit,125,0.7981867705385762,False
slimshetty/swebench-verified:sweb.eval.x86_64.matplotlib__matplotlib-22865,0.0,r2egym-qwen3-rl-64k-100-steps-1-attempt-1,55,3783,agent_max_step_limit,57,0.43782349911420193,False
slimshetty/swebench-verified:sweb.eval.x86_64.scikit-learn__scikit-learn-12682,0.0,r2egym-qwen3-rl-64k-100-steps-1-attempt-1,51,4542,agent_max_step_limit,66,0.6513548782017745,False
slimshetty/swebench-verified:sweb.eval.x86_64.django__django-11790,1.0,r2egym-qwen3-rl-64k-100-steps-1-attempt-1,16,1808,agent,77,0.7981867729389246,True
slimshetty/swebench-verified:sweb.eval.x86_64.django__django-12273,0.0,r2egym-qwen3-rl-64k-100-steps-1-attempt-1,63,2074,token_limit,27,0.0008040859126202029,False
slimshetty/swebench-verified:sweb.eval.x86_64.pydata__xarray-2905,0.0,r2egym-qwen3-rl-64k-100-steps-1-attempt-1,41,721,max_step_limit,364,0.8354835432479663,False
slimshetty/swebench-verified:sweb.eval.x86_64.django__django-16502,0.0,r2egym-qwen3-rl-64k-100-steps-1-attempt-1,89,2933,token_limit,4,0.731058584489497,False
slimshetty/swebench-verified:sweb.eval.x86_64.django__django-10880,0.0,r2egym-qwen3-rl-64k-100-steps-1-attempt-1,57,2712,agent_max_step_limit,54,0.8175744673038222,False
slimshetty/swebench-verified:sweb.eval.x86_64.django__django-16527,1.0,r2egym-qwen3-rl-64k-100-steps-1-attempt-1,38,3142,agent,6,0.8175744806385543,True
slimshetty/swebench-verified:sweb.eval.x86_64.sympy__sympy-23413,0.0,r2egym-qwen3-rl-64k-100-steps-1-attempt-1,96,1076,token_limit,2,0.0035936033592567054,False
slimshetty/swebench-verified:sweb.eval.x86_64.django__django-11095,1.0,r2egym-qwen3-rl-64k-100-steps-1-attempt-1,36,3675,agent,19,0.7772998560157665,True
slimshetty/swebench-verified:sweb.eval.x86_64.django__django-16631,0.0,r2egym-qwen3-rl-64k-100-steps-1-attempt-1,100,3831,abs_step_limit,12,0.8175744695262777,False
slimshetty/swebench-verified:sweb.eval.x86_64.astropy__astropy-7671,0.0,r2egym-qwen3-rl-64k-100-steps-1-attempt-1,100,1825,abs_step_limit,0,0.8175744761936437,False
slimshetty/swebench-verified:sweb.eval.x86_64.django__django-13837,1.0,r2egym-qwen3-rl-64k-100-steps-1-attempt-1,51,1329,token_limit,57,0.017986209863393495,True
slimshetty/swebench-verified:sweb.eval.x86_64.django__django-13279,0.0,r2egym-qwen3-rl-64k-100-steps-1-attempt-1,100,2609,abs_step_limit,346,0.8354835350552604,False
slimshetty/swebench-verified:sweb.eval.x86_64.django__django-16595,1.0,r2egym-qwen3-rl-64k-100-steps-1-attempt-1,52,4075,agent_max_step_limit,37,0.7981867705385762,True
slimshetty/swebench-verified:sweb.eval.x86_64.pytest-dev__pytest-7571,1.0,r2egym-qwen3-rl-64k-100-steps-1-attempt-1,25,2681,agent,14,0.8519528057272543,True
slimshetty/swebench-verified:sweb.eval.x86_64.sympy__sympy-15875,0.0,r2egym-qwen3-rl-64k-100-steps-1-attempt-1,36,623,agent,80,0.7772998663336158,False
slimshetty/swebench-verified:sweb.eval.x86_64.sympy__sympy-12419,1.0,r2egym-qwen3-rl-64k-100-steps-1-attempt-1,83,1261,token_limit,25,0.5621765008857982,True
slimshetty/swebench-verified:sweb.eval.x86_64.pydata__xarray-7393,0.0,r2egym-qwen3-rl-64k-100-steps-1-attempt-1,100,1393,abs_step_limit,71,0.03732688319437491,False
slimshetty/swebench-verified:sweb.eval.x86_64.sphinx-doc__sphinx-8593,1.0,r2egym-qwen3-rl-64k-100-steps-1-attempt-1,61,1343,token_limit,1,0.025957356020438766,True
slimshetty/swebench-verified:sweb.eval.x86_64.matplotlib__matplotlib-24177,0.0,r2egym-qwen3-rl-64k-100-steps-1-attempt-1,4,0,token_limit,768,0.00023050674237596333,False
slimshetty/swebench-verified:sweb.eval.x86_64.sphinx-doc__sphinx-9230,0.0,r2egym-qwen3-rl-64k-100-steps-1-attempt-1,70,1855,token_limit,44,0.5926665999540697,False
slimshetty/swebench-verified:sweb.eval.x86_64.django__django-11999,1.0,r2egym-qwen3-rl-64k-100-steps-1-attempt-1,100,2215,abs_step_limit,30,0.8519527944504227,True
slimshetty/swebench-verified:sweb.eval.x86_64.scikit-learn__scikit-learn-14087,0.0,r2egym-qwen3-rl-64k-100-steps-1-attempt-1,50,1711,token_limit,170,0.00407013839165391,False
slimshetty/swebench-verified:sweb.eval.x86_64.astropy__astropy-14182,0.0,r2egym-qwen3-rl-64k-100-steps-1-attempt-1,54,1591,token_limit,8,0.14804719427274565,False
slimshetty/swebench-verified:sweb.eval.x86_64.django__django-15731,0.0,r2egym-qwen3-rl-64k-100-steps-1-attempt-1,100,1059,abs_step_limit,58,0.0019267342711085603,False
slimshetty/swebench-verified:sweb.eval.x86_64.django__django-13794,0.0,r2egym-qwen3-rl-64k-100-steps-1-attempt-1,93,1274,token_limit,19,0.8807970779778824,False
slimshetty/swebench-verified:sweb.eval.x86_64.pytest-dev__pytest-8399,1.0,r2egym-qwen3-rl-64k-100-steps-1-attempt-1,23,551,agent,59,0.7057850278370112,True
slimshetty/swebench-verified:sweb.eval.x86_64.sphinx-doc__sphinx-11510,0.0,r2egym-qwen3-rl-64k-100-steps-1-attempt-1,27,0,token_limit,7,0.00012339453001128297,False
slimshetty/swebench-verified:sweb.eval.x86_64.django__django-14608,0.0,r2egym-qwen3-rl-64k-100-steps-1-attempt-1,49,3508,agent_max_step_limit,392,0.43782349911420193,False
slimshetty/swebench-verified:sweb.eval.x86_64.django__django-11820,0.0,r2egym-qwen3-rl-64k-100-steps-1-attempt-1,36,1812,agent,61,0.7057850278370112,False
slimshetty/swebench-verified:sweb.eval.x86_64.sphinx-doc__sphinx-8551,0.0,r2egym-qwen3-rl-64k-100-steps-1-attempt-1,82,1582,token_limit,32,0.5,False
slimshetty/swebench-verified:sweb.eval.x86_64.django__django-13786,1.0,r2egym-qwen3-rl-64k-100-steps-1-attempt-1,100,1916,abs_step_limit,33,0.817574478416099,True
slimshetty/swebench-verified:sweb.eval.x86_64.matplotlib__matplotlib-26208,0.0,r2egym-qwen3-rl-64k-100-steps-1-attempt-1,66,1131,token_limit,813,0.03308598208318718,False
slimshetty/swebench-verified:sweb.eval.x86_64.pylint-dev__pylint-4661,0.0,r2egym-qwen3-rl-64k-100-steps-1-attempt-1,24,1526,agent,0,0.6791786926816161,False
slimshetty/swebench-verified:sweb.eval.x86_64.sphinx-doc__sphinx-9591,0.0,r2egym-qwen3-rl-64k-100-steps-1-attempt-1,50,3341,token_limit,44,0.6513548714339145,False
slimshetty/swebench-verified:sweb.eval.x86_64.django__django-14915,0.0,r2egym-qwen3-rl-64k-100-steps-1-attempt-1,41,0,max_step_limit,23,0.002472622957359988,False
slimshetty/swebench-verified:sweb.eval.x86_64.sphinx-doc__sphinx-7440,1.0,r2egym-qwen3-rl-64k-100-steps-1-attempt-1,87,544,token_limit,12,0.10669059678604235,True
slimshetty/swebench-verified:sweb.eval.x86_64.django__django-16139,1.0,r2egym-qwen3-rl-64k-100-steps-1-attempt-1,70,2545,token_limit,86,0.8354835309589074,True
slimshetty/swebench-verified:sweb.eval.x86_64.sphinx-doc__sphinx-8475,1.0,r2egym-qwen3-rl-64k-100-steps-1-attempt-1,100,3327,abs_step_limit,17,0.798186775339273,True
slimshetty/swebench-verified:sweb.eval.x86_64.matplotlib__matplotlib-22871,0.0,r2egym-qwen3-rl-64k-100-steps-1-attempt-1,100,872,abs_step_limit,88,5.829124449727741e-05,False
slimshetty/swebench-verified:sweb.eval.x86_64.sympy__sympy-24562,1.0,r2egym-qwen3-rl-64k-100-steps-1-attempt-1,100,1619,abs_step_limit,105,0.8807970701552505,True
slimshetty/swebench-verified:sweb.eval.x86_64.django__django-11087,0.0,r2egym-qwen3-rl-64k-100-steps-1-attempt-1,48,0,token_limit,41,3.5356267520324244e-05,False
slimshetty/swebench-verified:sweb.eval.x86_64.sphinx-doc__sphinx-10673,0.0,r2egym-qwen3-rl-64k-100-steps-1-attempt-1,53,3973,agent_max_step_limit,9,0.7057850340255387,False
slimshetty/swebench-verified:sweb.eval.x86_64.sphinx-doc__sphinx-7462,0.0,r2egym-qwen3-rl-64k-100-steps-1-attempt-1,57,1465,token_limit,49,0.0005527787327870986,False
slimshetty/swebench-verified:sweb.eval.x86_64.django__django-11400,0.0,r2egym-qwen3-rl-64k-100-steps-1-attempt-1,86,5029,agent_max_step_limit,58,0.7549149868676283,False
slimshetty/swebench-verified:sweb.eval.x86_64.sympy__sympy-24213,1.0,r2egym-qwen3-rl-64k-100-steps-1-attempt-1,100,1469,abs_step_limit,31,0.7057850154599562,True
slimshetty/swebench-verified:sweb.eval.x86_64.astropy__astropy-13398,0.0,r2egym-qwen3-rl-64k-100-steps-1-attempt-1,47,3662,token_limit,63,0.010986942721672865,False
slimshetty/swebench-verified:sweb.eval.x86_64.sphinx-doc__sphinx-10449,1.0,r2egym-qwen3-rl-64k-100-steps-1-attempt-1,100,2087,abs_step_limit,30,0.7310585786300049,True
slimshetty/swebench-verified:sweb.eval.x86_64.pydata__xarray-6599,1.0,r2egym-qwen3-rl-64k-100-steps-1-attempt-1,30,1112,token_limit,264,0.5621765008857982,True
slimshetty/swebench-verified:sweb.eval.x86_64.django__django-16429,1.0,r2egym-qwen3-rl-64k-100-steps-1-attempt-1,39,2867,agent,21,0.22270014398423357,True
slimshetty/swebench-verified:sweb.eval.x86_64.mwaskom__seaborn-3187,0.0,r2egym-qwen3-rl-64k-100-steps-1-attempt-1,83,2189,token_limit,248,0.020332351302052524,False
slimshetty/swebench-verified:sweb.eval.x86_64.matplotlib__matplotlib-24627,1.0,r2egym-qwen3-rl-64k-100-steps-1-attempt-1,55,1324,agent_max_step_limit,776,0.8670357512127873,True
slimshetty/swebench-verified:sweb.eval.x86_64.scikit-learn__scikit-learn-25232,1.0,r2egym-qwen3-rl-64k-100-steps-1-attempt-1,29,2438,agent,214,0.7981867777396211,True
slimshetty/swebench-verified:sweb.eval.x86_64.matplotlib__matplotlib-20676,0.0,r2egym-qwen3-rl-64k-100-steps-1-attempt-1,98,0,token_limit,32,5.144219518617526e-05,False
slimshetty/swebench-verified:sweb.eval.x86_64.django__django-11728,0.0,r2egym-qwen3-rl-64k-100-steps-1-attempt-1,100,1682,abs_step_limit,43,0.00591106784929086,False
slimshetty/swebench-verified:sweb.eval.x86_64.sphinx-doc__sphinx-10323,0.0,r2egym-qwen3-rl-64k-100-steps-1-attempt-1,50,2955,agent_max_step_limit,38,0.7057850340255386,False
slimshetty/swebench-verified:sweb.eval.x86_64.django__django-10999,0.0,r2egym-qwen3-rl-64k-100-steps-1-attempt-1,100,1896,abs_step_limit,10,0.7310585786300049,False
slimshetty/swebench-verified:sweb.eval.x86_64.django__django-16485,1.0,r2egym-qwen3-rl-64k-100-steps-1-attempt-1,32,2192,agent,9,0.8670357494949105,True
slimshetty/swebench-verified:sweb.eval.x86_64.sphinx-doc__sphinx-9461,0.0,r2egym-qwen3-rl-64k-100-steps-1-attempt-1,100,1631,abs_step_limit,59,0.16451646904109268,False
slimshetty/swebench-verified:sweb.eval.x86_64.django__django-12774,0.0,r2egym-qwen3-rl-64k-100-steps-1-attempt-1,41,3542,max_step_limit,39,0.6224593382055109,False
slimshetty/swebench-verified:sweb.eval.x86_64.sphinx-doc__sphinx-9258,0.0,r2egym-qwen3-rl-64k-100-steps-1-attempt-1,38,1971,agent,45,0.7772998663336158,False
slimshetty/swebench-verified:sweb.eval.x86_64.pytest-dev__pytest-7521,0.0,r2egym-qwen3-rl-64k-100-steps-1-attempt-1,100,1375,token_limit,123,0.009708477690256305,False
slimshetty/swebench-verified:sweb.eval.x86_64.pytest-dev__pytest-5840,0.0,r2egym-qwen3-rl-64k-100-steps-1-attempt-1,47,2618,token_limit,51,0.7981867825403177,False
slimshetty/swebench-verified:sweb.eval.x86_64.sphinx-doc__sphinx-8621,1.0,r2egym-qwen3-rl-64k-100-steps-1-attempt-1,46,2335,token_limit,31,0.2942149597859341,True
slimshetty/swebench-verified:sweb.eval.x86_64.matplotlib__matplotlib-22719,1.0,r2egym-qwen3-rl-64k-100-steps-1-attempt-1,34,3408,agent,68,0.8519528019683106,True
slimshetty/swebench-verified:sweb.eval.x86_64.django__django-13112,0.0,r2egym-qwen3-rl-64k-100-steps-1-attempt-1,100,0,abs_step_limit,63,0.00026119024214924115,False
slimshetty/swebench-verified:sweb.eval.x86_64.psf__requests-1766,0.0,r2egym-qwen3-rl-64k-100-steps-1-attempt-1,100,1992,abs_step_limit,78,0.5926665999540698,False
slimshetty/swebench-verified:sweb.eval.x86_64.django__django-13516,0.0,r2egym-qwen3-rl-64k-100-steps-1-attempt-1,80,3921,token_limit,43,0.7310585727705126,False
slimshetty/swebench-verified:sweb.eval.x86_64.django__django-11179,1.0,r2egym-qwen3-rl-64k-100-steps-1-attempt-1,100,2004,abs_step_limit,40,0.8519527982093666,True
slimshetty/swebench-verified:sweb.eval.x86_64.django__django-13551,0.0,r2egym-qwen3-rl-64k-100-steps-1-attempt-1,52,2057,token_limit,56,0.679178699175393,False
slimshetty/swebench-verified:sweb.eval.x86_64.django__django-10914,1.0,r2egym-qwen3-rl-64k-100-steps-1-attempt-1,41,577,max_step_limit,98,0.7549149923816048,True
slimshetty/swebench-verified:sweb.eval.x86_64.django__django-16801,1.0,r2egym-qwen3-rl-64k-100-steps-1-attempt-1,70,4148,token_limit,17,0.5621765008857981,True
slimshetty/swebench-verified:sweb.eval.x86_64.django__django-16569,1.0,r2egym-qwen3-rl-64k-100-steps-1-attempt-1,15,664,agent,111,0.8670357701094303,True
slimshetty/swebench-verified:sweb.eval.x86_64.django__django-12155,1.0,r2egym-qwen3-rl-64k-100-steps-1-attempt-1,100,3211,abs_step_limit,6,0.7772998611746911,True
slimshetty/swebench-verified:sweb.eval.x86_64.matplotlib__matplotlib-20859,1.0,r2egym-qwen3-rl-64k-100-steps-1-attempt-1,94,2698,token_limit,88,0.8670357598021707,True
slimshetty/swebench-verified:sweb.eval.x86_64.django__django-14170,0.0,r2egym-qwen3-rl-64k-100-steps-1-attempt-1,92,2982,token_limit,67,0.5312093733737563,False
slimshetty/swebench-verified:sweb.eval.x86_64.django__django-13925,0.0,r2egym-qwen3-rl-64k-100-steps-1-attempt-1,66,0,token_limit,24,4.5397857730927956e-05,False
slimshetty/swebench-verified:sweb.eval.x86_64.scikit-learn__scikit-learn-11310,1.0,r2egym-qwen3-rl-64k-100-steps-1-attempt-1,48,1719,agent_max_step_limit,50,0.8175744828610095,True
slimshetty/swebench-verified:sweb.eval.x86_64.django__django-15629,0.0,r2egym-qwen3-rl-64k-100-steps-1-attempt-1,100,1916,abs_step_limit,115,0.37754066879814546,False
slimshetty/swebench-verified:sweb.eval.x86_64.django__django-15930,1.0,r2egym-qwen3-rl-64k-100-steps-1-attempt-1,100,2038,abs_step_limit,88,0.731058584489497,True
slimshetty/swebench-verified:sweb.eval.x86_64.sphinx-doc__sphinx-9367,1.0,r2egym-qwen3-rl-64k-100-steps-1-attempt-1,74,1842,token_limit,25,0.8670357666736772,True
slimshetty/swebench-verified:sweb.eval.x86_64.scikit-learn__scikit-learn-14629,0.0,r2egym-qwen3-rl-64k-100-steps-1-attempt-1,100,3791,abs_step_limit,24,0.005911070024637769,False
slimshetty/swebench-verified:sweb.eval.x86_64.django__django-15554,0.0,r2egym-qwen3-rl-64k-100-steps-1-attempt-1,63,2482,agent_max_step_limit,19,0.8175744850834648,False
slimshetty/swebench-verified:sweb.eval.x86_64.matplotlib__matplotlib-24149,1.0,r2egym-qwen3-rl-64k-100-steps-1-attempt-1,40,2081,agent,767,0.8670357632379241,True
slimshetty/swebench-verified:sweb.eval.x86_64.sympy__sympy-21847,1.0,r2egym-qwen3-rl-64k-100-steps-1-attempt-1,25,2815,agent,9,0.8354835309589074,True
slimshetty/swebench-verified:sweb.eval.x86_64.django__django-12050,1.0,r2egym-qwen3-rl-64k-100-steps-1-attempt-1,13,2406,agent,10,0.8670357477770336,True
slimshetty/swebench-verified:sweb.eval.x86_64.sympy__sympy-17318,0.0,r2egym-qwen3-rl-64k-100-steps-1-attempt-1,25,1011,agent,10,0.7981867801399695,False
slimshetty/swebench-verified:sweb.eval.x86_64.sympy__sympy-13615,0.0,r2egym-qwen3-rl-64k-100-steps-1-attempt-1,74,2150,token_limit,66,0.01590638993325676,False
slimshetty/swebench-verified:sweb.eval.x86_64.sphinx-doc__sphinx-8638,0.0,r2egym-qwen3-rl-64k-100-steps-1-attempt-1,100,1864,abs_step_limit,34,0.4073334000459302,False
slimshetty/swebench-verified:sweb.eval.x86_64.sympy__sympy-22714,1.0,r2egym-qwen3-rl-64k-100-steps-1-attempt-1,26,1168,agent,11,0.817574478416099,True
slimshetty/swebench-verified:sweb.eval.x86_64.sympy__sympy-13480,1.0,r2egym-qwen3-rl-64k-100-steps-1-attempt-1,37,1957,agent,43,0.8519528019683106,True
slimshetty/swebench-verified:sweb.eval.x86_64.pylint-dev__pylint-6386,0.0,r2egym-qwen3-rl-64k-100-steps-1-attempt-1,100,551,abs_step_limit,7,0.008577486522496007,False
slimshetty/swebench-verified:sweb.eval.x86_64.django__django-16661,0.0,r2egym-qwen3-rl-64k-100-steps-1-attempt-1,87,4514,token_limit,36,0.7549149813536518,False
slimshetty/swebench-verified:sweb.eval.x86_64.sphinx-doc__sphinx-7889,0.0,r2egym-qwen3-rl-64k-100-steps-1-attempt-1,100,1268,abs_step_limit,5,0.0001795279856796565,False
slimshetty/swebench-verified:sweb.eval.x86_64.scikit-learn__scikit-learn-12585,1.0,r2egym-qwen3-rl-64k-100-steps-1-attempt-1,25,2279,agent,22,0.8519527982093666,True
slimshetty/swebench-verified:sweb.eval.x86_64.django__django-14122,0.0,r2egym-qwen3-rl-64k-100-steps-1-attempt-1,82,2545,token_limit,25,0.008577484170290072,False
slimshetty/swebench-verified:sweb.eval.x86_64.django__django-15161,0.0,r2egym-qwen3-rl-64k-100-steps-1-attempt-1,96,0,token_limit,208,3.535624645944555e-05,False
slimshetty/swebench-verified:sweb.eval.x86_64.django__django-15572,1.0,r2egym-qwen3-rl-64k-100-steps-1-attempt-1,100,2906,abs_step_limit,10,0.6224593241981982,True
slimshetty/swebench-verified:sweb.eval.x86_64.django__django-14315,0.0,r2egym-qwen3-rl-64k-100-steps-1-attempt-1,43,522,agent_max_step_limit,0,0.8175744828610096,False
slimshetty/swebench-verified:sweb.eval.x86_64.sympy__sympy-22080,0.0,r2egym-qwen3-rl-64k-100-steps-1-attempt-1,44,422,token_limit,91,0.012431650372960141,False
slimshetty/swebench-verified:sweb.eval.x86_64.django__django-11964,0.0,r2egym-qwen3-rl-64k-100-steps-1-attempt-1,74,6760,token_limit,15,0.6224593312018546,False
slimshetty/swebench-verified:sweb.eval.x86_64.django__django-16082,1.0,r2egym-qwen3-rl-64k-100-steps-1-attempt-1,46,4332,agent_max_step_limit,170,0.7981867777396212,True
slimshetty/swebench-verified:sweb.eval.x86_64.scikit-learn__scikit-learn-26323,1.0,r2egym-qwen3-rl-64k-100-steps-1-attempt-1,10,625,agent,188,0.8807970764133561,True
slimshetty/swebench-verified:sweb.eval.x86_64.sphinx-doc__sphinx-8269,1.0,r2egym-qwen3-rl-64k-100-steps-1-attempt-1,100,3427,abs_step_limit,5,0.4378234991142019,True
slimshetty/swebench-verified:sweb.eval.x86_64.django__django-16899,0.0,r2egym-qwen3-rl-64k-100-steps-1-attempt-1,64,7691,token_limit,54,0.7981867729389246,False
slimshetty/swebench-verified:sweb.eval.x86_64.django__django-17029,1.0,r2egym-qwen3-rl-64k-100-steps-1-attempt-1,45,591,token_limit,43,0.8807970748488297,True
slimshetty/swebench-verified:sweb.eval.x86_64.pytest-dev__pytest-5631,1.0,r2egym-qwen3-rl-64k-100-steps-1-attempt-1,48,775,agent_max_step_limit,15,0.8175744850834648,True
slimshetty/swebench-verified:sweb.eval.x86_64.pytest-dev__pytest-5809,0.0,r2egym-qwen3-rl-64k-100-steps-1-attempt-1,29,543,llm_query_error,3,0.4073334000459302,False
slimshetty/swebench-verified:sweb.eval.x86_64.sympy__sympy-24661,1.0,r2egym-qwen3-rl-64k-100-steps-1-attempt-1,44,3157,agent_max_step_limit,27,0.8670357512127872,True
slimshetty/swebench-verified:sweb.eval.x86_64.django__django-13033,0.0,r2egym-qwen3-rl-64k-100-steps-1-attempt-1,37,3675,agent,24,0.7549149978955811,False
slimshetty/swebench-verified:sweb.eval.x86_64.sympy__sympy-14531,1.0,r2egym-qwen3-rl-64k-100-steps-1-attempt-1,62,1173,token_limit,84,0.7981867753392728,True
slimshetty/swebench-verified:sweb.eval.x86_64.astropy__astropy-7606,0.0,r2egym-qwen3-rl-64k-100-steps-1-attempt-1,21,1124,agent,0,0.8354835452961425,False
slimshetty/swebench-verified:sweb.eval.x86_64.matplotlib__matplotlib-23299,0.0,r2egym-qwen3-rl-64k-100-steps-1-attempt-1,41,2452,max_step_limit,192,0.8807970685907242,False
slimshetty/swebench-verified:sweb.eval.x86_64.sympy__sympy-17139,1.0,r2egym-qwen3-rl-64k-100-steps-1-attempt-1,34,1111,agent,67,0.7981867801399695,True
slimshetty/swebench-verified:sweb.eval.x86_64.matplotlib__matplotlib-25287,1.0,r2egym-qwen3-rl-64k-100-steps-1-attempt-1,41,2519,max_step_limit,786,0.8670357563664174,True
slimshetty/swebench-verified:sweb.eval.x86_64.django__django-11555,0.0,r2egym-qwen3-rl-64k-100-steps-1-attempt-1,98,7434,token_limit,26,0.7057850340255386,False
slimshetty/swebench-verified:sweb.eval.x86_64.django__django-14787,0.0,r2egym-qwen3-rl-64k-100-steps-1-attempt-1,75,3554,token_limit,17,0.8175744717487329,False
slimshetty/swebench-verified:sweb.eval.x86_64.pytest-dev__pytest-10081,1.0,r2egym-qwen3-rl-64k-100-steps-1-attempt-1,18,786,agent,63,0.7981867849406659,True
slimshetty/swebench-verified:sweb.eval.x86_64.django__django-14311,0.0,r2egym-qwen3-rl-64k-100-steps-1-attempt-1,35,2467,token_limit,57,0.012431650350092251,False
slimshetty/swebench-verified:sweb.eval.x86_64.sympy__sympy-16792,0.0,r2egym-qwen3-rl-64k-100-steps-1-attempt-1,100,2716,abs_step_limit,54,0.006692851704412042,False
slimshetty/swebench-verified:sweb.eval.x86_64.django__django-16493,0.0,r2egym-qwen3-rl-64k-100-steps-1-attempt-1,51,2591,agent_max_step_limit,91,0.7057850154599562,False
slimshetty/swebench-verified:sweb.eval.x86_64.sympy__sympy-18189,1.0,r2egym-qwen3-rl-64k-100-steps-1-attempt-1,36,2645,agent,41,0.8807970670261975,True
slimshetty/swebench-verified:sweb.eval.x86_64.django__django-13012,0.0,r2egym-qwen3-rl-64k-100-steps-1-attempt-1,89,3101,token_limit,137,0.5,False
slimshetty/swebench-verified:sweb.eval.x86_64.django__django-14534,0.0,r2egym-qwen3-rl-64k-100-steps-1-attempt-1,68,1447,token_limit,118,0.8354835452961425,False
slimshetty/swebench-verified:sweb.eval.x86_64.scikit-learn__scikit-learn-13328,1.0,r2egym-qwen3-rl-64k-100-steps-1-attempt-1,16,1501,agent,9,0.9046505421702796,True
slimshetty/swebench-verified:sweb.eval.x86_64.sphinx-doc__sphinx-11445,0.0,r2egym-qwen3-rl-64k-100-steps-1-attempt-1,99,1612,token_limit,8,0.00043055712253339687,False
slimshetty/swebench-verified:sweb.eval.x86_64.django__django-12209,0.0,r2egym-qwen3-rl-64k-100-steps-1-attempt-1,93,810,token_limit,0,0.46879062662624377,False
slimshetty/swebench-verified:sweb.eval.x86_64.pytest-dev__pytest-6197,0.0,r2egym-qwen3-rl-64k-100-steps-1-attempt-1,100,4783,abs_step_limit,144,0.6513548578981939,False
slimshetty/swebench-verified:sweb.eval.x86_64.django__django-11163,1.0,r2egym-qwen3-rl-64k-100-steps-1-attempt-1,100,1783,abs_step_limit,141,0.754914975839675,True
slimshetty/swebench-verified:sweb.eval.x86_64.astropy__astropy-14309,1.0,r2egym-qwen3-rl-64k-100-steps-1-attempt-1,71,576,token_limit,141,0.8519528057272543,True
slimshetty/swebench-verified:sweb.eval.x86_64.django__django-14725,0.0,r2egym-qwen3-rl-64k-100-steps-1-attempt-1,47,5293,token_limit,64,0.16451646494473965,False
slimshetty/swebench-verified:sweb.eval.x86_64.sphinx-doc__sphinx-9698,1.0,r2egym-qwen3-rl-64k-100-steps-1-attempt-1,15,624,agent,45,0.8354835391516133,True
slimshetty/swebench-verified:sweb.eval.x86_64.astropy__astropy-14508,0.0,r2egym-qwen3-rl-64k-100-steps-1-attempt-1,62,0,token_limit,174,2.4300246515109972e-05,False
slimshetty/swebench-verified:sweb.eval.x86_64.django__django-15741,1.0,r2egym-qwen3-rl-64k-100-steps-1-attempt-1,25,1801,agent,104,0.8670357477770336,True
slimshetty/swebench-verified:sweb.eval.x86_64.django__django-15280,0.0,r2egym-qwen3-rl-64k-100-steps-1-attempt-1,63,0,token_limit,85,0.0001088968957804414,False
slimshetty/swebench-verified:sweb.eval.x86_64.django__django-17087,0.0,r2egym-qwen3-rl-64k-100-steps-1-attempt-1,65,0,token_limit,53,6.605215237686751e-05,False
slimshetty/swebench-verified:sweb.eval.x86_64.django__django-12754,0.0,r2egym-qwen3-rl-64k-100-steps-1-attempt-1,100,6558,abs_step_limit,107,0.5621765008857981,False
slimshetty/swebench-verified:sweb.eval.x86_64.matplotlib__matplotlib-20488,0.0,r2egym-qwen3-rl-64k-100-steps-1-attempt-1,52,1833,agent_max_step_limit,110,0.2942149597859341,False
slimshetty/swebench-verified:sweb.eval.x86_64.sphinx-doc__sphinx-7748,0.0,r2egym-qwen3-rl-64k-100-steps-1-attempt-1,97,5085,token_limit,10,0.2689414213699951,False
slimshetty/swebench-verified:sweb.eval.x86_64.django__django-15851,1.0,r2egym-qwen3-rl-64k-100-steps-1-attempt-1,100,1564,abs_step_limit,8,0.8519527963298946,True
slimshetty/swebench-verified:sweb.eval.x86_64.django__django-11119,1.0,r2egym-qwen3-rl-64k-100-steps-1-attempt-1,43,888,agent_max_step_limit,7,0.8354835411997897,True
slimshetty/swebench-verified:sweb.eval.x86_64.pydata__xarray-4356,0.0,r2egym-qwen3-rl-64k-100-steps-1-attempt-1,85,2273,token_limit,0,0.0015011821052725027,False
slimshetty/swebench-verified:sweb.eval.x86_64.django__django-16032,0.0,r2egym-qwen3-rl-64k-100-steps-1-attempt-1,100,2287,abs_step_limit,77,0.0006263342224165133,False
slimshetty/swebench-verified:sweb.eval.x86_64.matplotlib__matplotlib-20826,0.0,r2egym-qwen3-rl-64k-100-steps-1-attempt-1,69,0,token_limit,673,0.0001398221067735684,False
slimshetty/swebench-verified:sweb.eval.x86_64.sympy__sympy-20590,0.0,r2egym-qwen3-rl-64k-100-steps-1-attempt-1,28,285,token_limit,21,0.01590639357784294,False
slimshetty/swebench-verified:sweb.eval.x86_64.django__django-16454,0.0,r2egym-qwen3-rl-64k-100-steps-1-attempt-1,59,1397,token_limit,45,0.8519528057272543,False
slimshetty/swebench-verified:sweb.eval.x86_64.astropy__astropy-14096,0.0,r2egym-qwen3-rl-64k-100-steps-1-attempt-1,41,651,token_limit,426,0.007577242290354993,False
slimshetty/swebench-verified:sweb.eval.x86_64.django__django-13807,0.0,r2egym-qwen3-rl-64k-100-steps-1-attempt-1,44,2625,agent_max_step_limit,38,0.7981867753392728,False
slimshetty/swebench-verified:sweb.eval.x86_64.pydata__xarray-4966,1.0,r2egym-qwen3-rl-64k-100-steps-1-attempt-1,64,3196,token_limit,21,0.7549149813536518,True
slimshetty/swebench-verified:sweb.eval.x86_64.sphinx-doc__sphinx-9658,0.0,r2egym-qwen3-rl-64k-100-steps-1-attempt-1,100,881,abs_step_limit,24,0.0024726235592043484,False
slimshetty/swebench-verified:sweb.eval.x86_64.sphinx-doc__sphinx-8120,1.0,r2egym-qwen3-rl-64k-100-steps-1-attempt-1,85,718,token_limit,44,0.8933094003735663,True
slimshetty/swebench-verified:sweb.eval.x86_64.sympy__sympy-14248,0.0,r2egym-qwen3-rl-64k-100-steps-1-attempt-1,79,2568,token_limit,432,0.34864512856608554,False
slimshetty/swebench-verified:sweb.eval.x86_64.django__django-14376,0.0,r2egym-qwen3-rl-64k-100-steps-1-attempt-1,90,5377,token_limit,6,0.8354835309589073,False
slimshetty/swebench-verified:sweb.eval.x86_64.sympy__sympy-18211,0.0,r2egym-qwen3-rl-64k-100-steps-1-attempt-1,32,666,agent,54,0.8519528019683105,False
slimshetty/swebench-verified:sweb.eval.x86_64.pytest-dev__pytest-5787,0.0,r2egym-qwen3-rl-64k-100-steps-1-attempt-1,60,0,token_limit,123,6.605212873279408e-05,False
slimshetty/swebench-verified:sweb.eval.x86_64.django__django-13406,0.0,r2egym-qwen3-rl-64k-100-steps-1-attempt-1,82,3967,agent_max_step_limit,30,0.7772998611746912,False
slimshetty/swebench-verified:sweb.eval.x86_64.sphinx-doc__sphinx-10435,0.0,r2egym-qwen3-rl-64k-100-steps-1-attempt-1,100,3838,abs_step_limit,74,0.5312093733737563,False
slimshetty/swebench-verified:sweb.eval.x86_64.django__django-14999,0.0,r2egym-qwen3-rl-64k-100-steps-1-attempt-1,75,4028,token_limit,113,0.880797068590724,False
slimshetty/swebench-verified:sweb.eval.x86_64.django__django-7530,1.0,r2egym-qwen3-rl-64k-100-steps-1-attempt-1,100,0,abs_step_limit,59,0.00015843615903863312,True
slimshetty/swebench-verified:sweb.eval.x86_64.sympy__sympy-12489,0.0,r2egym-qwen3-rl-64k-100-steps-1-attempt-1,100,3389,abs_step_limit,8,0.20181321505933414,False
slimshetty/swebench-verified:sweb.eval.x86_64.matplotlib__matplotlib-24570,1.0,r2egym-qwen3-rl-64k-100-steps-1-attempt-1,51,5123,agent_max_step_limit,267,0.8175744673038222,True
slimshetty/swebench-verified:sweb.eval.x86_64.sphinx-doc__sphinx-7590,0.0,r2egym-qwen3-rl-64k-100-steps-1-attempt-1,91,1583,token_limit,24,0.37754066879814546,False
slimshetty/swebench-verified:sweb.eval.x86_64.sympy__sympy-23824,1.0,r2egym-qwen3-rl-64k-100-steps-1-attempt-1,41,2187,max_step_limit,2,0.9046505267461572,True
slimshetty/swebench-verified:sweb.eval.x86_64.astropy__astropy-13453,0.0,r2egym-qwen3-rl-64k-100-steps-1-attempt-1,75,1517,token_limit,2,0.015906388096385633,False
slimshetty/swebench-verified:sweb.eval.x86_64.sympy__sympy-19495,1.0,r2egym-qwen3-rl-64k-100-steps-1-attempt-1,24,2591,agent,8,0.880797071719777,True
slimshetty/swebench-verified:sweb.eval.x86_64.sphinx-doc__sphinx-9320,1.0,r2egym-qwen3-rl-64k-100-steps-1-attempt-1,19,1934,agent,9,0.8519528019683105,True
slimshetty/swebench-verified:sweb.eval.x86_64.astropy__astropy-14369,0.0,r2egym-qwen3-rl-64k-100-steps-1-attempt-1,71,4325,token_limit,732,0.0021827160224288165,False
slimshetty/swebench-verified:sweb.eval.x86_64.django__django-15695,0.0,r2egym-qwen3-rl-64k-100-steps-1-attempt-1,97,7361,token_limit,123,0.7981867801399695,False
slimshetty/swebench-verified:sweb.eval.x86_64.pytest-dev__pytest-7324,0.0,r2egym-qwen3-rl-64k-100-steps-1-attempt-1,100,0,abs_step_limit,58,3.120191877064807e-05,False
slimshetty/swebench-verified:sweb.eval.x86_64.django__django-12325,0.0,r2egym-qwen3-rl-64k-100-steps-1-attempt-1,70,0,token_limit,201,1.892514146382353e-05,False
slimshetty/swebench-verified:sweb.eval.x86_64.django__django-14580,1.0,r2egym-qwen3-rl-64k-100-steps-1-attempt-1,94,3415,token_limit,49,0.7549149978955811,True
slimshetty/swebench-verified:sweb.eval.x86_64.pylint-dev__pylint-4970,0.0,r2egym-qwen3-rl-64k-100-steps-1-attempt-1,100,1564,abs_step_limit,17,0.6513548714339145,False
slimshetty/swebench-verified:sweb.eval.x86_64.django__django-13023,0.0,r2egym-qwen3-rl-64k-100-steps-1-attempt-1,100,1587,abs_step_limit,9,0.6513548714339145,False
slimshetty/swebench-verified:sweb.eval.x86_64.sympy__sympy-15599,0.0,r2egym-qwen3-rl-64k-100-steps-1-attempt-1,34,2403,token_limit,80,0.00522012667289762,False
slimshetty/swebench-verified:sweb.eval.x86_64.pytest-dev__pytest-7982,1.0,r2egym-qwen3-rl-64k-100-steps-1-attempt-1,35,4279,agent,78,0.8175744695262775,True
slimshetty/swebench-verified:sweb.eval.x86_64.scikit-learn__scikit-learn-25747,0.0,r2egym-qwen3-rl-64k-100-steps-1-attempt-1,18,1623,agent,14,0.8807970904940926,False
slimshetty/swebench-verified:sweb.eval.x86_64.pydata__xarray-6461,1.0,r2egym-qwen3-rl-64k-100-steps-1-attempt-1,48,2546,agent_max_step_limit,247,0.8807970779778824,True
slimshetty/swebench-verified:sweb.eval.x86_64.scikit-learn__scikit-learn-9288,1.0,r2egym-qwen3-rl-64k-100-steps-1-attempt-1,24,1281,agent,123,0.8807970701552505,True
slimshetty/swebench-verified:sweb.eval.x86_64.sphinx-doc__sphinx-8265,0.0,r2egym-qwen3-rl-64k-100-steps-1-attempt-1,100,906,abs_step_limit,22,0.0006263340944581568,False
slimshetty/swebench-verified:sweb.eval.x86_64.sympy__sympy-13878,1.0,r2egym-qwen3-rl-64k-100-steps-1-attempt-1,43,2732,agent_max_step_limit,19,0.5312093733737563,True
slimshetty/swebench-verified:sweb.eval.x86_64.django__django-11749,0.0,r2egym-qwen3-rl-64k-100-steps-1-attempt-1,59,2765,token_limit,19,0.004070137802725333,False
slimshetty/swebench-verified:sweb.eval.x86_64.django__django-13315,0.0,r2egym-qwen3-rl-64k-100-steps-1-attempt-1,42,5274,agent_max_step_limit,146,0.7981867729389246,False
slimshetty/swebench-verified:sweb.eval.x86_64.django__django-13028,1.0,r2egym-qwen3-rl-64k-100-steps-1-attempt-1,71,10382,token_limit,276,0.7310585786300049,True
slimshetty/swebench-verified:sweb.eval.x86_64.django__django-15916,0.0,r2egym-qwen3-rl-64k-100-steps-1-attempt-1,40,3404,agent,149,0.8354835289107309,False
slimshetty/swebench-verified:sweb.eval.x86_64.matplotlib__matplotlib-25332,0.0,r2egym-qwen3-rl-64k-100-steps-1-attempt-1,22,952,agent,181,0.8354835330070839,False
slimshetty/swebench-verified:sweb.eval.x86_64.django__django-14434,0.0,r2egym-qwen3-rl-64k-100-steps-1-attempt-1,56,4953,token_limit,115,0.025957358045494698,False
slimshetty/swebench-verified:sweb.eval.x86_64.pydata__xarray-4687,0.0,r2egym-qwen3-rl-64k-100-steps-1-attempt-1,56,691,token_limit,1717,0.18242551713899047,False
slimshetty/swebench-verified:sweb.eval.x86_64.sympy__sympy-21596,0.0,r2egym-qwen3-rl-64k-100-steps-1-attempt-1,43,1867,agent_max_step_limit,45,0.8670357494949105,False
slimshetty/swebench-verified:sweb.eval.x86_64.sphinx-doc__sphinx-10614,0.0,r2egym-qwen3-rl-64k-100-steps-1-attempt-1,100,3046,abs_step_limit,5,0.7549149923816048,False
slimshetty/swebench-verified:sweb.eval.x86_64.sphinx-doc__sphinx-10466,0.0,r2egym-qwen3-rl-64k-100-steps-1-attempt-1,100,1920,abs_step_limit,6,0.22270013882530887,False
slimshetty/swebench-verified:sweb.eval.x86_64.scikit-learn__scikit-learn-13779,0.0,r2egym-qwen3-rl-64k-100-steps-1-attempt-1,100,0,abs_step_limit,18,3.1201907631845964e-05,False
slimshetty/swebench-verified:sweb.eval.x86_64.django__django-15368,1.0,r2egym-qwen3-rl-64k-100-steps-1-attempt-1,100,2772,abs_step_limit,29,0.7310585786300048,True
slimshetty/swebench-verified:sweb.eval.x86_64.django__django-15375,0.0,r2egym-qwen3-rl-64k-100-steps-1-attempt-1,49,2220,agent_max_step_limit,87,0.7057850216484838,False
slimshetty/swebench-verified:sweb.eval.x86_64.sympy__sympy-17655,0.0,r2egym-qwen3-rl-64k-100-steps-1-attempt-1,38,1819,agent,9,0.10669059323555341,False
slimshetty/swebench-verified:sweb.eval.x86_64.django__django-11433,0.0,r2egym-qwen3-rl-64k-100-steps-1-attempt-1,74,3326,token_limit,138,0.5,False
slimshetty/swebench-verified:sweb.eval.x86_64.scikit-learn__scikit-learn-13142,1.0,r2egym-qwen3-rl-64k-100-steps-1-attempt-1,26,1532,agent,54,0.8354835432479661,True
slimshetty/swebench-verified:sweb.eval.x86_64.django__django-12276,1.0,r2egym-qwen3-rl-64k-100-steps-1-attempt-1,28,2209,agent,117,0.7549149923816048,True
slimshetty/swebench-verified:sweb.eval.x86_64.django__django-16100,1.0,r2egym-qwen3-rl-64k-100-steps-1-attempt-1,100,7398,abs_step_limit,59,0.7549149868676284,True
slimshetty/swebench-verified:sweb.eval.x86_64.django__django-13417,1.0,r2egym-qwen3-rl-64k-100-steps-1-attempt-1,48,2514,agent_max_step_limit,280,0.8519527944504227,True
slimshetty/swebench-verified:sweb.eval.x86_64.pylint-dev__pylint-7277,0.0,r2egym-qwen3-rl-64k-100-steps-1-attempt-1,70,1051,token_limit,120,0.009708477161973681,False
slimshetty/swebench-verified:sweb.eval.x86_64.django__django-13569,1.0,r2egym-qwen3-rl-64k-100-steps-1-attempt-1,100,2742,abs_step_limit,66,0.6513548646660542,True
slimshetty/swebench-verified:sweb.eval.x86_64.astropy__astropy-14539,1.0,r2egym-qwen3-rl-64k-100-steps-1-attempt-1,41,1366,max_step_limit,46,0.7772998663336158,True
slimshetty/swebench-verified:sweb.eval.x86_64.sympy__sympy-13852,0.0,r2egym-qwen3-rl-64k-100-steps-1-attempt-1,81,1132,token_limit,4,0.4378234991142019,False
slimshetty/swebench-verified:sweb.eval.x86_64.scikit-learn__scikit-learn-10297,1.0,r2egym-qwen3-rl-64k-100-steps-1-attempt-1,12,1495,agent,28,0.7310585669110202,True
slimshetty/swebench-verified:sweb.eval.x86_64.pydata__xarray-3305,0.0,r2egym-qwen3-rl-64k-100-steps-1-attempt-1,52,3722,token_limit,651,0.7981867825403176,False
slimshetty/swebench-verified:sweb.eval.x86_64.django__django-14792,0.0,r2egym-qwen3-rl-64k-100-steps-1-attempt-1,40,2740,agent,23,0.7981867777396212,False
slimshetty/swebench-verified:sweb.eval.x86_64.django__django-11532,0.0,r2egym-qwen3-rl-64k-100-steps-1-attempt-1,100,809,abs_step_limit,130,0.7310585727705126,False
slimshetty/swebench-verified:sweb.eval.x86_64.django__django-14089,1.0,r2egym-qwen3-rl-64k-100-steps-1-attempt-1,18,400,agent,43,0.8670357563664174,True
slimshetty/swebench-verified:sweb.eval.x86_64.sphinx-doc__sphinx-8459,0.0,r2egym-qwen3-rl-64k-100-steps-1-attempt-1,77,906,token_limit,17,0.0004305570278158316,False
slimshetty/swebench-verified:sweb.eval.x86_64.django__django-13401,0.0,r2egym-qwen3-rl-64k-100-steps-1-attempt-1,20,2765,agent,31,0.8519527963298947,False
slimshetty/swebench-verified:sweb.eval.x86_64.django__django-16136,1.0,r2egym-qwen3-rl-64k-100-steps-1-attempt-1,100,3541,abs_step_limit,7,0.8175744828610095,True
slimshetty/swebench-verified:sweb.eval.x86_64.django__django-15315,1.0,r2egym-qwen3-rl-64k-100-steps-1-attempt-1,34,1400,agent,33,0.7772998611746911,True
slimshetty/swebench-verified:sweb.eval.x86_64.sympy__sympy-20154,1.0,r2egym-qwen3-rl-64k-100-steps-1-attempt-1,29,833,agent,40,0.7772998560157665,True
slimshetty/swebench-verified:sweb.eval.x86_64.django__django-12858,1.0,r2egym-qwen3-rl-64k-100-steps-1-attempt-1,87,2609,token_limit,73,0.5621765008857981,True
slimshetty/swebench-verified:sweb.eval.x86_64.pytest-dev__pytest-10356,0.0,r2egym-qwen3-rl-64k-100-steps-1-attempt-1,45,0,token_limit,79,0.00012339463307117359,False
slimshetty/swebench-verified:sweb.eval.x86_64.django__django-16145,1.0,r2egym-qwen3-rl-64k-100-steps-1-attempt-1,43,3511,agent_max_step_limit,174,0.4687906266262437,True
slimshetty/swebench-verified:sweb.eval.x86_64.astropy__astropy-13579,1.0,r2egym-qwen3-rl-64k-100-steps-1-attempt-1,100,2551,abs_step_limit,40,0.7549149868676284,True
slimshetty/swebench-verified:sweb.eval.x86_64.matplotlib__matplotlib-24970,1.0,r2egym-qwen3-rl-64k-100-steps-1-attempt-1,42,3842,agent_max_step_limit,253,0.880797071719777,True
slimshetty/swebench-verified:sweb.eval.x86_64.django__django-12741,1.0,r2egym-qwen3-rl-64k-100-steps-1-attempt-1,64,2612,token_limit,67,0.7057850216484838,True
slimshetty/swebench-verified:sweb.eval.x86_64.django__django-15569,1.0,r2egym-qwen3-rl-64k-100-steps-1-attempt-1,100,1702,abs_step_limit,242,0.8175744828610095,True
slimshetty/swebench-verified:sweb.eval.x86_64.django__django-11951,0.0,r2egym-qwen3-rl-64k-100-steps-1-attempt-1,50,3523,token_limit,17,0.11920291107043361,False
slimshetty/swebench-verified:sweb.eval.x86_64.matplotlib__matplotlib-23476,0.0,r2egym-qwen3-rl-64k-100-steps-1-attempt-1,60,1436,token_limit,0,0.0028009272252960513,False
slimshetty/swebench-verified:sweb.eval.x86_64.astropy__astropy-14365,0.0,r2egym-qwen3-rl-64k-100-steps-1-attempt-1,14,477,agent,8,0.8519528076067262,False
slimshetty/swebench-verified:sweb.eval.x86_64.pytest-dev__pytest-6202,1.0,r2egym-qwen3-rl-64k-100-steps-1-attempt-1,66,427,token_limit,72,0.16451645675203383,True
slimshetty/swebench-verified:sweb.eval.x86_64.django__django-13121,0.0,r2egym-qwen3-rl-64k-100-steps-1-attempt-1,54,0,token_limit,168,2.430023203572232e-05,False
slimshetty/swebench-verified:sweb.eval.x86_64.django__django-11206,1.0,r2egym-qwen3-rl-64k-100-steps-1-attempt-1,54,2011,agent_max_step_limit,4,0.4073334000459302,True
slimshetty/swebench-verified:sweb.eval.x86_64.sphinx-doc__sphinx-7757,0.0,r2egym-qwen3-rl-64k-100-steps-1-attempt-1,73,4791,token_limit,33,0.02931222921441764,False
slimshetty/swebench-verified:sweb.eval.x86_64.django__django-15814,1.0,r2egym-qwen3-rl-64k-100-steps-1-attempt-1,100,1836,abs_step_limit,29,0.798186768138228,True
slimshetty/swebench-verified:sweb.eval.x86_64.sympy__sympy-16766,1.0,r2egym-qwen3-rl-64k-100-steps-1-attempt-1,31,1681,agent,7,0.8354835432479661,True
slimshetty/swebench-verified:sweb.eval.x86_64.django__django-15103,0.0,r2egym-qwen3-rl-64k-100-steps-1-attempt-1,32,5472,agent,17,0.7981867729389246,False
slimshetty/swebench-verified:sweb.eval.x86_64.django__django-11885,0.0,r2egym-qwen3-rl-64k-100-steps-1-attempt-1,54,2633,agent_max_step_limit,41,0.7981867849406659,False
slimshetty/swebench-verified:sweb.eval.x86_64.astropy__astropy-8872,0.0,r2egym-qwen3-rl-64k-100-steps-1-attempt-1,42,5390,token_limit,0,0.6791787056691698,False
slimshetty/swebench-verified:sweb.eval.x86_64.django__django-13741,0.0,r2egym-qwen3-rl-64k-100-steps-1-attempt-1,45,4578,agent_max_step_limit,0,0.817574478416099,False
slimshetty/swebench-verified:sweb.eval.x86_64.sympy__sympy-13974,0.0,r2egym-qwen3-rl-64k-100-steps-1-attempt-1,42,1594,token_limit,4,0.012431653734540278,False
slimshetty/swebench-verified:sweb.eval.x86_64.matplotlib__matplotlib-25311,0.0,r2egym-qwen3-rl-64k-100-steps-1-attempt-1,62,1902,token_limit,181,0.13296424019782924,False
slimshetty/swebench-verified:sweb.eval.x86_64.django__django-12708,0.0,r2egym-qwen3-rl-64k-100-steps-1-attempt-1,100,1705,abs_step_limit,101,0.0010322308649726316,False
slimshetty/swebench-verified:sweb.eval.x86_64.astropy__astropy-7336,0.0,r2egym-qwen3-rl-64k-100-steps-1-attempt-1,36,2903,agent,0,0.7772998611746911,False
slimshetty/swebench-verified:sweb.eval.x86_64.sphinx-doc__sphinx-9229,0.0,r2egym-qwen3-rl-64k-100-steps-1-attempt-1,38,2093,agent,13,0.7772998611746911,False
slimshetty/swebench-verified:sweb.eval.x86_64.django__django-16255,1.0,r2egym-qwen3-rl-64k-100-steps-1-attempt-1,65,524,token_limit,36,0.8933094145755219,True
slimshetty/swebench-verified:sweb.eval.x86_64.sympy__sympy-12096,1.0,r2egym-qwen3-rl-64k-100-steps-1-attempt-1,27,547,token_limit,43,0.5621765008857981,True
slimshetty/swebench-verified:sweb.eval.x86_64.pydata__xarray-4695,0.0,r2egym-qwen3-rl-64k-100-steps-1-attempt-1,45,0,agent_max_step_limit,875,0.00017952794340955194,False
slimshetty/swebench-verified:sweb.eval.x86_64.django__django-11066,1.0,r2egym-qwen3-rl-64k-100-steps-1-attempt-1,38,3535,token_limit,3,0.8519528057272543,True
slimshetty/swebench-verified:sweb.eval.x86_64.sphinx-doc__sphinx-9673,1.0,r2egym-qwen3-rl-64k-100-steps-1-attempt-1,100,2390,abs_step_limit,24,0.5312093733737562,True
slimshetty/swebench-verified:sweb.eval.x86_64.django__django-13810,1.0,r2egym-qwen3-rl-64k-100-steps-1-attempt-1,87,3756,token_limit,30,0.34864514210180597,True
slimshetty/swebench-verified:sweb.eval.x86_64.django__django-16315,0.0,r2egym-qwen3-rl-64k-100-steps-1-attempt-1,87,3062,token_limit,42,0.32082129433083023,False
slimshetty/swebench-verified:sweb.eval.x86_64.psf__requests-5414,1.0,r2egym-qwen3-rl-64k-100-steps-1-attempt-1,28,614,agent,130,0.7772998560157665,True
slimshetty/swebench-verified:sweb.eval.x86_64.pylint-dev__pylint-8898,0.0,r2egym-qwen3-rl-64k-100-steps-1-attempt-1,84,1364,token_limit,0,0.005911068495054136,False
slimshetty/swebench-verified:sweb.eval.x86_64.sympy__sympy-24539,1.0,r2egym-qwen3-rl-64k-100-steps-1-attempt-1,33,1970,agent,62,0.8354835432479661,True
slimshetty/swebench-verified:sweb.eval.x86_64.django__django-13590,0.0,r2egym-qwen3-rl-64k-100-steps-1-attempt-1,44,2120,agent_max_step_limit,140,0.651354857898194,False
slimshetty/swebench-verified:sweb.eval.x86_64.django__django-13512,0.0,r2egym-qwen3-rl-64k-100-steps-1-attempt-1,100,977,abs_step_limit,32,0.7057850216484839,False
slimshetty/swebench-verified:sweb.eval.x86_64.sympy__sympy-13031,0.0,r2egym-qwen3-rl-64k-100-steps-1-attempt-1,100,0,abs_step_limit,9,7.48462360342528e-05,False
slimshetty/swebench-verified:sweb.eval.x86_64.django__django-13212,0.0,r2egym-qwen3-rl-64k-100-steps-1-attempt-1,93,9428,token_limit,2,0.6513548714339144,False
slimshetty/swebench-verified:sweb.eval.x86_64.sphinx-doc__sphinx-8035,0.0,r2egym-qwen3-rl-64k-100-steps-1-attempt-1,62,2945,agent_max_step_limit,0,0.11920292671569666,False
slimshetty/swebench-verified:sweb.eval.x86_64.django__django-12039,0.0,r2egym-qwen3-rl-64k-100-steps-1-attempt-1,100,3371,abs_step_limit,11,0.7310585786300049,False
slimshetty/swebench-verified:sweb.eval.x86_64.django__django-13513,0.0,r2egym-qwen3-rl-64k-100-steps-1-attempt-1,82,1502,token_limit,83,0.20181322226037884,False
slimshetty/swebench-verified:sweb.eval.x86_64.django__django-12125,1.0,r2egym-qwen3-rl-64k-100-steps-1-attempt-1,76,3028,token_limit,45,0.5621765008857981,True
slimshetty/swebench-verified:sweb.eval.x86_64.pylint-dev__pylint-6528,1.0,r2egym-qwen3-rl-64k-100-steps-1-attempt-1,41,3365,max_step_limit,171,0.32082128783705344,True
slimshetty/swebench-verified:sweb.eval.x86_64.sphinx-doc__sphinx-8595,0.0,r2egym-qwen3-rl-64k-100-steps-1-attempt-1,80,2621,token_limit,0,0.0013250226043821291,False
slimshetty/swebench-verified:sweb.eval.x86_64.sphinx-doc__sphinx-9602,0.0,r2egym-qwen3-rl-64k-100-steps-1-attempt-1,17,1071,llm_query_error,45,0.0,False
slimshetty/swebench-verified:sweb.eval.x86_64.django__django-14765,1.0,r2egym-qwen3-rl-64k-100-steps-1-attempt-1,100,639,abs_step_limit,64,0.8519528038477824,True
slimshetty/swebench-verified:sweb.eval.x86_64.sympy__sympy-13877,1.0,r2egym-qwen3-rl-64k-100-steps-1-attempt-1,60,2412,token_limit,110,0.8519528038477825,True
slimshetty/swebench-verified:sweb.eval.x86_64.sympy__sympy-18763,1.0,r2egym-qwen3-rl-64k-100-steps-1-attempt-1,28,1270,agent,141,0.5,True
slimshetty/swebench-verified:sweb.eval.x86_64.psf__requests-1142,1.0,r2egym-qwen3-rl-64k-100-steps-1-attempt-1,46,3768,agent_max_step_limit,5,0.22270012850745968,True
slimshetty/swebench-verified:sweb.eval.x86_64.django__django-16263,0.0,r2egym-qwen3-rl-64k-100-steps-1-attempt-1,76,2867,token_limit,99,0.13296424706933604,False
slimshetty/swebench-verified:sweb.eval.x86_64.sympy__sympy-21612,0.0,r2egym-qwen3-rl-64k-100-steps-1-attempt-1,65,539,token_limit,98,0.020332354418614848,False
slimshetty/swebench-verified:sweb.eval.x86_64.psf__requests-6028,0.0,r2egym-qwen3-rl-64k-100-steps-1-attempt-1,45,1738,agent_max_step_limit,185,0.7310585786300049,False
slimshetty/swebench-verified:sweb.eval.x86_64.astropy__astropy-14995,1.0,r2egym-qwen3-rl-64k-100-steps-1-attempt-1,21,3037,agent,179,0.9046505293168444,True
slimshetty/swebench-verified:sweb.eval.x86_64.django__django-15973,0.0,r2egym-qwen3-rl-64k-100-steps-1-attempt-1,100,2492,abs_step_limit,157,0.5,False
slimshetty/swebench-verified:sweb.eval.x86_64.sympy__sympy-13372,1.0,r2egym-qwen3-rl-64k-100-steps-1-attempt-1,43,774,agent_max_step_limit,44,0.8807970873650403,True
slimshetty/swebench-verified:sweb.eval.x86_64.pydata__xarray-6721,0.0,r2egym-qwen3-rl-64k-100-steps-1-attempt-1,78,1738,token_limit,1405,0.8519528000888387,False
slimshetty/swebench-verified:sweb.eval.x86_64.pydata__xarray-6992,0.0,r2egym-qwen3-rl-64k-100-steps-1-attempt-1,41,3209,max_step_limit,945,0.7057850216484838,False
slimshetty/swebench-verified:sweb.eval.x86_64.astropy__astropy-7166,0.0,r2egym-qwen3-rl-64k-100-steps-1-attempt-1,30,1514,agent,0,0.8519528000888386,False
slimshetty/swebench-verified:sweb.eval.x86_64.django__django-12262,1.0,r2egym-qwen3-rl-64k-100-steps-1-attempt-1,58,2990,agent_max_step_limit,18,0.6224593312018546,True
slimshetty/swebench-verified:sweb.eval.x86_64.sympy__sympy-15809,0.0,r2egym-qwen3-rl-64k-100-steps-1-attempt-1,47,563,token_limit,10,0.8354835330070839,False
slimshetty/swebench-verified:sweb.eval.x86_64.django__django-14559,1.0,r2egym-qwen3-rl-64k-100-steps-1-attempt-1,42,4184,agent_max_step_limit,23,0.7057850340255386,True
slimshetty/swebench-verified:sweb.eval.x86_64.pydata__xarray-7229,0.0,r2egym-qwen3-rl-64k-100-steps-1-attempt-1,62,942,token_limit,270,0.754914997895581,False
slimshetty/swebench-verified:sweb.eval.x86_64.django__django-11099,0.0,r2egym-qwen3-rl-64k-100-steps-1-attempt-1,100,4008,abs_step_limit,0,0.7057850154599563,False
slimshetty/swebench-verified:sweb.eval.x86_64.django__django-14007,0.0,r2egym-qwen3-rl-64k-100-steps-1-attempt-1,55,4231,agent_max_step_limit,12,0.679178699175393,False
slimshetty/swebench-verified:sweb.eval.x86_64.django__django-12193,0.0,r2egym-qwen3-rl-64k-100-steps-1-attempt-1,98,3332,token_limit,11,0.8807970873650401,False
slimshetty/swebench-verified:sweb.eval.x86_64.matplotlib__matplotlib-24637,0.0,r2egym-qwen3-rl-64k-100-steps-1-attempt-1,100,1514,abs_step_limit,29,0.24508501864634824,False
slimshetty/swebench-verified:sweb.eval.x86_64.django__django-16667,0.0,r2egym-qwen3-rl-64k-100-steps-1-attempt-1,35,2794,agent,24,0.8175744695262775,False
slimshetty/swebench-verified:sweb.eval.x86_64.django__django-11276,1.0,r2egym-qwen3-rl-64k-100-steps-1-attempt-1,38,2172,agent,548,0.5621765008857981,True
slimshetty/swebench-verified:sweb.eval.x86_64.mwaskom__seaborn-3069,0.0,r2egym-qwen3-rl-64k-100-steps-1-attempt-1,50,2489,token_limit,93,0.4073334000459302,False
slimshetty/swebench-verified:sweb.eval.x86_64.django__django-11265,0.0,r2egym-qwen3-rl-64k-100-steps-1-attempt-1,96,2864,token_limit,30,0.7310585669110203,False
slimshetty/swebench-verified:sweb.eval.x86_64.django__django-13658,1.0,r2egym-qwen3-rl-64k-100-steps-1-attempt-1,100,1873,abs_step_limit,181,0.7772998611746912,True
slimshetty/swebench-verified:sweb.eval.x86_64.django__django-11734,0.0,r2egym-qwen3-rl-64k-100-steps-1-attempt-1,73,4195,token_limit,246,0.001501181936009209,False
slimshetty/swebench-verified:sweb.eval.x86_64.matplotlib__matplotlib-25479,0.0,r2egym-qwen3-rl-64k-100-steps-1-attempt-1,48,1295,agent_max_step_limit,263,0.8175744761936437,False
slimshetty/swebench-verified:sweb.eval.x86_64.sympy__sympy-13091,0.0,r2egym-qwen3-rl-64k-100-steps-1-attempt-1,52,1721,agent_max_step_limit,88,0.5312093733737563,False
slimshetty/swebench-verified:sweb.eval.x86_64.django__django-15525,0.0,r2egym-qwen3-rl-64k-100-steps-1-attempt-1,49,0,token_limit,53,5.1442195178315546e-05,False
slimshetty/swebench-verified:sweb.eval.x86_64.django__django-10554,0.0,r2egym-qwen3-rl-64k-100-steps-1-attempt-1,100,2414,abs_step_limit,0,0.5926665999540698,False
slimshetty/swebench-verified:sweb.eval.x86_64.django__django-11239,0.0,r2egym-qwen3-rl-64k-100-steps-1-attempt-1,29,2467,agent,5,0.8670357512127872,False
slimshetty/swebench-verified:sweb.eval.x86_64.astropy__astropy-13033,0.0,r2egym-qwen3-rl-64k-100-steps-1-attempt-1,100,0,abs_step_limit,20,3.120191879561992e-05,False
slimshetty/swebench-verified:sweb.eval.x86_64.pylint-dev__pylint-4551,0.0,r2egym-qwen3-rl-64k-100-steps-1-attempt-1,45,736,agent_max_step_limit,0,0.22270014914315836,False
slimshetty/swebench-verified:sweb.eval.x86_64.pytest-dev__pytest-5262,1.0,r2egym-qwen3-rl-64k-100-steps-1-attempt-1,31,2303,agent,108,0.8519528076067262,True
slimshetty/swebench-verified:sweb.eval.x86_64.matplotlib__matplotlib-26466,0.0,r2egym-qwen3-rl-64k-100-steps-1-attempt-1,100,1347,abs_step_limit,100,0.9149009625340367,False
slimshetty/swebench-verified:sweb.eval.x86_64.scikit-learn__scikit-learn-14141,1.0,r2egym-qwen3-rl-64k-100-steps-1-attempt-1,22,2471,agent,2,0.8175744828610095,True
slimshetty/swebench-verified:sweb.eval.x86_64.django__django-13809,0.0,r2egym-qwen3-rl-64k-100-steps-1-attempt-1,89,2582,token_limit,223,0.6513548782017745,False
slimshetty/swebench-verified:sweb.eval.x86_64.matplotlib__matplotlib-25122,1.0,r2egym-qwen3-rl-64k-100-steps-1-attempt-1,33,1722,agent,2476,0.851952809486198,True
slimshetty/swebench-verified:sweb.eval.x86_64.pydata__xarray-3993,0.0,r2egym-qwen3-rl-64k-100-steps-1-attempt-1,53,1479,agent_max_step_limit,2398,0.3208213138121609,False
slimshetty/swebench-verified:sweb.eval.x86_64.django__django-11848,1.0,r2egym-qwen3-rl-64k-100-steps-1-attempt-1,71,2743,token_limit,43,0.7772998663336158,True
slimshetty/swebench-verified:sweb.eval.x86_64.scikit-learn__scikit-learn-15100,1.0,r2egym-qwen3-rl-64k-100-steps-1-attempt-1,56,1718,token_limit,93,0.8354835371034368,True
slimshetty/swebench-verified:sweb.eval.x86_64.django__django-14500,0.0,r2egym-qwen3-rl-64k-100-steps-1-attempt-1,83,4434,token_limit,15,0.8175744850834648,False
slimshetty/swebench-verified:sweb.eval.x86_64.sympy__sympy-15349,1.0,r2egym-qwen3-rl-64k-100-steps-1-attempt-1,14,1932,agent,3,0.8519528000888386,True
slimshetty/swebench-verified:sweb.eval.x86_64.sympy__sympy-16886,1.0,r2egym-qwen3-rl-64k-100-steps-1-attempt-1,43,3853,agent_max_step_limit,42,0.6791786861878392,True
slimshetty/swebench-verified:sweb.eval.x86_64.django__django-13297,1.0,r2egym-qwen3-rl-64k-100-steps-1-attempt-1,100,6216,abs_step_limit,52,0.7057850340255386,True
slimshetty/swebench-verified:sweb.eval.x86_64.matplotlib__matplotlib-24026,0.0,r2egym-qwen3-rl-64k-100-steps-1-attempt-1,100,1673,abs_step_limit,0,0.0007096705125351208,False
slimshetty/swebench-verified:sweb.eval.x86_64.django__django-14631,0.0,r2egym-qwen3-rl-64k-100-steps-1-attempt-1,85,4151,token_limit,116,0.8670357735451835,False
slimshetty/swebench-verified:sweb.eval.x86_64.django__django-13363,1.0,r2egym-qwen3-rl-64k-100-steps-1-attempt-1,100,3353,abs_step_limit,76,0.7772998714925403,True
slimshetty/swebench-verified:sweb.eval.x86_64.django__django-11149,0.0,r2egym-qwen3-rl-64k-100-steps-1-attempt-1,56,3785,agent_max_step_limit,46,0.6224593312018546,False
slimshetty/swebench-verified:sweb.eval.x86_64.django__django-13410,1.0,r2egym-qwen3-rl-64k-100-steps-1-attempt-1,100,1377,abs_step_limit,40,0.8670357701094303,True
slimshetty/swebench-verified:sweb.eval.x86_64.django__django-10097,1.0,r2egym-qwen3-rl-64k-100-steps-1-attempt-1,41,0,max_step_limit,1432,0.0003799845716951572,True
slimshetty/swebench-verified:sweb.eval.x86_64.django__django-15037,1.0,r2egym-qwen3-rl-64k-100-steps-1-attempt-1,100,2471,abs_step_limit,14,0.7057850340255386,True
slimshetty/swebench-verified:sweb.eval.x86_64.django__django-15863,0.0,r2egym-qwen3-rl-64k-100-steps-1-attempt-1,40,1597,token_limit,1,0.02595735465470346,False
slimshetty/swebench-verified:sweb.eval.x86_64.django__django-16642,0.0,r2egym-qwen3-rl-64k-100-steps-1-attempt-1,31,3271,agent,19,0.40733340004593027,False
slimshetty/swebench-verified:sweb.eval.x86_64.django__django-11451,1.0,r2egym-qwen3-rl-64k-100-steps-1-attempt-1,100,1714,abs_step_limit,45,0.679178699175393,True
slimshetty/swebench-verified:sweb.eval.x86_64.django__django-13346,0.0,r2egym-qwen3-rl-64k-100-steps-1-attempt-1,90,2419,token_limit,0,0.0006263340849851588,False
slimshetty/swebench-verified:sweb.eval.x86_64.sympy__sympy-23534,1.0,r2egym-qwen3-rl-64k-100-steps-1-attempt-1,48,1243,agent_max_step_limit,11,0.8933094039240554,True
slimshetty/swebench-verified:sweb.eval.x86_64.django__django-11138,0.0,r2egym-qwen3-rl-64k-100-steps-1-attempt-1,93,2332,token_limit,73,0.7981867801399695,False
slimshetty/swebench-verified:sweb.eval.x86_64.sympy__sympy-21379,0.0,r2egym-qwen3-rl-64k-100-steps-1-attempt-1,37,2288,token_limit,0,0.008577485334513132,False
slimshetty/swebench-verified:sweb.eval.x86_64.sympy__sympy-17630,0.0,r2egym-qwen3-rl-64k-100-steps-1-attempt-1,45,2145,agent_max_step_limit,14,0.6791787121629466,False
slimshetty/swebench-verified:sweb.eval.x86_64.django__django-15380,0.0,r2egym-qwen3-rl-64k-100-steps-1-attempt-1,100,3283,abs_step_limit,133,0.32082131381216084,False
slimshetty/swebench-verified:sweb.eval.x86_64.pydata__xarray-3151,1.0,r2egym-qwen3-rl-64k-100-steps-1-attempt-1,38,2930,token_limit,66,0.8519528000888386,True
slimshetty/swebench-verified:sweb.eval.x86_64.sympy__sympy-13757,0.0,r2egym-qwen3-rl-64k-100-steps-1-attempt-1,65,2826,token_limit,0,0.053403326975043915,False
slimshetty/swebench-verified:sweb.eval.x86_64.django__django-14017,0.0,r2egym-qwen3-rl-64k-100-steps-1-attempt-1,100,0,abs_step_limit,147,2.144494328201519e-05,False
slimshetty/swebench-verified:sweb.eval.x86_64.astropy__astropy-13977,0.0,r2egym-qwen3-rl-64k-100-steps-1-attempt-1,35,804,token_limit,318,0.8670357512127872,False
slimshetty/swebench-verified:sweb.eval.x86_64.django__django-13964,0.0,r2egym-qwen3-rl-64k-100-steps-1-attempt-1,100,4652,abs_step_limit,36,0.5621765008857982,False
slimshetty/swebench-verified:sweb.eval.x86_64.django__django-11141,0.0,r2egym-qwen3-rl-64k-100-steps-1-attempt-1,83,4348,token_limit,24,0.7981867777396212,False
slimshetty/swebench-verified:sweb.eval.x86_64.django__django-13195,0.0,r2egym-qwen3-rl-64k-100-steps-1-attempt-1,100,2027,abs_step_limit,381,0.3775406687981454,False
slimshetty/swebench-verified:sweb.eval.x86_64.pydata__xarray-6744,0.0,r2egym-qwen3-rl-64k-100-steps-1-attempt-1,31,2448,token_limit,1801,0.20181321265898594,False
slimshetty/swebench-verified:sweb.eval.x86_64.django__django-15252,0.0,r2egym-qwen3-rl-64k-100-steps-1-attempt-1,100,3528,abs_step_limit,34,0.679178686187839,False
slimshetty/swebench-verified:sweb.eval.x86_64.sphinx-doc__sphinx-7910,1.0,r2egym-qwen3-rl-64k-100-steps-1-attempt-1,81,3381,token_limit,16,0.5926665999540698,True
slimshetty/swebench-verified:sweb.eval.x86_64.django__django-14053,1.0,r2egym-qwen3-rl-64k-100-steps-1-attempt-1,100,1299,abs_step_limit,31,0.8670357701094303,True
slimshetty/swebench-verified:sweb.eval.x86_64.sympy__sympy-19954,1.0,r2egym-qwen3-rl-64k-100-steps-1-attempt-6,42,1213,agent_max_step_limit,56,0.8519528000888387,True
slimshetty/swebench-verified:sweb.eval.x86_64.django__django-13449,0.0,r2egym-qwen3-rl-64k-100-steps-1-attempt-6,26,2067,agent,46,0.8519527982093666,False
slimshetty/swebench-verified:sweb.eval.x86_64.django__django-13109,1.0,r2egym-qwen3-rl-64k-100-steps-1-attempt-1,100,3490,abs_step_limit,170,0.8175744695262777,True
slimshetty/swebench-verified:sweb.eval.x86_64.django__django-15503,0.0,r2egym-qwen3-rl-64k-100-steps-1-attempt-1,59,4060,token_limit,76,0.09534945525903342,False
slimshetty/swebench-verified:sweb.eval.x86_64.astropy__astropy-14598,0.0,r2egym-qwen3-rl-64k-100-steps-1-attempt-1,44,0,token_limit,175,0.00023050671179166796,False
slimshetty/swebench-verified:sweb.eval.x86_64.sympy__sympy-12481,1.0,r2egym-qwen3-rl-64k-100-steps-1-attempt-6,19,1707,agent,7,0.7981867873410141,True
slimshetty/swebench-verified:sweb.eval.x86_64.sympy__sympy-14976,0.0,r2egym-qwen3-rl-64k-100-steps-1-attempt-6,37,1342,agent,13,0.8519527963298947,False
slimshetty/swebench-verified:sweb.eval.x86_64.django__django-15278,0.0,r2egym-qwen3-rl-64k-100-steps-1-attempt-6,61,702,token_limit,138,0.0006263343041393611,False
slimshetty/swebench-verified:sweb.eval.x86_64.astropy__astropy-8707,0.0,r2egym-qwen3-rl-64k-100-steps-1-attempt-6,38,2786,agent,4,0.7772998560157665,False
slimshetty/swebench-verified:sweb.eval.x86_64.sympy__sympy-19346,1.0,r2egym-qwen3-rl-64k-100-steps-1-attempt-6,26,1283,agent,40,0.8175744806385543,True
slimshetty/swebench-verified:sweb.eval.x86_64.matplotlib__matplotlib-25775,1.0,r2egym-qwen3-rl-64k-100-steps-1-attempt-6,24,2246,agent,89,0.651354857898194,True
slimshetty/swebench-verified:sweb.eval.x86_64.django__django-13089,1.0,r2egym-qwen3-rl-64k-100-steps-1-attempt-6,25,4265,agent,352,0.8175744761936437,True
slimshetty/swebench-verified:sweb.eval.x86_64.sympy__sympy-24443,1.0,r2egym-qwen3-rl-64k-100-steps-1-attempt-6,13,908,agent,1,0.7772998560157663,True
slimshetty/swebench-verified:sweb.eval.x86_64.django__django-11603,1.0,r2egym-qwen3-rl-64k-100-steps-1-attempt-6,100,635,abs_step_limit,58,0.8354835330070839,True
slimshetty/swebench-verified:sweb.eval.x86_64.psf__requests-1724,1.0,r2egym-qwen3-rl-64k-100-steps-1-attempt-6,33,2060,agent,79,0.8670357546485407,True
slimshetty/swebench-verified:sweb.eval.x86_64.scikit-learn__scikit-learn-25931,0.0,r2egym-qwen3-rl-64k-100-steps-1-attempt-6,63,0,token_limit,21,7.484620904971269e-05,False
slimshetty/swebench-verified:sweb.eval.x86_64.sympy__sympy-18199,0.0,r2egym-qwen3-rl-64k-100-steps-1-attempt-6,40,1493,agent,113,0.8519528076067262,False
slimshetty/swebench-verified:sweb.eval.x86_64.pytest-dev__pytest-7205,1.0,r2egym-qwen3-rl-64k-100-steps-1-attempt-6,100,596,abs_step_limit,16,0.7981867777396212,True
slimshetty/swebench-verified:sweb.eval.x86_64.sympy__sympy-19783,1.0,r2egym-qwen3-rl-64k-100-steps-1-attempt-6,40,1184,agent,9,0.7310585786300049,True
slimshetty/swebench-verified:sweb.eval.x86_64.django__django-11299,0.0,r2egym-qwen3-rl-64k-100-steps-1-attempt-6,66,2949,agent_max_step_limit,103,0.8175744806385543,False
slimshetty/swebench-verified:sweb.eval.x86_64.pylint-dev__pylint-7080,0.0,r2egym-qwen3-rl-64k-100-steps-1-attempt-6,41,656,max_step_limit,121,0.8670357666736772,False
slimshetty/swebench-verified:sweb.eval.x86_64.scikit-learn__scikit-learn-14496,1.0,r2egym-qwen3-rl-64k-100-steps-1-attempt-6,53,538,agent_max_step_limit,39,0.1329642316084462,True
slimshetty/swebench-verified:sweb.eval.x86_64.django__django-11133,1.0,r2egym-qwen3-rl-64k-100-steps-1-attempt-6,27,1390,agent,64,0.817574471748733,True
slimshetty/swebench-verified:sweb.eval.x86_64.django__django-14140,0.0,r2egym-qwen3-rl-64k-100-steps-1-attempt-6,11,1940,agent,199,0.8354835371034368,False
slimshetty/swebench-verified:sweb.eval.x86_64.django__django-16116,1.0,r2egym-qwen3-rl-64k-100-steps-1-attempt-6,59,2842,token_limit,137,0.8354835289107307,True
slimshetty/swebench-verified:sweb.eval.x86_64.django__django-13821,1.0,r2egym-qwen3-rl-64k-100-steps-1-attempt-6,100,1115,abs_step_limit,14,0.8519528057272543,True
slimshetty/swebench-verified:sweb.eval.x86_64.pallets__flask-5014,1.0,r2egym-qwen3-rl-64k-100-steps-1-attempt-6,41,1867,max_step_limit,59,0.7549149923816048,True
slimshetty/swebench-verified:sweb.eval.x86_64.django__django-16901,1.0,r2egym-qwen3-rl-64k-100-steps-1-attempt-6,100,2071,abs_step_limit,6,0.5621765008857981,True
slimshetty/swebench-verified:sweb.eval.x86_64.django__django-15561,1.0,r2egym-qwen3-rl-64k-100-steps-1-attempt-6,100,4033,abs_step_limit,141,0.7057850154599562,True
slimshetty/swebench-verified:sweb.eval.x86_64.django__django-16662,1.0,r2egym-qwen3-rl-64k-100-steps-1-attempt-6,90,731,token_limit,51,0.8175744739711884,True
slimshetty/swebench-verified:sweb.eval.x86_64.django__django-12308,0.0,r2egym-qwen3-rl-64k-100-steps-1-attempt-6,100,1592,abs_step_limit,19,0.8670357666736772,False
slimshetty/swebench-verified:sweb.eval.x86_64.scikit-learn__scikit-learn-14053,1.0,r2egym-qwen3-rl-64k-100-steps-1-attempt-6,14,707,agent,5,0.8354835391516133,True
slimshetty/swebench-verified:sweb.eval.x86_64.scikit-learn__scikit-learn-26194,0.0,r2egym-qwen3-rl-64k-100-steps-1-attempt-6,30,733,agent,186,0.7549149923816048,False
slimshetty/swebench-verified:sweb.eval.x86_64.django__django-16560,0.0,r2egym-qwen3-rl-64k-100-steps-1-attempt-6,100,3474,abs_step_limit,66,0.010986942407953951,False
slimshetty/swebench-verified:sweb.eval.x86_64.sympy__sympy-23262,0.0,r2egym-qwen3-rl-64k-100-steps-1-attempt-6,70,0,token_limit,61,4.0063706476368846e-05,False
slimshetty/swebench-verified:sweb.eval.x86_64.psf__requests-2931,1.0,r2egym-qwen3-rl-64k-100-steps-1-attempt-6,40,1344,agent,84,0.46879062662624377,True
slimshetty/swebench-verified:sweb.eval.x86_64.django__django-11333,0.0,r2egym-qwen3-rl-64k-100-steps-1-attempt-6,100,921,abs_step_limit,0,0.00020342689927525958,False
slimshetty/swebench-verified:sweb.eval.x86_64.django__django-13343,1.0,r2egym-qwen3-rl-64k-100-steps-1-attempt-6,100,2132,abs_step_limit,130,0.8354835391516133,True
slimshetty/swebench-verified:sweb.eval.x86_64.sympy__sympy-13551,0.0,r2egym-qwen3-rl-64k-100-steps-1-attempt-6,100,1894,abs_step_limit,17,0.0019267348061560727,False
slimshetty/swebench-verified:sweb.eval.x86_64.sympy__sympy-22456,1.0,r2egym-qwen3-rl-64k-100-steps-1-attempt-6,49,639,agent_max_step_limit,29,0.40733340004593027,True
slimshetty/swebench-verified:sweb.eval.x86_64.sympy__sympy-16597,0.0,r2egym-qwen3-rl-64k-100-steps-1-attempt-6,41,1824,max_step_limit,74,0.5621765008857981,False
slimshetty/swebench-verified:sweb.eval.x86_64.sphinx-doc__sphinx-7985,0.0,r2egym-qwen3-rl-64k-100-steps-1-attempt-6,100,2718,abs_step_limit,3,0.05340333507274788,False
slimshetty/swebench-verified:sweb.eval.x86_64.django__django-11490,0.0,r2egym-qwen3-rl-64k-100-steps-1-attempt-6,61,3743,token_limit,22,0.8354835350552603,False
slimshetty/swebench-verified:sweb.eval.x86_64.pydata__xarray-4629,1.0,r2egym-qwen3-rl-64k-100-steps-1-attempt-6,19,2255,agent,32,0.8670357615200475,True
slimshetty/swebench-verified:sweb.eval.x86_64.django__django-14349,1.0,r2egym-qwen3-rl-64k-100-steps-1-attempt-6,11,701,agent,18,0.8175744739711883,True
slimshetty/swebench-verified:sweb.eval.x86_64.matplotlib__matplotlib-13989,1.0,r2egym-qwen3-rl-64k-100-steps-1-attempt-6,51,1428,agent_max_step_limit,411,0.9046505447409666,True
slimshetty/swebench-verified:sweb.eval.x86_64.django__django-14855,1.0,r2egym-qwen3-rl-64k-100-steps-1-attempt-6,100,5126,abs_step_limit,325,0.8354835330070839,True
slimshetty/swebench-verified:sweb.eval.x86_64.matplotlib__matplotlib-24870,0.0,r2egym-qwen3-rl-64k-100-steps-1-attempt-6,43,3213,agent_max_step_limit,65,0.8354835309589073,False
slimshetty/swebench-verified:sweb.eval.x86_64.django__django-14672,1.0,r2egym-qwen3-rl-64k-100-steps-1-attempt-6,33,3332,agent,0,0.8354835432479661,True
slimshetty/swebench-verified:sweb.eval.x86_64.django__django-14034,0.0,r2egym-qwen3-rl-64k-100-steps-1-attempt-6,35,2021,agent,12,0.8519528057272543,False
slimshetty/swebench-verified:sweb.eval.x86_64.django__django-14752,0.0,r2egym-qwen3-rl-64k-100-steps-1-attempt-6,86,4687,token_limit,0,0.46879062662624377,False
slimshetty/swebench-verified:sweb.eval.x86_64.django__django-11211,0.0,r2egym-qwen3-rl-64k-100-steps-1-attempt-6,41,5600,token_limit,71,0.13296423504419935,False
slimshetty/swebench-verified:sweb.eval.x86_64.django__django-17084,0.0,r2egym-qwen3-rl-64k-100-steps-1-attempt-6,91,4140,token_limit,44,0.5312093733737563,False
slimshetty/swebench-verified:sweb.eval.x86_64.sympy__sympy-16450,1.0,r2egym-qwen3-rl-64k-100-steps-1-attempt-6,66,2762,token_limit,38,0.8519527982093668,True
slimshetty/swebench-verified:sweb.eval.x86_64.sympy__sympy-14711,1.0,r2egym-qwen3-rl-64k-100-steps-1-attempt-6,34,885,agent,2,0.8933094088947399,True
slimshetty/swebench-verified:sweb.eval.x86_64.django__django-9296,1.0,r2egym-qwen3-rl-64k-100-steps-1-attempt-6,19,499,agent,20,0.8519528057272543,True
slimshetty/swebench-verified:sweb.eval.x86_64.django__django-14771,0.0,r2egym-qwen3-rl-64k-100-steps-1-attempt-6,41,2963,max_step_limit,60,0.8175744739711883,False
slimshetty/swebench-verified:sweb.eval.x86_64.sphinx-doc__sphinx-9281,1.0,r2egym-qwen3-rl-64k-100-steps-1-attempt-6,46,1189,agent_max_step_limit,38,0.8807970842359877,True
slimshetty/swebench-verified:sweb.eval.x86_64.django__django-16256,0.0,r2egym-qwen3-rl-64k-100-steps-1-attempt-6,51,0,token_limit,53,7.484624480293717e-05,False
slimshetty/swebench-verified:sweb.eval.x86_64.sphinx-doc__sphinx-7454,0.0,r2egym-qwen3-rl-64k-100-steps-1-attempt-6,100,2887,abs_step_limit,27,0.09534946939781194,False
slimshetty/swebench-verified:sweb.eval.x86_64.django__django-14539,1.0,r2egym-qwen3-rl-64k-100-steps-1-attempt-6,17,1814,agent,14,0.6513548646660543,True
slimshetty/swebench-verified:sweb.eval.x86_64.django__django-15098,0.0,r2egym-qwen3-rl-64k-100-steps-1-attempt-6,100,2506,abs_step_limit,87,0.40733340004593027,False
slimshetty/swebench-verified:sweb.eval.x86_64.sympy__sympy-18698,0.0,r2egym-qwen3-rl-64k-100-steps-1-attempt-6,67,656,token_limit,147,0.001700722438316153,False
slimshetty/swebench-verified:sweb.eval.x86_64.django__django-16333,1.0,r2egym-qwen3-rl-64k-100-steps-1-attempt-6,100,4247,token_limit,87,0.7772998611746911,True
slimshetty/swebench-verified:sweb.eval.x86_64.pylint-dev__pylint-4604,0.0,r2egym-qwen3-rl-64k-100-steps-1-attempt-6,37,2083,agent,0,0.7772998663336157,False
slimshetty/swebench-verified:sweb.eval.x86_64.sympy__sympy-19040,0.0,r2egym-qwen3-rl-64k-100-steps-1-attempt-6,58,0,token_limit,148,0.00010889689563466869,False
slimshetty/swebench-verified:sweb.eval.x86_64.scikit-learn__scikit-learn-13124,0.0,r2egym-qwen3-rl-64k-100-steps-1-attempt-6,48,2494,agent_max_step_limit,59,0.3486451488696663,False
slimshetty/swebench-verified:sweb.eval.x86_64.astropy__astropy-12907,0.0,r2egym-qwen3-rl-64k-100-steps-1-attempt-6,61,3538,token_limit,8,0.005911070005483769,False
slimshetty/swebench-verified:sweb.eval.x86_64.scikit-learn__scikit-learn-25102,1.0,r2egym-qwen3-rl-64k-100-steps-1-attempt-6,13,1453,agent,59,0.7772998611746911,True
slimshetty/swebench-verified:sweb.eval.x86_64.sympy__sympy-15976,0.0,r2egym-qwen3-rl-64k-100-steps-1-attempt-6,47,0,token_limit,37,0.0006263343039207533,False
slimshetty/swebench-verified:sweb.eval.x86_64.django__django-13670,1.0,r2egym-qwen3-rl-64k-100-steps-1-attempt-6,33,2943,agent,17,0.8519528000888387,True
slimshetty/swebench-verified:sweb.eval.x86_64.django__django-15022,0.0,r2egym-qwen3-rl-64k-100-steps-1-attempt-6,100,4572,abs_step_limit,45,0.7549149868676283,False
slimshetty/swebench-verified:sweb.eval.x86_64.django__django-14373,1.0,r2egym-qwen3-rl-64k-100-steps-1-attempt-6,22,2266,agent,19,0.7981867681382279,True
slimshetty/swebench-verified:sweb.eval.x86_64.django__django-11551,1.0,r2egym-qwen3-rl-64k-100-steps-1-attempt-6,100,3756,abs_step_limit,119,0.7981867729389246,True
slimshetty/swebench-verified:sweb.eval.x86_64.django__django-14155,0.0,r2egym-qwen3-rl-64k-100-steps-1-attempt-6,59,1829,token_limit,89,0.7057850340255386,False
slimshetty/swebench-verified:sweb.eval.x86_64.django__django-13820,1.0,r2egym-qwen3-rl-64k-100-steps-1-attempt-6,47,6353,agent_max_step_limit,24,0.7549149923816048,True
slimshetty/swebench-verified:sweb.eval.x86_64.django__django-15277,1.0,r2egym-qwen3-rl-64k-100-steps-1-attempt-6,65,1811,token_limit,158,0.880797068590724,True
slimshetty/swebench-verified:sweb.eval.x86_64.django__django-16612,0.0,r2egym-qwen3-rl-64k-100-steps-1-attempt-6,100,1725,abs_step_limit,335,0.7549149868676283,False
slimshetty/swebench-verified:sweb.eval.x86_64.pydata__xarray-7233,1.0,r2egym-qwen3-rl-64k-100-steps-1-attempt-6,23,1957,agent,189,0.9046505402422645,True
slimshetty/swebench-verified:sweb.eval.x86_64.django__django-11815,1.0,r2egym-qwen3-rl-64k-100-steps-1-attempt-6,77,2344,token_limit,44,0.7981867705385763,True
slimshetty/swebench-verified:sweb.eval.x86_64.sympy__sympy-22914,1.0,r2egym-qwen3-rl-64k-100-steps-1-attempt-6,33,1562,agent,17,0.817574471748733,True
slimshetty/swebench-verified:sweb.eval.x86_64.pydata__xarray-3677,1.0,r2egym-qwen3-rl-64k-100-steps-1-attempt-6,97,1361,token_limit,21,0.9046505370289057,True
slimshetty/swebench-verified:sweb.eval.x86_64.sympy__sympy-24066,0.0,r2egym-qwen3-rl-64k-100-steps-1-attempt-6,91,3466,token_limit,0,0.015906393111335862,False
slimshetty/swebench-verified:sweb.eval.x86_64.django__django-12663,0.0,r2egym-qwen3-rl-64k-100-steps-1-attempt-6,100,0,token_limit,135,4.539786317522845e-05,False
slimshetty/swebench-verified:sweb.eval.x86_64.django__django-15499,1.0,r2egym-qwen3-rl-64k-100-steps-1-attempt-6,73,2389,token_limit,35,0.880797085800514,True
slimshetty/swebench-verified:sweb.eval.x86_64.sphinx-doc__sphinx-8548,0.0,r2egym-qwen3-rl-64k-100-steps-1-attempt-6,86,2609,token_limit,5,0.8354835330070839,False
slimshetty/swebench-verified:sweb.eval.x86_64.django__django-13128,0.0,r2egym-qwen3-rl-64k-100-steps-1-attempt-6,77,0,token_limit,134,2.753570093009022e-05,False
slimshetty/swebench-verified:sweb.eval.x86_64.sympy__sympy-11618,0.0,r2egym-qwen3-rl-64k-100-steps-1-attempt-6,100,883,abs_step_limit,0,0.0002305068235182649,False
slimshetty/swebench-verified:sweb.eval.x86_64.pylint-dev__pylint-6903,1.0,r2egym-qwen3-rl-64k-100-steps-1-attempt-6,75,2830,token_limit,8,0.5,True
slimshetty/swebench-verified:sweb.eval.x86_64.pydata__xarray-4075,0.0,r2egym-qwen3-rl-64k-100-steps-1-attempt-6,37,1979,agent,953,0.6224593312018546,False
slimshetty/swebench-verified:sweb.eval.x86_64.django__django-12419,1.0,r2egym-qwen3-rl-64k-100-steps-1-attempt-6,95,6277,token_limit,0,0.8670357718273068,True
slimshetty/swebench-verified:sweb.eval.x86_64.django__django-15467,1.0,r2egym-qwen3-rl-64k-100-steps-1-attempt-6,76,2373,token_limit,62,0.8807970811069351,True
slimshetty/swebench-verified:sweb.eval.x86_64.django__django-16950,0.0,r2egym-qwen3-rl-64k-100-steps-1-attempt-6,38,0,token_limit,3,5.829128627537368e-05,False
slimshetty/swebench-verified:sweb.eval.x86_64.matplotlib__matplotlib-23412,0.0,r2egym-qwen3-rl-64k-100-steps-1-attempt-6,100,0,abs_step_limit,46,1.473897845240349e-05,False
slimshetty/swebench-verified:sweb.eval.x86_64.sympy__sympy-20916,0.0,r2egym-qwen3-rl-64k-100-steps-1-attempt-6,19,796,agent,1,0.8354835432479661,False
slimshetty/swebench-verified:sweb.eval.x86_64.pytest-dev__pytest-7432,1.0,r2egym-qwen3-rl-64k-100-steps-1-attempt-6,96,950,token_limit,77,0.7772998611746911,True
slimshetty/swebench-verified:sweb.eval.x86_64.django__django-14351,0.0,r2egym-qwen3-rl-64k-100-steps-1-attempt-6,73,3088,token_limit,55,0.7981867729389246,False
slimshetty/swebench-verified:sweb.eval.x86_64.django__django-10973,1.0,r2egym-qwen3-rl-64k-100-steps-1-attempt-6,44,2498,agent_max_step_limit,0,0.8354835309589073,True
slimshetty/swebench-verified:sweb.eval.x86_64.django__django-15987,1.0,r2egym-qwen3-rl-64k-100-steps-1-attempt-6,52,1671,agent_max_step_limit,52,0.7310585903489891,True
slimshetty/swebench-verified:sweb.eval.x86_64.django__django-12965,0.0,r2egym-qwen3-rl-64k-100-steps-1-attempt-6,100,3319,abs_step_limit,24,0.26894142136999516,False
slimshetty/swebench-verified:sweb.eval.x86_64.pydata__xarray-4094,0.0,r2egym-qwen3-rl-64k-100-steps-1-attempt-6,62,1422,token_limit,861,0.047425876038601794,False
slimshetty/swebench-verified:sweb.eval.x86_64.django__django-15128,0.0,r2egym-qwen3-rl-64k-100-steps-1-attempt-6,100,3085,abs_step_limit,275,0.18242552825126704,False
slimshetty/swebench-verified:sweb.eval.x86_64.scikit-learn__scikit-learn-10844,1.0,r2egym-qwen3-rl-64k-100-steps-1-attempt-6,11,633,agent,16,0.817574478416099,True
slimshetty/swebench-verified:sweb.eval.x86_64.django__django-12273,1.0,r2egym-qwen3-rl-64k-100-steps-1-attempt-6,100,2083,abs_step_limit,27,0.5,True
slimshetty/swebench-verified:sweb.eval.x86_64.scikit-learn__scikit-learn-14983,0.0,r2egym-qwen3-rl-64k-100-steps-1-attempt-6,25,1502,agent,105,0.5621765008857981,False
slimshetty/swebench-verified:sweb.eval.x86_64.django__django-11740,1.0,r2egym-qwen3-rl-64k-100-steps-1-attempt-6,100,1167,abs_step_limit,109,0.5926665999540698,True
slimshetty/swebench-verified:sweb.eval.x86_64.django__django-15104,1.0,r2egym-qwen3-rl-64k-100-steps-1-attempt-6,40,2762,agent,131,0.7310585669110203,True
slimshetty/swebench-verified:sweb.eval.x86_64.astropy__astropy-13236,0.0,r2egym-qwen3-rl-64k-100-steps-1-attempt-6,41,1959,max_step_limit,644,0.7549149923816048,False
slimshetty/swebench-verified:sweb.eval.x86_64.django__django-13933,0.0,r2egym-qwen3-rl-64k-100-steps-1-attempt-6,97,2462,token_limit,19,0.7772998560157665,False
slimshetty/swebench-verified:sweb.eval.x86_64.sphinx-doc__sphinx-8056,0.0,r2egym-qwen3-rl-64k-100-steps-1-attempt-6,100,2865,abs_step_limit,30,0.012431653094239228,False
slimshetty/swebench-verified:sweb.eval.x86_64.django__django-12304,1.0,r2egym-qwen3-rl-64k-100-steps-1-attempt-6,40,2331,agent,17,0.731058584489497,True
slimshetty/swebench-verified:sweb.eval.x86_64.pytest-dev__pytest-10051,0.0,r2egym-qwen3-rl-64k-100-steps-1-attempt-6,100,1398,abs_step_limit,14,0.0046095724058543295,False
slimshetty/swebench-verified:sweb.eval.x86_64.django__django-16877,1.0,r2egym-qwen3-rl-64k-100-steps-1-attempt-6,61,3495,agent_max_step_limit,0,0.7772998560157665,True
slimshetty/swebench-verified:sweb.eval.x86_64.sphinx-doc__sphinx-9711,0.0,r2egym-qwen3-rl-64k-100-steps-1-attempt-6,100,1990,abs_step_limit,0,0.0008040861196547536,False
slimshetty/swebench-verified:sweb.eval.x86_64.django__django-11292,0.0,r2egym-qwen3-rl-64k-100-steps-1-attempt-6,94,3295,token_limit,31,0.11920291263495984,False
slimshetty/swebench-verified:sweb.eval.x86_64.django__django-14011,0.0,r2egym-qwen3-rl-64k-100-steps-1-attempt-6,76,5207,token_limit,2,0.32082130731838393,False
slimshetty/swebench-verified:sweb.eval.x86_64.scikit-learn__scikit-learn-10908,0.0,r2egym-qwen3-rl-64k-100-steps-1-attempt-6,79,1172,token_limit,47,8.481107150203266e-05,False
slimshetty/swebench-verified:sweb.eval.x86_64.matplotlib__matplotlib-23314,0.0,r2egym-qwen3-rl-64k-100-steps-1-attempt-6,58,0,token_limit,862,4.006368736948546e-05,False
slimshetty/swebench-verified:sweb.eval.x86_64.matplotlib__matplotlib-26342,1.0,r2egym-qwen3-rl-64k-100-steps-1-attempt-6,81,505,token_limit,81,0.1480471999111614,True
slimshetty/swebench-verified:sweb.eval.x86_64.matplotlib__matplotlib-26291,0.0,r2egym-qwen3-rl-64k-100-steps-1-attempt-6,41,1187,max_step_limit,49,0.7981867777396212,False
slimshetty/swebench-verified:sweb.eval.x86_64.django__django-16938,0.0,r2egym-qwen3-rl-64k-100-steps-1-attempt-6,57,516,token_limit,65,0.0019267345849732337,False
slimshetty/swebench-verified:sweb.eval.x86_64.scikit-learn__scikit-learn-14894,1.0,r2egym-qwen3-rl-64k-100-steps-1-attempt-6,16,1093,agent,85,0.8354835411997897,True
slimshetty/swebench-verified:sweb.eval.x86_64.scikit-learn__scikit-learn-13439,1.0,r2egym-qwen3-rl-64k-100-steps-1-attempt-6,98,3948,token_limit,40,0.8807970685907242,True
slimshetty/swebench-verified:sweb.eval.x86_64.scikit-learn__scikit-learn-11578,1.0,r2egym-qwen3-rl-64k-100-steps-1-attempt-6,70,3139,token_limit,93,0.867035758084294,True
slimshetty/swebench-verified:sweb.eval.x86_64.matplotlib__matplotlib-26113,1.0,r2egym-qwen3-rl-64k-100-steps-1-attempt-6,17,2063,agent,812,0.8519528000888386,True
slimshetty/swebench-verified:sweb.eval.x86_64.matplotlib__matplotlib-25960,0.0,r2egym-qwen3-rl-64k-100-steps-1-attempt-6,46,548,agent_max_step_limit,132,0.46879062662624377,False
slimshetty/swebench-verified:sweb.eval.x86_64.django__django-15382,0.0,r2egym-qwen3-rl-64k-100-steps-1-attempt-6,100,4758,abs_step_limit,156,0.03308597755446608,False
slimshetty/swebench-verified:sweb.eval.x86_64.django__django-11477,0.0,r2egym-qwen3-rl-64k-100-steps-1-attempt-6,100,1445,abs_step_limit,151,0.00023050663066281988,False
slimshetty/swebench-verified:sweb.eval.x86_64.django__django-12143,1.0,r2egym-qwen3-rl-64k-100-steps-1-attempt-6,69,2239,token_limit,52,0.7981867801399695,True
slimshetty/swebench-verified:sweb.eval.x86_64.sympy__sympy-20438,0.0,r2egym-qwen3-rl-64k-100-steps-1-attempt-6,84,1573,token_limit,61,0.01098694395630868,False
slimshetty/swebench-verified:sweb.eval.x86_64.django__django-13344,0.0,r2egym-qwen3-rl-64k-100-steps-1-attempt-6,100,4159,abs_step_limit,356,0.4687906266262437,False
slimshetty/swebench-verified:sweb.eval.x86_64.django__django-11880,1.0,r2egym-qwen3-rl-64k-100-steps-1-attempt-6,74,1399,token_limit,114,0.8519527963298946,True
slimshetty/swebench-verified:sweb.eval.x86_64.django__django-13568,0.0,r2egym-qwen3-rl-64k-100-steps-1-attempt-6,100,1207,abs_step_limit,0,0.0003799844800176762,False
slimshetty/swebench-verified:sweb.eval.x86_64.matplotlib__matplotlib-24177,0.0,r2egym-qwen3-rl-64k-100-steps-1-attempt-6,47,1589,agent_max_step_limit,755,0.2689414096510108,False
slimshetty/swebench-verified:sweb.eval.x86_64.pytest-dev__pytest-7236,0.0,r2egym-qwen3-rl-64k-100-steps-1-attempt-6,100,809,abs_step_limit,0,0.0002959569900150524,False
slimshetty/swebench-verified:sweb.eval.x86_64.scikit-learn__scikit-learn-13135,1.0,r2egym-qwen3-rl-64k-100-steps-1-attempt-6,14,1314,agent,33,0.8933094167058151,True
slimshetty/swebench-verified:sweb.eval.x86_64.sphinx-doc__sphinx-8721,1.0,r2egym-qwen3-rl-64k-100-steps-1-attempt-6,100,2307,abs_step_limit,3,0.6513548646660542,True
slimshetty/swebench-verified:sweb.eval.x86_64.sympy__sympy-20428,0.0,r2egym-qwen3-rl-64k-100-steps-1-attempt-6,44,1217,agent_max_step_limit,154,0.8807970732843033,False
slimshetty/swebench-verified:sweb.eval.x86_64.django__django-14493,1.0,r2egym-qwen3-rl-64k-100-steps-1-attempt-6,26,1849,agent,36,0.7772998560157665,True
slimshetty/swebench-verified:sweb.eval.x86_64.sympy__sympy-23950,0.0,r2egym-qwen3-rl-64k-100-steps-1-attempt-6,91,0,token_limit,4,3.120190761663585e-05,False
slimshetty/swebench-verified:sweb.eval.x86_64.django__django-15957,0.0,r2egym-qwen3-rl-64k-100-steps-1-attempt-6,66,3802,token_limit,89,0.4073334000459302,False
slimshetty/swebench-verified:sweb.eval.x86_64.sympy__sympy-20801,0.0,r2egym-qwen3-rl-64k-100-steps-1-attempt-6,49,457,agent_max_step_limit,96,0.8670357477770336,False
slimshetty/swebench-verified:sweb.eval.x86_64.pydata__xarray-3095,1.0,r2egym-qwen3-rl-64k-100-steps-1-attempt-6,40,670,agent,253,0.8175744717487329,True
slimshetty/swebench-verified:sweb.eval.x86_64.django__django-14238,1.0,r2egym-qwen3-rl-64k-100-steps-1-attempt-6,66,1487,token_limit,39,0.8807970889295664,True
slimshetty/swebench-verified:sweb.eval.x86_64.django__django-16502,0.0,r2egym-qwen3-rl-64k-100-steps-1-attempt-6,70,3679,agent_max_step_limit,4,0.22270013882530884,False
slimshetty/swebench-verified:sweb.eval.x86_64.django__django-15268,0.0,r2egym-qwen3-rl-64k-100-steps-1-attempt-6,100,1683,abs_step_limit,130,0.002472623718279647,False
slimshetty/swebench-verified:sweb.eval.x86_64.django__django-13158,0.0,r2egym-qwen3-rl-64k-100-steps-1-attempt-6,100,0,abs_step_limit,29,0.0001398220898168875,False
slimshetty/swebench-verified:sweb.eval.x86_64.django__django-11999,0.0,r2egym-qwen3-rl-64k-100-steps-1-attempt-6,29,0,token_limit,30,5.1442207485876726e-05,False
slimshetty/swebench-verified:sweb.eval.x86_64.psf__requests-2317,0.0,r2egym-qwen3-rl-64k-100-steps-1-attempt-6,100,1288,abs_step_limit,132,0.34864512179822543,False
slimshetty/swebench-verified:sweb.eval.x86_64.sympy__sympy-19637,0.0,r2egym-qwen3-rl-64k-100-steps-1-attempt-6,66,1648,token_limit,0,0.004070137557338452,False
slimshetty/swebench-verified:sweb.eval.x86_64.matplotlib__matplotlib-14623,0.0,r2egym-qwen3-rl-64k-100-steps-1-attempt-6,58,0,token_limit,400,0.00017952800766230892,False
slimshetty/swebench-verified:sweb.eval.x86_64.sphinx-doc__sphinx-7440,0.0,r2egym-qwen3-rl-64k-100-steps-1-attempt-6,100,906,abs_step_limit,12,0.0006263340924542532,False
slimshetty/swebench-verified:sweb.eval.x86_64.django__django-13837,0.0,r2egym-qwen3-rl-64k-100-steps-1-attempt-6,57,3850,agent_max_step_limit,57,0.7772998663336158,False
slimshetty/swebench-verified:sweb.eval.x86_64.matplotlib__matplotlib-21568,0.0,r2egym-qwen3-rl-64k-100-steps-1-attempt-6,100,1374,abs_step_limit,69,0.6791786861878392,False
slimshetty/swebench-verified:sweb.eval.x86_64.sympy__sympy-21930,0.0,r2egym-qwen3-rl-64k-100-steps-1-attempt-6,64,1172,token_limit,45,0.06008665143635007,False
slimshetty/swebench-verified:sweb.eval.x86_64.django__django-12406,0.0,r2egym-qwen3-rl-64k-100-steps-1-attempt-6,100,1368,abs_step_limit,165,0.00013982213988131576,False
slimshetty/swebench-verified:sweb.eval.x86_64.matplotlib__matplotlib-22865,1.0,r2egym-qwen3-rl-64k-100-steps-1-attempt-6,35,2666,agent,57,0.5312093733737563,True
slimshetty/swebench-verified:sweb.eval.x86_64.django__django-13279,0.0,r2egym-qwen3-rl-64k-100-steps-1-attempt-6,45,4512,agent_max_step_limit,346,0.8175744828610095,False
slimshetty/swebench-verified:sweb.eval.x86_64.django__django-11790,0.0,r2egym-qwen3-rl-64k-100-steps-1-attempt-6,11,1406,agent,77,0.8354835330070839,False
slimshetty/swebench-verified:sweb.eval.x86_64.sphinx-doc__sphinx-10449,0.0,r2egym-qwen3-rl-64k-100-steps-1-attempt-6,52,5026,agent_max_step_limit,30,0.40733340004593016,False
slimshetty/swebench-verified:sweb.eval.x86_64.astropy__astropy-7671,0.0,r2egym-qwen3-rl-64k-100-steps-1-attempt-6,25,2064,agent,0,0.7981867729389246,False
slimshetty/swebench-verified:sweb.eval.x86_64.sympy__sympy-15017,0.0,r2egym-qwen3-rl-64k-100-steps-1-attempt-6,100,0,abs_step_limit,14,1.4738988998117324e-05,False
slimshetty/swebench-verified:sweb.eval.x86_64.scikit-learn__scikit-learn-13496,0.0,r2egym-qwen3-rl-64k-100-steps-1-attempt-6,51,3986,agent_max_step_limit,18,0.46879062662624377,False
slimshetty/swebench-verified:sweb.eval.x86_64.psf__requests-1921,0.0,r2egym-qwen3-rl-64k-100-steps-1-attempt-6,72,3291,token_limit,0,0.0021827169088291564,False
slimshetty/swebench-verified:sweb.eval.x86_64.django__django-16527,1.0,r2egym-qwen3-rl-64k-100-steps-1-attempt-6,100,2237,abs_step_limit,6,0.731058584489497,True
slimshetty/swebench-verified:sweb.eval.x86_64.pytest-dev__pytest-7490,0.0,r2egym-qwen3-rl-64k-100-steps-1-attempt-6,78,0,token_limit,78,3.1201907623673364e-05,False
slimshetty/swebench-verified:sweb.eval.x86_64.sympy__sympy-13647,1.0,r2egym-qwen3-rl-64k-100-steps-1-attempt-6,59,3385,agent_max_step_limit,76,0.9046505331728751,True
slimshetty/swebench-verified:sweb.eval.x86_64.django__django-11095,1.0,r2egym-qwen3-rl-64k-100-steps-1-attempt-6,20,2172,agent,19,0.7772998508568416,True
slimshetty/swebench-verified:sweb.eval.x86_64.django__django-16631,0.0,r2egym-qwen3-rl-64k-100-steps-1-attempt-6,100,3950,abs_step_limit,12,0.8519527982093666,False
slimshetty/swebench-verified:sweb.eval.x86_64.sympy__sympy-15345,0.0,r2egym-qwen3-rl-64k-100-steps-1-attempt-6,52,1405,token_limit,5,0.0293122286844388,False
slimshetty/swebench-verified:sweb.eval.x86_64.sphinx-doc__sphinx-8551,0.0,r2egym-qwen3-rl-64k-100-steps-1-attempt-6,99,906,token_limit,32,0.0004878571619510398,False
slimshetty/swebench-verified:sweb.eval.x86_64.django__django-12713,1.0,r2egym-qwen3-rl-64k-100-steps-1-attempt-6,100,5687,token_limit,58,0.8175744673038222,True
slimshetty/swebench-verified:sweb.eval.x86_64.django__django-14404,0.0,r2egym-qwen3-rl-64k-100-steps-1-attempt-6,100,2750,abs_step_limit,323,0.7981867873410141,False
slimshetty/swebench-verified:sweb.eval.x86_64.pydata__xarray-6599,0.0,r2egym-qwen3-rl-64k-100-steps-1-attempt-6,33,2113,agent,263,0.7772998560157665,False
slimshetty/swebench-verified:sweb.eval.x86_64.scikit-learn__scikit-learn-12973,1.0,r2egym-qwen3-rl-64k-100-steps-1-attempt-6,38,5135,agent,32,0.8175744850834648,True
slimshetty/swebench-verified:sweb.eval.x86_64.scikit-learn__scikit-learn-12682,0.0,r2egym-qwen3-rl-64k-100-steps-1-attempt-6,33,3777,agent,66,0.7057850216484838,False
slimshetty/swebench-verified:sweb.eval.x86_64.django__django-15563,0.0,r2egym-qwen3-rl-64k-100-steps-1-attempt-6,100,3761,abs_step_limit,29,0.009708474251942774,False
slimshetty/swebench-verified:sweb.eval.x86_64.pydata__xarray-2905,1.0,r2egym-qwen3-rl-64k-100-steps-1-attempt-6,85,3442,token_limit,364,0.8519528076067262,True
slimshetty/swebench-verified:sweb.eval.x86_64.sphinx-doc__sphinx-11510,0.0,r2egym-qwen3-rl-64k-100-steps-1-attempt-6,67,1707,token_limit,7,0.7772998663336158,False
slimshetty/swebench-verified:sweb.eval.x86_64.django__django-16819,1.0,r2egym-qwen3-rl-64k-100-steps-1-attempt-6,100,3490,abs_step_limit,38,0.6791787056691698,True
slimshetty/swebench-verified:sweb.eval.x86_64.scikit-learn__scikit-learn-25973,0.0,r2egym-qwen3-rl-64k-100-steps-1-attempt-6,40,2450,token_limit,0,0.003593602593091806,False
slimshetty/swebench-verified:sweb.eval.x86_64.pytest-dev__pytest-7571,1.0,r2egym-qwen3-rl-64k-100-steps-1-attempt-6,34,1160,agent,14,0.8670357477770336,True
slimshetty/swebench-verified:sweb.eval.x86_64.matplotlib__matplotlib-26208,0.0,r2egym-qwen3-rl-64k-100-steps-1-attempt-6,100,0,abs_step_limit,813,3.535626751337872e-05,False
slimshetty/swebench-verified:sweb.eval.x86_64.sympy__sympy-13798,0.0,r2egym-qwen3-rl-64k-100-steps-1-attempt-6,90,1798,token_limit,102,0.5621765008857981,False
slimshetty/swebench-verified:sweb.eval.x86_64.sympy__sympy-15875,0.0,r2egym-qwen3-rl-64k-100-steps-1-attempt-6,100,0,abs_step_limit,80,0.0002611902442391452,False
slimshetty/swebench-verified:sweb.eval.x86_64.django__django-13516,0.0,r2egym-qwen3-rl-64k-100-steps-1-attempt-6,42,3960,agent_max_step_limit,43,0.7057850154599562,False
slimshetty/swebench-verified:sweb.eval.x86_64.sympy__sympy-12419,1.0,r2egym-qwen3-rl-64k-100-steps-1-attempt-6,100,2092,abs_step_limit,25,0.3486451285660856,True
slimshetty/swebench-verified:sweb.eval.x86_64.sphinx-doc__sphinx-9591,0.0,r2egym-qwen3-rl-64k-100-steps-1-attempt-6,29,848,agent,44,0.8354835309589073,False
slimshetty/swebench-verified:sweb.eval.x86_64.scikit-learn__scikit-learn-14087,0.0,r2egym-qwen3-rl-64k-100-steps-1-attempt-6,46,1317,agent_max_step_limit,169,0.34864514886966624,False
slimshetty/swebench-verified:sweb.eval.x86_64.pydata__xarray-7393,0.0,r2egym-qwen3-rl-64k-100-steps-1-attempt-6,65,0,token_limit,71,5.144219516222186e-05,False
slimshetty/swebench-verified:sweb.eval.x86_64.django__django-10880,1.0,r2egym-qwen3-rl-64k-100-steps-1-attempt-6,37,3044,agent,55,0.5,True
slimshetty/swebench-verified:sweb.eval.x86_64.pydata__xarray-6938,0.0,r2egym-qwen3-rl-64k-100-steps-1-attempt-6,47,1657,token_limit,430,0.09534945782972029,False
slimshetty/swebench-verified:sweb.eval.x86_64.django__django-14170,0.0,r2egym-qwen3-rl-64k-100-steps-1-attempt-6,41,1937,max_step_limit,67,0.7981867705385762,False
slimshetty/swebench-verified:sweb.eval.x86_64.astropy__astropy-14182,0.0,r2egym-qwen3-rl-64k-100-steps-1-attempt-6,96,2576,token_limit,9,0.7057850216484838,False
slimshetty/swebench-verified:sweb.eval.x86_64.sympy__sympy-24562,0.0,r2egym-qwen3-rl-64k-100-steps-1-attempt-6,23,2282,llm_query_error,105,0.0,False
slimshetty/swebench-verified:sweb.eval.x86_64.pytest-dev__pytest-7521,1.0,r2egym-qwen3-rl-64k-100-steps-1-attempt-6,33,1867,agent,125,0.8807970732843033,True
slimshetty/swebench-verified:sweb.eval.x86_64.django__django-15731,1.0,r2egym-qwen3-rl-64k-100-steps-1-attempt-6,87,2443,token_limit,58,0.8519527963298946,True
slimshetty/swebench-verified:sweb.eval.x86_64.sympy__sympy-23413,0.0,r2egym-qwen3-rl-64k-100-steps-1-attempt-6,38,3013,token_limit,2,0.009708474529514914,False
slimshetty/swebench-verified:sweb.eval.x86_64.sphinx-doc__sphinx-8593,0.0,r2egym-qwen3-rl-64k-100-steps-1-attempt-6,52,1053,llm_query_error,1,0.0,False
slimshetty/swebench-verified:sweb.eval.x86_64.django__django-15127,0.0,r2egym-qwen3-rl-64k-100-steps-1-attempt-6,100,3959,token_limit,1,0.7057850402140659,False
slimshetty/swebench-verified:sweb.eval.x86_64.django__django-13786,1.0,r2egym-qwen3-rl-64k-100-steps-1-attempt-6,100,609,abs_step_limit,33,0.8354835452961425,True
slimshetty/swebench-verified:sweb.eval.x86_64.astropy__astropy-13398,0.0,r2egym-qwen3-rl-64k-100-steps-1-attempt-6,47,4777,agent_max_step_limit,63,0.7057850402140659,False
slimshetty/swebench-verified:sweb.eval.x86_64.django__django-16429,1.0,r2egym-qwen3-rl-64k-100-steps-1-attempt-6,33,3877,agent,21,0.817574478416099,True
slimshetty/swebench-verified:sweb.eval.x86_64.django__django-16899,1.0,r2egym-qwen3-rl-64k-100-steps-1-attempt-6,39,4041,agent,54,0.8519528076067262,True
slimshetty/swebench-verified:sweb.eval.x86_64.matplotlib__matplotlib-22871,0.0,r2egym-qwen3-rl-64k-100-steps-1-attempt-6,100,1436,abs_step_limit,87,0.3208213008246071,False
slimshetty/swebench-verified:sweb.eval.x86_64.django__django-12155,1.0,r2egym-qwen3-rl-64k-100-steps-1-attempt-6,43,1763,token_limit,6,0.7772998508568417,True
slimshetty/swebench-verified:sweb.eval.x86_64.sphinx-doc__sphinx-7462,0.0,r2egym-qwen3-rl-64k-100-steps-1-attempt-6,45,450,token_limit,49,0.0005527785233409714,False
slimshetty/swebench-verified:sweb.eval.x86_64.django__django-11820,0.0,r2egym-qwen3-rl-64k-100-steps-1-attempt-6,41,1926,max_step_limit,61,0.7310585727705127,False
slimshetty/swebench-verified:sweb.eval.x86_64.pylint-dev__pylint-4661,0.0,r2egym-qwen3-rl-64k-100-steps-1-attempt-6,40,2201,agent,0,0.5312093733737563,False
slimshetty/swebench-verified:sweb.eval.x86_64.django__django-14608,1.0,r2egym-qwen3-rl-64k-100-steps-1-attempt-6,100,2182,abs_step_limit,394,0.34864513533394575,True
slimshetty/swebench-verified:sweb.eval.x86_64.scikit-learn__scikit-learn-14710,0.0,r2egym-qwen3-rl-64k-100-steps-1-attempt-6,100,2121,abs_step_limit,0,0.7981867705385762,False
slimshetty/swebench-verified:sweb.eval.x86_64.django__django-13794,0.0,r2egym-qwen3-rl-64k-100-steps-1-attempt-6,44,2527,agent_max_step_limit,20,0.7310585844894971,False
slimshetty/swebench-verified:sweb.eval.x86_64.django__django-15732,0.0,r2egym-qwen3-rl-64k-100-steps-1-attempt-6,73,2222,token_limit,125,0.8670357666736772,False
slimshetty/swebench-verified:sweb.eval.x86_64.psf__requests-1766,1.0,r2egym-qwen3-rl-64k-100-steps-1-attempt-6,40,2930,agent,79,0.3486451217982255,True
slimshetty/swebench-verified:sweb.eval.x86_64.sphinx-doc__sphinx-7889,0.0,r2egym-qwen3-rl-64k-100-steps-1-attempt-6,31,1075,agent,5,0.7057850278370112,False
slimshetty/swebench-verified:sweb.eval.x86_64.django__django-10999,0.0,r2egym-qwen3-rl-64k-100-steps-1-attempt-6,42,1691,agent_max_step_limit,10,0.7549149868676283,False
slimshetty/swebench-verified:sweb.eval.x86_64.sphinx-doc__sphinx-8621,0.0,r2egym-qwen3-rl-64k-100-steps-1-attempt-6,58,3076,token_limit,31,0.4073334000459302,False
slimshetty/swebench-verified:sweb.eval.x86_64.django__django-16595,1.0,r2egym-qwen3-rl-64k-100-steps-1-attempt-6,100,1970,abs_step_limit,37,0.22270012850745968,True
slimshetty/swebench-verified:sweb.eval.x86_64.sphinx-doc__sphinx-9367,1.0,r2egym-qwen3-rl-64k-100-steps-1-attempt-6,16,599,agent,25,0.880797085800514,True
slimshetty/swebench-verified:sweb.eval.x86_64.django__django-16493,1.0,r2egym-qwen3-rl-64k-100-steps-1-attempt-6,53,2594,agent_max_step_limit,91,0.8519528076067262,True
slimshetty/swebench-verified:sweb.eval.x86_64.mwaskom__seaborn-3187,0.0,r2egym-qwen3-rl-64k-100-steps-1-attempt-6,94,3470,token_limit,248,0.4073334000459302,False
slimshetty/swebench-verified:sweb.eval.x86_64.django__django-16139,1.0,r2egym-qwen3-rl-64k-100-steps-1-attempt-6,69,3669,agent_max_step_limit,86,0.8354835432479661,True
slimshetty/swebench-verified:sweb.eval.x86_64.matplotlib__matplotlib-20859,1.0,r2egym-qwen3-rl-64k-100-steps-1-attempt-6,43,771,agent_max_step_limit,88,0.5312093733737562,True
slimshetty/swebench-verified:sweb.eval.x86_64.sphinx-doc__sphinx-9230,0.0,r2egym-qwen3-rl-64k-100-steps-1-attempt-6,91,3119,token_limit,44,0.2689414330889797,False
slimshetty/swebench-verified:sweb.eval.x86_64.django__django-15930,0.0,r2egym-qwen3-rl-64k-100-steps-1-attempt-6,65,0,token_limit,88,4.539786313856538e-05,False
slimshetty/swebench-verified:sweb.eval.x86_64.matplotlib__matplotlib-20676,0.0,r2egym-qwen3-rl-64k-100-steps-1-attempt-6,44,0,token_limit,32,4.5397884829235786e-05,False
slimshetty/swebench-verified:sweb.eval.x86_64.pytest-dev__pytest-8399,1.0,r2egym-qwen3-rl-64k-100-steps-1-attempt-6,89,2112,token_limit,59,0.8670357701094303,True
slimshetty/swebench-verified:sweb.eval.x86_64.django__django-11087,0.0,r2egym-qwen3-rl-64k-100-steps-1-attempt-6,85,0,token_limit,41,3.5356254892335935e-05,False
slimshetty/swebench-verified:sweb.eval.x86_64.django__django-13112,0.0,r2egym-qwen3-rl-64k-100-steps-1-attempt-6,54,0,token_limit,63,0.00023050668577489884,False
slimshetty/swebench-verified:sweb.eval.x86_64.django__django-13551,0.0,r2egym-qwen3-rl-64k-100-steps-1-attempt-6,45,2124,agent_max_step_limit,56,0.7549149923816048,False
slimshetty/swebench-verified:sweb.eval.x86_64.matplotlib__matplotlib-24149,1.0,r2egym-qwen3-rl-64k-100-steps-1-attempt-6,51,1058,agent_max_step_limit,767,0.8519527944504227,True
slimshetty/swebench-verified:sweb.eval.x86_64.django__django-14311,0.0,r2egym-qwen3-rl-64k-100-steps-1-attempt-6,41,1357,max_step_limit,56,0.8670357666736772,False
slimshetty/swebench-verified:sweb.eval.x86_64.django__django-16569,1.0,r2egym-qwen3-rl-64k-100-steps-1-attempt-6,10,664,agent,111,0.8670357718273068,True
slimshetty/swebench-verified:sweb.eval.x86_64.pytest-dev__pytest-5840,0.0,r2egym-qwen3-rl-64k-100-steps-1-attempt-6,67,2543,token_limit,0,0.004070137208134069,False
slimshetty/swebench-verified:sweb.eval.x86_64.django__django-14915,0.0,r2egym-qwen3-rl-64k-100-steps-1-attempt-6,61,0,token_limit,23,5.1442225840182154e-05,False
slimshetty/swebench-verified:sweb.eval.x86_64.django__django-15695,0.0,r2egym-qwen3-rl-64k-100-steps-1-attempt-6,94,4240,token_limit,123,0.7772998560157665,False
slimshetty/swebench-verified:sweb.eval.x86_64.sphinx-doc__sphinx-9258,0.0,r2egym-qwen3-rl-64k-100-steps-1-attempt-6,100,912,abs_step_limit,45,0.0009110511788239829,False
slimshetty/swebench-verified:sweb.eval.x86_64.sphinx-doc__sphinx-8475,1.0,r2egym-qwen3-rl-64k-100-steps-1-attempt-6,56,2295,token_limit,17,0.7772998611746911,True
slimshetty/swebench-verified:sweb.eval.x86_64.django__django-15629,0.0,r2egym-qwen3-rl-64k-100-steps-1-attempt-6,44,0,token_limit,115,3.1201900186835035e-05,False
slimshetty/swebench-verified:sweb.eval.x86_64.sphinx-doc__sphinx-10673,1.0,r2egym-qwen3-rl-64k-100-steps-1-attempt-6,100,2244,abs_step_limit,9,0.5,True
slimshetty/swebench-verified:sweb.eval.x86_64.django__django-14122,0.0,r2egym-qwen3-rl-64k-100-steps-1-attempt-6,80,4083,token_limit,26,0.5621765008857981,False
slimshetty/swebench-verified:sweb.eval.x86_64.matplotlib__matplotlib-24627,1.0,r2egym-qwen3-rl-64k-100-steps-1-attempt-6,100,1476,abs_step_limit,776,0.9046505293168444,True
slimshetty/swebench-verified:sweb.eval.x86_64.sympy__sympy-24213,1.0,r2egym-qwen3-rl-64k-100-steps-1-attempt-6,77,3236,token_limit,31,0.7057850278370112,True
slimshetty/swebench-verified:sweb.eval.x86_64.django__django-11728,0.0,r2egym-qwen3-rl-64k-100-steps-1-attempt-6,40,2991,token_limit,43,0.005911069419918613,False
slimshetty/swebench-verified:sweb.eval.x86_64.scikit-learn__scikit-learn-25232,1.0,r2egym-qwen3-rl-64k-100-steps-1-attempt-6,48,2783,agent_max_step_limit,214,0.4073334000459302,True
slimshetty/swebench-verified:sweb.eval.x86_64.sympy__sympy-22080,0.0,r2egym-qwen3-rl-64k-100-steps-1-attempt-6,50,502,agent_max_step_limit,91,0.5926665999540698,False
slimshetty/swebench-verified:sweb.eval.x86_64.django__django-15554,0.0,r2egym-qwen3-rl-64k-100-steps-1-attempt-6,72,5348,token_limit,34,0.7057850278370112,False
slimshetty/swebench-verified:sweb.eval.x86_64.sphinx-doc__sphinx-10466,1.0,r2egym-qwen3-rl-64k-100-steps-1-attempt-6,100,679,abs_step_limit,6,0.5926665999540698,True
slimshetty/swebench-verified:sweb.eval.x86_64.sympy__sympy-13615,1.0,r2egym-qwen3-rl-64k-100-steps-1-attempt-6,73,1099,token_limit,70,0.7981867705385762,True
slimshetty/swebench-verified:sweb.eval.x86_64.django__django-12774,0.0,r2egym-qwen3-rl-64k-100-steps-1-attempt-6,100,5233,abs_step_limit,37,0.6224593312018546,False
slimshetty/swebench-verified:sweb.eval.x86_64.django__django-10914,1.0,r2egym-qwen3-rl-64k-100-steps-1-attempt-6,48,991,agent_max_step_limit,98,0.8354835330070838,True
slimshetty/swebench-verified:sweb.eval.x86_64.django__django-11400,0.0,r2egym-qwen3-rl-64k-100-steps-1-attempt-6,63,6584,token_limit,58,0.798186768138228,False
slimshetty/swebench-verified:sweb.eval.x86_64.django__django-16485,1.0,r2egym-qwen3-rl-64k-100-steps-1-attempt-6,41,1930,max_step_limit,9,0.8519527982093666,True
slimshetty/swebench-verified:sweb.eval.x86_64.sphinx-doc__sphinx-10323,0.0,r2egym-qwen3-rl-64k-100-steps-1-attempt-6,86,2798,token_limit,33,0.042087724160866216,False
slimshetty/swebench-verified:sweb.eval.x86_64.scikit-learn__scikit-learn-12585,1.0,r2egym-qwen3-rl-64k-100-steps-1-attempt-6,41,1291,max_step_limit,22,0.8670357563664174,True
slimshetty/swebench-verified:sweb.eval.x86_64.sphinx-doc__sphinx-9461,0.0,r2egym-qwen3-rl-64k-100-steps-1-attempt-6,58,2827,token_limit,59,0.06008665690650097,False
slimshetty/swebench-verified:sweb.eval.x86_64.django__django-12050,0.0,r2egym-qwen3-rl-64k-100-steps-1-attempt-6,56,1779,agent_max_step_limit,0,0.8807970826714614,False
slimshetty/swebench-verified:sweb.eval.x86_64.django__django-16082,1.0,r2egym-qwen3-rl-64k-100-steps-1-attempt-6,49,3004,agent_max_step_limit,170,0.8354835391516133,True
slimshetty/swebench-verified:sweb.eval.x86_64.django__django-16801,1.0,r2egym-qwen3-rl-64k-100-steps-1-attempt-6,95,3272,token_limit,17,0.16451645880021026,True
slimshetty/swebench-verified:sweb.eval.x86_64.sympy__sympy-21847,1.0,r2egym-qwen3-rl-64k-100-steps-1-attempt-6,47,1646,agent_max_step_limit,9,0.8670357494949104,True
slimshetty/swebench-verified:sweb.eval.x86_64.scikit-learn__scikit-learn-14629,0.0,r2egym-qwen3-rl-64k-100-steps-1-attempt-6,82,1445,token_limit,0,0.002800926985329794,False
slimshetty/swebench-verified:sweb.eval.x86_64.django__django-16661,0.0,r2egym-qwen3-rl-64k-100-steps-1-attempt-6,91,3338,token_limit,0,0.6513548714339145,False
slimshetty/swebench-verified:sweb.eval.x86_64.django__django-13012,1.0,r2egym-qwen3-rl-64k-100-steps-1-attempt-6,100,3461,abs_step_limit,137,0.7981867705385762,True
slimshetty/swebench-verified:sweb.eval.x86_64.sympy__sympy-22714,1.0,r2egym-qwen3-rl-64k-100-steps-1-attempt-6,100,1423,abs_step_limit,11,0.8933094032139576,True
slimshetty/swebench-verified:sweb.eval.x86_64.django__django-13925,0.0,r2egym-qwen3-rl-64k-100-steps-1-attempt-6,69,0,token_limit,24,9.610240287106798e-05,False
slimshetty/swebench-verified:sweb.eval.x86_64.django__django-13033,0.0,r2egym-qwen3-rl-64k-100-steps-1-attempt-6,39,0,token_limit,26,5.829129322340776e-05,False
slimshetty/swebench-verified:sweb.eval.x86_64.django__django-14534,0.0,r2egym-qwen3-rl-64k-100-steps-1-attempt-6,41,2360,max_step_limit,118,0.8519527982093668,False
slimshetty/swebench-verified:sweb.eval.x86_64.sympy__sympy-16792,1.0,r2egym-qwen3-rl-64k-100-steps-1-attempt-6,68,854,agent_max_step_limit,54,0.8354835452961425,True
slimshetty/swebench-verified:sweb.eval.x86_64.sympy__sympy-17318,0.0,r2egym-qwen3-rl-64k-100-steps-1-attempt-6,40,1154,agent,10,0.8807970811069351,False
slimshetty/swebench-verified:sweb.eval.x86_64.scikit-learn__scikit-learn-26323,1.0,r2egym-qwen3-rl-64k-100-steps-1-attempt-6,15,585,agent,188,0.8519528019683106,True
slimshetty/swebench-verified:sweb.eval.x86_64.django__django-11555,0.0,r2egym-qwen3-rl-64k-100-steps-1-attempt-6,100,1803,abs_step_limit,26,0.7057850278370111,False
slimshetty/swebench-verified:sweb.eval.x86_64.django__django-12209,1.0,r2egym-qwen3-rl-64k-100-steps-1-attempt-6,43,3201,agent_max_step_limit,0,0.6791787056691698,True
slimshetty/swebench-verified:sweb.eval.x86_64.django__django-15161,0.0,r2egym-qwen3-rl-64k-100-steps-1-attempt-6,76,1733,agent_max_step_limit,208,0.09534947389651462,False
slimshetty/swebench-verified:sweb.eval.x86_64.pylint-dev__pylint-6386,0.0,r2egym-qwen3-rl-64k-100-steps-1-attempt-6,76,0,token_limit,7,2.144494840531103e-05,False
slimshetty/swebench-verified:sweb.eval.x86_64.django__django-11179,1.0,r2egym-qwen3-rl-64k-100-steps-1-attempt-6,48,1709,token_limit,40,0.7772998560157665,True
slimshetty/swebench-verified:sweb.eval.x86_64.matplotlib__matplotlib-20488,1.0,r2egym-qwen3-rl-64k-100-steps-1-attempt-6,37,821,agent,111,0.7057850278370112,True
slimshetty/swebench-verified:sweb.eval.x86_64.sphinx-doc__sphinx-11445,1.0,r2egym-qwen3-rl-64k-100-steps-1-attempt-6,36,2485,agent,8,0.6513548646660542,True
slimshetty/swebench-verified:sweb.eval.x86_64.pydata__xarray-4356,1.0,r2egym-qwen3-rl-64k-100-steps-1-attempt-6,78,842,token_limit,604,0.8670357494949105,True
slimshetty/swebench-verified:sweb.eval.x86_64.sympy__sympy-13480,1.0,r2egym-qwen3-rl-64k-100-steps-1-attempt-6,47,2997,agent_max_step_limit,43,0.9046505383142492,True
slimshetty/swebench-verified:sweb.eval.x86_64.pytest-dev__pytest-5631,0.0,r2egym-qwen3-rl-64k-100-steps-1-attempt-6,30,1971,agent,15,0.8519528019683105,False
slimshetty/swebench-verified:sweb.eval.x86_64.django__django-17087,1.0,r2egym-qwen3-rl-64k-100-steps-1-attempt-6,86,1739,token_limit,53,0.7549149923816046,True
slimshetty/swebench-verified:sweb.eval.x86_64.django__django-17029,1.0,r2egym-qwen3-rl-64k-100-steps-1-attempt-6,48,1756,token_limit,43,0.9046505408849362,True
slimshetty/swebench-verified:sweb.eval.x86_64.pytest-dev__pytest-5809,1.0,r2egym-qwen3-rl-64k-100-steps-1-attempt-6,31,1871,agent,3,0.7772998663336158,True
slimshetty/swebench-verified:sweb.eval.x86_64.astropy__astropy-14508,0.0,r2egym-qwen3-rl-64k-100-steps-1-attempt-6,66,4175,token_limit,0,0.2689414096510109,False
slimshetty/swebench-verified:sweb.eval.x86_64.sphinx-doc__sphinx-8269,1.0,r2egym-qwen3-rl-64k-100-steps-1-attempt-6,61,4555,token_limit,5,0.8807970889295663,True
slimshetty/swebench-verified:sweb.eval.x86_64.astropy__astropy-7606,0.0,r2egym-qwen3-rl-64k-100-steps-1-attempt-6,24,1938,agent,0,0.851952809486198,False
slimshetty/swebench-verified:sweb.eval.x86_64.sympy__sympy-14248,1.0,r2egym-qwen3-rl-64k-100-steps-1-attempt-6,40,4783,agent,433,0.7549149813536518,True
slimshetty/swebench-verified:sweb.eval.x86_64.sympy__sympy-24661,1.0,r2egym-qwen3-rl-64k-100-steps-1-attempt-6,60,2286,agent_max_step_limit,27,0.8354835432479661,True
slimshetty/swebench-verified:sweb.eval.x86_64.matplotlib__matplotlib-22719,1.0,r2egym-qwen3-rl-64k-100-steps-1-attempt-6,98,1630,token_limit,68,0.6224593312018546,True
slimshetty/swebench-verified:sweb.eval.x86_64.django__django-14315,0.0,r2egym-qwen3-rl-64k-100-steps-1-attempt-6,100,3371,abs_step_limit,0,0.7772998560157663,False
slimshetty/swebench-verified:sweb.eval.x86_64.django__django-11163,1.0,r2egym-qwen3-rl-64k-100-steps-1-attempt-6,46,3058,agent_max_step_limit,141,0.7772998714925403,True
slimshetty/swebench-verified:sweb.eval.x86_64.sympy__sympy-17139,0.0,r2egym-qwen3-rl-64k-100-steps-1-attempt-6,39,539,agent,67,0.7310585669110202,False
slimshetty/swebench-verified:sweb.eval.x86_64.django__django-12754,0.0,r2egym-qwen3-rl-64k-100-steps-1-attempt-6,100,3149,abs_step_limit,112,0.5621765008857981,False
slimshetty/swebench-verified:sweb.eval.x86_64.django__django-14580,1.0,r2egym-qwen3-rl-64k-100-steps-1-attempt-6,41,2912,max_step_limit,49,0.8670357701094304,True
slimshetty/swebench-verified:sweb.eval.x86_64.scikit-learn__scikit-learn-11310,1.0,r2egym-qwen3-rl-64k-100-steps-1-attempt-6,54,2882,token_limit,50,0.8354835411997897,True
slimshetty/swebench-verified:sweb.eval.x86_64.sphinx-doc__sphinx-7590,0.0,r2egym-qwen3-rl-64k-100-steps-1-attempt-6,37,906,token_limit,24,0.00013982212353088062,False
slimshetty/swebench-verified:sweb.eval.x86_64.django__django-15851,1.0,r2egym-qwen3-rl-64k-100-steps-1-attempt-6,38,1798,agent,8,0.4378234991142019,True
slimshetty/swebench-verified:sweb.eval.x86_64.sympy__sympy-15599,0.0,r2egym-qwen3-rl-64k-100-steps-1-attempt-6,100,4296,abs_step_limit,0,0.5621765008857981,False
slimshetty/swebench-verified:sweb.eval.x86_64.django__django-11964,0.0,r2egym-qwen3-rl-64k-100-steps-1-attempt-6,61,2878,token_limit,15,0.010986942832992482,False
slimshetty/swebench-verified:sweb.eval.x86_64.matplotlib__matplotlib-25287,1.0,r2egym-qwen3-rl-64k-100-steps-1-attempt-6,47,3079,agent_max_step_limit,786,0.8175744806385542,True
slimshetty/swebench-verified:sweb.eval.x86_64.django__django-15741,1.0,r2egym-qwen3-rl-64k-100-steps-1-attempt-6,56,823,token_limit,104,0.8670357494949105,True
slimshetty/swebench-verified:sweb.eval.x86_64.sphinx-doc__sphinx-8638,0.0,r2egym-qwen3-rl-64k-100-steps-1-attempt-6,44,0,token_limit,34,0.0002959571241303618,False
slimshetty/swebench-verified:sweb.eval.x86_64.scikit-learn__scikit-learn-13328,1.0,r2egym-qwen3-rl-64k-100-steps-1-attempt-6,30,3042,agent,9,0.8519528019683105,True
slimshetty/swebench-verified:sweb.eval.x86_64.astropy__astropy-14309,1.0,r2egym-qwen3-rl-64k-100-steps-1-attempt-6,62,558,token_limit,141,0.8670357701094303,True
slimshetty/swebench-verified:sweb.eval.x86_64.sympy__sympy-18189,1.0,r2egym-qwen3-rl-64k-100-steps-1-attempt-6,40,2452,agent,41,0.9046505325302034,True
slimshetty/swebench-verified:sweb.eval.x86_64.matplotlib__matplotlib-20826,0.0,r2egym-qwen3-rl-64k-100-steps-1-attempt-6,61,1044,token_limit,673,0.029312228154459972,False
slimshetty/swebench-verified:sweb.eval.x86_64.django__django-14725,0.0,r2egym-qwen3-rl-64k-100-steps-1-attempt-6,80,4803,token_limit,64,0.04208772325972563,False
slimshetty/swebench-verified:sweb.eval.x86_64.sphinx-doc__sphinx-7748,0.0,r2egym-qwen3-rl-64k-100-steps-1-attempt-6,79,5173,token_limit,12,0.10669059039516232,False
slimshetty/swebench-verified:sweb.eval.x86_64.django__django-15572,1.0,r2egym-qwen3-rl-64k-100-steps-1-attempt-6,94,4077,token_limit,10,0.7057850216484838,True
slimshetty/swebench-verified:sweb.eval.x86_64.django__django-11951,0.0,r2egym-qwen3-rl-64k-100-steps-1-attempt-6,42,2843,agent_max_step_limit,21,0.679178686187839,False
slimshetty/swebench-verified:sweb.eval.x86_64.sympy__sympy-12489,0.0,r2egym-qwen3-rl-64k-100-steps-1-attempt-6,31,2982,agent,8,0.7772998508568416,False
slimshetty/swebench-verified:sweb.eval.x86_64.sympy__sympy-18211,0.0,r2egym-qwen3-rl-64k-100-steps-1-attempt-6,58,0,token_limit,54,5.829127240390582e-05,False
slimshetty/swebench-verified:sweb.eval.x86_64.pylint-dev__pylint-7277,1.0,r2egym-qwen3-rl-64k-100-steps-1-attempt-6,10,1486,agent,122,0.7772998508568416,True
slimshetty/swebench-verified:sweb.eval.x86_64.astropy__astropy-14369,0.0,r2egym-qwen3-rl-64k-100-steps-1-attempt-6,100,992,abs_step_limit,730,0.002800927627190804,False
slimshetty/swebench-verified:sweb.eval.x86_64.matplotlib__matplotlib-23299,0.0,r2egym-qwen3-rl-64k-100-steps-1-attempt-6,60,542,token_limit,192,0.13296424706933604,False
slimshetty/swebench-verified:sweb.eval.x86_64.django__django-11749,1.0,r2egym-qwen3-rl-64k-100-steps-1-attempt-6,53,1423,agent_max_step_limit,34,0.5926665999540697,True
slimshetty/swebench-verified:sweb.eval.x86_64.django__django-7530,1.0,r2egym-qwen3-rl-64k-100-steps-1-attempt-6,100,0,abs_step_limit,59,0.00037998443483670466,True
slimshetty/swebench-verified:sweb.eval.x86_64.django__django-16100,0.0,r2egym-qwen3-rl-64k-100-steps-1-attempt-6,100,7647,abs_step_limit,58,0.8519528038477825,False
slimshetty/swebench-verified:sweb.eval.x86_64.pydata__xarray-4966,1.0,r2egym-qwen3-rl-64k-100-steps-1-attempt-6,81,7056,token_limit,21,0.3486451285660856,True
slimshetty/swebench-verified:sweb.eval.x86_64.django__django-13028,1.0,r2egym-qwen3-rl-64k-100-steps-1-attempt-6,31,2198,agent,276,0.8175744806385543,True
slimshetty/swebench-verified:sweb.eval.x86_64.sphinx-doc__sphinx-10435,0.0,r2egym-qwen3-rl-64k-100-steps-1-attempt-6,100,5125,abs_step_limit,74,0.5312093733737563,False
slimshetty/swebench-verified:sweb.eval.x86_64.sphinx-doc__sphinx-9658,0.0,r2egym-qwen3-rl-64k-100-steps-1-attempt-6,100,942,abs_step_limit,24,0.0004878570515121356,False
slimshetty/swebench-verified:sweb.eval.x86_64.sympy__sympy-23824,1.0,r2egym-qwen3-rl-64k-100-steps-1-attempt-6,26,1634,agent,2,0.8807970842359877,True
slimshetty/swebench-verified:sweb.eval.x86_64.pytest-dev__pytest-7982,1.0,r2egym-qwen3-rl-64k-100-steps-1-attempt-6,16,3433,agent,78,0.8354835452961425,True
slimshetty/swebench-verified:sweb.eval.x86_64.astropy__astropy-14096,0.0,r2egym-qwen3-rl-64k-100-steps-1-attempt-6,32,1208,token_limit,426,0.015906393752783094,False
slimshetty/swebench-verified:sweb.eval.x86_64.django__django-13023,0.0,r2egym-qwen3-rl-64k-100-steps-1-attempt-6,100,2976,abs_step_limit,9,0.679178692681616,False
slimshetty/swebench-verified:sweb.eval.x86_64.pytest-dev__pytest-6197,0.0,r2egym-qwen3-rl-64k-100-steps-1-attempt-6,65,3416,token_limit,143,0.731058584489497,False
slimshetty/swebench-verified:sweb.eval.x86_64.sympy__sympy-14531,0.0,r2egym-qwen3-rl-64k-100-steps-1-attempt-6,42,2231,token_limit,81,0.009708476338210996,False
slimshetty/swebench-verified:sweb.eval.x86_64.django__django-13807,0.0,r2egym-qwen3-rl-64k-100-steps-1-attempt-6,100,1854,abs_step_limit,38,0.8807970654616711,False
slimshetty/swebench-verified:sweb.eval.x86_64.django__django-16032,0.0,r2egym-qwen3-rl-64k-100-steps-1-attempt-6,100,4086,abs_step_limit,77,0.5621765008857982,False
slimshetty/swebench-verified:sweb.eval.x86_64.django__django-11119,1.0,r2egym-qwen3-rl-64k-100-steps-1-attempt-6,64,3651,agent_max_step_limit,7,0.8354835350552604,True
slimshetty/swebench-verified:sweb.eval.x86_64.matplotlib__matplotlib-23476,0.0,r2egym-qwen3-rl-64k-100-steps-1-attempt-6,43,1382,agent_max_step_limit,104,0.8807970779778825,False
slimshetty/swebench-verified:sweb.eval.x86_64.django__django-13569,0.0,r2egym-qwen3-rl-64k-100-steps-1-attempt-6,100,2969,abs_step_limit,0,0.005911069699019754,False
slimshetty/swebench-verified:sweb.eval.x86_64.django__django-11066,1.0,r2egym-qwen3-rl-64k-100-steps-1-attempt-6,81,4462,token_limit,3,0.8670357494949105,True
slimshetty/swebench-verified:sweb.eval.x86_64.sympy__sympy-20590,0.0,r2egym-qwen3-rl-64k-100-steps-1-attempt-6,50,672,token_limit,21,0.029312233984227592,False
slimshetty/swebench-verified:sweb.eval.x86_64.sphinx-doc__sphinx-9698,1.0,r2egym-qwen3-rl-64k-100-steps-1-attempt-6,84,5099,token_limit,45,0.8933094025038598,True
slimshetty/swebench-verified:sweb.eval.x86_64.pylint-dev__pylint-4970,0.0,r2egym-qwen3-rl-64k-100-steps-1-attempt-6,100,1451,abs_step_limit,17,0.5,False
slimshetty/swebench-verified:sweb.eval.x86_64.django__django-14787,0.0,r2egym-qwen3-rl-64k-100-steps-1-attempt-6,47,1666,token_limit,16,0.015906389670846583,False
slimshetty/swebench-verified:sweb.eval.x86_64.django__django-15280,0.0,r2egym-qwen3-rl-64k-100-steps-1-attempt-6,41,1816,token_limit,85,0.03732688680867723,False
slimshetty/swebench-verified:sweb.eval.x86_64.sympy__sympy-12096,1.0,r2egym-qwen3-rl-64k-100-steps-1-attempt-6,17,647,agent,43,0.9046505299595162,True
slimshetty/swebench-verified:sweb.eval.x86_64.django__django-14376,0.0,r2egym-qwen3-rl-64k-100-steps-1-attempt-6,65,3833,token_limit,6,0.02931223409022338,False
slimshetty/swebench-verified:sweb.eval.x86_64.matplotlib__matplotlib-24570,0.0,r2egym-qwen3-rl-64k-100-steps-1-attempt-6,74,5307,token_limit,267,0.8354835391516133,False
slimshetty/swebench-verified:sweb.eval.x86_64.pytest-dev__pytest-5787,0.0,r2egym-qwen3-rl-64k-100-steps-1-attempt-6,41,7387,max_step_limit,116,0.04208772521219691,False
slimshetty/swebench-verified:sweb.eval.x86_64.pydata__xarray-6461,1.0,r2egym-qwen3-rl-64k-100-steps-1-attempt-6,41,2151,max_step_limit,247,0.7549149868676283,True
slimshetty/swebench-verified:sweb.eval.x86_64.django__django-15368,1.0,r2egym-qwen3-rl-64k-100-steps-1-attempt-6,43,673,token_limit,29,0.2942149721629888,True
slimshetty/swebench-verified:sweb.eval.x86_64.astropy__astropy-14539,1.0,r2egym-qwen3-rl-64k-100-steps-1-attempt-6,10,536,agent,46,0.8670357580842941,True
slimshetty/swebench-verified:sweb.eval.x86_64.django__django-15916,0.0,r2egym-qwen3-rl-64k-100-steps-1-attempt-6,100,2331,abs_step_limit,149,0.4073334000459302,False
slimshetty/swebench-verified:sweb.eval.x86_64.pytest-dev__pytest-10081,0.0,r2egym-qwen3-rl-64k-100-steps-1-attempt-6,66,3078,token_limit,60,0.014063625945591969,False
slimshetty/swebench-verified:sweb.eval.x86_64.sphinx-doc__sphinx-9320,1.0,r2egym-qwen3-rl-64k-100-steps-1-attempt-6,100,1911,abs_step_limit,9,0.40733340004593027,True
slimshetty/swebench-verified:sweb.eval.x86_64.pytest-dev__pytest-7324,0.0,r2egym-qwen3-rl-64k-100-steps-1-attempt-6,36,2195,agent,49,0.7772998663336158,False
slimshetty/swebench-verified:sweb.eval.x86_64.django__django-11532,0.0,r2egym-qwen3-rl-64k-100-steps-1-attempt-6,100,71907,abs_step_limit,130,0.8354835330070839,False
slimshetty/swebench-verified:sweb.eval.x86_64.sphinx-doc__sphinx-8265,0.0,r2egym-qwen3-rl-64k-100-steps-1-attempt-6,66,906,token_limit,22,0.0007096703614954759,False
slimshetty/swebench-verified:sweb.eval.x86_64.django__django-11433,0.0,r2egym-qwen3-rl-64k-100-steps-1-attempt-6,92,2073,token_limit,142,0.0009110512431439448,False
slimshetty/swebench-verified:sweb.eval.x86_64.django__django-13406,0.0,r2egym-qwen3-rl-64k-100-steps-1-attempt-6,71,5108,token_limit,32,0.24508501864634824,False
slimshetty/swebench-verified:sweb.eval.x86_64.astropy__astropy-8872,0.0,r2egym-qwen3-rl-64k-100-steps-1-attempt-6,59,2241,token_limit,0,0.10669059039516234,False
slimshetty/swebench-verified:sweb.eval.x86_64.astropy__astropy-13453,0.0,r2egym-qwen3-rl-64k-100-steps-1-attempt-6,69,0,token_limit,9,5.829124448540262e-05,False
slimshetty/swebench-verified:sweb.eval.x86_64.django__django-14999,1.0,r2egym-qwen3-rl-64k-100-steps-1-attempt-6,77,3813,agent_max_step_limit,113,0.7772998611746912,True
slimshetty/swebench-verified:sweb.eval.x86_64.django__django-12325,0.0,r2egym-qwen3-rl-64k-100-steps-1-attempt-6,100,4014,abs_step_limit,196,0.731058584489497,False
slimshetty/swebench-verified:sweb.eval.x86_64.scikit-learn__scikit-learn-13779,0.0,r2egym-qwen3-rl-64k-100-steps-1-attempt-6,100,0,abs_step_limit,18,9.610241466746177e-05,False
slimshetty/swebench-verified:sweb.eval.x86_64.matplotlib__matplotlib-25332,1.0,r2egym-qwen3-rl-64k-100-steps-1-attempt-6,24,871,agent,181,0.8354835330070839,True
slimshetty/swebench-verified:sweb.eval.x86_64.django__django-12858,0.0,r2egym-qwen3-rl-64k-100-steps-1-attempt-6,46,0,token_limit,73,3.535625067589049e-05,False
slimshetty/swebench-verified:sweb.eval.x86_64.django__django-16136,0.0,r2egym-qwen3-rl-64k-100-steps-1-attempt-6,72,4095,agent_max_step_limit,7,0.2227001285074597,False
slimshetty/swebench-verified:sweb.eval.x86_64.scikit-learn__scikit-learn-9288,1.0,r2egym-qwen3-rl-64k-100-steps-1-attempt-6,46,2069,agent_max_step_limit,123,0.880797076413356,True
slimshetty/swebench-verified:sweb.eval.x86_64.django__django-16454,0.0,r2egym-qwen3-rl-64k-100-steps-1-attempt-6,100,0,abs_step_limit,45,1.473898196763166e-05,False
slimshetty/swebench-verified:sweb.eval.x86_64.sympy__sympy-19495,1.0,r2egym-qwen3-rl-64k-100-steps-1-attempt-6,41,529,max_step_limit,8,0.8175744828610095,True
slimshetty/swebench-verified:sweb.eval.x86_64.django__django-12276,0.0,r2egym-qwen3-rl-64k-100-steps-1-attempt-6,100,1518,abs_step_limit,114,0.8175744739711883,False
slimshetty/swebench-verified:sweb.eval.x86_64.django__django-12708,1.0,r2egym-qwen3-rl-64k-100-steps-1-attempt-6,100,1800,abs_step_limit,101,0.8354835391516133,True
slimshetty/swebench-verified:sweb.eval.x86_64.sympy__sympy-13852,0.0,r2egym-qwen3-rl-64k-100-steps-1-attempt-6,100,1523,abs_step_limit,4,0.5926665999540697,False
slimshetty/swebench-verified:sweb.eval.x86_64.django__django-15569,1.0,r2egym-qwen3-rl-64k-100-steps-1-attempt-6,69,1267,token_limit,242,0.8933094025038599,True
slimshetty/swebench-verified:sweb.eval.x86_64.django__django-13315,0.0,r2egym-qwen3-rl-64k-100-steps-1-attempt-6,42,3115,agent_max_step_limit,146,0.8175744761936438,False
slimshetty/swebench-verified:sweb.eval.x86_64.sphinx-doc__sphinx-8120,1.0,r2egym-qwen3-rl-64k-100-steps-1-attempt-6,40,2015,token_limit,44,0.37754066879814546,True
slimshetty/swebench-verified:sweb.eval.x86_64.pytest-dev__pytest-6202,1.0,r2egym-qwen3-rl-64k-100-steps-1-attempt-6,95,397,token_limit,72,0.2450850131323717,True
slimshetty/swebench-verified:sweb.eval.x86_64.django__django-13658,1.0,r2egym-qwen3-rl-64k-100-steps-1-attempt-6,57,1783,token_limit,181,0.8933094145755218,True
slimshetty/swebench-verified:sweb.eval.x86_64.django__django-14434,0.0,r2egym-qwen3-rl-64k-100-steps-1-attempt-6,49,0,token_limit,133,9.610241448987261e-05,False
slimshetty/swebench-verified:sweb.eval.x86_64.scikit-learn__scikit-learn-25747,0.0,r2egym-qwen3-rl-64k-100-steps-1-attempt-6,45,3202,agent_max_step_limit,14,0.7549149813536518,False
slimshetty/swebench-verified:sweb.eval.x86_64.sympy__sympy-20154,1.0,r2egym-qwen3-rl-64k-100-steps-1-attempt-6,25,2641,agent,40,0.8670357546485407,True
slimshetty/swebench-verified:sweb.eval.x86_64.pydata__xarray-4687,0.0,r2egym-qwen3-rl-64k-100-steps-1-attempt-6,49,2722,token_limit,1714,0.0031726828240763363,False
slimshetty/swebench-verified:sweb.eval.x86_64.django__django-13401,0.0,r2egym-qwen3-rl-64k-100-steps-1-attempt-6,42,4029,agent_max_step_limit,32,0.7981867753392728,False
slimshetty/swebench-verified:sweb.eval.x86_64.sphinx-doc__sphinx-7757,0.0,r2egym-qwen3-rl-64k-100-steps-1-attempt-6,100,1354,abs_step_limit,33,0.1480471999111614,False
slimshetty/swebench-verified:sweb.eval.x86_64.django__django-13810,1.0,r2egym-qwen3-rl-64k-100-steps-1-attempt-6,73,3048,llm_query_error,30,0.0,True
slimshetty/swebench-verified:sweb.eval.x86_64.django__django-16255,1.0,r2egym-qwen3-rl-64k-100-steps-1-attempt-6,69,1225,token_limit,36,0.8933093968230773,True
slimshetty/swebench-verified:sweb.eval.x86_64.sympy__sympy-13878,0.0,r2egym-qwen3-rl-64k-100-steps-1-attempt-6,94,1553,token_limit,19,0.5,False
slimshetty/swebench-verified:sweb.eval.x86_64.django__django-14792,0.0,r2egym-qwen3-rl-64k-100-steps-1-attempt-6,27,2009,agent,23,0.6791786926816161,False
slimshetty/swebench-verified:sweb.eval.x86_64.django__django-14089,1.0,r2egym-qwen3-rl-64k-100-steps-1-attempt-6,95,420,token_limit,43,0.8354835309589074,True
slimshetty/swebench-verified:sweb.eval.x86_64.matplotlib__matplotlib-25311,0.0,r2egym-qwen3-rl-64k-100-steps-1-attempt-6,65,1816,token_limit,181,0.8519528019683106,False
slimshetty/swebench-verified:sweb.eval.x86_64.pydata__xarray-3305,0.0,r2egym-qwen3-rl-64k-100-steps-1-attempt-6,44,1047,token_limit,555,0.008577484637563255,False
slimshetty/swebench-verified:sweb.eval.x86_64.django__django-15103,0.0,r2egym-qwen3-rl-64k-100-steps-1-attempt-6,39,2898,agent,17,0.8175744673038221,False
slimshetty/swebench-verified:sweb.eval.x86_64.django__django-15375,0.0,r2egym-qwen3-rl-64k-100-steps-1-attempt-6,75,2952,token_limit,84,0.43782349911420193,False
slimshetty/swebench-verified:sweb.eval.x86_64.sympy__sympy-24539,1.0,r2egym-qwen3-rl-64k-100-steps-1-attempt-6,40,2119,agent,62,0.8354835309589074,True
slimshetty/swebench-verified:sweb.eval.x86_64.django__django-13417,0.0,r2egym-qwen3-rl-64k-100-steps-1-attempt-6,100,4268,abs_step_limit,280,0.0031726822813833884,False
slimshetty/swebench-verified:sweb.eval.x86_64.django__django-15315,1.0,r2egym-qwen3-rl-64k-100-steps-1-attempt-6,55,3021,agent_max_step_limit,33,0.8354835411997897,True
slimshetty/swebench-verified:sweb.eval.x86_64.sphinx-doc__sphinx-9673,1.0,r2egym-qwen3-rl-64k-100-steps-1-attempt-6,100,6252,abs_step_limit,24,0.7772998560157663,True
slimshetty/swebench-verified:sweb.eval.x86_64.sympy__sympy-13974,0.0,r2egym-qwen3-rl-64k-100-steps-1-attempt-6,100,1994,abs_step_limit,4,0.7310585844894971,False
slimshetty/swebench-verified:sweb.eval.x86_64.django__django-13212,0.0,r2egym-qwen3-rl-64k-100-steps-1-attempt-6,100,11368,abs_step_limit,2,0.1824255304737224,False
slimshetty/swebench-verified:sweb.eval.x86_64.sympy__sympy-16766,1.0,r2egym-qwen3-rl-64k-100-steps-1-attempt-6,86,2055,agent_max_step_limit,7,0.6791787121629466,True
slimshetty/swebench-verified:sweb.eval.x86_64.sympy__sympy-21596,0.0,r2egym-qwen3-rl-64k-100-steps-1-attempt-6,71,1702,token_limit,46,0.029312232606282417,False
slimshetty/swebench-verified:sweb.eval.x86_64.scikit-learn__scikit-learn-13142,0.0,r2egym-qwen3-rl-64k-100-steps-1-attempt-6,100,727,abs_step_limit,54,0.000626334143972791,False
slimshetty/swebench-verified:sweb.eval.x86_64.matplotlib__matplotlib-24970,1.0,r2egym-qwen3-rl-64k-100-steps-1-attempt-6,100,4604,abs_step_limit,253,0.8354835350552604,True
slimshetty/swebench-verified:sweb.eval.x86_64.django__django-12741,1.0,r2egym-qwen3-rl-64k-100-steps-1-attempt-6,100,8356,abs_step_limit,67,0.6224593312018546,True
slimshetty/swebench-verified:sweb.eval.x86_64.sympy__sympy-21612,0.0,r2egym-qwen3-rl-64k-100-steps-1-attempt-6,53,367,token_limit,98,0.0008040857960785276,False
slimshetty/swebench-verified:sweb.eval.x86_64.sympy__sympy-17655,0.0,r2egym-qwen3-rl-64k-100-steps-1-attempt-6,89,2860,token_limit,8,0.0035936021170525443,False
slimshetty/swebench-verified:sweb.eval.x86_64.sphinx-doc__sphinx-8459,0.0,r2egym-qwen3-rl-64k-100-steps-1-attempt-6,88,3237,token_limit,17,0.04742586997993961,False
slimshetty/swebench-verified:sweb.eval.x86_64.sphinx-doc__sphinx-10614,0.0,r2egym-qwen3-rl-64k-100-steps-1-attempt-6,100,3518,abs_step_limit,5,0.7057850340255386,False
slimshetty/swebench-verified:sweb.eval.x86_64.astropy__astropy-7336,0.0,r2egym-qwen3-rl-64k-100-steps-1-attempt-6,41,1248,max_step_limit,0,0.851952809486198,False
slimshetty/swebench-verified:sweb.eval.x86_64.django__django-13121,0.0,r2egym-qwen3-rl-64k-100-steps-1-attempt-6,100,1204,abs_step_limit,168,0.24508501864634824,False
slimshetty/swebench-verified:sweb.eval.x86_64.django__django-14765,1.0,r2egym-qwen3-rl-64k-100-steps-1-attempt-6,29,836,agent,64,0.8807970826714614,True
slimshetty/swebench-verified:sweb.eval.x86_64.django__django-12039,0.0,r2egym-qwen3-rl-64k-100-steps-1-attempt-6,63,2833,agent_max_step_limit,10,0.5,False
slimshetty/swebench-verified:sweb.eval.x86_64.astropy__astropy-13579,0.0,r2egym-qwen3-rl-64k-100-steps-1-attempt-6,100,2512,abs_step_limit,39,0.16451646289656316,False
slimshetty/swebench-verified:sweb.eval.x86_64.sphinx-doc__sphinx-9229,0.0,r2egym-qwen3-rl-64k-100-steps-1-attempt-6,30,4213,agent,13,0.6791786926816161,False
slimshetty/swebench-verified:sweb.eval.x86_64.scikit-learn__scikit-learn-15100,1.0,r2egym-qwen3-rl-64k-100-steps-1-attempt-6,42,1717,agent_max_step_limit,93,0.7057850402140659,True
slimshetty/swebench-verified:sweb.eval.x86_64.pytest-dev__pytest-10356,0.0,r2egym-qwen3-rl-64k-100-steps-1-attempt-6,62,3139,token_limit,0,0.010986940748279841,False
slimshetty/swebench-verified:sweb.eval.x86_64.django__django-12125,0.0,r2egym-qwen3-rl-64k-100-steps-1-attempt-6,89,2279,token_limit,0,0.020332353157149086,False
slimshetty/swebench-verified:sweb.eval.x86_64.django__django-15863,1.0,r2egym-qwen3-rl-64k-100-steps-1-attempt-6,27,1387,agent,9,0.851952809486198,True
slimshetty/swebench-verified:sweb.eval.x86_64.django__django-15814,1.0,r2egym-qwen3-rl-64k-100-steps-1-attempt-6,100,2436,abs_step_limit,29,0.8519527963298947,True
slimshetty/swebench-verified:sweb.eval.x86_64.django__django-11099,1.0,r2egym-qwen3-rl-64k-100-steps-1-attempt-6,24,901,agent,19,0.8175744739711883,True
slimshetty/swebench-verified:sweb.eval.x86_64.django__django-16315,0.0,r2egym-qwen3-rl-64k-100-steps-1-attempt-6,100,4154,abs_step_limit,42,0.5621765008857982,False
slimshetty/swebench-verified:sweb.eval.x86_64.django__django-11885,0.0,r2egym-qwen3-rl-64k-100-steps-1-attempt-6,100,2727,abs_step_limit,41,0.0066928493887966865,False
slimshetty/swebench-verified:sweb.eval.x86_64.django__django-13513,0.0,r2egym-qwen3-rl-64k-100-steps-1-attempt-6,43,3268,agent_max_step_limit,81,0.40733340004593027,False
slimshetty/swebench-verified:sweb.eval.x86_64.django__django-13512,0.0,r2egym-qwen3-rl-64k-100-steps-1-attempt-6,100,1437,abs_step_limit,32,0.8354835371034368,False
slimshetty/swebench-verified:sweb.eval.x86_64.psf__requests-5414,0.0,r2egym-qwen3-rl-64k-100-steps-1-attempt-6,43,1443,agent_max_step_limit,122,0.817574478416099,False
slimshetty/swebench-verified:sweb.eval.x86_64.pylint-dev__pylint-8898,0.0,r2egym-qwen3-rl-64k-100-steps-1-attempt-6,61,3548,token_limit,11,0.029312228101462088,False
slimshetty/swebench-verified:sweb.eval.x86_64.django__django-16145,1.0,r2egym-qwen3-rl-64k-100-steps-1-attempt-6,87,1454,token_limit,174,0.07585817949893016,True
slimshetty/swebench-verified:sweb.eval.x86_64.sympy__sympy-18763,1.0,r2egym-qwen3-rl-64k-100-steps-1-attempt-6,28,529,token_limit,141,0.5,True
slimshetty/swebench-verified:sweb.eval.x86_64.django__django-13590,1.0,r2egym-qwen3-rl-64k-100-steps-1-attempt-6,100,3629,abs_step_limit,145,0.8354835309589074,True
slimshetty/swebench-verified:sweb.eval.x86_64.pydata__xarray-7229,0.0,r2egym-qwen3-rl-64k-100-steps-1-attempt-6,42,942,agent_max_step_limit,270,0.8354835350552604,False
slimshetty/swebench-verified:sweb.eval.x86_64.sympy__sympy-13877,0.0,r2egym-qwen3-rl-64k-100-steps-1-attempt-6,16,1999,llm_query_error,110,0.5,False
slimshetty/swebench-verified:sweb.eval.x86_64.django__django-16263,0.0,r2egym-qwen3-rl-64k-100-steps-1-attempt-6,100,3265,abs_step_limit,99,0.24508501313237174,False
slimshetty/swebench-verified:sweb.eval.x86_64.sympy__sympy-13031,0.0,r2egym-qwen3-rl-64k-100-steps-1-attempt-6,53,0,token_limit,9,0.0007096702710533318,False
slimshetty/swebench-verified:sweb.eval.x86_64.astropy__astropy-14995,1.0,r2egym-qwen3-rl-64k-100-steps-1-attempt-6,9,2655,agent,179,0.8807970889295664,True
slimshetty/swebench-verified:sweb.eval.x86_64.django__django-13741,1.0,r2egym-qwen3-rl-64k-100-steps-1-attempt-6,100,2172,abs_step_limit,82,0.8519528057272543,True
slimshetty/swebench-verified:sweb.eval.x86_64.sympy__sympy-15809,0.0,r2egym-qwen3-rl-64k-100-steps-1-attempt-6,38,770,token_limit,10,0.7772998611746911,False
slimshetty/swebench-verified:sweb.eval.x86_64.pydata__xarray-4695,1.0,r2egym-qwen3-rl-64k-100-steps-1-attempt-6,74,4215,agent_max_step_limit,875,0.6513548511303338,True
slimshetty/swebench-verified:sweb.eval.x86_64.matplotlib__matplotlib-24637,0.0,r2egym-qwen3-rl-64k-100-steps-1-attempt-6,56,0,token_limit,29,5.144220131787343e-05,False
slimshetty/swebench-verified:sweb.eval.x86_64.django__django-14559,1.0,r2egym-qwen3-rl-64k-100-steps-1-attempt-6,33,2385,agent,23,0.7310585903489891,True
slimshetty/swebench-verified:sweb.eval.x86_64.django__django-11276,1.0,r2egym-qwen3-rl-64k-100-steps-1-attempt-6,47,2017,agent_max_step_limit,548,0.5926665999540698,True
slimshetty/swebench-verified:sweb.eval.x86_64.sympy__sympy-16886,1.0,r2egym-qwen3-rl-64k-100-steps-1-attempt-6,20,971,agent,42,0.8519527944504227,True
slimshetty/swebench-verified:sweb.eval.x86_64.django__django-15380,1.0,r2egym-qwen3-rl-64k-100-steps-1-attempt-6,43,1338,token_limit,133,0.7772998611746911,True
slimshetty/swebench-verified:sweb.eval.x86_64.sphinx-doc__sphinx-8595,1.0,r2egym-qwen3-rl-64k-100-steps-1-attempt-6,38,3401,agent,0,0.11920291732853862,True
slimshetty/swebench-verified:sweb.eval.x86_64.django__django-13809,0.0,r2egym-qwen3-rl-64k-100-steps-1-attempt-6,100,1234,abs_step_limit,232,0.010986943764029323,False
slimshetty/swebench-verified:sweb.eval.x86_64.django__django-14500,0.0,r2egym-qwen3-rl-64k-100-steps-1-attempt-6,100,4559,abs_step_limit,21,0.7057850278370112,False
slimshetty/swebench-verified:sweb.eval.x86_64.django__django-15973,0.0,r2egym-qwen3-rl-64k-100-steps-1-attempt-6,100,3900,abs_step_limit,157,0.03732688895048618,False
slimshetty/swebench-verified:sweb.eval.x86_64.django__django-12262,1.0,r2egym-qwen3-rl-64k-100-steps-1-attempt-6,100,2014,abs_step_limit,18,0.8354835289107307,True
slimshetty/swebench-verified:sweb.eval.x86_64.django__django-15525,0.0,r2egym-qwen3-rl-64k-100-steps-1-attempt-6,46,0,token_limit,53,4.539788478662733e-05,False
slimshetty/swebench-verified:sweb.eval.x86_64.astropy__astropy-7166,0.0,r2egym-qwen3-rl-64k-100-steps-1-attempt-6,26,4554,agent,0,0.6791786926816161,False
slimshetty/swebench-verified:sweb.eval.x86_64.astropy__astropy-14365,0.0,r2egym-qwen3-rl-64k-100-steps-1-attempt-6,69,1587,token_limit,6,0.7310585903489891,False
slimshetty/swebench-verified:sweb.eval.x86_64.scikit-learn__scikit-learn-10297,1.0,r2egym-qwen3-rl-64k-100-steps-1-attempt-6,37,1443,token_limit,28,0.07585817740967664,True
slimshetty/swebench-verified:sweb.eval.x86_64.django__django-14007,0.0,r2egym-qwen3-rl-64k-100-steps-1-attempt-6,100,2547,abs_step_limit,0,0.7549149868676284,False
slimshetty/swebench-verified:sweb.eval.x86_64.pydata__xarray-3151,1.0,r2egym-qwen3-rl-64k-100-steps-1-attempt-6,20,2910,agent,66,0.8670357546485407,True
slimshetty/swebench-verified:sweb.eval.x86_64.django__django-11138,0.0,r2egym-qwen3-rl-64k-100-steps-1-attempt-6,22,4357,agent,73,0.8354835411997897,False
slimshetty/swebench-verified:sweb.eval.x86_64.matplotlib__matplotlib-26466,0.0,r2egym-qwen3-rl-64k-100-steps-1-attempt-6,45,2144,agent_max_step_limit,100,0.8175744695262777,False
slimshetty/swebench-verified:sweb.eval.x86_64.sympy__sympy-13372,1.0,r2egym-qwen3-rl-64k-100-steps-1-attempt-6,22,1504,agent,44,0.8175744784160989,True
slimshetty/swebench-verified:sweb.eval.x86_64.django__django-11206,1.0,r2egym-qwen3-rl-64k-100-steps-1-attempt-6,19,2343,token_limit,4,0.5926665999540698,True
slimshetty/swebench-verified:sweb.eval.x86_64.pydata__xarray-6992,0.0,r2egym-qwen3-rl-64k-100-steps-1-attempt-6,23,2291,agent,945,0.7981867849406659,False
slimshetty/swebench-verified:sweb.eval.x86_64.django__django-11265,0.0,r2egym-qwen3-rl-64k-100-steps-1-attempt-6,47,2544,token_limit,30,0.7981867681382279,False
slimshetty/swebench-verified:sweb.eval.x86_64.django__django-16667,0.0,r2egym-qwen3-rl-64k-100-steps-1-attempt-6,38,2674,agent,24,0.7772998611746912,False
slimshetty/swebench-verified:sweb.eval.x86_64.django__django-12193,1.0,r2egym-qwen3-rl-64k-100-steps-1-attempt-6,100,1515,abs_step_limit,11,0.7057850216484838,True
slimshetty/swebench-verified:sweb.eval.x86_64.matplotlib__matplotlib-25479,0.0,r2egym-qwen3-rl-64k-100-steps-1-attempt-6,41,3578,token_limit,263,0.7772998663336158,False
slimshetty/swebench-verified:sweb.eval.x86_64.sphinx-doc__sphinx-9602,0.0,r2egym-qwen3-rl-64k-100-steps-1-attempt-6,59,1464,llm_query_error,45,0.7310585844894971,False
slimshetty/swebench-verified:sweb.eval.x86_64.django__django-11239,0.0,r2egym-qwen3-rl-64k-100-steps-1-attempt-6,40,2042,agent,5,0.7981867681382279,False
slimshetty/swebench-verified:sweb.eval.x86_64.matplotlib__matplotlib-24026,1.0,r2egym-qwen3-rl-64k-100-steps-1-attempt-6,94,5640,token_limit,764,0.8807970732843033,True
slimshetty/swebench-verified:sweb.eval.x86_64.scikit-learn__scikit-learn-14141,0.0,r2egym-qwen3-rl-64k-100-steps-1-attempt-6,36,1115,agent,2,0.24508501313237172,False
slimshetty/swebench-verified:sweb.eval.x86_64.django__django-13297,0.0,r2egym-qwen3-rl-64k-100-steps-1-attempt-6,100,4761,abs_step_limit,50,0.8175744695262775,False
slimshetty/swebench-verified:sweb.eval.x86_64.sphinx-doc__sphinx-8035,1.0,r2egym-qwen3-rl-64k-100-steps-1-attempt-6,69,3836,token_limit,2,0.6224593312018545,True
slimshetty/swebench-verified:sweb.eval.x86_64.django__django-13363,1.0,r2egym-qwen3-rl-64k-100-steps-1-attempt-6,100,3882,abs_step_limit,76,0.7310585727705127,True
slimshetty/swebench-verified:sweb.eval.x86_64.django__django-11734,0.0,r2egym-qwen3-rl-64k-100-steps-1-attempt-6,59,3542,token_limit,275,0.7549149758396752,False
slimshetty/swebench-verified:sweb.eval.x86_64.pydata__xarray-6721,0.0,r2egym-qwen3-rl-64k-100-steps-1-attempt-6,62,2940,token_limit,1405,0.020332352415110444,False
slimshetty/swebench-verified:sweb.eval.x86_64.astropy__astropy-13033,0.0,r2egym-qwen3-rl-64k-100-steps-1-attempt-6,39,1576,agent,20,0.8175744739711883,False
slimshetty/swebench-verified:sweb.eval.x86_64.django__django-15037,1.0,r2egym-qwen3-rl-64k-100-steps-1-attempt-6,36,4113,agent,14,0.6791787121629465,True
slimshetty/swebench-verified:sweb.eval.x86_64.django__django-11451,1.0,r2egym-qwen3-rl-64k-100-steps-1-attempt-6,100,2932,abs_step_limit,45,0.7981867825403177,True
slimshetty/swebench-verified:sweb.eval.x86_64.django__django-13195,0.0,r2egym-qwen3-rl-64k-100-steps-1-attempt-6,31,2764,agent,382,0.7772998611746911,False
slimshetty/swebench-verified:sweb.eval.x86_64.django__django-10554,0.0,r2egym-qwen3-rl-64k-100-steps-1-attempt-6,56,3068,agent_max_step_limit,23,0.6513548782017746,False
slimshetty/swebench-verified:sweb.eval.x86_64.django__django-16642,1.0,r2egym-qwen3-rl-64k-100-steps-1-attempt-6,42,2144,agent_max_step_limit,21,0.8354835452961425,True
slimshetty/swebench-verified:sweb.eval.x86_64.django__django-13410,1.0,r2egym-qwen3-rl-64k-100-steps-1-attempt-6,100,755,abs_step_limit,40,0.8354835391516133,True
slimshetty/swebench-verified:sweb.eval.x86_64.pydata__xarray-6744,1.0,r2egym-qwen3-rl-64k-100-steps-1-attempt-6,17,2118,agent,1815,0.8670357546485407,True
slimshetty/swebench-verified:sweb.eval.x86_64.django__django-13346,0.0,r2egym-qwen3-rl-64k-100-steps-1-attempt-6,93,3350,token_limit,64,0.010986941132838454,False
slimshetty/swebench-verified:sweb.eval.x86_64.sympy__sympy-17630,0.0,r2egym-qwen3-rl-64k-100-steps-1-attempt-6,42,471,agent_max_step_limit,18,0.7310585903489891,False
slimshetty/swebench-verified:sweb.eval.x86_64.psf__requests-1142,0.0,r2egym-qwen3-rl-64k-100-steps-1-attempt-6,40,0,token_limit,5,0.00015843615868593993,False
slimshetty/swebench-verified:sweb.eval.x86_64.django__django-11141,0.0,r2egym-qwen3-rl-64k-100-steps-1-attempt-6,100,3560,abs_step_limit,23,0.7981867753392728,False
slimshetty/swebench-verified:sweb.eval.x86_64.pytest-dev__pytest-5262,0.0,r2egym-qwen3-rl-64k-100-steps-1-attempt-6,46,1972,agent_max_step_limit,101,0.1329642264548166,False
slimshetty/swebench-verified:sweb.eval.x86_64.pylint-dev__pylint-4551,0.0,r2egym-qwen3-rl-64k-100-steps-1-attempt-6,100,1539,abs_step_limit,0,0.46879062662624377,False
slimshetty/swebench-verified:sweb.eval.x86_64.sympy__sympy-23534,0.0,r2egym-qwen3-rl-64k-100-steps-1-attempt-6,20,2153,agent,11,0.5312093733737562,False
slimshetty/swebench-verified:sweb.eval.x86_64.django__django-11848,0.0,r2egym-qwen3-rl-64k-100-steps-1-attempt-6,40,2732,agent,43,0.6513548782017745,False
slimshetty/swebench-verified:sweb.eval.x86_64.sympy__sympy-21379,0.0,r2egym-qwen3-rl-64k-100-steps-1-attempt-6,100,0,abs_step_limit,91,3.120190018524592e-05,False
slimshetty/swebench-verified:sweb.eval.x86_64.sympy__sympy-13091,0.0,r2egym-qwen3-rl-64k-100-steps-1-attempt-6,92,1532,token_limit,0,0.0015011819326937426,False
slimshetty/swebench-verified:sweb.eval.x86_64.django__django-13109,1.0,r2egym-qwen3-rl-64k-100-steps-1-attempt-6,45,3830,agent_max_step_limit,170,0.8519527982093666,True
slimshetty/swebench-verified:sweb.eval.x86_64.django__django-14017,0.0,r2egym-qwen3-rl-64k-100-steps-1-attempt-6,80,0,token_limit,147,5.144221346936461e-05,False
slimshetty/swebench-verified:sweb.eval.x86_64.astropy__astropy-13977,0.0,r2egym-qwen3-rl-64k-100-steps-1-attempt-6,46,6183,agent_max_step_limit,318,0.8354835411997897,False
slimshetty/swebench-verified:sweb.eval.x86_64.matplotlib__matplotlib-25122,1.0,r2egym-qwen3-rl-64k-100-steps-1-attempt-6,19,1423,agent,2476,0.7772998663336157,True
slimshetty/swebench-verified:sweb.eval.x86_64.sphinx-doc__sphinx-7910,1.0,r2egym-qwen3-rl-64k-100-steps-1-attempt-6,93,3843,token_limit,16,0.817574471748733,True
slimshetty/swebench-verified:sweb.eval.x86_64.mwaskom__seaborn-3069,0.0,r2egym-qwen3-rl-64k-100-steps-1-attempt-6,60,8787,token_limit,0,0.0021827165143099674,False
slimshetty/swebench-verified:sweb.eval.x86_64.django__django-14053,0.0,r2egym-qwen3-rl-64k-100-steps-1-attempt-6,100,5124,abs_step_limit,30,0.8354835391516133,False
slimshetty/swebench-verified:sweb.eval.x86_64.django__django-11149,0.0,r2egym-qwen3-rl-64k-100-steps-1-attempt-6,74,4097,token_limit,42,0.7310585727705127,False
slimshetty/swebench-verified:sweb.eval.x86_64.django__django-14631,0.0,r2egym-qwen3-rl-64k-100-steps-1-attempt-6,57,4728,token_limit,116,0.16451646699291617,False
slimshetty/swebench-verified:sweb.eval.x86_64.django__django-13964,0.0,r2egym-qwen3-rl-64k-100-steps-1-attempt-6,62,6042,token_limit,33,0.01406362806341763,False
slimshetty/swebench-verified:sweb.eval.x86_64.astropy__astropy-14598,0.0,r2egym-qwen3-rl-64k-100-steps-1-attempt-6,45,3051,token_limit,164,0.008577487164006827,False
slimshetty/swebench-verified:sweb.eval.x86_64.django__django-15503,0.0,r2egym-qwen3-rl-64k-100-steps-1-attempt-6,77,4446,token_limit,72,0.6791787056691698,False
slimshetty/swebench-verified:sweb.eval.x86_64.pylint-dev__pylint-6528,0.0,r2egym-qwen3-rl-64k-100-steps-1-attempt-6,86,4622,token_limit,0,0.0028009263850890843,False
slimshetty/swebench-verified:sweb.eval.x86_64.django__django-15252,0.0,r2egym-qwen3-rl-64k-100-steps-1-attempt-6,46,3752,token_limit,34,0.10669060317692272,False
slimshetty/swebench-verified:sweb.eval.x86_64.sympy__sympy-13757,0.0,r2egym-qwen3-rl-64k-100-steps-1-attempt-6,72,2425,token_limit,166,0.01798621012658833,False
slimshetty/swebench-verified:sweb.eval.x86_64.pydata__xarray-3993,0.0,r2egym-qwen3-rl-64k-100-steps-1-attempt-6,100,2428,abs_step_limit,2398,0.6224593312018546,False
slimshetty/swebench-verified:sweb.eval.x86_64.sympy__sympy-15349,1.0,r2egym-qwen3-rl-64k-100-steps-1-attempt-6,32,2591,agent,3,0.8175744828610095,True
slimshetty/swebench-verified:sweb.eval.x86_64.psf__requests-6028,0.0,r2egym-qwen3-rl-64k-100-steps-1-attempt-6,79,3170,token_limit,185,0.010986941790636114,False
slimshetty/swebench-verified:sweb.eval.x86_64.scikit-learn__scikit-learn-14496,0.0,r2egym-qwen3-rl-64k-100-steps-1-attempt-4,87,0,token_limit,39,4.539789021507677e-05,False
slimshetty/swebench-verified:sweb.eval.x86_64.django__django-10097,1.0,r2egym-qwen3-rl-64k-100-steps-1-attempt-6,100,0,abs_step_limit,1432,0.00026119030632070254,True
slimshetty/swebench-verified:sweb.eval.x86_64.django__django-11603,1.0,r2egym-qwen3-rl-64k-100-steps-1-attempt-4,42,2178,agent_max_step_limit,58,0.8354835371034368,True
slimshetty/swebench-verified:sweb.eval.x86_64.sympy__sympy-19954,1.0,r2egym-qwen3-rl-64k-100-steps-1-attempt-4,25,3377,agent,56,0.8807970889295664,True
slimshetty/swebench-verified:sweb.eval.x86_64.psf__requests-1724,1.0,r2egym-qwen3-rl-64k-100-steps-1-attempt-4,28,1839,agent,79,0.7981867801399695,True
slimshetty/swebench-verified:sweb.eval.x86_64.psf__requests-2931,0.0,r2egym-qwen3-rl-64k-100-steps-1-attempt-4,41,1637,max_step_limit,83,0.7981867849406659,False
slimshetty/swebench-verified:sweb.eval.x86_64.django__django-11333,0.0,r2egym-qwen3-rl-64k-100-steps-1-attempt-4,41,1939,max_step_limit,0,0.5621765008857982,False
slimshetty/swebench-verified:sweb.eval.x86_64.pylint-dev__pylint-7080,0.0,r2egym-qwen3-rl-64k-100-steps-1-attempt-4,41,749,max_step_limit,121,0.8519527982093666,False
slimshetty/swebench-verified:sweb.eval.x86_64.matplotlib__matplotlib-25775,0.0,r2egym-qwen3-rl-64k-100-steps-1-attempt-4,63,768,token_limit,89,0.008577485397872214,False
slimshetty/swebench-verified:sweb.eval.x86_64.django__django-12308,0.0,r2egym-qwen3-rl-64k-100-steps-1-attempt-4,42,1271,agent_max_step_limit,20,0.37754066879814546,False
slimshetty/swebench-verified:sweb.eval.x86_64.sympy__sympy-12481,1.0,r2egym-qwen3-rl-64k-100-steps-1-attempt-4,43,1847,agent_max_step_limit,7,0.8519528000888386,True
slimshetty/swebench-verified:sweb.eval.x86_64.pytest-dev__pytest-7205,0.0,r2egym-qwen3-rl-64k-100-steps-1-attempt-4,27,711,agent,16,0.7772998714925403,False
slimshetty/swebench-verified:sweb.eval.x86_64.sympy__sympy-18199,0.0,r2egym-qwen3-rl-64k-100-steps-1-attempt-4,46,897,agent_max_step_limit,113,0.8519528076067262,False
slimshetty/swebench-verified:sweb.eval.x86_64.scikit-learn__scikit-learn-13124,0.0,r2egym-qwen3-rl-64k-100-steps-1-attempt-4,27,3006,agent,59,0.5,False
slimshetty/swebench-verified:sweb.eval.x86_64.pallets__flask-5014,1.0,r2egym-qwen3-rl-64k-100-steps-1-attempt-4,44,434,agent_max_step_limit,59,0.8519528057272543,True
slimshetty/swebench-verified:sweb.eval.x86_64.sympy__sympy-19346,1.0,r2egym-qwen3-rl-64k-100-steps-1-attempt-4,46,3304,agent_max_step_limit,40,0.817574471748733,True
slimshetty/swebench-verified:sweb.eval.x86_64.scikit-learn__scikit-learn-14053,1.0,r2egym-qwen3-rl-64k-100-steps-1-attempt-4,26,2277,agent,5,0.8519528038477824,True
slimshetty/swebench-verified:sweb.eval.x86_64.django__django-11551,1.0,r2egym-qwen3-rl-64k-100-steps-1-attempt-4,100,4130,abs_step_limit,119,0.880797085800514,True
slimshetty/swebench-verified:sweb.eval.x86_64.django__django-14155,0.0,r2egym-qwen3-rl-64k-100-steps-1-attempt-4,14,1496,agent,89,0.8354835432479661,False
slimshetty/swebench-verified:sweb.eval.x86_64.django__django-16560,0.0,r2egym-qwen3-rl-64k-100-steps-1-attempt-4,100,4935,abs_step_limit,66,0.0052201244748253965,False
slimshetty/swebench-verified:sweb.eval.x86_64.django__django-13449,0.0,r2egym-qwen3-rl-64k-100-steps-1-attempt-4,75,2973,token_limit,46,0.5621765008857981,False
slimshetty/swebench-verified:sweb.eval.x86_64.scikit-learn__scikit-learn-25931,0.0,r2egym-qwen3-rl-64k-100-steps-1-attempt-4,55,509,token_limit,21,0.04208772611333754,False
slimshetty/swebench-verified:sweb.eval.x86_64.django__django-11299,0.0,r2egym-qwen3-rl-64k-100-steps-1-attempt-4,69,0,token_limit,103,0.0001795280289031538,False
slimshetty/swebench-verified:sweb.eval.x86_64.django__django-15278,0.0,r2egym-qwen3-rl-64k-100-steps-1-attempt-4,100,4393,abs_step_limit,138,0.7772998560157665,False
slimshetty/swebench-verified:sweb.eval.x86_64.django__django-11490,1.0,r2egym-qwen3-rl-64k-100-steps-1-attempt-4,100,1877,abs_step_limit,23,0.8354835432479663,True
slimshetty/swebench-verified:sweb.eval.x86_64.sympy__sympy-14976,0.0,r2egym-qwen3-rl-64k-100-steps-1-attempt-4,96,1225,token_limit,13,0.0015011825212763892,False
slimshetty/swebench-verified:sweb.eval.x86_64.django__django-11211,0.0,r2egym-qwen3-rl-64k-100-steps-1-attempt-4,100,4325,abs_step_limit,0,0.0004305571834823199,False
slimshetty/swebench-verified:sweb.eval.x86_64.sympy__sympy-15976,0.0,r2egym-qwen3-rl-64k-100-steps-1-attempt-4,94,1454,token_limit,37,0.7981867825403176,False
slimshetty/swebench-verified:sweb.eval.x86_64.astropy__astropy-8707,0.0,r2egym-qwen3-rl-64k-100-steps-1-attempt-4,61,1374,token_limit,0,0.0015011821757697974,False
slimshetty/swebench-verified:sweb.eval.x86_64.django__django-15022,0.0,r2egym-qwen3-rl-64k-100-steps-1-attempt-4,70,0,token_limit,56,9.610239167316494e-05,False
slimshetty/swebench-verified:sweb.eval.x86_64.django__django-13089,1.0,r2egym-qwen3-rl-64k-100-steps-1-attempt-4,100,3164,abs_step_limit,352,0.8519528000888386,True
slimshetty/swebench-verified:sweb.eval.x86_64.sympy__sympy-18698,0.0,r2egym-qwen3-rl-64k-100-steps-1-attempt-4,100,2271,abs_step_limit,146,0.7310585844894971,False
slimshetty/swebench-verified:sweb.eval.x86_64.django__django-15561,1.0,r2egym-qwen3-rl-64k-100-steps-1-attempt-4,100,7810,abs_step_limit,141,0.8670357512127872,True
slimshetty/swebench-verified:sweb.eval.x86_64.django__django-15382,1.0,r2egym-qwen3-rl-64k-100-steps-1-attempt-4,68,3316,token_limit,161,0.8354835330070839,True
slimshetty/swebench-verified:sweb.eval.x86_64.django__django-13821,1.0,r2egym-qwen3-rl-64k-100-steps-1-attempt-4,100,2996,abs_step_limit,14,0.7549149923816048,True
slimshetty/swebench-verified:sweb.eval.x86_64.django__django-14140,0.0,r2egym-qwen3-rl-64k-100-steps-1-attempt-4,68,1605,token_limit,199,0.8354835371034368,False
slimshetty/swebench-verified:sweb.eval.x86_64.django__django-16901,1.0,r2egym-qwen3-rl-64k-100-steps-1-attempt-4,100,3533,abs_step_limit,6,0.7772998714925403,True
slimshetty/swebench-verified:sweb.eval.x86_64.django__django-17084,1.0,r2egym-qwen3-rl-64k-100-steps-1-attempt-4,53,3216,token_limit,107,0.2942149845400438,True
slimshetty/swebench-verified:sweb.eval.x86_64.django__django-16612,1.0,r2egym-qwen3-rl-64k-100-steps-1-attempt-4,100,3916,abs_step_limit,335,0.8933094088947399,True
slimshetty/swebench-verified:sweb.eval.x86_64.sympy__sympy-23262,0.0,r2egym-qwen3-rl-64k-100-steps-1-attempt-4,48,2386,agent_max_step_limit,60,0.6791787121629466,False
slimshetty/swebench-verified:sweb.eval.x86_64.sympy__sympy-13551,0.0,r2egym-qwen3-rl-64k-100-steps-1-attempt-4,100,3142,abs_step_limit,0,0.0015011823664964061,False
slimshetty/swebench-verified:sweb.eval.x86_64.sympy__sympy-22456,1.0,r2egym-qwen3-rl-64k-100-steps-1-attempt-4,77,2279,token_limit,29,0.7772998663336158,True
slimshetty/swebench-verified:sweb.eval.x86_64.pydata__xarray-3677,1.0,r2egym-qwen3-rl-64k-100-steps-1-attempt-4,22,1981,agent,21,0.8670357529306639,True
slimshetty/swebench-verified:sweb.eval.x86_64.pydata__xarray-4629,1.0,r2egym-qwen3-rl-64k-100-steps-1-attempt-4,21,2649,agent,32,0.7310585669110202,True
slimshetty/swebench-verified:sweb.eval.x86_64.django__django-16333,1.0,r2egym-qwen3-rl-64k-100-steps-1-attempt-4,89,4917,token_limit,87,0.8354835371034368,True
slimshetty/swebench-verified:sweb.eval.x86_64.django__django-14349,1.0,r2egym-qwen3-rl-64k-100-steps-1-attempt-4,29,2187,agent,18,0.8670357580842941,True
slimshetty/swebench-verified:sweb.eval.x86_64.django__django-14672,1.0,r2egym-qwen3-rl-64k-100-steps-1-attempt-4,68,6620,token_limit,0,0.8807970795424087,True
slimshetty/swebench-verified:sweb.eval.x86_64.django__django-13343,0.0,r2egym-qwen3-rl-64k-100-steps-1-attempt-4,100,5441,token_limit,128,0.731058584489497,False
slimshetty/swebench-verified:sweb.eval.x86_64.pylint-dev__pylint-6903,1.0,r2egym-qwen3-rl-64k-100-steps-1-attempt-4,67,2752,token_limit,8,0.7772998714925403,True
slimshetty/swebench-verified:sweb.eval.x86_64.django__django-14351,0.0,r2egym-qwen3-rl-64k-100-steps-1-attempt-4,37,0,llm_query_error,58,5.829125150595281e-05,False
slimshetty/swebench-verified:sweb.eval.x86_64.django__django-16116,1.0,r2egym-qwen3-rl-64k-100-steps-1-attempt-4,100,2762,token_limit,137,0.7981867705385762,True
slimshetty/swebench-verified:sweb.eval.x86_64.sphinx-doc__sphinx-7454,0.0,r2egym-qwen3-rl-64k-100-steps-1-attempt-4,87,3240,token_limit,27,0.11920291576401235,False
slimshetty/swebench-verified:sweb.eval.x86_64.scikit-learn__scikit-learn-26194,0.0,r2egym-qwen3-rl-64k-100-steps-1-attempt-4,45,1996,token_limit,186,0.10669058755477132,False
slimshetty/swebench-verified:sweb.eval.x86_64.django__django-14855,1.0,r2egym-qwen3-rl-64k-100-steps-1-attempt-4,100,4929,abs_step_limit,325,0.8175744761936437,True
slimshetty/swebench-verified:sweb.eval.x86_64.sympy__sympy-19783,0.0,r2egym-qwen3-rl-64k-100-steps-1-attempt-4,97,1131,token_limit,9,0.001700722778280076,False
slimshetty/swebench-verified:sweb.eval.x86_64.sphinx-doc__sphinx-9281,0.0,r2egym-qwen3-rl-64k-100-steps-1-attempt-4,56,2401,agent_max_step_limit,38,0.8670357701094303,False
slimshetty/swebench-verified:sweb.eval.x86_64.django__django-14752,1.0,r2egym-qwen3-rl-64k-100-steps-1-attempt-4,100,3651,abs_step_limit,15,0.7772998508568416,True
slimshetty/swebench-verified:sweb.eval.x86_64.sympy__sympy-16597,0.0,r2egym-qwen3-rl-64k-100-steps-1-attempt-4,43,2612,agent_max_step_limit,73,0.6791786926816161,False
slimshetty/swebench-verified:sweb.eval.x86_64.sympy__sympy-11618,1.0,r2egym-qwen3-rl-64k-100-steps-1-attempt-4,17,930,agent,4,0.8519527963298946,True
slimshetty/swebench-verified:sweb.eval.x86_64.django__django-16256,0.0,r2egym-qwen3-rl-64k-100-steps-1-attempt-4,57,0,token_limit,53,4.539785775768208e-05,False
slimshetty/swebench-verified:sweb.eval.x86_64.django__django-12419,1.0,r2egym-qwen3-rl-64k-100-steps-1-attempt-4,39,2380,agent,0,0.7310585844894971,True
slimshetty/swebench-verified:sweb.eval.x86_64.matplotlib__matplotlib-13989,1.0,r2egym-qwen3-rl-64k-100-steps-1-attempt-4,73,2457,token_limit,411,0.8670357683915538,True
slimshetty/swebench-verified:sweb.eval.x86_64.django__django-11133,1.0,r2egym-qwen3-rl-64k-100-steps-1-attempt-4,100,1534,abs_step_limit,64,0.817574471748733,True
slimshetty/swebench-verified:sweb.eval.x86_64.django__django-14034,0.0,r2egym-qwen3-rl-64k-100-steps-1-attempt-4,31,3099,agent,12,0.7772998663336158,False
slimshetty/swebench-verified:sweb.eval.x86_64.sympy__sympy-20438,0.0,r2egym-qwen3-rl-64k-100-steps-1-attempt-4,61,0,token_limit,93,0.0001398221231178984,False
slimshetty/swebench-verified:sweb.eval.x86_64.django__django-16662,1.0,r2egym-qwen3-rl-64k-100-steps-1-attempt-4,100,3187,abs_step_limit,51,0.7981867849406659,True
slimshetty/swebench-verified:sweb.eval.x86_64.sphinx-doc__sphinx-7985,0.0,r2egym-qwen3-rl-64k-100-steps-1-attempt-4,96,3001,token_limit,3,0.40733340004593027,False
slimshetty/swebench-verified:sweb.eval.x86_64.sympy__sympy-14711,0.0,r2egym-qwen3-rl-64k-100-steps-1-attempt-4,100,0,abs_step_limit,2,0.00010889688291124823,False
slimshetty/swebench-verified:sweb.eval.x86_64.django__django-14771,0.0,r2egym-qwen3-rl-64k-100-steps-1-attempt-4,100,2190,abs_step_limit,60,0.26894141551050293,False
slimshetty/swebench-verified:sweb.eval.x86_64.django__django-13128,1.0,r2egym-qwen3-rl-64k-100-steps-1-attempt-4,75,2858,token_limit,134,0.8519528019683106,True
slimshetty/swebench-verified:sweb.eval.x86_64.astropy__astropy-12907,0.0,r2egym-qwen3-rl-64k-100-steps-1-attempt-4,30,1945,token_limit,13,0.00460957240158112,False
slimshetty/swebench-verified:sweb.eval.x86_64.sympy__sympy-24443,1.0,r2egym-qwen3-rl-64k-100-steps-1-attempt-4,26,3449,agent,1,0.6513548714339144,True
slimshetty/swebench-verified:sweb.eval.x86_64.pydata__xarray-4094,0.0,r2egym-qwen3-rl-64k-100-steps-1-attempt-4,41,552,token_limit,861,0.9149009538328171,False
slimshetty/swebench-verified:sweb.eval.x86_64.sympy__sympy-24066,1.0,r2egym-qwen3-rl-64k-100-steps-1-attempt-4,43,2013,agent_max_step_limit,30,0.5621765008857981,True
slimshetty/swebench-verified:sweb.eval.x86_64.django__django-15277,1.0,r2egym-qwen3-rl-64k-100-steps-1-attempt-4,42,1917,agent_max_step_limit,158,0.7772998611746912,True
slimshetty/swebench-verified:sweb.eval.x86_64.pydata__xarray-4075,1.0,r2egym-qwen3-rl-64k-100-steps-1-attempt-4,17,556,agent,958,0.9046505428129514,True
slimshetty/swebench-verified:sweb.eval.x86_64.django__django-14011,0.0,r2egym-qwen3-rl-64k-100-steps-1-attempt-4,57,3137,token_limit,2,0.7549149813536518,False
slimshetty/swebench-verified:sweb.eval.x86_64.django__django-13670,1.0,r2egym-qwen3-rl-64k-100-steps-1-attempt-4,40,3440,agent,17,0.8519528057272543,True
slimshetty/swebench-verified:sweb.eval.x86_64.django__django-11815,1.0,r2egym-qwen3-rl-64k-100-steps-1-attempt-4,95,3092,token_limit,44,0.03308597481339833,True
slimshetty/swebench-verified:sweb.eval.x86_64.scikit-learn__scikit-learn-25102,0.0,r2egym-qwen3-rl-64k-100-steps-1-attempt-4,34,5492,agent,59,0.651354857898194,False
slimshetty/swebench-verified:sweb.eval.x86_64.sphinx-doc__sphinx-8548,0.0,r2egym-qwen3-rl-64k-100-steps-1-attempt-4,100,2861,abs_step_limit,4,0.18242552825126704,False
slimshetty/swebench-verified:sweb.eval.x86_64.django__django-13933,1.0,r2egym-qwen3-rl-64k-100-steps-1-attempt-4,81,7901,token_limit,19,0.8175744806385543,True
slimshetty/swebench-verified:sweb.eval.x86_64.django__django-10973,1.0,r2egym-qwen3-rl-64k-100-steps-1-attempt-4,70,3227,token_limit,0,0.8670357683915538,True
slimshetty/swebench-verified:sweb.eval.x86_64.sympy__sympy-19040,0.0,r2egym-qwen3-rl-64k-100-steps-1-attempt-4,64,921,token_limit,145,0.005220124987467021,False
slimshetty/swebench-verified:sweb.eval.x86_64.scikit-learn__scikit-learn-13439,1.0,r2egym-qwen3-rl-64k-100-steps-1-attempt-4,41,4717,max_step_limit,40,0.8807970873650401,True
slimshetty/swebench-verified:sweb.eval.x86_64.django__django-15987,0.0,r2egym-qwen3-rl-64k-100-steps-1-attempt-4,35,1990,agent,52,0.7981867729389246,False
slimshetty/swebench-verified:sweb.eval.x86_64.matplotlib__matplotlib-23412,0.0,r2egym-qwen3-rl-64k-100-steps-1-attempt-4,100,0,abs_step_limit,46,8.48110816287202e-05,False
slimshetty/swebench-verified:sweb.eval.x86_64.django__django-12663,1.0,r2egym-qwen3-rl-64k-100-steps-1-attempt-4,38,3236,agent,135,0.7981867753392728,True
slimshetty/swebench-verified:sweb.eval.x86_64.django__django-12965,0.0,r2egym-qwen3-rl-64k-100-steps-1-attempt-4,46,0,token_limit,52,0.00026119043186699893,False
slimshetty/swebench-verified:sweb.eval.x86_64.pydata__xarray-7233,0.0,r2egym-qwen3-rl-64k-100-steps-1-attempt-4,22,1376,agent,187,0.8670357701094303,False
slimshetty/swebench-verified:sweb.eval.x86_64.scikit-learn__scikit-learn-10908,0.0,r2egym-qwen3-rl-64k-100-steps-1-attempt-4,48,2945,agent_max_step_limit,47,0.5,False
slimshetty/swebench-verified:sweb.eval.x86_64.sphinx-doc__sphinx-8056,0.0,r2egym-qwen3-rl-64k-100-steps-1-attempt-4,52,906,token_limit,40,0.00023050674046444476,False
slimshetty/swebench-verified:sweb.eval.x86_64.django__django-15467,1.0,r2egym-qwen3-rl-64k-100-steps-1-attempt-4,80,3105,token_limit,62,0.8807970904940926,True
slimshetty/swebench-verified:sweb.eval.x86_64.django__django-11292,1.0,r2egym-qwen3-rl-64k-100-steps-1-attempt-4,100,3478,abs_step_limit,31,0.7057850154599562,True
slimshetty/swebench-verified:sweb.eval.x86_64.django__django-15098,0.0,r2egym-qwen3-rl-64k-100-steps-1-attempt-4,47,4255,token_limit,84,0.6791787121629466,False
slimshetty/swebench-verified:sweb.eval.x86_64.django__django-14373,1.0,r2egym-qwen3-rl-64k-100-steps-1-attempt-4,35,2171,agent,19,0.8670357632379241,True
slimshetty/swebench-verified:sweb.eval.x86_64.sympy__sympy-19637,0.0,r2egym-qwen3-rl-64k-100-steps-1-attempt-4,19,1001,agent,40,0.46879062662624377,False
slimshetty/swebench-verified:sweb.eval.x86_64.matplotlib__matplotlib-24870,0.0,r2egym-qwen3-rl-64k-100-steps-1-attempt-4,94,5246,token_limit,65,0.0013250223730012357,False
slimshetty/swebench-verified:sweb.eval.x86_64.django__django-15128,0.0,r2egym-qwen3-rl-64k-100-steps-1-attempt-4,57,1388,token_limit,282,0.003172683289452181,False
slimshetty/swebench-verified:sweb.eval.x86_64.django__django-11740,0.0,r2egym-qwen3-rl-64k-100-steps-1-attempt-4,100,1930,abs_step_limit,94,0.4378234991142019,False
slimshetty/swebench-verified:sweb.eval.x86_64.django__django-13820,1.0,r2egym-qwen3-rl-64k-100-steps-1-attempt-4,100,3049,abs_step_limit,24,0.7057850216484838,True
slimshetty/swebench-verified:sweb.eval.x86_64.scikit-learn__scikit-learn-13496,1.0,r2egym-qwen3-rl-64k-100-steps-1-attempt-4,32,2008,agent,19,0.7772998663336158,True
slimshetty/swebench-verified:sweb.eval.x86_64.django__django-16877,1.0,r2egym-qwen3-rl-64k-100-steps-1-attempt-4,32,2540,agent,0,0.8175744673038222,True
slimshetty/swebench-verified:sweb.eval.x86_64.scikit-learn__scikit-learn-14983,0.0,r2egym-qwen3-rl-64k-100-steps-1-attempt-4,40,2121,agent,105,0.679178699175393,False
slimshetty/swebench-verified:sweb.eval.x86_64.sympy__sympy-16450,0.0,r2egym-qwen3-rl-64k-100-steps-1-attempt-4,100,0,abs_step_limit,38,1.892514823013346e-05,False
slimshetty/swebench-verified:sweb.eval.x86_64.django__django-13568,0.0,r2egym-qwen3-rl-64k-100-steps-1-attempt-4,60,3284,agent_max_step_limit,12,0.7772998508568416,False
slimshetty/swebench-verified:sweb.eval.x86_64.psf__requests-1921,1.0,r2egym-qwen3-rl-64k-100-steps-1-attempt-4,33,2323,agent,107,0.7772998663336158,True
slimshetty/swebench-verified:sweb.eval.x86_64.pylint-dev__pylint-4604,0.0,r2egym-qwen3-rl-64k-100-steps-1-attempt-4,99,2376,token_limit,0,0.00043055713190244576,False
slimshetty/swebench-verified:sweb.eval.x86_64.pytest-dev__pytest-7432,1.0,r2egym-qwen3-rl-64k-100-steps-1-attempt-4,100,1826,abs_step_limit,77,0.8807970764133561,True
slimshetty/swebench-verified:sweb.eval.x86_64.matplotlib__matplotlib-23314,1.0,r2egym-qwen3-rl-64k-100-steps-1-attempt-4,57,554,token_limit,862,0.8807970779778824,True
slimshetty/swebench-verified:sweb.eval.x86_64.scikit-learn__scikit-learn-10844,1.0,r2egym-qwen3-rl-64k-100-steps-1-attempt-4,43,1172,agent_max_step_limit,16,0.8354835309589073,True
slimshetty/swebench-verified:sweb.eval.x86_64.matplotlib__matplotlib-26342,1.0,r2egym-qwen3-rl-64k-100-steps-1-attempt-4,42,2021,agent_max_step_limit,81,0.8354835330070839,True
slimshetty/swebench-verified:sweb.eval.x86_64.astropy__astropy-13236,0.0,r2egym-qwen3-rl-64k-100-steps-1-attempt-4,20,797,agent,644,0.6224593382055109,False
slimshetty/swebench-verified:sweb.eval.x86_64.sympy__sympy-20916,0.0,r2egym-qwen3-rl-64k-100-steps-1-attempt-4,41,1334,max_step_limit,1,0.4073334000459302,False
slimshetty/swebench-verified:sweb.eval.x86_64.sympy__sympy-22914,0.0,r2egym-qwen3-rl-64k-100-steps-1-attempt-4,100,0,abs_step_limit,17,1.1478768123823146e-05,False
slimshetty/swebench-verified:sweb.eval.x86_64.django__django-9296,1.0,r2egym-qwen3-rl-64k-100-steps-1-attempt-4,100,1524,abs_step_limit,20,0.7772998560157665,True
slimshetty/swebench-verified:sweb.eval.x86_64.django__django-11477,0.0,r2egym-qwen3-rl-64k-100-steps-1-attempt-4,44,2081,agent_max_step_limit,151,0.14804720367010532,False
slimshetty/swebench-verified:sweb.eval.x86_64.django__django-12304,0.0,r2egym-qwen3-rl-64k-100-steps-1-attempt-4,41,2478,max_step_limit,0,0.679178699175393,False
slimshetty/swebench-verified:sweb.eval.x86_64.django__django-15499,0.0,r2egym-qwen3-rl-64k-100-steps-1-attempt-4,85,0,token_limit,35,1.3007126909159127e-05,False
slimshetty/swebench-verified:sweb.eval.x86_64.sympy__sympy-15345,0.0,r2egym-qwen3-rl-64k-100-steps-1-attempt-4,47,1755,agent_max_step_limit,5,0.5926665999540698,False
slimshetty/swebench-verified:sweb.eval.x86_64.django__django-12143,1.0,r2egym-qwen3-rl-64k-100-steps-1-attempt-4,85,2058,token_limit,52,0.817574471748733,True
slimshetty/swebench-verified:sweb.eval.x86_64.scikit-learn__scikit-learn-11578,1.0,r2egym-qwen3-rl-64k-100-steps-1-attempt-4,71,2705,agent_max_step_limit,93,0.851952809486198,True
slimshetty/swebench-verified:sweb.eval.x86_64.matplotlib__matplotlib-25960,0.0,r2egym-qwen3-rl-64k-100-steps-1-attempt-4,42,1432,agent_max_step_limit,131,0.7772998611746912,False
slimshetty/swebench-verified:sweb.eval.x86_64.django__django-13344,0.0,r2egym-qwen3-rl-64k-100-steps-1-attempt-4,68,1496,token_limit,356,0.0066928506394765405,False
slimshetty/swebench-verified:sweb.eval.x86_64.pytest-dev__pytest-7236,1.0,r2egym-qwen3-rl-64k-100-steps-1-attempt-4,43,1532,agent_max_step_limit,51,0.7981867873410141,True
slimshetty/swebench-verified:sweb.eval.x86_64.django__django-15104,1.0,r2egym-qwen3-rl-64k-100-steps-1-attempt-4,41,2911,max_step_limit,131,0.5621765008857982,True
slimshetty/swebench-verified:sweb.eval.x86_64.django__django-12273,0.0,r2egym-qwen3-rl-64k-100-steps-1-attempt-4,100,2648,abs_step_limit,27,0.0015011824821887707,False
slimshetty/swebench-verified:sweb.eval.x86_64.django__django-16938,0.0,r2egym-qwen3-rl-64k-100-steps-1-attempt-4,44,2841,agent_max_step_limit,65,0.8519528000888387,False
slimshetty/swebench-verified:sweb.eval.x86_64.django__django-15268,1.0,r2egym-qwen3-rl-64k-100-steps-1-attempt-4,31,5708,agent,130,0.7772998714925403,True
slimshetty/swebench-verified:sweb.eval.x86_64.django__django-14493,0.0,r2egym-qwen3-rl-64k-100-steps-1-attempt-4,26,1289,agent,6,0.8175744761936437,False
slimshetty/swebench-verified:sweb.eval.x86_64.sympy__sympy-21930,0.0,r2egym-qwen3-rl-64k-100-steps-1-attempt-4,43,449,token_limit,45,0.04208773227113229,False
slimshetty/swebench-verified:sweb.eval.x86_64.sphinx-doc__sphinx-8721,0.0,r2egym-qwen3-rl-64k-100-steps-1-attempt-4,59,3374,token_limit,3,0.0028009271466079263,False
slimshetty/swebench-verified:sweb.eval.x86_64.sympy__sympy-20801,0.0,r2egym-qwen3-rl-64k-100-steps-1-attempt-4,53,662,token_limit,96,0.13296424706933602,False
slimshetty/swebench-verified:sweb.eval.x86_64.pytest-dev__pytest-10051,1.0,r2egym-qwen3-rl-64k-100-steps-1-attempt-4,58,1581,agent_max_step_limit,15,0.24508501313237172,True
slimshetty/swebench-verified:sweb.eval.x86_64.psf__requests-2317,1.0,r2egym-qwen3-rl-64k-100-steps-1-attempt-4,23,2333,agent,133,0.651354857898194,True
slimshetty/swebench-verified:sweb.eval.x86_64.django__django-16950,0.0,r2egym-qwen3-rl-64k-100-steps-1-attempt-4,71,0,token_limit,3,0.00012339458868693327,False
slimshetty/swebench-verified:sweb.eval.x86_64.scikit-learn__scikit-learn-25973,0.0,r2egym-qwen3-rl-64k-100-steps-1-attempt-4,40,2793,agent,8,0.08509904036636975,False
slimshetty/swebench-verified:sweb.eval.x86_64.sphinx-doc__sphinx-9711,1.0,r2egym-qwen3-rl-64k-100-steps-1-attempt-4,100,2272,abs_step_limit,0,0.8354835391516133,True
slimshetty/swebench-verified:sweb.eval.x86_64.pytest-dev__pytest-7490,0.0,r2egym-qwen3-rl-64k-100-steps-1-attempt-4,73,1171,token_limit,77,0.6791786861878392,False
slimshetty/swebench-verified:sweb.eval.x86_64.django__django-15563,0.0,r2egym-qwen3-rl-64k-100-steps-1-attempt-4,58,2895,agent_max_step_limit,29,0.679178699175393,False
slimshetty/swebench-verified:sweb.eval.x86_64.pydata__xarray-3095,0.0,r2egym-qwen3-rl-64k-100-steps-1-attempt-4,61,3379,token_limit,252,0.005220125949879262,False
slimshetty/swebench-verified:sweb.eval.x86_64.django__django-13158,0.0,r2egym-qwen3-rl-64k-100-steps-1-attempt-4,100,2212,abs_step_limit,29,0.04208772356010582,False
slimshetty/swebench-verified:sweb.eval.x86_64.sphinx-doc__sphinx-11510,0.0,r2egym-qwen3-rl-64k-100-steps-1-attempt-4,33,4091,agent,7,0.6224593312018546,False
slimshetty/swebench-verified:sweb.eval.x86_64.django__django-11880,1.0,r2egym-qwen3-rl-64k-100-steps-1-attempt-4,100,2392,abs_step_limit,114,0.8519528000888387,True
slimshetty/swebench-verified:sweb.eval.x86_64.matplotlib__matplotlib-26113,1.0,r2egym-qwen3-rl-64k-100-steps-1-attempt-4,53,2660,agent_max_step_limit,812,0.8519527944504227,True
slimshetty/swebench-verified:sweb.eval.x86_64.matplotlib__matplotlib-26208,0.0,r2egym-qwen3-rl-64k-100-steps-1-attempt-4,27,0,token_limit,813,4.006371125884805e-05,False
slimshetty/swebench-verified:sweb.eval.x86_64.astropy__astropy-14182,0.0,r2egym-qwen3-rl-64k-100-steps-1-attempt-4,42,1295,agent_max_step_limit,9,0.5621765008857981,False
slimshetty/swebench-verified:sweb.eval.x86_64.django__django-16819,0.0,r2egym-qwen3-rl-64k-100-steps-1-attempt-4,48,0,token_limit,38,6.605216024316963e-05,False
slimshetty/swebench-verified:sweb.eval.x86_64.django__django-14238,1.0,r2egym-qwen3-rl-64k-100-steps-1-attempt-4,43,1596,agent_max_step_limit,39,0.7772998560157663,True
slimshetty/swebench-verified:sweb.eval.x86_64.sympy__sympy-13798,0.0,r2egym-qwen3-rl-64k-100-steps-1-attempt-4,40,2493,token_limit,102,0.7549149813536518,False
slimshetty/swebench-verified:sweb.eval.x86_64.sphinx-doc__sphinx-7440,1.0,r2egym-qwen3-rl-64k-100-steps-1-attempt-4,33,1525,agent,12,0.5926665999540698,True
slimshetty/swebench-verified:sweb.eval.x86_64.matplotlib__matplotlib-21568,0.0,r2egym-qwen3-rl-64k-100-steps-1-attempt-4,49,592,agent_max_step_limit,73,0.001169510326386865,False
slimshetty/swebench-verified:sweb.eval.x86_64.django__django-12406,0.0,r2egym-qwen3-rl-64k-100-steps-1-attempt-4,66,5503,agent_max_step_limit,155,0.7057850216484838,False
slimshetty/swebench-verified:sweb.eval.x86_64.django__django-10880,1.0,r2egym-qwen3-rl-64k-100-steps-1-attempt-4,25,2076,agent,55,0.8519528038477824,True
slimshetty/swebench-verified:sweb.eval.x86_64.sympy__sympy-23413,0.0,r2egym-qwen3-rl-64k-100-steps-1-attempt-4,39,1143,token_limit,2,0.16451645675203383,False
slimshetty/swebench-verified:sweb.eval.x86_64.matplotlib__matplotlib-14623,0.0,r2egym-qwen3-rl-64k-100-steps-1-attempt-4,62,0,token_limit,400,0.0002611902117734377,False
slimshetty/swebench-verified:sweb.eval.x86_64.matplotlib__matplotlib-24177,0.0,r2egym-qwen3-rl-64k-100-steps-1-attempt-4,59,1566,token_limit,759,0.5312093733737563,False
slimshetty/swebench-verified:sweb.eval.x86_64.sphinx-doc__sphinx-8593,0.0,r2egym-qwen3-rl-64k-100-steps-1-attempt-4,82,906,token_limit,1,0.0004878572193985804,False
slimshetty/swebench-verified:sweb.eval.x86_64.pydata__xarray-6938,0.0,r2egym-qwen3-rl-64k-100-steps-1-attempt-4,36,4365,agent,430,0.8354835330070839,False
slimshetty/swebench-verified:sweb.eval.x86_64.django__django-14539,0.0,r2egym-qwen3-rl-64k-100-steps-1-attempt-4,38,5252,token_limit,14,0.029312231440328858,False
slimshetty/swebench-verified:sweb.eval.x86_64.pydata__xarray-6599,0.0,r2egym-qwen3-rl-64k-100-steps-1-attempt-4,20,1585,agent,245,0.4073334000459302,False
slimshetty/swebench-verified:sweb.eval.x86_64.matplotlib__matplotlib-22865,0.0,r2egym-qwen3-rl-64k-100-steps-1-attempt-4,100,821,abs_step_limit,57,0.00015843629110500035,False
slimshetty/swebench-verified:sweb.eval.x86_64.pydata__xarray-2905,1.0,r2egym-qwen3-rl-64k-100-steps-1-attempt-4,24,1919,agent,364,0.8670357546485408,True
slimshetty/swebench-verified:sweb.eval.x86_64.scikit-learn__scikit-learn-13135,1.0,r2egym-qwen3-rl-64k-100-steps-1-attempt-4,42,4326,agent_max_step_limit,33,0.8175744761936437,True
slimshetty/swebench-verified:sweb.eval.x86_64.astropy__astropy-7671,0.0,r2egym-qwen3-rl-64k-100-steps-1-attempt-4,46,1427,agent_max_step_limit,0,0.6513548714339145,False
slimshetty/swebench-verified:sweb.eval.x86_64.django__django-13837,0.0,r2egym-qwen3-rl-64k-100-steps-1-attempt-4,41,3014,max_step_limit,57,0.0021827166527466414,False
slimshetty/swebench-verified:sweb.eval.x86_64.scikit-learn__scikit-learn-12682,0.0,r2egym-qwen3-rl-64k-100-steps-1-attempt-4,43,2531,agent_max_step_limit,57,0.5621765008857981,False
slimshetty/swebench-verified:sweb.eval.x86_64.django__django-15127,0.0,r2egym-qwen3-rl-64k-100-steps-1-attempt-4,87,3249,token_limit,0,0.6791786926816161,False
slimshetty/swebench-verified:sweb.eval.x86_64.sympy__sympy-13647,1.0,r2egym-qwen3-rl-64k-100-steps-1-attempt-4,20,2740,agent,76,0.8519527982093666,True
slimshetty/swebench-verified:sweb.eval.x86_64.scikit-learn__scikit-learn-14710,0.0,r2egym-qwen3-rl-64k-100-steps-1-attempt-4,26,951,agent,0,0.8670357494949105,False
slimshetty/swebench-verified:sweb.eval.x86_64.sympy__sympy-12419,0.0,r2egym-qwen3-rl-64k-100-steps-1-attempt-4,100,634,abs_step_limit,25,0.010986945099864923,False
slimshetty/swebench-verified:sweb.eval.x86_64.sphinx-doc__sphinx-8551,0.0,r2egym-qwen3-rl-64k-100-steps-1-attempt-4,54,906,token_limit,32,0.00020342699604395967,False
slimshetty/swebench-verified:sweb.eval.x86_64.django__django-14404,0.0,r2egym-qwen3-rl-64k-100-steps-1-attempt-4,71,3101,token_limit,323,0.8519527982093666,False
slimshetty/swebench-verified:sweb.eval.x86_64.django__django-16527,1.0,r2egym-qwen3-rl-64k-100-steps-1-attempt-4,100,3994,abs_step_limit,6,0.32082129433083023,True
slimshetty/swebench-verified:sweb.eval.x86_64.django__django-13279,1.0,r2egym-qwen3-rl-64k-100-steps-1-attempt-4,72,1751,token_limit,346,0.8670357598021707,True
slimshetty/swebench-verified:sweb.eval.x86_64.matplotlib__matplotlib-26291,0.0,r2egym-qwen3-rl-64k-100-steps-1-attempt-4,100,2616,abs_step_limit,49,0.8519527982093666,False
slimshetty/swebench-verified:sweb.eval.x86_64.pytest-dev__pytest-7521,1.0,r2egym-qwen3-rl-64k-100-steps-1-attempt-4,43,462,agent_max_step_limit,125,0.8670357563664174,True
slimshetty/swebench-verified:sweb.eval.x86_64.django__django-12713,1.0,r2egym-qwen3-rl-64k-100-steps-1-attempt-4,87,5617,token_limit,58,0.8354835309589073,True
slimshetty/swebench-verified:sweb.eval.x86_64.scikit-learn__scikit-learn-12973,1.0,r2egym-qwen3-rl-64k-100-steps-1-attempt-4,100,2124,abs_step_limit,32,0.7772998714925403,True
slimshetty/swebench-verified:sweb.eval.x86_64.sympy__sympy-23950,0.0,r2egym-qwen3-rl-64k-100-steps-1-attempt-4,66,0,token_limit,4,4.0063687374440786e-05,False
slimshetty/swebench-verified:sweb.eval.x86_64.sphinx-doc__sphinx-10449,0.0,r2egym-qwen3-rl-64k-100-steps-1-attempt-4,42,0,token_limit,30,4.006368254998988e-05,False
slimshetty/swebench-verified:sweb.eval.x86_64.django__django-11790,0.0,r2egym-qwen3-rl-64k-100-steps-1-attempt-4,24,2419,agent,77,0.798186784940666,False
slimshetty/swebench-verified:sweb.eval.x86_64.pytest-dev__pytest-7571,1.0,r2egym-qwen3-rl-64k-100-steps-1-attempt-4,39,2074,agent,14,0.8933094017937621,True
slimshetty/swebench-verified:sweb.eval.x86_64.django__django-11999,1.0,r2egym-qwen3-rl-64k-100-steps-1-attempt-4,100,1260,abs_step_limit,30,0.8807970811069351,True
slimshetty/swebench-verified:sweb.eval.x86_64.django__django-16429,1.0,r2egym-qwen3-rl-64k-100-steps-1-attempt-4,73,1097,token_limit,21,0.8519528057272543,True
slimshetty/swebench-verified:sweb.eval.x86_64.django__django-16631,0.0,r2egym-qwen3-rl-64k-100-steps-1-attempt-4,100,5854,abs_step_limit,12,0.8175744673038222,False
slimshetty/swebench-verified:sweb.eval.x86_64.django__django-15957,0.0,r2egym-qwen3-rl-64k-100-steps-1-attempt-4,69,3980,token_limit,81,0.002472623350166787,False
slimshetty/swebench-verified:sweb.eval.x86_64.scikit-learn__scikit-learn-14894,1.0,r2egym-qwen3-rl-64k-100-steps-1-attempt-4,100,1327,abs_step_limit,85,0.798186787341014,True
slimshetty/swebench-verified:sweb.eval.x86_64.django__django-15732,0.0,r2egym-qwen3-rl-64k-100-steps-1-attempt-4,100,3897,abs_step_limit,125,0.7772998611746912,False
slimshetty/swebench-verified:sweb.eval.x86_64.django__django-10999,0.0,r2egym-qwen3-rl-64k-100-steps-1-attempt-4,9,497,agent,10,0.8175744761936437,False
slimshetty/swebench-verified:sweb.eval.x86_64.sympy__sympy-24562,1.0,r2egym-qwen3-rl-64k-100-steps-1-attempt-4,37,1055,agent,105,0.8807970858005139,True
slimshetty/swebench-verified:sweb.eval.x86_64.django__django-16899,0.0,r2egym-qwen3-rl-64k-100-steps-1-attempt-4,26,3317,agent,54,0.8519528038477825,False
slimshetty/swebench-verified:sweb.eval.x86_64.sphinx-doc__sphinx-9230,0.0,r2egym-qwen3-rl-64k-100-steps-1-attempt-4,48,1102,agent_max_step_limit,44,0.5,False
slimshetty/swebench-verified:sweb.eval.x86_64.django__django-16595,1.0,r2egym-qwen3-rl-64k-100-steps-1-attempt-4,58,2575,agent_max_step_limit,37,0.7981867729389246,True
slimshetty/swebench-verified:sweb.eval.x86_64.pydata__xarray-7393,0.0,r2egym-qwen3-rl-64k-100-steps-1-attempt-4,97,1882,token_limit,71,0.014063624098951557,False
slimshetty/swebench-verified:sweb.eval.x86_64.sphinx-doc__sphinx-7889,0.0,r2egym-qwen3-rl-64k-100-steps-1-attempt-4,42,1409,agent_max_step_limit,5,0.5621765008857981,False
slimshetty/swebench-verified:sweb.eval.x86_64.django__django-13786,1.0,r2egym-qwen3-rl-64k-100-steps-1-attempt-4,100,2523,abs_step_limit,33,0.8670357477770337,True
slimshetty/swebench-verified:sweb.eval.x86_64.sympy__sympy-15875,0.0,r2egym-qwen3-rl-64k-100-steps-1-attempt-4,54,0,token_limit,80,0.00037998456423316435,False
slimshetty/swebench-verified:sweb.eval.x86_64.django__django-13794,0.0,r2egym-qwen3-rl-64k-100-steps-1-attempt-4,41,1954,max_step_limit,24,0.4687906266262437,False
slimshetty/swebench-verified:sweb.eval.x86_64.sympy__sympy-13615,1.0,r2egym-qwen3-rl-64k-100-steps-1-attempt-4,42,885,agent_max_step_limit,70,0.8933093989533707,True
slimshetty/swebench-verified:sweb.eval.x86_64.sphinx-doc__sphinx-9591,0.0,r2egym-qwen3-rl-64k-100-steps-1-attempt-4,100,4976,abs_step_limit,44,0.6513548646660542,False
slimshetty/swebench-verified:sweb.eval.x86_64.pytest-dev__pytest-8399,1.0,r2egym-qwen3-rl-64k-100-steps-1-attempt-4,68,2651,agent_max_step_limit,59,0.8807970904940926,True
slimshetty/swebench-verified:sweb.eval.x86_64.django__django-13516,0.0,r2egym-qwen3-rl-64k-100-steps-1-attempt-4,49,3619,agent_max_step_limit,43,0.22270014914315833,False
slimshetty/swebench-verified:sweb.eval.x86_64.django__django-14608,1.0,r2egym-qwen3-rl-64k-100-steps-1-attempt-4,81,2593,token_limit,394,0.5312093733737563,True
slimshetty/swebench-verified:sweb.eval.x86_64.django__django-15572,1.0,r2egym-qwen3-rl-64k-100-steps-1-attempt-4,100,2480,abs_step_limit,10,0.8519527963298947,True
slimshetty/swebench-verified:sweb.eval.x86_64.sphinx-doc__sphinx-8621,0.0,r2egym-qwen3-rl-64k-100-steps-1-attempt-4,33,1345,agent,29,0.8175744806385542,False
slimshetty/swebench-verified:sweb.eval.x86_64.scikit-learn__scikit-learn-14087,0.0,r2egym-qwen3-rl-64k-100-steps-1-attempt-4,93,1270,token_limit,0,0.0006263342153117632,False
slimshetty/swebench-verified:sweb.eval.x86_64.sympy__sympy-15017,1.0,r2egym-qwen3-rl-64k-100-steps-1-attempt-4,100,987,token_limit,14,0.7310585786300049,True
slimshetty/swebench-verified:sweb.eval.x86_64.django__django-12155,1.0,r2egym-qwen3-rl-64k-100-steps-1-attempt-4,100,1368,abs_step_limit,6,0.5621765008857981,True
slimshetty/swebench-verified:sweb.eval.x86_64.sphinx-doc__sphinx-8475,1.0,r2egym-qwen3-rl-64k-100-steps-1-attempt-4,45,3171,token_limit,17,0.817574478416099,True
slimshetty/swebench-verified:sweb.eval.x86_64.sphinx-doc__sphinx-9461,0.0,r2egym-qwen3-rl-64k-100-steps-1-attempt-4,100,2685,abs_step_limit,59,0.006692849651934756,False
slimshetty/swebench-verified:sweb.eval.x86_64.django__django-16139,1.0,r2egym-qwen3-rl-64k-100-steps-1-attempt-4,100,2417,abs_step_limit,86,0.8807970873650401,True
slimshetty/swebench-verified:sweb.eval.x86_64.django__django-13925,0.0,r2egym-qwen3-rl-64k-100-steps-1-attempt-4,35,0,token_limit,24,6.605214457784486e-05,False
slimshetty/swebench-verified:sweb.eval.x86_64.mwaskom__seaborn-3187,0.0,r2egym-qwen3-rl-64k-100-steps-1-attempt-4,50,2108,token_limit,248,0.06754668597767712,False
slimshetty/swebench-verified:sweb.eval.x86_64.django__django-15695,0.0,r2egym-qwen3-rl-64k-100-steps-1-attempt-4,100,3228,abs_step_limit,123,0.7772998560157663,False
slimshetty/swebench-verified:sweb.eval.x86_64.django__django-15554,0.0,r2egym-qwen3-rl-64k-100-steps-1-attempt-4,44,0,token_limit,41,7.48462182289749e-05,False
slimshetty/swebench-verified:sweb.eval.x86_64.sphinx-doc__sphinx-9367,1.0,r2egym-qwen3-rl-64k-100-steps-1-attempt-4,9,580,agent,25,0.8175744739711883,True
slimshetty/swebench-verified:sweb.eval.x86_64.django__django-15731,0.0,r2egym-qwen3-rl-64k-100-steps-1-attempt-4,100,309,abs_step_limit,58,0.0005527787302144449,False
slimshetty/swebench-verified:sweb.eval.x86_64.matplotlib__matplotlib-20676,0.0,r2egym-qwen3-rl-64k-100-steps-1-attempt-4,100,0,abs_step_limit,32,5.829126543170052e-05,False
slimshetty/swebench-verified:sweb.eval.x86_64.matplotlib__matplotlib-20859,1.0,r2egym-qwen3-rl-64k-100-steps-1-attempt-4,40,630,agent,88,0.7549149758396752,True
slimshetty/swebench-verified:sweb.eval.x86_64.django__django-14122,1.0,r2egym-qwen3-rl-64k-100-steps-1-attempt-4,84,2346,token_limit,26,0.7310585844894971,True
slimshetty/swebench-verified:sweb.eval.x86_64.pytest-dev__pytest-5840,0.0,r2egym-qwen3-rl-64k-100-steps-1-attempt-4,100,1664,abs_step_limit,51,0.0031726827489682156,False
slimshetty/swebench-verified:sweb.eval.x86_64.matplotlib__matplotlib-22871,0.0,r2egym-qwen3-rl-64k-100-steps-1-attempt-4,100,1451,abs_step_limit,87,0.1329642436335826,False
slimshetty/swebench-verified:sweb.eval.x86_64.django__django-12774,0.0,r2egym-qwen3-rl-64k-100-steps-1-attempt-4,37,3144,agent,37,0.6224593312018546,False
slimshetty/swebench-verified:sweb.eval.x86_64.django__django-14915,1.0,r2egym-qwen3-rl-64k-100-steps-1-attempt-4,86,6527,token_limit,23,0.798186784940666,True
slimshetty/swebench-verified:sweb.eval.x86_64.django__django-14170,0.0,r2egym-qwen3-rl-64k-100-steps-1-attempt-4,99,5095,token_limit,67,0.8519528000888387,False
slimshetty/swebench-verified:sweb.eval.x86_64.sphinx-doc__sphinx-10466,0.0,r2egym-qwen3-rl-64k-100-steps-1-attempt-4,55,679,agent_max_step_limit,6,0.8519528057272543,False
slimshetty/swebench-verified:sweb.eval.x86_64.sphinx-doc__sphinx-9258,0.0,r2egym-qwen3-rl-64k-100-steps-1-attempt-4,19,1962,token_limit,44,0.3486451421018059,False
slimshetty/swebench-verified:sweb.eval.x86_64.matplotlib__matplotlib-24627,1.0,r2egym-qwen3-rl-64k-100-steps-1-attempt-4,61,2719,agent_max_step_limit,776,0.7310585727705127,True
slimshetty/swebench-verified:sweb.eval.x86_64.sphinx-doc__sphinx-7462,0.0,r2egym-qwen3-rl-64k-100-steps-1-attempt-4,71,564,token_limit,49,0.6224593312018546,False
slimshetty/swebench-verified:sweb.eval.x86_64.pylint-dev__pylint-4661,0.0,r2egym-qwen3-rl-64k-100-steps-1-attempt-4,98,652,token_limit,0,0.7981867873410141,False
slimshetty/swebench-verified:sweb.eval.x86_64.scikit-learn__scikit-learn-14629,0.0,r2egym-qwen3-rl-64k-100-steps-1-attempt-4,48,3202,agent_max_step_limit,26,0.40733340004593027,False
slimshetty/swebench-verified:sweb.eval.x86_64.astropy__astropy-13398,0.0,r2egym-qwen3-rl-64k-100-steps-1-attempt-4,64,4144,token_limit,63,0.5621765008857981,False
slimshetty/swebench-verified:sweb.eval.x86_64.scikit-learn__scikit-learn-25232,1.0,r2egym-qwen3-rl-64k-100-steps-1-attempt-4,100,3341,abs_step_limit,214,0.437823499114202,True
slimshetty/swebench-verified:sweb.eval.x86_64.django__django-11179,0.0,r2egym-qwen3-rl-64k-100-steps-1-attempt-4,100,2534,abs_step_limit,0,0.7549149923816048,False
slimshetty/swebench-verified:sweb.eval.x86_64.sympy__sympy-20428,0.0,r2egym-qwen3-rl-64k-100-steps-1-attempt-4,63,2210,token_limit,0,0.014063629277293458,False
slimshetty/swebench-verified:sweb.eval.x86_64.astropy__astropy-14508,0.0,r2egym-qwen3-rl-64k-100-steps-1-attempt-4,17,1067,agent,173,0.7981867705385763,False
slimshetty/swebench-verified:sweb.eval.x86_64.django__django-15930,1.0,r2egym-qwen3-rl-64k-100-steps-1-attempt-4,88,2336,agent_max_step_limit,88,0.7772998714925403,True
slimshetty/swebench-verified:sweb.eval.x86_64.sphinx-doc__sphinx-10323,0.0,r2egym-qwen3-rl-64k-100-steps-1-attempt-4,43,1392,token_limit,38,0.22270014398423355,False
slimshetty/swebench-verified:sweb.eval.x86_64.django__django-11728,0.0,r2egym-qwen3-rl-64k-100-steps-1-attempt-4,80,1108,token_limit,42,0.0028009265704288344,False
slimshetty/swebench-verified:sweb.eval.x86_64.sphinx-doc__sphinx-11445,1.0,r2egym-qwen3-rl-64k-100-steps-1-attempt-4,21,2445,agent,8,0.8519527963298947,True
slimshetty/swebench-verified:sweb.eval.x86_64.django__django-10914,1.0,r2egym-qwen3-rl-64k-100-steps-1-attempt-4,21,2481,agent,98,0.8175744739711883,True
slimshetty/swebench-verified:sweb.eval.x86_64.django__django-16801,1.0,r2egym-qwen3-rl-64k-100-steps-1-attempt-4,75,4356,token_limit,17,0.8807970795424087,True
slimshetty/swebench-verified:sweb.eval.x86_64.pylint-dev__pylint-6386,0.0,r2egym-qwen3-rl-64k-100-steps-1-attempt-4,100,0,abs_step_limit,7,2.753569764256071e-05,False
slimshetty/swebench-verified:sweb.eval.x86_64.django__django-11964,0.0,r2egym-qwen3-rl-64k-100-steps-1-attempt-4,67,0,token_limit,15,7.48462358997521e-05,False
slimshetty/swebench-verified:sweb.eval.x86_64.django__django-13551,0.0,r2egym-qwen3-rl-64k-100-steps-1-attempt-4,29,2387,agent,56,0.7057850216484837,False
slimshetty/swebench-verified:sweb.eval.x86_64.sphinx-doc__sphinx-10673,0.0,r2egym-qwen3-rl-64k-100-steps-1-attempt-4,80,2616,token_limit,0,0.0008040858830171192,False
slimshetty/swebench-verified:sweb.eval.x86_64.django__django-11087,0.0,r2egym-qwen3-rl-64k-100-steps-1-attempt-4,57,4344,token_limit,40,0.34864514210180597,False
slimshetty/swebench-verified:sweb.eval.x86_64.sympy__sympy-24213,0.0,r2egym-qwen3-rl-64k-100-steps-1-attempt-4,53,2595,token_limit,29,0.22270013366638425,False
slimshetty/swebench-verified:sweb.eval.x86_64.scikit-learn__scikit-learn-11310,1.0,r2egym-qwen3-rl-64k-100-steps-1-attempt-4,39,1028,agent,50,0.7772998714925403,True
slimshetty/swebench-verified:sweb.eval.x86_64.scikit-learn__scikit-learn-12585,1.0,r2egym-qwen3-rl-64k-100-steps-1-attempt-4,13,555,agent,22,0.8670357563664174,True
slimshetty/swebench-verified:sweb.eval.x86_64.sympy__sympy-22080,0.0,r2egym-qwen3-rl-64k-100-steps-1-attempt-4,41,0,token_limit,91,0.0002611903058495241,False
slimshetty/swebench-verified:sweb.eval.x86_64.django__django-15629,0.0,r2egym-qwen3-rl-64k-100-steps-1-attempt-4,100,0,abs_step_limit,115,5.829125850317835e-05,False
slimshetty/swebench-verified:sweb.eval.x86_64.django__django-16569,1.0,r2egym-qwen3-rl-64k-100-steps-1-attempt-4,52,1783,token_limit,111,0.9046505421702796,True
slimshetty/swebench-verified:sweb.eval.x86_64.sphinx-doc__sphinx-8638,0.0,r2egym-qwen3-rl-64k-100-steps-1-attempt-4,44,4205,agent_max_step_limit,34,0.8354835371034368,False
slimshetty/swebench-verified:sweb.eval.x86_64.django__django-11400,0.0,r2egym-qwen3-rl-64k-100-steps-1-attempt-4,31,4533,token_limit,39,0.6513548646660542,False
slimshetty/swebench-verified:sweb.eval.x86_64.django__django-15161,0.0,r2egym-qwen3-rl-64k-100-steps-1-attempt-4,62,953,token_limit,208,0.7772998663336158,False
slimshetty/swebench-verified:sweb.eval.x86_64.matplotlib__matplotlib-24149,0.0,r2egym-qwen3-rl-64k-100-steps-1-attempt-4,42,4098,agent_max_step_limit,763,0.6224593312018546,False
slimshetty/swebench-verified:sweb.eval.x86_64.sympy__sympy-16792,1.0,r2egym-qwen3-rl-64k-100-steps-1-attempt-4,42,861,agent_max_step_limit,54,0.8519528038477825,True
slimshetty/swebench-verified:sweb.eval.x86_64.sympy__sympy-14531,1.0,r2egym-qwen3-rl-64k-100-steps-1-attempt-4,42,4456,agent_max_step_limit,84,0.8807970701552504,True
slimshetty/swebench-verified:sweb.eval.x86_64.django__django-11555,0.0,r2egym-qwen3-rl-64k-100-steps-1-attempt-4,39,1505,agent,0,0.7310585786300049,False
slimshetty/swebench-verified:sweb.eval.x86_64.django__django-12209,1.0,r2egym-qwen3-rl-64k-100-steps-1-attempt-4,69,6036,agent_max_step_limit,0,0.8519527963298947,True
slimshetty/swebench-verified:sweb.eval.x86_64.django__django-13012,0.0,r2egym-qwen3-rl-64k-100-steps-1-attempt-4,100,0,abs_step_limit,137,0.00017952802886397372,False
slimshetty/swebench-verified:sweb.eval.x86_64.django__django-16082,1.0,r2egym-qwen3-rl-64k-100-steps-1-attempt-4,53,4661,agent_max_step_limit,170,0.8175744828610095,True
slimshetty/swebench-verified:sweb.eval.x86_64.sympy__sympy-17139,0.0,r2egym-qwen3-rl-64k-100-steps-1-attempt-4,13,535,agent,67,0.7772998714925403,False
slimshetty/swebench-verified:sweb.eval.x86_64.django__django-16493,1.0,r2egym-qwen3-rl-64k-100-steps-1-attempt-4,76,2225,token_limit,91,0.8354835371034368,True
slimshetty/swebench-verified:sweb.eval.x86_64.sympy__sympy-17318,0.0,r2egym-qwen3-rl-64k-100-steps-1-attempt-4,42,2658,agent_max_step_limit,10,0.8519528057272543,False
slimshetty/swebench-verified:sweb.eval.x86_64.django__django-14311,0.0,r2egym-qwen3-rl-64k-100-steps-1-attempt-4,38,2472,token_limit,57,0.06754669301670264,False
slimshetty/swebench-verified:sweb.eval.x86_64.django__django-16485,1.0,r2egym-qwen3-rl-64k-100-steps-1-attempt-4,100,1753,abs_step_limit,9,0.7772998714925403,True
slimshetty/swebench-verified:sweb.eval.x86_64.django__django-16502,0.0,r2egym-qwen3-rl-64k-100-steps-1-attempt-4,96,101097,token_limit,4,0.00029595720299794193,False
slimshetty/swebench-verified:sweb.eval.x86_64.django__django-14534,0.0,r2egym-qwen3-rl-64k-100-steps-1-attempt-4,42,3657,agent_max_step_limit,118,0.8175744828610095,False
slimshetty/swebench-verified:sweb.eval.x86_64.pytest-dev__pytest-5809,0.0,r2egym-qwen3-rl-64k-100-steps-1-attempt-4,53,488,llm_query_error,3,0.022977372418942866,False
slimshetty/swebench-verified:sweb.eval.x86_64.pydata__xarray-4356,1.0,r2egym-qwen3-rl-64k-100-steps-1-attempt-4,100,883,abs_step_limit,604,0.8807970779778824,True
slimshetty/swebench-verified:sweb.eval.x86_64.sphinx-doc__sphinx-8269,1.0,r2egym-qwen3-rl-64k-100-steps-1-attempt-4,90,6920,token_limit,5,0.8807970701552504,True
slimshetty/swebench-verified:sweb.eval.x86_64.astropy__astropy-14096,0.0,r2egym-qwen3-rl-64k-100-steps-1-attempt-4,67,2617,token_limit,0,0.0009110512655022852,False
slimshetty/swebench-verified:sweb.eval.x86_64.django__django-14315,0.0,r2egym-qwen3-rl-64k-100-steps-1-attempt-4,100,6902,abs_step_limit,0,0.8354835391516133,False
slimshetty/swebench-verified:sweb.eval.x86_64.django__django-13112,0.0,r2egym-qwen3-rl-64k-100-steps-1-attempt-4,100,0,abs_step_limit,63,2.4300246508833455e-05,False
slimshetty/swebench-verified:sweb.eval.x86_64.psf__requests-1766,0.0,r2egym-qwen3-rl-64k-100-steps-1-attempt-4,9,455,token_limit,78,0.24508501864634824,False
slimshetty/swebench-verified:sweb.eval.x86_64.django__django-11820,0.0,r2egym-qwen3-rl-64k-100-steps-1-attempt-4,74,2050,token_limit,61,0.6224593241981982,False
slimshetty/swebench-verified:sweb.eval.x86_64.django__django-16661,0.0,r2egym-qwen3-rl-64k-100-steps-1-attempt-4,100,4779,abs_step_limit,36,0.7549149978955811,False
slimshetty/swebench-verified:sweb.eval.x86_64.sympy__sympy-24661,0.0,r2egym-qwen3-rl-64k-100-steps-1-attempt-4,100,1821,abs_step_limit,27,0.3486451285660856,False
slimshetty/swebench-verified:sweb.eval.x86_64.sphinx-doc__sphinx-7748,0.0,r2egym-qwen3-rl-64k-100-steps-1-attempt-4,42,4319,agent_max_step_limit,8,0.24508500761839527,False
slimshetty/swebench-verified:sweb.eval.x86_64.django__django-14787,1.0,r2egym-qwen3-rl-64k-100-steps-1-attempt-4,73,618,token_limit,20,0.8354835432479661,True
slimshetty/swebench-verified:sweb.eval.x86_64.django__django-12050,0.0,r2egym-qwen3-rl-64k-100-steps-1-attempt-4,95,12228,token_limit,0,0.7981867825403177,False
slimshetty/swebench-verified:sweb.eval.x86_64.sympy__sympy-21847,0.0,r2egym-qwen3-rl-64k-100-steps-1-attempt-4,100,837,abs_step_limit,9,0.0005527785303192919,False
slimshetty/swebench-verified:sweb.eval.x86_64.django__django-17087,1.0,r2egym-qwen3-rl-64k-100-steps-1-attempt-4,100,6473,abs_step_limit,53,0.7981867801399694,True
slimshetty/swebench-verified:sweb.eval.x86_64.sympy__sympy-18189,1.0,r2egym-qwen3-rl-64k-100-steps-1-attempt-4,43,657,agent_max_step_limit,41,0.9046505383142492,True
slimshetty/swebench-verified:sweb.eval.x86_64.sympy__sympy-22714,1.0,r2egym-qwen3-rl-64k-100-steps-1-attempt-4,96,703,token_limit,11,0.8933094003735664,True
slimshetty/swebench-verified:sweb.eval.x86_64.matplotlib__matplotlib-22719,0.0,r2egym-qwen3-rl-64k-100-steps-1-attempt-4,51,2428,token_limit,0,0.0007096702550783856,False
slimshetty/swebench-verified:sweb.eval.x86_64.django__django-11095,1.0,r2egym-qwen3-rl-64k-100-steps-1-attempt-4,91,2878,token_limit,19,0.7057850340255386,True
slimshetty/swebench-verified:sweb.eval.x86_64.astropy__astropy-7606,0.0,r2egym-qwen3-rl-64k-100-steps-1-attempt-4,36,1593,agent,0,0.8354835289107307,False
slimshetty/swebench-verified:sweb.eval.x86_64.pydata__xarray-4966,1.0,r2egym-qwen3-rl-64k-100-steps-1-attempt-4,41,980,max_step_limit,21,0.880797071719777,True
slimshetty/swebench-verified:sweb.eval.x86_64.django__django-14376,0.0,r2egym-qwen3-rl-64k-100-steps-1-attempt-4,21,2149,agent,6,0.8175744761936437,False
slimshetty/swebench-verified:sweb.eval.x86_64.sympy__sympy-13480,1.0,r2egym-qwen3-rl-64k-100-steps-1-attempt-4,100,2258,abs_step_limit,43,0.9046505395995929,True
slimshetty/swebench-verified:sweb.eval.x86_64.django__django-14725,0.0,r2egym-qwen3-rl-64k-100-steps-1-attempt-4,68,7306,token_limit,15,0.03308597946129595,False
slimshetty/swebench-verified:sweb.eval.x86_64.django__django-16032,1.0,r2egym-qwen3-rl-64k-100-steps-1-attempt-4,55,2693,agent_max_step_limit,77,0.7981867825403176,True
slimshetty/swebench-verified:sweb.eval.x86_64.django__django-17029,1.0,r2egym-qwen3-rl-64k-100-steps-1-attempt-4,49,2467,agent_max_step_limit,43,0.8670357546485408,True
slimshetty/swebench-verified:sweb.eval.x86_64.sympy__sympy-20590,1.0,r2egym-qwen3-rl-64k-100-steps-1-attempt-4,48,629,agent_max_step_limit,21,0.7981867873410141,True
slimshetty/swebench-verified:sweb.eval.x86_64.django__django-15741,1.0,r2egym-qwen3-rl-64k-100-steps-1-attempt-4,16,1252,agent,104,0.8519528019683106,True
slimshetty/swebench-verified:sweb.eval.x86_64.sphinx-doc__sphinx-10435,0.0,r2egym-qwen3-rl-64k-100-steps-1-attempt-4,45,4992,agent_max_step_limit,74,0.5312093733737563,False
slimshetty/swebench-verified:sweb.eval.x86_64.matplotlib__matplotlib-24570,1.0,r2egym-qwen3-rl-64k-100-steps-1-attempt-4,42,1603,agent_max_step_limit,267,0.5,True
slimshetty/swebench-verified:sweb.eval.x86_64.matplotlib__matplotlib-23299,0.0,r2egym-qwen3-rl-64k-100-steps-1-attempt-4,66,1666,token_limit,188,0.02595735771583442,False
slimshetty/swebench-verified:sweb.eval.x86_64.astropy__astropy-14309,1.0,r2egym-qwen3-rl-64k-100-steps-1-attempt-4,17,1561,agent,141,0.8670357477770336,True
slimshetty/swebench-verified:sweb.eval.x86_64.scikit-learn__scikit-learn-13328,1.0,r2egym-qwen3-rl-64k-100-steps-1-attempt-4,14,651,agent,9,0.8519528038477825,True
slimshetty/swebench-verified:sweb.eval.x86_64.pylint-dev__pylint-4970,0.0,r2egym-qwen3-rl-64k-100-steps-1-attempt-4,44,1097,agent_max_step_limit,17,0.6224593312018546,False
slimshetty/swebench-verified:sweb.eval.x86_64.django__django-13406,0.0,r2egym-qwen3-rl-64k-100-steps-1-attempt-4,57,4344,agent_max_step_limit,30,0.7772998508568416,False
slimshetty/swebench-verified:sweb.eval.x86_64.matplotlib__matplotlib-25287,1.0,r2egym-qwen3-rl-64k-100-steps-1-attempt-4,100,1559,abs_step_limit,786,0.6513548511303336,True
slimshetty/swebench-verified:sweb.eval.x86_64.django__django-11163,1.0,r2egym-qwen3-rl-64k-100-steps-1-attempt-4,35,1636,agent,141,0.798186768138228,True
slimshetty/swebench-verified:sweb.eval.x86_64.matplotlib__matplotlib-20488,0.0,r2egym-qwen3-rl-64k-100-steps-1-attempt-4,43,1850,token_limit,0,0.02931223165232041,False
slimshetty/swebench-verified:sweb.eval.x86_64.django__django-15280,0.0,r2egym-qwen3-rl-64k-100-steps-1-attempt-4,47,0,token_limit,85,0.0002611903049679643,False
slimshetty/swebench-verified:sweb.eval.x86_64.sympy__sympy-12489,0.0,r2egym-qwen3-rl-64k-100-steps-1-attempt-4,38,3214,agent,8,0.8175744739711883,False
slimshetty/swebench-verified:sweb.eval.x86_64.django__django-12754,0.0,r2egym-qwen3-rl-64k-100-steps-1-attempt-4,100,4444,abs_step_limit,112,0.7772998714925403,False
