docker_images,rewards,exp_names,num_steps,patch_sizes,exit_reasons,p2p_rates,avg_yes_prob,gt_correct,regression_pass_count
slimshetty/swebench-verified:sweb.eval.x86_64.sympy__sympy-19954,1.0,r2egym-qwen3-rl-100-steps-1-attempt-2,37,3055,agent,56,0.9046505318875316,True,57
slimshetty/swebench-verified:sweb.eval.x86_64.django__django-11490,0.0,r2egym-qwen3-rl-100-steps-1-attempt-2,49,2690,agent_max_step_limit,22,0.8354835411997897,False,23
slimshetty/swebench-verified:sweb.eval.x86_64.django__django-11551,1.0,r2egym-qwen3-rl-100-steps-1-attempt-2,77,3544,token_limit,119,0.8807970826714614,True,119
slimshetty/swebench-verified:sweb.eval.x86_64.django__django-14855,1.0,r2egym-qwen3-rl-100-steps-1-attempt-2,94,5727,token_limit,325,0.8670357477770337,True,325
slimshetty/swebench-verified:sweb.eval.x86_64.sympy__sympy-19783,0.0,r2egym-qwen3-rl-100-steps-1-attempt-2,100,1187,abs_step_limit,9,0.0600866449142476,False,10
slimshetty/swebench-verified:sweb.eval.x86_64.matplotlib__matplotlib-24870,0.0,r2egym-qwen3-rl-100-steps-1-attempt-2,22,2267,agent,65,0.817574478416099,False,65
slimshetty/swebench-verified:sweb.eval.x86_64.sympy__sympy-24443,1.0,r2egym-qwen3-rl-100-steps-1-attempt-2,34,2999,agent,1,0.8354835432479661,True,2
slimshetty/swebench-verified:sweb.eval.x86_64.scikit-learn__scikit-learn-25931,0.0,r2egym-qwen3-rl-100-steps-1-attempt-2,39,1552,agent,8,0.2942149783515163,False,8
slimshetty/swebench-verified:sweb.eval.x86_64.django__django-16560,0.0,r2egym-qwen3-rl-100-steps-1-attempt-2,100,4942,abs_step_limit,66,0.1480471905138019,False,69
slimshetty/swebench-verified:sweb.eval.x86_64.django__django-11211,0.0,r2egym-qwen3-rl-100-steps-1-attempt-2,42,4887,agent_max_step_limit,70,0.679178699175393,False,70
slimshetty/swebench-verified:sweb.eval.x86_64.sympy__sympy-24066,1.0,r2egym-qwen3-rl-100-steps-1-attempt-2,42,1126,agent_max_step_limit,30,0.8175744739711883,True,30
slimshetty/swebench-verified:sweb.eval.x86_64.psf__requests-2931,0.0,r2egym-qwen3-rl-100-steps-1-attempt-2,18,924,agent,83,0.8670357701094303,False,84
slimshetty/swebench-verified:sweb.eval.x86_64.matplotlib__matplotlib-25775,1.0,r2egym-qwen3-rl-100-steps-1-attempt-2,44,3104,agent_max_step_limit,89,0.5312093733737563,True,92
slimshetty/swebench-verified:sweb.eval.x86_64.pytest-dev__pytest-7205,1.0,r2egym-qwen3-rl-100-steps-1-attempt-2,30,483,agent,16,0.8175744828610095,True,16
slimshetty/swebench-verified:sweb.eval.x86_64.sphinx-doc__sphinx-7985,0.0,r2egym-qwen3-rl-100-steps-1-attempt-2,100,3519,abs_step_limit,3,0.8670357683915538,False,5
slimshetty/swebench-verified:sweb.eval.x86_64.django__django-15278,0.0,r2egym-qwen3-rl-100-steps-1-attempt-2,82,0,token_limit,138,6.605213663801881e-05,False,138
slimshetty/swebench-verified:sweb.eval.x86_64.pydata__xarray-3677,1.0,r2egym-qwen3-rl-100-steps-1-attempt-2,29,532,agent,21,0.7772998508568416,True,21
slimshetty/swebench-verified:sweb.eval.x86_64.django__django-15022,1.0,r2egym-qwen3-rl-100-steps-1-attempt-2,41,1263,max_step_limit,56,0.5926665999540698,True,56
slimshetty/swebench-verified:sweb.eval.x86_64.pylint-dev__pylint-7080,0.0,r2egym-qwen3-rl-100-steps-1-attempt-2,35,488,agent,4,0.8519528019683106,False,121
slimshetty/swebench-verified:sweb.eval.x86_64.django__django-12308,0.0,r2egym-qwen3-rl-100-steps-1-attempt-2,35,2713,agent,20,0.7981867825403177,False,21
slimshetty/swebench-verified:sweb.eval.x86_64.scikit-learn__scikit-learn-14496,1.0,r2egym-qwen3-rl-100-steps-1-attempt-2,43,1015,agent_max_step_limit,39,0.7310585786300049,True,40
slimshetty/swebench-verified:sweb.eval.x86_64.sympy__sympy-23262,0.0,r2egym-qwen3-rl-100-steps-1-attempt-2,68,0,token_limit,61,4.006371124165013e-05,False,62
slimshetty/swebench-verified:sweb.eval.x86_64.sympy__sympy-18199,0.0,r2egym-qwen3-rl-100-steps-1-attempt-2,34,3151,agent,113,0.8175744739711883,False,114
slimshetty/swebench-verified:sweb.eval.x86_64.astropy__astropy-8707,0.0,r2egym-qwen3-rl-100-steps-1-attempt-2,81,0,token_limit,4,6.1441753337365085e-06,False,4
slimshetty/swebench-verified:sweb.eval.x86_64.django__django-13343,1.0,r2egym-qwen3-rl-100-steps-1-attempt-2,100,3889,abs_step_limit,130,0.798186784940666,True,131
slimshetty/swebench-verified:sweb.eval.x86_64.pallets__flask-5014,1.0,r2egym-qwen3-rl-100-steps-1-attempt-2,17,1063,agent,59,0.8670357598021707,True,59
slimshetty/swebench-verified:sweb.eval.x86_64.django__django-13449,0.0,r2egym-qwen3-rl-100-steps-1-attempt-2,66,0,token_limit,46,0.0001088969217374,False,46
slimshetty/swebench-verified:sweb.eval.x86_64.django__django-15561,1.0,r2egym-qwen3-rl-100-steps-1-attempt-2,53,3556,agent_max_step_limit,141,0.8670357649558006,True,141
slimshetty/swebench-verified:sweb.eval.x86_64.pydata__xarray-4629,1.0,r2egym-qwen3-rl-100-steps-1-attempt-2,15,505,agent,32,0.8933094025038598,True,32
slimshetty/swebench-verified:sweb.eval.x86_64.sympy__sympy-22456,1.0,r2egym-qwen3-rl-100-steps-1-attempt-2,48,752,agent_max_step_limit,29,0.8354835309589074,True,30
slimshetty/swebench-verified:sweb.eval.x86_64.django__django-13089,1.0,r2egym-qwen3-rl-100-steps-1-attempt-2,49,3165,agent_max_step_limit,352,0.7981867705385763,True,349
slimshetty/swebench-verified:sweb.eval.x86_64.django__django-11133,1.0,r2egym-qwen3-rl-100-steps-1-attempt-2,43,2403,agent_max_step_limit,64,0.8807970779778824,True,64
slimshetty/swebench-verified:sweb.eval.x86_64.django__django-17084,1.0,r2egym-qwen3-rl-100-steps-1-attempt-2,82,3453,token_limit,107,0.6791786991753931,True,107
slimshetty/swebench-verified:sweb.eval.x86_64.matplotlib__matplotlib-23412,1.0,r2egym-qwen3-rl-100-steps-1-attempt-2,35,1715,agent,46,0.2227001336663842,True,46
slimshetty/swebench-verified:sweb.eval.x86_64.scikit-learn__scikit-learn-14053,1.0,r2egym-qwen3-rl-100-steps-1-attempt-2,19,684,agent,5,0.7549149923816048,True,6
slimshetty/swebench-verified:sweb.eval.x86_64.django__django-16612,1.0,r2egym-qwen3-rl-100-steps-1-attempt-2,59,4244,agent_max_step_limit,335,0.7772998714925403,True,333
slimshetty/swebench-verified:sweb.eval.x86_64.django__django-11333,0.0,r2egym-qwen3-rl-100-steps-1-attempt-2,100,1524,abs_step_limit,2,0.7981867873410141,False,2
slimshetty/swebench-verified:sweb.eval.x86_64.django__django-11299,1.0,r2egym-qwen3-rl-100-steps-1-attempt-2,100,3592,abs_step_limit,103,0.8519528057272544,True,103
slimshetty/swebench-verified:sweb.eval.x86_64.sympy__sympy-19346,0.0,r2egym-qwen3-rl-100-steps-1-attempt-2,71,3668,token_limit,40,0.7772998663336157,False,39
slimshetty/swebench-verified:sweb.eval.x86_64.sympy__sympy-14711,1.0,r2egym-qwen3-rl-100-steps-1-attempt-2,41,767,max_step_limit,2,0.893309401793762,True,3
slimshetty/swebench-verified:sweb.eval.x86_64.astropy__astropy-12907,0.0,r2egym-qwen3-rl-100-steps-1-attempt-2,49,1259,token_limit,13,0.1192029204575912,False,11
slimshetty/swebench-verified:sweb.eval.x86_64.django__django-13821,0.0,r2egym-qwen3-rl-100-steps-1-attempt-2,98,2830,token_limit,0,0.7310585844894971,False,0
slimshetty/swebench-verified:sweb.eval.x86_64.django__django-16116,1.0,r2egym-qwen3-rl-100-steps-1-attempt-2,72,4075,token_limit,137,0.7549149758396752,True,138
slimshetty/swebench-verified:sweb.eval.x86_64.sympy__sympy-16597,0.0,r2egym-qwen3-rl-100-steps-1-attempt-2,46,1300,agent_max_step_limit,74,0.7981867777396212,False,75
slimshetty/swebench-verified:sweb.eval.x86_64.sympy__sympy-19040,0.0,r2egym-qwen3-rl-100-steps-1-attempt-2,68,0,token_limit,148,5.829129315979273e-05,False,148
slimshetty/swebench-verified:sweb.eval.x86_64.django__django-11603,1.0,r2egym-qwen3-rl-100-steps-1-attempt-2,100,3019,abs_step_limit,58,0.8354835371034368,True,59
slimshetty/swebench-verified:sweb.eval.x86_64.django__django-14349,1.0,r2egym-qwen3-rl-100-steps-1-attempt-2,49,647,token_limit,18,0.8354835391516133,True,19
slimshetty/swebench-verified:sweb.eval.x86_64.sympy__sympy-13551,0.0,r2egym-qwen3-rl-100-steps-1-attempt-2,45,1869,token_limit,0,0.010986940404201,False,0
slimshetty/swebench-verified:sweb.eval.x86_64.django__django-16662,1.0,r2egym-qwen3-rl-100-steps-1-attempt-2,31,6786,token_limit,51,0.7981867825403177,True,52
slimshetty/swebench-verified:sweb.eval.x86_64.django__django-13128,0.0,r2egym-qwen3-rl-100-steps-1-attempt-2,54,2485,agent_max_step_limit,126,0.679178699175393,False,133
slimshetty/swebench-verified:sweb.eval.x86_64.sympy__sympy-11618,1.0,r2egym-qwen3-rl-100-steps-1-attempt-2,37,853,agent,4,0.867035758084294,True,4
slimshetty/swebench-verified:sweb.eval.x86_64.sympy__sympy-12481,1.0,r2egym-qwen3-rl-100-steps-1-attempt-2,55,2088,token_limit,7,0.8175744739711883,True,7
slimshetty/swebench-verified:sweb.eval.x86_64.sympy__sympy-15976,1.0,r2egym-qwen3-rl-100-steps-1-attempt-2,19,2668,agent,37,0.7310585727705127,True,37
slimshetty/swebench-verified:sweb.eval.x86_64.psf__requests-1724,1.0,r2egym-qwen3-rl-100-steps-1-attempt-2,38,948,agent,79,0.8807970701552505,True,86
slimshetty/swebench-verified:sweb.eval.x86_64.sphinx-doc__sphinx-8548,0.0,r2egym-qwen3-rl-100-steps-1-attempt-2,41,906,token_limit,5,0.0002305067127507,False,4
slimshetty/swebench-verified:sweb.eval.x86_64.django__django-16901,0.0,r2egym-qwen3-rl-100-steps-1-attempt-2,69,3752,token_limit,0,0.0179862059812701,False,0
slimshetty/swebench-verified:sweb.eval.x86_64.sphinx-doc__sphinx-7454,0.0,r2egym-qwen3-rl-100-steps-1-attempt-2,65,838,agent_max_step_limit,27,0.0019267345025893,False,28
slimshetty/swebench-verified:sweb.eval.x86_64.scikit-learn__scikit-learn-10908,0.0,r2egym-qwen3-rl-100-steps-1-attempt-2,14,902,agent,47,0.8519528076067262,False,48
slimshetty/swebench-verified:sweb.eval.x86_64.django__django-14155,0.0,r2egym-qwen3-rl-100-steps-1-attempt-2,71,3759,token_limit,89,0.8519528094861981,False,91
slimshetty/swebench-verified:sweb.eval.x86_64.pydata__xarray-4094,1.0,r2egym-qwen3-rl-100-steps-1-attempt-2,40,1294,agent,862,0.8354835391516133,True,867
slimshetty/swebench-verified:sweb.eval.x86_64.sympy__sympy-14976,0.0,r2egym-qwen3-rl-100-steps-1-attempt-2,93,0,token_limit,13,2.753568122134716e-05,False,13
slimshetty/swebench-verified:sweb.eval.x86_64.django__django-15382,0.0,r2egym-qwen3-rl-100-steps-1-attempt-2,100,4615,abs_step_limit,160,0.0293122331362613,False,160
slimshetty/swebench-verified:sweb.eval.x86_64.scikit-learn__scikit-learn-26194,0.0,r2egym-qwen3-rl-100-steps-1-attempt-2,39,600,token_limit,186,0.0850990537082405,False,186
slimshetty/swebench-verified:sweb.eval.x86_64.django__django-11815,1.0,r2egym-qwen3-rl-100-steps-1-attempt-2,24,2812,agent,44,0.8670357460591569,True,44
slimshetty/swebench-verified:sweb.eval.x86_64.django__django-12965,0.0,r2egym-qwen3-rl-100-steps-1-attempt-2,61,1601,token_limit,49,0.5621765008857981,False,49
slimshetty/swebench-verified:sweb.eval.x86_64.django__django-9296,1.0,r2egym-qwen3-rl-100-steps-1-attempt-2,60,2937,agent_max_step_limit,20,0.7549149923816048,True,19
slimshetty/swebench-verified:sweb.eval.x86_64.django__django-14034,0.0,r2egym-qwen3-rl-100-steps-1-attempt-2,19,1751,agent,12,0.8354835432479661,False,12
slimshetty/swebench-verified:sweb.eval.x86_64.django__django-10973,0.0,r2egym-qwen3-rl-100-steps-1-attempt-2,29,3380,agent,0,0.7310585786300049,False,0
slimshetty/swebench-verified:sweb.eval.x86_64.django__django-12419,0.0,r2egym-qwen3-rl-100-steps-1-attempt-2,100,2460,abs_step_limit,0,0.7549149978955811,False,0
slimshetty/swebench-verified:sweb.eval.x86_64.django__django-14373,1.0,r2egym-qwen3-rl-100-steps-1-attempt-2,34,2726,agent,19,0.7981867705385762,True,20
slimshetty/swebench-verified:sweb.eval.x86_64.django__django-14539,1.0,r2egym-qwen3-rl-100-steps-1-attempt-2,19,3328,agent,14,0.4687906266262437,True,16
slimshetty/swebench-verified:sweb.eval.x86_64.django__django-13670,1.0,r2egym-qwen3-rl-100-steps-1-attempt-2,96,3957,token_limit,17,0.8933094039240554,True,17
slimshetty/swebench-verified:sweb.eval.x86_64.matplotlib__matplotlib-13989,1.0,r2egym-qwen3-rl-100-steps-1-attempt-2,21,1109,agent,411,0.6224593382055109,True,411
slimshetty/swebench-verified:sweb.eval.x86_64.django__django-13820,1.0,r2egym-qwen3-rl-100-steps-1-attempt-2,100,2990,abs_step_limit,24,0.7057850154599563,True,25
slimshetty/swebench-verified:sweb.eval.x86_64.sympy__sympy-20438,0.0,r2egym-qwen3-rl-100-steps-1-attempt-2,100,868,abs_step_limit,0,0.0031726823984636,False,0
slimshetty/swebench-verified:sweb.eval.x86_64.django__django-14672,1.0,r2egym-qwen3-rl-100-steps-1-attempt-2,100,3253,abs_step_limit,0,0.8175744739711883,True,166
slimshetty/swebench-verified:sweb.eval.x86_64.scikit-learn__scikit-learn-13124,0.0,r2egym-qwen3-rl-100-steps-1-attempt-2,42,1458,token_limit,59,0.0293122315993225,False,60
slimshetty/swebench-verified:sweb.eval.x86_64.django__django-14011,0.0,r2egym-qwen3-rl-100-steps-1-attempt-2,100,2808,abs_step_limit,2,0.7981867681382279,False,19
slimshetty/swebench-verified:sweb.eval.x86_64.scikit-learn__scikit-learn-13496,1.0,r2egym-qwen3-rl-100-steps-1-attempt-2,45,3248,agent_max_step_limit,19,0.7310585786300049,True,19
slimshetty/swebench-verified:sweb.eval.x86_64.django__django-15098,0.0,r2egym-qwen3-rl-100-steps-1-attempt-2,96,2919,token_limit,87,0.6224593312018546,False,88
slimshetty/swebench-verified:sweb.eval.x86_64.scikit-learn__scikit-learn-13439,1.0,r2egym-qwen3-rl-100-steps-1-attempt-2,31,1331,agent,40,0.8670357580842941,True,41
slimshetty/swebench-verified:sweb.eval.x86_64.sphinx-doc__sphinx-9711,1.0,r2egym-qwen3-rl-100-steps-1-attempt-2,100,1062,abs_step_limit,0,0.8670357529306639,True,1687
slimshetty/swebench-verified:sweb.eval.x86_64.django__django-14140,0.0,r2egym-qwen3-rl-100-steps-1-attempt-2,40,4103,agent,199,0.7772998611746912,False,200
slimshetty/swebench-verified:sweb.eval.x86_64.django__django-14351,0.0,r2egym-qwen3-rl-100-steps-1-attempt-2,32,0,token_limit,58,0.0001233945738748,False,58
slimshetty/swebench-verified:sweb.eval.x86_64.django__django-15277,1.0,r2egym-qwen3-rl-100-steps-1-attempt-2,70,2018,agent_max_step_limit,158,0.817574478416099,True,159
slimshetty/swebench-verified:sweb.eval.x86_64.django__django-13344,0.0,r2egym-qwen3-rl-100-steps-1-attempt-2,19,1909,agent,356,0.7310585903489891,False,356
slimshetty/swebench-verified:sweb.eval.x86_64.django__django-16256,0.0,r2egym-qwen3-rl-100-steps-1-attempt-2,55,0,token_limit,53,9.610243752612512e-05,False,53
slimshetty/swebench-verified:sweb.eval.x86_64.django__django-11292,0.0,r2egym-qwen3-rl-100-steps-1-attempt-2,82,1154,token_limit,31,0.2018132198600306,False,31
slimshetty/swebench-verified:sweb.eval.x86_64.django__django-14752,0.0,r2egym-qwen3-rl-100-steps-1-attempt-2,100,902,abs_step_limit,0,0.0007096705173647,False,0
slimshetty/swebench-verified:sweb.eval.x86_64.django__django-15128,0.0,r2egym-qwen3-rl-100-steps-1-attempt-2,100,2996,abs_step_limit,281,0.3486451285660855,False,281
slimshetty/swebench-verified:sweb.eval.x86_64.django__django-15467,1.0,r2egym-qwen3-rl-100-steps-1-attempt-2,100,2240,abs_step_limit,62,0.7772998714925403,True,62
slimshetty/swebench-verified:sweb.eval.x86_64.scikit-learn__scikit-learn-14983,0.0,r2egym-qwen3-rl-100-steps-1-attempt-2,44,3173,agent_max_step_limit,104,0.4073334000459302,False,104
slimshetty/swebench-verified:sweb.eval.x86_64.scikit-learn__scikit-learn-25102,1.0,r2egym-qwen3-rl-100-steps-1-attempt-2,32,5129,agent,59,0.867035752930664,True,59
slimshetty/swebench-verified:sweb.eval.x86_64.pytest-dev__pytest-10051,1.0,r2egym-qwen3-rl-100-steps-1-attempt-2,42,3329,agent_max_step_limit,15,0.4378234991142019,True,15
slimshetty/swebench-verified:sweb.eval.x86_64.sympy__sympy-16450,1.0,r2egym-qwen3-rl-100-steps-1-attempt-2,51,1372,token_limit,38,0.7057850340255386,True,0
slimshetty/swebench-verified:sweb.eval.x86_64.django__django-11740,0.0,r2egym-qwen3-rl-100-steps-1-attempt-2,58,0,token_limit,109,5.1442213585014685e-05,False,109
slimshetty/swebench-verified:sweb.eval.x86_64.django__django-13933,0.0,r2egym-qwen3-rl-100-steps-1-attempt-2,60,4101,token_limit,0,0.0059110682761513,False,0
slimshetty/swebench-verified:sweb.eval.x86_64.django__django-16333,1.0,r2egym-qwen3-rl-100-steps-1-attempt-2,34,3627,token_limit,87,0.8175744739711883,True,87
slimshetty/swebench-verified:sweb.eval.x86_64.matplotlib__matplotlib-26342,1.0,r2egym-qwen3-rl-100-steps-1-attempt-2,45,1738,agent_max_step_limit,81,0.7772998560157665,True,81
slimshetty/swebench-verified:sweb.eval.x86_64.django__django-12663,0.0,r2egym-qwen3-rl-100-steps-1-attempt-2,64,3909,agent_max_step_limit,135,0.8175744806385542,False,135
slimshetty/swebench-verified:sweb.eval.x86_64.sphinx-doc__sphinx-9281,0.0,r2egym-qwen3-rl-100-steps-1-attempt-2,53,2476,token_limit,0,0.1645164690410926,False,0
slimshetty/swebench-verified:sweb.eval.x86_64.scikit-learn__scikit-learn-11578,1.0,r2egym-qwen3-rl-100-steps-1-attempt-2,43,2938,agent_max_step_limit,93,0.7772998508568416,True,90
slimshetty/swebench-verified:sweb.eval.x86_64.django__django-15499,1.0,r2egym-qwen3-rl-100-steps-1-attempt-2,100,2011,abs_step_limit,35,0.8519528057272544,True,35
slimshetty/swebench-verified:sweb.eval.x86_64.sympy__sympy-22914,1.0,r2egym-qwen3-rl-100-steps-1-attempt-2,49,1641,token_limit,17,0.8175744828610095,True,18
slimshetty/swebench-verified:sweb.eval.x86_64.django__django-12273,0.0,r2egym-qwen3-rl-100-steps-1-attempt-2,29,1879,agent,27,0.5,False,27
slimshetty/swebench-verified:sweb.eval.x86_64.astropy__astropy-13236,0.0,r2egym-qwen3-rl-100-steps-1-attempt-2,91,3725,token_limit,644,0.7772998714925403,False,643
slimshetty/swebench-verified:sweb.eval.x86_64.pylint-dev__pylint-6903,1.0,r2egym-qwen3-rl-100-steps-1-attempt-2,94,3065,token_limit,8,0.4687906266262437,True,8
slimshetty/swebench-verified:sweb.eval.x86_64.sphinx-doc__sphinx-8056,0.0,r2egym-qwen3-rl-100-steps-1-attempt-2,100,0,abs_step_limit,40,2.4300252306390083e-05,False,39
slimshetty/swebench-verified:sweb.eval.x86_64.django__django-15104,1.0,r2egym-qwen3-rl-100-steps-1-attempt-2,33,2927,agent,131,0.7310585727705127,True,131
slimshetty/swebench-verified:sweb.eval.x86_64.pydata__xarray-4075,1.0,r2egym-qwen3-rl-100-steps-1-attempt-2,48,1345,agent_max_step_limit,958,0.851952809486198,True,958
slimshetty/swebench-verified:sweb.eval.x86_64.scikit-learn__scikit-learn-10844,1.0,r2egym-qwen3-rl-100-steps-1-attempt-2,18,633,agent,16,0.8807970811069351,True,17
slimshetty/swebench-verified:sweb.eval.x86_64.django__django-15987,0.0,r2egym-qwen3-rl-100-steps-1-attempt-2,100,745,abs_step_limit,52,0.8354835411997897,False,53
slimshetty/swebench-verified:sweb.eval.x86_64.sympy__sympy-20916,0.0,r2egym-qwen3-rl-100-steps-1-attempt-2,100,735,abs_step_limit,1,0.0013250223498939,False,2
slimshetty/swebench-verified:sweb.eval.x86_64.django__django-16877,0.0,r2egym-qwen3-rl-100-steps-1-attempt-2,73,2716,token_limit,0,0.0179862095343999,False,0
slimshetty/swebench-verified:sweb.eval.x86_64.pytest-dev__pytest-7236,0.0,r2egym-qwen3-rl-100-steps-1-attempt-2,42,1664,agent_max_step_limit,50,0.4073334000459302,False,49
slimshetty/swebench-verified:sweb.eval.x86_64.matplotlib__matplotlib-26291,0.0,r2egym-qwen3-rl-100-steps-1-attempt-2,24,2650,agent,49,0.8933093975331751,False,49
slimshetty/swebench-verified:sweb.eval.x86_64.django__django-14771,0.0,r2egym-qwen3-rl-100-steps-1-attempt-2,87,2801,token_limit,60,0.000108896869695,False,60
slimshetty/swebench-verified:sweb.eval.x86_64.matplotlib__matplotlib-23314,1.0,r2egym-qwen3-rl-100-steps-1-attempt-2,69,1005,token_limit,862,0.8807970654616711,True,862
slimshetty/swebench-verified:sweb.eval.x86_64.matplotlib__matplotlib-25960,0.0,r2egym-qwen3-rl-100-steps-1-attempt-2,70,2849,token_limit,131,0.8354835391516133,False,131
slimshetty/swebench-verified:sweb.eval.x86_64.django__django-13158,0.0,r2egym-qwen3-rl-100-steps-1-attempt-2,100,0,abs_step_limit,29,0.0001584362720964,False,29
slimshetty/swebench-verified:sweb.eval.x86_64.sympy__sympy-18698,0.0,r2egym-qwen3-rl-100-steps-1-attempt-2,71,635,token_limit,147,0.0085774847722012,False,147
slimshetty/swebench-verified:sweb.eval.x86_64.matplotlib__matplotlib-26113,1.0,r2egym-qwen3-rl-100-steps-1-attempt-2,19,631,agent,812,0.8933094145755219,True,812
slimshetty/swebench-verified:sweb.eval.x86_64.django__django-12713,1.0,r2egym-qwen3-rl-100-steps-1-attempt-2,44,8188,agent_max_step_limit,58,0.8670357512127872,True,58
slimshetty/swebench-verified:sweb.eval.x86_64.pydata__xarray-6938,0.0,r2egym-qwen3-rl-100-steps-1-attempt-2,15,883,agent,430,0.8354835432479661,False,430
slimshetty/swebench-verified:sweb.eval.x86_64.sympy__sympy-19637,1.0,r2egym-qwen3-rl-100-steps-1-attempt-2,58,1586,token_limit,40,0.0675466855084087,True,41
slimshetty/swebench-verified:sweb.eval.x86_64.django__django-12304,0.0,r2egym-qwen3-rl-100-steps-1-attempt-2,97,1389,token_limit,0,0.001325022461425,False,0
slimshetty/swebench-verified:sweb.eval.x86_64.matplotlib__matplotlib-21568,0.0,r2egym-qwen3-rl-100-steps-1-attempt-2,28,1638,agent,69,0.5,False,69
slimshetty/swebench-verified:sweb.eval.x86_64.scikit-learn__scikit-learn-25973,1.0,r2egym-qwen3-rl-100-steps-1-attempt-2,23,906,agent,72,0.8519528019683105,True,72
slimshetty/swebench-verified:sweb.eval.x86_64.pylint-dev__pylint-4604,0.0,r2egym-qwen3-rl-100-steps-1-attempt-2,87,1577,token_limit,0,0.0124316481204732,False,20
slimshetty/swebench-verified:sweb.eval.x86_64.django__django-11880,1.0,r2egym-qwen3-rl-100-steps-1-attempt-2,100,2388,abs_step_limit,114,0.8807970889295664,True,114
slimshetty/swebench-verified:sweb.eval.x86_64.django__django-16950,0.0,r2egym-qwen3-rl-100-steps-1-attempt-2,72,2425,token_limit,3,0.7310585669110203,False,3
slimshetty/swebench-verified:sweb.eval.x86_64.django__django-12143,1.0,r2egym-qwen3-rl-100-steps-1-attempt-2,64,2687,token_limit,52,0.7772998611746911,True,52
slimshetty/swebench-verified:sweb.eval.x86_64.pytest-dev__pytest-7490,1.0,r2egym-qwen3-rl-100-steps-1-attempt-2,60,1328,token_limit,78,0.8807970670261976,True,78
slimshetty/swebench-verified:sweb.eval.x86_64.django__django-16502,0.0,r2egym-qwen3-rl-100-steps-1-attempt-2,100,921,abs_step_limit,0,0.0001233945743649,False,0
slimshetty/swebench-verified:sweb.eval.x86_64.sympy__sympy-15345,0.0,r2egym-qwen3-rl-100-steps-1-attempt-2,100,0,abs_step_limit,8,1.892515274614874e-05,False,9
slimshetty/swebench-verified:sweb.eval.x86_64.sphinx-doc__sphinx-11510,0.0,r2egym-qwen3-rl-100-steps-1-attempt-2,33,2878,agent,7,0.7549149923816048,False,7
slimshetty/swebench-verified:sweb.eval.x86_64.matplotlib__matplotlib-14623,1.0,r2egym-qwen3-rl-100-steps-1-attempt-2,41,797,max_step_limit,400,0.4378234991142019,True,401
slimshetty/swebench-verified:sweb.eval.x86_64.django__django-15563,0.0,r2egym-qwen3-rl-100-steps-1-attempt-2,50,0,token_limit,29,4.006369214729855e-05,False,29
slimshetty/swebench-verified:sweb.eval.x86_64.django__django-14493,1.0,r2egym-qwen3-rl-100-steps-1-attempt-2,100,2391,abs_step_limit,36,0.8807970811069351,True,36
slimshetty/swebench-verified:sweb.eval.x86_64.scikit-learn__scikit-learn-14894,1.0,r2egym-qwen3-rl-100-steps-1-attempt-2,18,2246,agent,85,0.7981867801399694,True,85
slimshetty/swebench-verified:sweb.eval.x86_64.pydata__xarray-7233,0.0,r2egym-qwen3-rl-100-steps-1-attempt-2,53,1889,agent_max_step_limit,189,0.5312093733737563,False,189
slimshetty/swebench-verified:sweb.eval.x86_64.sphinx-doc__sphinx-8721,1.0,r2egym-qwen3-rl-100-steps-1-attempt-2,89,2203,token_limit,3,0.5,True,2
slimshetty/swebench-verified:sweb.eval.x86_64.pytest-dev__pytest-7432,0.0,r2egym-qwen3-rl-100-steps-1-attempt-2,100,2656,abs_step_limit,0,0.0004305570768154,False,0
slimshetty/swebench-verified:sweb.eval.x86_64.sympy__sympy-20801,0.0,r2egym-qwen3-rl-100-steps-1-attempt-2,24,0,token_limit,96,0.0001088969088524,False,96
slimshetty/swebench-verified:sweb.eval.x86_64.django__django-14404,0.0,r2egym-qwen3-rl-100-steps-1-attempt-2,79,3036,token_limit,0,0.0007096705044031,False,0
slimshetty/swebench-verified:sweb.eval.x86_64.sphinx-doc__sphinx-10449,0.0,r2egym-qwen3-rl-100-steps-1-attempt-2,80,0,token_limit,30,6.605216020953037e-05,False,31
slimshetty/swebench-verified:sweb.eval.x86_64.sympy__sympy-20428,0.0,r2egym-qwen3-rl-100-steps-1-attempt-2,45,3066,agent_max_step_limit,154,0.8670357649558007,False,154
slimshetty/swebench-verified:sweb.eval.x86_64.sympy__sympy-23950,0.0,r2egym-qwen3-rl-100-steps-1-attempt-2,90,0,token_limit,4,3.5356242266024216e-05,False,5
slimshetty/swebench-verified:sweb.eval.x86_64.sympy__sympy-21930,0.0,r2egym-qwen3-rl-100-steps-1-attempt-2,53,861,token_limit,45,0.7057850278370112,False,48
slimshetty/swebench-verified:sweb.eval.x86_64.psf__requests-2317,1.0,r2egym-qwen3-rl-100-steps-1-attempt-2,42,2353,agent_max_step_limit,133,0.7549149978955811,True,0
slimshetty/swebench-verified:sweb.eval.x86_64.pydata__xarray-2905,1.0,r2egym-qwen3-rl-100-steps-1-attempt-2,37,602,token_limit,364,0.8807970826714614,True,365
slimshetty/swebench-verified:sweb.eval.x86_64.sympy__sympy-13798,0.0,r2egym-qwen3-rl-100-steps-1-attempt-2,29,1435,agent,102,0.6791786861878392,False,104
slimshetty/swebench-verified:sweb.eval.x86_64.django__django-13568,0.0,r2egym-qwen3-rl-100-steps-1-attempt-2,81,3173,token_limit,12,0.8175744828610095,False,12
slimshetty/swebench-verified:sweb.eval.x86_64.django__django-15127,0.0,r2egym-qwen3-rl-100-steps-1-attempt-2,100,1721,abs_step_limit,1,0.8354835391516133,False,1
slimshetty/swebench-verified:sweb.eval.x86_64.scikit-learn__scikit-learn-13135,1.0,r2egym-qwen3-rl-100-steps-1-attempt-2,100,3041,abs_step_limit,33,0.880797071719777,True,34
slimshetty/swebench-verified:sweb.eval.x86_64.django__django-15957,0.0,r2egym-qwen3-rl-100-steps-1-attempt-2,73,4140,token_limit,89,0.0109869405155206,False,89
slimshetty/swebench-verified:sweb.eval.x86_64.sympy__sympy-23413,0.0,r2egym-qwen3-rl-100-steps-1-attempt-2,51,1912,token_limit,2,0.001700722619762,False,2
slimshetty/swebench-verified:sweb.eval.x86_64.matplotlib__matplotlib-24177,0.0,r2egym-qwen3-rl-100-steps-1-attempt-2,49,4270,token_limit,742,0.1480471942727456,False,742
slimshetty/swebench-verified:sweb.eval.x86_64.pydata__xarray-3095,0.0,r2egym-qwen3-rl-100-steps-1-attempt-2,58,919,token_limit,252,0.0140636271982083,False,241
slimshetty/swebench-verified:sweb.eval.x86_64.django__django-16631,0.0,r2egym-qwen3-rl-100-steps-1-attempt-2,40,3646,agent,12,0.8175744806385542,False,12
slimshetty/swebench-verified:sweb.eval.x86_64.sympy__sympy-15017,1.0,r2egym-qwen3-rl-100-steps-1-attempt-2,50,1451,agent_max_step_limit,14,0.8354835411997897,True,14
slimshetty/swebench-verified:sweb.eval.x86_64.django__django-16938,0.0,r2egym-qwen3-rl-100-steps-1-attempt-2,88,4109,token_limit,65,0.7057850216484838,False,88
slimshetty/swebench-verified:sweb.eval.x86_64.astropy__astropy-7671,0.0,r2egym-qwen3-rl-100-steps-1-attempt-2,40,1561,agent,0,0.6513548714339145,False,0
slimshetty/swebench-verified:sweb.eval.x86_64.django__django-11477,0.0,r2egym-qwen3-rl-100-steps-1-attempt-2,100,3787,abs_step_limit,151,0.0031726835457034,False,153
slimshetty/swebench-verified:sweb.eval.x86_64.django__django-16819,0.0,r2egym-qwen3-rl-100-steps-1-attempt-2,93,8902,token_limit,0,0.5312093733737563,False,0
slimshetty/swebench-verified:sweb.eval.x86_64.django__django-14238,0.0,r2egym-qwen3-rl-100-steps-1-attempt-2,100,4570,abs_step_limit,32,0.6791786926816161,False,30
slimshetty/swebench-verified:sweb.eval.x86_64.astropy__astropy-13398,0.0,r2egym-qwen3-rl-100-steps-1-attempt-2,49,0,token_limit,68,3.120190763491069e-05,False,68
slimshetty/swebench-verified:sweb.eval.x86_64.psf__requests-1921,1.0,r2egym-qwen3-rl-100-steps-1-attempt-2,72,3590,token_limit,107,0.1329642487872128,True,117
slimshetty/swebench-verified:sweb.eval.x86_64.sympy__sympy-13647,1.0,r2egym-qwen3-rl-100-steps-1-attempt-2,39,1311,agent,76,0.8354835309589074,True,77
slimshetty/swebench-verified:sweb.eval.x86_64.sphinx-doc__sphinx-8551,1.0,r2egym-qwen3-rl-100-steps-1-attempt-2,73,668,token_limit,32,0.867035758084294,True,32
slimshetty/swebench-verified:sweb.eval.x86_64.django__django-15268,0.0,r2egym-qwen3-rl-100-steps-1-attempt-2,77,3401,token_limit,130,0.0075772411207897,False,133
slimshetty/swebench-verified:sweb.eval.x86_64.django__django-11999,1.0,r2egym-qwen3-rl-100-steps-1-attempt-2,51,1721,agent_max_step_limit,30,0.7981867729389246,True,30
slimshetty/swebench-verified:sweb.eval.x86_64.django__django-16527,1.0,r2egym-qwen3-rl-100-steps-1-attempt-2,39,4061,agent,6,0.7772998663336158,True,6
slimshetty/swebench-verified:sweb.eval.x86_64.pydata__xarray-6599,0.0,r2egym-qwen3-rl-100-steps-1-attempt-2,100,3313,abs_step_limit,262,0.0420877325715125,False,261
slimshetty/swebench-verified:sweb.eval.x86_64.django__django-10880,0.0,r2egym-qwen3-rl-100-steps-1-attempt-2,100,3905,abs_step_limit,54,0.8933094131553264,False,54
slimshetty/swebench-verified:sweb.eval.x86_64.sphinx-doc__sphinx-8593,0.0,r2egym-qwen3-rl-100-steps-1-attempt-2,54,906,token_limit,1,0.0003799845680139,False,3
slimshetty/swebench-verified:sweb.eval.x86_64.django__django-15731,1.0,r2egym-qwen3-rl-100-steps-1-attempt-2,93,1900,token_limit,58,0.8354835391516133,True,57
slimshetty/swebench-verified:sweb.eval.x86_64.scikit-learn__scikit-learn-12973,0.0,r2egym-qwen3-rl-100-steps-1-attempt-2,94,2189,token_limit,32,0.7310585727705126,False,30
slimshetty/swebench-verified:sweb.eval.x86_64.django__django-11790,0.0,r2egym-qwen3-rl-100-steps-1-attempt-2,38,1894,agent,77,0.7310585727705127,False,78
slimshetty/swebench-verified:sweb.eval.x86_64.scikit-learn__scikit-learn-12682,0.0,r2egym-qwen3-rl-100-steps-1-attempt-2,100,556,abs_step_limit,21,0.0004305570832034,False,21
slimshetty/swebench-verified:sweb.eval.x86_64.django__django-14608,1.0,r2egym-qwen3-rl-100-steps-1-attempt-2,41,1876,max_step_limit,394,0.7981867849406659,True,397
slimshetty/swebench-verified:sweb.eval.x86_64.django__django-13786,1.0,r2egym-qwen3-rl-100-steps-1-attempt-2,24,2214,agent,33,0.6513548646660542,True,33
slimshetty/swebench-verified:sweb.eval.x86_64.sympy__sympy-24562,1.0,r2egym-qwen3-rl-100-steps-1-attempt-2,32,1214,agent,105,0.8933094110250331,True,105
slimshetty/swebench-verified:sweb.eval.x86_64.django__django-12406,0.0,r2egym-qwen3-rl-100-steps-1-attempt-2,80,3815,token_limit,155,0.7981867801399695,False,155
slimshetty/swebench-verified:sweb.eval.x86_64.django__django-11095,1.0,r2egym-qwen3-rl-100-steps-1-attempt-2,100,3129,abs_step_limit,19,0.5,True,19
slimshetty/swebench-verified:sweb.eval.x86_64.astropy__astropy-14182,0.0,r2egym-qwen3-rl-100-steps-1-attempt-2,39,2631,agent,9,0.7981867825403176,False,9
slimshetty/swebench-verified:sweb.eval.x86_64.pytest-dev__pytest-7521,1.0,r2egym-qwen3-rl-100-steps-1-attempt-2,17,1238,agent,125,0.8354835391516132,True,124
slimshetty/swebench-verified:sweb.eval.x86_64.sphinx-doc__sphinx-7440,1.0,r2egym-qwen3-rl-100-steps-1-attempt-2,84,544,token_limit,12,0.075858185766691,True,13
slimshetty/swebench-verified:sweb.eval.x86_64.django__django-13279,0.0,r2egym-qwen3-rl-100-steps-1-attempt-2,92,2835,token_limit,346,0.5621765008857981,False,346
slimshetty/swebench-verified:sweb.eval.x86_64.sphinx-doc__sphinx-7462,0.0,r2egym-qwen3-rl-100-steps-1-attempt-2,14,934,agent,49,0.8175744761936437,False,50
slimshetty/swebench-verified:sweb.eval.x86_64.pylint-dev__pylint-4661,0.0,r2egym-qwen3-rl-100-steps-1-attempt-2,41,1450,max_step_limit,0,0.679178699175393,False,50
slimshetty/swebench-verified:sweb.eval.x86_64.django__django-16899,1.0,r2egym-qwen3-rl-100-steps-1-attempt-2,42,3593,agent_max_step_limit,54,0.8519527982093666,True,54
slimshetty/swebench-verified:sweb.eval.x86_64.django__django-13837,0.0,r2egym-qwen3-rl-100-steps-1-attempt-2,61,3234,token_limit,0,0.0066928515929652,False,0
slimshetty/swebench-verified:sweb.eval.x86_64.matplotlib__matplotlib-22871,0.0,r2egym-qwen3-rl-100-steps-1-attempt-2,100,1460,abs_step_limit,87,0.5,False,88
slimshetty/swebench-verified:sweb.eval.x86_64.pydata__xarray-7393,0.0,r2egym-qwen3-rl-100-steps-1-attempt-2,78,1993,token_limit,70,0.0109869429341921,False,70
slimshetty/swebench-verified:sweb.eval.x86_64.sphinx-doc__sphinx-9230,0.0,r2egym-qwen3-rl-100-steps-1-attempt-2,92,4129,token_limit,44,0.0124316501328473,False,45
slimshetty/swebench-verified:sweb.eval.x86_64.scikit-learn__scikit-learn-14710,0.0,r2egym-qwen3-rl-100-steps-1-attempt-2,44,4823,agent_max_step_limit,0,0.8670357563664174,False,0
slimshetty/swebench-verified:sweb.eval.x86_64.sympy__sympy-15875,0.0,r2egym-qwen3-rl-100-steps-1-attempt-2,100,1302,abs_step_limit,80,0.7310585727705127,False,81
slimshetty/swebench-verified:sweb.eval.x86_64.sphinx-doc__sphinx-7889,0.0,r2egym-qwen3-rl-100-steps-1-attempt-2,47,571,agent_max_step_limit,5,0.8670357598021708,False,6
slimshetty/swebench-verified:sweb.eval.x86_64.psf__requests-1766,0.0,r2egym-qwen3-rl-100-steps-1-attempt-2,65,3124,token_limit,0,0.0124316495268482,False,0
slimshetty/swebench-verified:sweb.eval.x86_64.sphinx-doc__sphinx-8475,1.0,r2egym-qwen3-rl-100-steps-1-attempt-2,100,2293,abs_step_limit,17,0.8807970904940926,True,17
slimshetty/swebench-verified:sweb.eval.x86_64.pytest-dev__pytest-7571,1.0,r2egym-qwen3-rl-100-steps-1-attempt-2,31,3513,agent,14,0.8519527944504227,True,14
slimshetty/swebench-verified:sweb.eval.x86_64.matplotlib__matplotlib-26208,0.0,r2egym-qwen3-rl-100-steps-1-attempt-2,49,498,token_limit,813,0.1329642401978292,False,813
slimshetty/swebench-verified:sweb.eval.x86_64.scikit-learn__scikit-learn-14087,0.0,r2egym-qwen3-rl-100-steps-1-attempt-2,49,2254,token_limit,144,0.0024726227575109,False,144
slimshetty/swebench-verified:sweb.eval.x86_64.pytest-dev__pytest-5840,0.0,r2egym-qwen3-rl-100-steps-1-attempt-2,62,3749,token_limit,51,0.0075772422028126,False,52
slimshetty/swebench-verified:sweb.eval.x86_64.matplotlib__matplotlib-20676,0.0,r2egym-qwen3-rl-100-steps-1-attempt-2,71,0,token_limit,32,2.4300249405489955e-05,False,32
slimshetty/swebench-verified:sweb.eval.x86_64.django__django-14915,1.0,r2egym-qwen3-rl-100-steps-1-attempt-2,49,1335,agent_max_step_limit,23,0.8670357460591569,True,23
slimshetty/swebench-verified:sweb.eval.x86_64.django__django-16595,1.0,r2egym-qwen3-rl-100-steps-1-attempt-2,100,1967,abs_step_limit,37,0.3486451353339457,True,37
slimshetty/swebench-verified:sweb.eval.x86_64.sympy__sympy-24213,1.0,r2egym-qwen3-rl-100-steps-1-attempt-2,59,2541,agent_max_step_limit,31,0.8519528000888386,True,31
slimshetty/swebench-verified:sweb.eval.x86_64.django__django-15732,1.0,r2egym-qwen3-rl-100-steps-1-attempt-2,82,3368,token_limit,125,0.5,True,124
slimshetty/swebench-verified:sweb.eval.x86_64.django__django-11728,0.0,r2egym-qwen3-rl-100-steps-1-attempt-2,98,2463,token_limit,0,0.0009110511391935,False,0
slimshetty/swebench-verified:sweb.eval.x86_64.matplotlib__matplotlib-22865,0.0,r2egym-qwen3-rl-100-steps-1-attempt-2,100,1670,abs_step_limit,57,0.3486451217982254,False,56
slimshetty/swebench-verified:sweb.eval.x86_64.django__django-11087,0.0,r2egym-qwen3-rl-100-steps-1-attempt-2,37,0,token_limit,41,2.144495606533141e-05,False,41
slimshetty/swebench-verified:sweb.eval.x86_64.django__django-13516,0.0,r2egym-qwen3-rl-100-steps-1-attempt-2,100,481,abs_step_limit,43,0.002182716752137,False,43
slimshetty/swebench-verified:sweb.eval.x86_64.django__django-11820,0.0,r2egym-qwen3-rl-100-steps-1-attempt-2,37,3388,token_limit,61,0.8519528019683105,False,61
slimshetty/swebench-verified:sweb.eval.x86_64.sphinx-doc__sphinx-9461,0.0,r2egym-qwen3-rl-100-steps-1-attempt-2,100,1350,abs_step_limit,59,0.3775406687981454,False,61
slimshetty/swebench-verified:sweb.eval.x86_64.mwaskom__seaborn-3187,0.0,r2egym-qwen3-rl-100-steps-1-attempt-2,100,1572,abs_step_limit,248,0.8175744695262777,False,249
slimshetty/swebench-verified:sweb.eval.x86_64.django__django-11179,1.0,r2egym-qwen3-rl-100-steps-1-attempt-2,42,1781,agent_max_step_limit,40,0.7549149868676283,True,40
slimshetty/swebench-verified:sweb.eval.x86_64.pytest-dev__pytest-8399,1.0,r2egym-qwen3-rl-100-steps-1-attempt-2,81,2088,agent_max_step_limit,59,0.8807970842359877,True,59
slimshetty/swebench-verified:sweb.eval.x86_64.django__django-16801,1.0,r2egym-qwen3-rl-100-steps-1-attempt-2,89,3329,token_limit,17,0.8670357735451834,True,17
slimshetty/swebench-verified:sweb.eval.x86_64.sympy__sympy-12419,0.0,r2egym-qwen3-rl-100-steps-1-attempt-2,56,1956,token_limit,24,0.0124316516078262,False,25
slimshetty/swebench-verified:sweb.eval.x86_64.django__django-14122,1.0,r2egym-qwen3-rl-100-steps-1-attempt-2,100,3503,abs_step_limit,26,0.7772998560157665,True,26
slimshetty/swebench-verified:sweb.eval.x86_64.django__django-13794,0.0,r2egym-qwen3-rl-100-steps-1-attempt-2,86,2068,token_limit,19,0.0229773720844205,False,19
slimshetty/swebench-verified:sweb.eval.x86_64.sphinx-doc__sphinx-10673,1.0,r2egym-qwen3-rl-100-steps-1-attempt-2,91,5023,token_limit,9,0.7549149813536518,True,9
slimshetty/swebench-verified:sweb.eval.x86_64.django__django-16569,1.0,r2egym-qwen3-rl-100-steps-1-attempt-2,13,2253,agent,111,0.8354835432479661,True,113
slimshetty/swebench-verified:sweb.eval.x86_64.django__django-15572,0.0,r2egym-qwen3-rl-100-steps-1-attempt-2,72,4284,agent_max_step_limit,9,0.5,False,10
slimshetty/swebench-verified:sweb.eval.x86_64.sphinx-doc__sphinx-9367,1.0,r2egym-qwen3-rl-100-steps-1-attempt-2,49,2547,agent_max_step_limit,25,0.8175744806385542,True,25
slimshetty/swebench-verified:sweb.eval.x86_64.matplotlib__matplotlib-24627,1.0,r2egym-qwen3-rl-100-steps-1-attempt-2,80,963,token_limit,776,0.8519527982093666,True,776
slimshetty/swebench-verified:sweb.eval.x86_64.matplotlib__matplotlib-20859,1.0,r2egym-qwen3-rl-100-steps-1-attempt-2,100,1255,abs_step_limit,88,0.8933094081846421,True,88
slimshetty/swebench-verified:sweb.eval.x86_64.scikit-learn__scikit-learn-14629,0.0,r2egym-qwen3-rl-100-steps-1-attempt-2,100,2090,abs_step_limit,0,0.0015011819257138,False,0
slimshetty/swebench-verified:sweb.eval.x86_64.django__django-16139,1.0,r2egym-qwen3-rl-100-steps-1-attempt-2,100,4758,abs_step_limit,86,0.8807970873650401,True,86
slimshetty/swebench-verified:sweb.eval.x86_64.django__django-12155,1.0,r2egym-qwen3-rl-100-steps-1-attempt-2,29,1915,agent,6,0.6791787056691698,True,7
slimshetty/swebench-verified:sweb.eval.x86_64.astropy__astropy-14508,1.0,r2egym-qwen3-rl-100-steps-1-attempt-2,39,1810,agent,174,0.8175744761936437,True,174
slimshetty/swebench-verified:sweb.eval.x86_64.django__django-10914,1.0,r2egym-qwen3-rl-100-steps-1-attempt-2,17,2416,agent,98,0.7981867705385762,True,98
slimshetty/swebench-verified:sweb.eval.x86_64.sphinx-doc__sphinx-10323,0.0,r2egym-qwen3-rl-100-steps-1-attempt-2,97,3090,token_limit,38,0.679178686187839,False,38
slimshetty/swebench-verified:sweb.eval.x86_64.pylint-dev__pylint-6386,0.0,r2egym-qwen3-rl-100-steps-1-attempt-2,76,0,token_limit,7,5.144223195579028e-05,False,7
slimshetty/swebench-verified:sweb.eval.x86_64.django__django-13551,0.0,r2egym-qwen3-rl-100-steps-1-attempt-2,100,2576,abs_step_limit,56,0.7772998560157665,False,57
slimshetty/swebench-verified:sweb.eval.x86_64.django__django-13925,0.0,r2egym-qwen3-rl-100-steps-1-attempt-2,55,0,token_limit,24,5.8291258498513246e-05,False,22
slimshetty/swebench-verified:sweb.eval.x86_64.django__django-11400,0.0,r2egym-qwen3-rl-100-steps-1-attempt-2,100,4291,token_limit,58,0.4687906266262437,False,58
slimshetty/swebench-verified:sweb.eval.x86_64.django__django-13012,1.0,r2egym-qwen3-rl-100-steps-1-attempt-2,42,2177,agent_max_step_limit,137,0.8354835309589073,True,137
slimshetty/swebench-verified:sweb.eval.x86_64.sympy__sympy-22080,0.0,r2egym-qwen3-rl-100-steps-1-attempt-2,42,596,agent_max_step_limit,91,0.7981867849406659,False,93
slimshetty/swebench-verified:sweb.eval.x86_64.django__django-15554,0.0,r2egym-qwen3-rl-100-steps-1-attempt-2,55,0,token_limit,41,0.0001088969478022,False,41
slimshetty/swebench-verified:sweb.eval.x86_64.django__django-15629,0.0,r2egym-qwen3-rl-100-steps-1-attempt-2,91,2167,token_limit,115,0.6791786926816161,False,115
slimshetty/swebench-verified:sweb.eval.x86_64.sympy__sympy-13480,1.0,r2egym-qwen3-rl-100-steps-1-attempt-2,12,594,agent,43,0.8670357529306639,True,44
slimshetty/swebench-verified:sweb.eval.x86_64.sphinx-doc__sphinx-8621,0.0,r2egym-qwen3-rl-100-steps-1-attempt-2,86,3155,token_limit,0,0.0007096703449426,False,0
slimshetty/swebench-verified:sweb.eval.x86_64.django__django-16493,1.0,r2egym-qwen3-rl-100-steps-1-attempt-2,91,1918,token_limit,91,0.8519527963298947,True,91
slimshetty/swebench-verified:sweb.eval.x86_64.scikit-learn__scikit-learn-11310,1.0,r2egym-qwen3-rl-100-steps-1-attempt-2,43,2728,agent_max_step_limit,50,0.8354835411997897,True,51
slimshetty/swebench-verified:sweb.eval.x86_64.sphinx-doc__sphinx-8638,0.0,r2egym-qwen3-rl-100-steps-1-attempt-2,100,906,abs_step_limit,34,0.0007096705218641,False,34
slimshetty/swebench-verified:sweb.eval.x86_64.matplotlib__matplotlib-24149,1.0,r2egym-qwen3-rl-100-steps-1-attempt-2,100,731,abs_step_limit,767,0.8933094060543488,True,767
slimshetty/swebench-verified:sweb.eval.x86_64.django__django-11964,1.0,r2egym-qwen3-rl-100-steps-1-attempt-2,33,4577,agent,15,0.8670357666736773,True,16
slimshetty/swebench-verified:sweb.eval.x86_64.sympy__sympy-13615,0.0,r2egym-qwen3-rl-100-steps-1-attempt-2,57,2366,token_limit,62,0.0474258777215636,False,62
slimshetty/swebench-verified:sweb.eval.x86_64.django__django-15930,1.0,r2egym-qwen3-rl-100-steps-1-attempt-2,100,1730,abs_step_limit,88,0.8519528076067262,True,88
slimshetty/swebench-verified:sweb.eval.x86_64.django__django-12209,1.0,r2egym-qwen3-rl-100-steps-1-attempt-2,37,2831,agent,0,0.8519528038477824,True,1
slimshetty/swebench-verified:sweb.eval.x86_64.django__django-14170,0.0,r2egym-qwen3-rl-100-steps-1-attempt-2,37,1535,token_limit,76,0.0003353501437843,False,78
slimshetty/swebench-verified:sweb.eval.x86_64.django__django-16082,1.0,r2egym-qwen3-rl-100-steps-1-attempt-2,100,2320,abs_step_limit,170,0.893309411735131,True,172
slimshetty/swebench-verified:sweb.eval.x86_64.django__django-12774,0.0,r2egym-qwen3-rl-100-steps-1-attempt-2,100,2609,abs_step_limit,37,0.5312093733737562,False,38
slimshetty/swebench-verified:sweb.eval.x86_64.django__django-12050,1.0,r2egym-qwen3-rl-100-steps-1-attempt-2,100,2247,abs_step_limit,10,0.851952809486198,True,10
slimshetty/swebench-verified:sweb.eval.x86_64.sphinx-doc__sphinx-9591,0.0,r2egym-qwen3-rl-100-steps-1-attempt-2,1,942,token_limit,44,0.0019267346252697,False,45
slimshetty/swebench-verified:sweb.eval.x86_64.sphinx-doc__sphinx-9258,0.0,r2egym-qwen3-rl-100-steps-1-attempt-2,78,2487,token_limit,45,0.6513548782017745,False,45
slimshetty/swebench-verified:sweb.eval.x86_64.scikit-learn__scikit-learn-12585,1.0,r2egym-qwen3-rl-100-steps-1-attempt-2,76,555,token_limit,22,0.8807970685907242,True,22
slimshetty/swebench-verified:sweb.eval.x86_64.django__django-11555,0.0,r2egym-qwen3-rl-100-steps-1-attempt-2,51,2279,agent_max_step_limit,26,0.6513548511303338,False,26
slimshetty/swebench-verified:sweb.eval.x86_64.django__django-15695,0.0,r2egym-qwen3-rl-100-steps-1-attempt-2,93,6839,token_limit,123,0.7310585786300049,False,123
slimshetty/swebench-verified:sweb.eval.x86_64.matplotlib__matplotlib-22719,1.0,r2egym-qwen3-rl-100-steps-1-attempt-2,52,4769,agent_max_step_limit,68,0.4073334000459302,True,64
slimshetty/swebench-verified:sweb.eval.x86_64.django__django-10999,0.0,r2egym-qwen3-rl-100-steps-1-attempt-2,33,2054,token_limit,6,0.0059110682569973,False,8
slimshetty/swebench-verified:sweb.eval.x86_64.scikit-learn__scikit-learn-25232,1.0,r2egym-qwen3-rl-100-steps-1-attempt-2,68,3356,token_limit,214,0.6513548511303336,True,214
slimshetty/swebench-verified:sweb.eval.x86_64.sphinx-doc__sphinx-10466,0.0,r2egym-qwen3-rl-100-steps-1-attempt-2,100,652,token_limit,6,0.1645164547038574,False,6
slimshetty/swebench-verified:sweb.eval.x86_64.django__django-14311,1.0,r2egym-qwen3-rl-100-steps-1-attempt-2,100,1298,abs_step_limit,59,0.5621765008857981,True,59
slimshetty/swebench-verified:sweb.eval.x86_64.sympy__sympy-21847,1.0,r2egym-qwen3-rl-100-steps-1-attempt-2,23,4178,agent,9,0.7772998611746912,True,10
slimshetty/swebench-verified:sweb.eval.x86_64.django__django-16429,1.0,r2egym-qwen3-rl-100-steps-1-attempt-2,44,4308,token_limit,21,0.5926665999540698,True,17
slimshetty/swebench-verified:sweb.eval.x86_64.django__django-11163,1.0,r2egym-qwen3-rl-100-steps-1-attempt-2,33,1664,agent,141,0.8670357477770336,True,142
slimshetty/swebench-verified:sweb.eval.x86_64.django__django-15161,0.0,r2egym-qwen3-rl-100-steps-1-attempt-2,95,953,token_limit,208,0.1329642487872127,False,210
slimshetty/swebench-verified:sweb.eval.x86_64.sympy__sympy-17139,0.0,r2egym-qwen3-rl-100-steps-1-attempt-2,33,1304,agent,67,0.7981867729389246,False,68
slimshetty/swebench-verified:sweb.eval.x86_64.django__django-17029,1.0,r2egym-qwen3-rl-100-steps-1-attempt-2,58,591,token_limit,43,0.8933094138654242,True,43
slimshetty/swebench-verified:sweb.eval.x86_64.sympy__sympy-14531,1.0,r2egym-qwen3-rl-100-steps-1-attempt-2,51,4460,agent_max_step_limit,84,0.8175744850834648,True,85
slimshetty/swebench-verified:sweb.eval.x86_64.django__django-14534,0.0,r2egym-qwen3-rl-100-steps-1-attempt-2,100,3065,abs_step_limit,118,0.7310585786300049,False,119
slimshetty/swebench-verified:sweb.eval.x86_64.sympy__sympy-22714,0.0,r2egym-qwen3-rl-100-steps-1-attempt-2,71,2120,token_limit,11,0.003593601957817,False,11
slimshetty/swebench-verified:sweb.eval.x86_64.matplotlib__matplotlib-23299,0.0,r2egym-qwen3-rl-100-steps-1-attempt-2,35,2634,agent,192,0.8670357649558007,False,192
slimshetty/swebench-verified:sweb.eval.x86_64.django__django-14315,0.0,r2egym-qwen3-rl-100-steps-1-attempt-2,35,2666,agent,0,0.6224593312018546,False,0
slimshetty/swebench-verified:sweb.eval.x86_64.django__django-14787,0.0,r2egym-qwen3-rl-100-steps-1-attempt-2,59,5229,token_limit,17,0.6224593241981982,False,18
slimshetty/swebench-verified:sweb.eval.x86_64.django__django-13033,0.0,r2egym-qwen3-rl-100-steps-1-attempt-2,100,2351,abs_step_limit,26,0.7057850278370112,False,26
slimshetty/swebench-verified:sweb.eval.x86_64.pytest-dev__pytest-5631,1.0,r2egym-qwen3-rl-100-steps-1-attempt-2,100,1632,abs_step_limit,15,0.8807970779778824,True,15
slimshetty/swebench-verified:sweb.eval.x86_64.sphinx-doc__sphinx-8269,1.0,r2egym-qwen3-rl-100-steps-1-attempt-2,76,6532,token_limit,5,0.9046505357435622,True,5
slimshetty/swebench-verified:sweb.eval.x86_64.sympy__sympy-16792,0.0,r2egym-qwen3-rl-100-steps-1-attempt-2,84,0,token_limit,54,3.120192250723057e-05,False,54
slimshetty/swebench-verified:sweb.eval.x86_64.matplotlib__matplotlib-25287,1.0,r2egym-qwen3-rl-100-steps-1-attempt-2,39,2117,agent,786,0.8670357666736772,True,786
slimshetty/swebench-verified:sweb.eval.x86_64.django__django-13112,0.0,r2egym-qwen3-rl-100-steps-1-attempt-2,100,0,abs_step_limit,63,7.484620920327215e-05,False,63
slimshetty/swebench-verified:sweb.eval.x86_64.pytest-dev__pytest-5809,0.0,r2egym-qwen3-rl-100-steps-1-attempt-2,51,2390,agent_max_step_limit,3,0.4687906266262437,False,3
slimshetty/swebench-verified:sweb.eval.x86_64.django__django-14580,1.0,r2egym-qwen3-rl-100-steps-1-attempt-2,37,1762,agent,49,0.8670357666736772,True,49
slimshetty/swebench-verified:sweb.eval.x86_64.django__django-14725,0.0,r2egym-qwen3-rl-100-steps-1-attempt-2,100,3374,abs_step_limit,64,0.4687906266262437,False,64
slimshetty/swebench-verified:sweb.eval.x86_64.astropy__astropy-14096,0.0,r2egym-qwen3-rl-100-steps-1-attempt-2,32,0,token_limit,426,0.0002611902095771,False,426
slimshetty/swebench-verified:sweb.eval.x86_64.django__django-15741,1.0,r2egym-qwen3-rl-100-steps-1-attempt-2,15,1329,agent,104,0.8175744828610095,True,104
slimshetty/swebench-verified:sweb.eval.x86_64.django__django-16032,0.0,r2egym-qwen3-rl-100-steps-1-attempt-2,49,0,token_limit,77,8.481105125791664e-05,False,77
slimshetty/swebench-verified:sweb.eval.x86_64.django__django-17087,1.0,r2egym-qwen3-rl-100-steps-1-attempt-2,59,2324,token_limit,53,0.7310585669110202,True,53
slimshetty/swebench-verified:sweb.eval.x86_64.django__django-16661,0.0,r2egym-qwen3-rl-100-steps-1-attempt-2,100,4316,abs_step_limit,0,0.651354857898194,False,36
slimshetty/swebench-verified:sweb.eval.x86_64.pydata__xarray-4356,1.0,r2egym-qwen3-rl-100-steps-1-attempt-2,66,2877,agent_max_step_limit,604,0.4687906266262437,True,580
slimshetty/swebench-verified:sweb.eval.x86_64.django__django-14376,0.0,r2egym-qwen3-rl-100-steps-1-attempt-2,36,791,agent,6,0.817574478416099,False,9
slimshetty/swebench-verified:sweb.eval.x86_64.matplotlib__matplotlib-20826,0.0,r2egym-qwen3-rl-100-steps-1-attempt-2,100,1471,abs_step_limit,673,0.1480472036701053,False,673
slimshetty/swebench-verified:sweb.eval.x86_64.sympy__sympy-20590,0.0,r2egym-qwen3-rl-100-steps-1-attempt-2,61,0,token_limit,21,0.0003353499834818,False,21
slimshetty/swebench-verified:sweb.eval.x86_64.sphinx-doc__sphinx-7748,0.0,r2egym-qwen3-rl-100-steps-1-attempt-2,100,6434,abs_step_limit,9,0.5,False,9
slimshetty/swebench-verified:sweb.eval.x86_64.sympy__sympy-24661,0.0,r2egym-qwen3-rl-100-steps-1-attempt-2,67,2379,token_limit,0,0.0001088969477864,False,0
slimshetty/swebench-verified:sweb.eval.x86_64.astropy__astropy-7606,0.0,r2egym-qwen3-rl-100-steps-1-attempt-2,41,2036,max_step_limit,0,0.5621765008857981,False,0
slimshetty/swebench-verified:sweb.eval.x86_64.scikit-learn__scikit-learn-26323,1.0,r2egym-qwen3-rl-100-steps-1-attempt-2,91,585,token_limit,188,0.798186787341014,True,188
slimshetty/swebench-verified:sweb.eval.x86_64.pydata__xarray-4966,1.0,r2egym-qwen3-rl-100-steps-1-attempt-2,44,2539,agent_max_step_limit,21,0.8175744761936437,True,17
slimshetty/swebench-verified:sweb.eval.x86_64.matplotlib__matplotlib-20488,0.0,r2egym-qwen3-rl-100-steps-1-attempt-2,39,2119,token_limit,109,0.5621765008857981,False,110
slimshetty/swebench-verified:sweb.eval.x86_64.scikit-learn__scikit-learn-13328,1.0,r2egym-qwen3-rl-100-steps-1-attempt-2,10,682,agent,9,0.851952809486198,True,9
slimshetty/swebench-verified:sweb.eval.x86_64.sphinx-doc__sphinx-9658,1.0,r2egym-qwen3-rl-100-steps-1-attempt-2,27,1270,agent,24,0.7981867801399695,True,23
slimshetty/swebench-verified:sweb.eval.x86_64.sympy__sympy-15599,0.0,r2egym-qwen3-rl-100-steps-1-attempt-2,48,2191,agent_max_step_limit,76,0.4687906266262437,False,76
slimshetty/swebench-verified:sweb.eval.x86_64.pytest-dev__pytest-10081,1.0,r2egym-qwen3-rl-100-steps-1-attempt-2,57,2844,agent_max_step_limit,63,0.9046505267461572,True,62
slimshetty/swebench-verified:sweb.eval.x86_64.pylint-dev__pylint-4970,0.0,r2egym-qwen3-rl-100-steps-1-attempt-2,35,1616,agent,17,0.7981867729389246,False,17
slimshetty/swebench-verified:sweb.eval.x86_64.django__django-13023,0.0,r2egym-qwen3-rl-100-steps-1-attempt-2,51,1729,token_limit,9,0.7981867705385762,False,10
slimshetty/swebench-verified:sweb.eval.x86_64.astropy__astropy-14309,1.0,r2egym-qwen3-rl-100-steps-1-attempt-2,57,1217,token_limit,141,0.8933094032139577,True,141
slimshetty/swebench-verified:sweb.eval.x86_64.sphinx-doc__sphinx-10435,0.0,r2egym-qwen3-rl-100-steps-1-attempt-2,100,3870,abs_step_limit,74,0.2689414213699951,False,74
slimshetty/swebench-verified:sweb.eval.x86_64.sympy__sympy-12489,0.0,r2egym-qwen3-rl-100-steps-1-attempt-2,40,2997,agent,8,0.8354835391516133,False,8
slimshetty/swebench-verified:sweb.eval.x86_64.django__django-14999,1.0,r2egym-qwen3-rl-100-steps-1-attempt-2,100,1054,abs_step_limit,113,0.7310585844894971,True,113
slimshetty/swebench-verified:sweb.eval.x86_64.django__django-7530,1.0,r2egym-qwen3-rl-100-steps-1-attempt-2,44,0,agent_max_step_limit,59,0.0003799844371139,True,63
slimshetty/swebench-verified:sweb.eval.x86_64.sympy__sympy-18189,0.0,r2egym-qwen3-rl-100-steps-1-attempt-2,29,1254,agent,41,0.8354835309589073,False,41
slimshetty/swebench-verified:sweb.eval.x86_64.django__django-11951,0.0,r2egym-qwen3-rl-100-steps-1-attempt-2,53,2682,agent_max_step_limit,21,0.7310585727705126,False,21
slimshetty/swebench-verified:sweb.eval.x86_64.sympy__sympy-14248,0.0,r2egym-qwen3-rl-100-steps-1-attempt-2,57,3743,token_limit,433,0.0330859763626974,False,434
slimshetty/swebench-verified:sweb.eval.x86_64.django__django-12754,0.0,r2egym-qwen3-rl-100-steps-1-attempt-2,63,3747,token_limit,105,0.7057850340255386,False,105
slimshetty/swebench-verified:sweb.eval.x86_64.django__django-13406,0.0,r2egym-qwen3-rl-100-steps-1-attempt-2,100,2702,abs_step_limit,32,0.2018132294614237,False,33
slimshetty/swebench-verified:sweb.eval.x86_64.django__django-13569,1.0,r2egym-qwen3-rl-100-steps-1-attempt-2,36,3201,agent,66,0.8519528000888386,True,67
slimshetty/swebench-verified:sweb.eval.x86_64.pydata__xarray-6461,1.0,r2egym-qwen3-rl-100-steps-1-attempt-2,30,2025,agent,247,0.8670357666736772,True,248
slimshetty/swebench-verified:sweb.eval.x86_64.astropy__astropy-13453,1.0,r2egym-qwen3-rl-100-steps-1-attempt-2,45,1239,agent_max_step_limit,9,0.6513548646660543,True,9
slimshetty/swebench-verified:sweb.eval.x86_64.pytest-dev__pytest-5787,0.0,r2egym-qwen3-rl-100-steps-1-attempt-2,100,1968,abs_step_limit,123,0.4687906266262437,False,123
slimshetty/swebench-verified:sweb.eval.x86_64.sphinx-doc__sphinx-9698,1.0,r2egym-qwen3-rl-100-steps-1-attempt-2,100,2426,abs_step_limit,45,0.7549149868676284,True,45
slimshetty/swebench-verified:sweb.eval.x86_64.sphinx-doc__sphinx-7590,0.0,r2egym-qwen3-rl-100-steps-1-attempt-2,100,1999,abs_step_limit,23,0.1480471923932738,False,24
slimshetty/swebench-verified:sweb.eval.x86_64.django__django-15280,0.0,r2egym-qwen3-rl-100-steps-1-attempt-2,67,2182,token_limit,85,0.2689414272294874,False,85
slimshetty/swebench-verified:sweb.eval.x86_64.scikit-learn__scikit-learn-13779,1.0,r2egym-qwen3-rl-100-steps-1-attempt-2,22,613,agent,18,0.8807970732843033,True,18
slimshetty/swebench-verified:sweb.eval.x86_64.pytest-dev__pytest-7982,1.0,r2egym-qwen3-rl-100-steps-1-attempt-2,42,477,agent_max_step_limit,78,0.880797085800514,True,78
slimshetty/swebench-verified:sweb.eval.x86_64.matplotlib__matplotlib-24570,0.0,r2egym-qwen3-rl-100-steps-1-attempt-2,100,1642,abs_step_limit,265,0.5621765008857981,False,263
slimshetty/swebench-verified:sweb.eval.x86_64.pytest-dev__pytest-6197,0.0,r2egym-qwen3-rl-100-steps-1-attempt-2,50,3122,token_limit,0,0.0534033352610665,False,0
slimshetty/swebench-verified:sweb.eval.x86_64.pylint-dev__pylint-7277,1.0,r2egym-qwen3-rl-100-steps-1-attempt-2,100,774,abs_step_limit,122,0.8354835371034368,True,123
slimshetty/swebench-verified:sweb.eval.x86_64.sympy__sympy-23824,1.0,r2egym-qwen3-rl-100-steps-1-attempt-2,27,2057,agent,2,0.904650538956921,True,3
slimshetty/swebench-verified:sweb.eval.x86_64.astropy__astropy-14539,1.0,r2egym-qwen3-rl-100-steps-1-attempt-2,22,1673,agent,46,0.8933094096048377,True,48
slimshetty/swebench-verified:sweb.eval.x86_64.sphinx-doc__sphinx-9320,1.0,r2egym-qwen3-rl-100-steps-1-attempt-2,31,2960,agent,9,0.8670357460591568,True,9
slimshetty/swebench-verified:sweb.eval.x86_64.sphinx-doc__sphinx-8120,0.0,r2egym-qwen3-rl-100-steps-1-attempt-2,78,3233,token_limit,41,0.4687906266262437,False,41
slimshetty/swebench-verified:sweb.eval.x86_64.sympy__sympy-18211,0.0,r2egym-qwen3-rl-100-steps-1-attempt-2,67,960,token_limit,54,0.0035936020845384,False,54
slimshetty/swebench-verified:sweb.eval.x86_64.sphinx-doc__sphinx-11445,0.0,r2egym-qwen3-rl-100-steps-1-attempt-2,62,2570,token_limit,4,0.0534033311180551,False,4
slimshetty/swebench-verified:sweb.eval.x86_64.django__django-15851,1.0,r2egym-qwen3-rl-100-steps-1-attempt-2,100,530,abs_step_limit,8,0.7057850340255386,True,8
slimshetty/swebench-verified:sweb.eval.x86_64.sympy__sympy-19495,1.0,r2egym-qwen3-rl-100-steps-1-attempt-2,46,3863,agent_max_step_limit,8,0.8519527944504227,True,8
slimshetty/swebench-verified:sweb.eval.x86_64.django__django-15916,0.0,r2egym-qwen3-rl-100-steps-1-attempt-2,18,2102,agent,149,0.8354835309589074,False,149
slimshetty/swebench-verified:sweb.eval.x86_64.django__django-11119,1.0,r2egym-qwen3-rl-100-steps-1-attempt-2,77,2186,token_limit,7,0.8175744695262775,True,7
slimshetty/swebench-verified:sweb.eval.x86_64.django__django-16100,0.0,r2egym-qwen3-rl-100-steps-1-attempt-2,52,3506,token_limit,58,0.8519528057272543,False,58
slimshetty/swebench-verified:sweb.eval.x86_64.django__django-14434,1.0,r2egym-qwen3-rl-100-steps-1-attempt-2,86,1386,token_limit,133,0.8519528000888387,True,133
slimshetty/swebench-verified:sweb.eval.x86_64.pydata__xarray-4687,0.0,r2egym-qwen3-rl-100-steps-1-attempt-2,44,1881,agent_max_step_limit,1697,0.2942149783515163,False,1697
slimshetty/swebench-verified:sweb.eval.x86_64.django__django-15368,1.0,r2egym-qwen3-rl-100-steps-1-attempt-2,46,673,token_limit,29,0.651354857898194,True,29
slimshetty/swebench-verified:sweb.eval.x86_64.django__django-13807,0.0,r2egym-qwen3-rl-100-steps-1-attempt-2,100,3034,abs_step_limit,38,0.6224593312018546,False,40
slimshetty/swebench-verified:sweb.eval.x86_64.pytest-dev__pytest-10356,0.0,r2egym-qwen3-rl-100-steps-1-attempt-2,32,1944,agent,79,0.7310585844894971,False,79
slimshetty/swebench-verified:sweb.eval.x86_64.django__django-13028,0.0,r2egym-qwen3-rl-100-steps-1-attempt-2,75,4010,token_limit,0,0.0066928514908057,False,0
slimshetty/swebench-verified:sweb.eval.x86_64.django__django-13810,1.0,r2egym-qwen3-rl-100-steps-1-attempt-2,100,3510,abs_step_limit,30,0.7772998663336157,True,32
slimshetty/swebench-verified:sweb.eval.x86_64.django__django-16485,1.0,r2egym-qwen3-rl-100-steps-1-attempt-2,90,2668,token_limit,9,0.6224593312018546,True,10
slimshetty/swebench-verified:sweb.eval.x86_64.django__django-16136,0.0,r2egym-qwen3-rl-100-steps-1-attempt-2,19,2776,agent,7,0.7549149868676283,False,8
slimshetty/swebench-verified:sweb.eval.x86_64.sympy__sympy-13852,0.0,r2egym-qwen3-rl-100-steps-1-attempt-2,100,1706,abs_step_limit,4,0.7057850340255386,False,4
slimshetty/swebench-verified:sweb.eval.x86_64.pytest-dev__pytest-7324,0.0,r2egym-qwen3-rl-100-steps-1-attempt-2,100,786,abs_step_limit,58,0.0031726832798795,False,58
slimshetty/swebench-verified:sweb.eval.x86_64.django__django-11532,0.0,r2egym-qwen3-rl-100-steps-1-attempt-2,86,2278,token_limit,130,0.6513548646660542,False,148
slimshetty/swebench-verified:sweb.eval.x86_64.matplotlib__matplotlib-23476,0.0,r2egym-qwen3-rl-100-steps-1-attempt-2,70,1412,token_limit,104,0.8670357494949105,False,104
slimshetty/swebench-verified:sweb.eval.x86_64.django__django-11749,0.0,r2egym-qwen3-rl-100-steps-1-attempt-2,77,3732,token_limit,11,0.0097084759352836,False,17
slimshetty/swebench-verified:sweb.eval.x86_64.astropy__astropy-8872,0.0,r2egym-qwen3-rl-100-steps-1-attempt-2,63,2876,token_limit,0,0.0179862109161728,False,81
slimshetty/swebench-verified:sweb.eval.x86_64.django__django-11433,0.0,r2egym-qwen3-rl-100-steps-1-attempt-2,100,1698,abs_step_limit,142,0.0002611904296023,False,142
slimshetty/swebench-verified:sweb.eval.x86_64.django__django-12325,0.0,r2egym-qwen3-rl-100-steps-1-attempt-2,74,1432,token_limit,200,0.5621765008857982,False,199
slimshetty/swebench-verified:sweb.eval.x86_64.sphinx-doc__sphinx-8265,0.0,r2egym-qwen3-rl-100-steps-1-attempt-2,100,906,abs_step_limit,22,0.0002959572359261,False,23
slimshetty/swebench-verified:sweb.eval.x86_64.astropy__astropy-14369,0.0,r2egym-qwen3-rl-100-steps-1-attempt-2,41,2614,token_limit,602,0.0019267348209314,False,602
slimshetty/swebench-verified:sweb.eval.x86_64.scikit-learn__scikit-learn-13142,0.0,r2egym-qwen3-rl-100-steps-1-attempt-2,46,599,token_limit,54,0.0007096704196575,False,54
slimshetty/swebench-verified:sweb.eval.x86_64.django__django-16454,0.0,r2egym-qwen3-rl-100-steps-1-attempt-2,76,5076,token_limit,44,0.5,False,41
slimshetty/swebench-verified:sweb.eval.x86_64.django__django-11066,1.0,r2egym-qwen3-rl-100-steps-1-attempt-2,51,3609,agent_max_step_limit,3,0.7772998611746912,True,3
slimshetty/swebench-verified:sweb.eval.x86_64.django__django-12276,1.0,r2egym-qwen3-rl-100-steps-1-attempt-2,36,838,agent,117,0.7310585669110202,True,117
slimshetty/swebench-verified:sweb.eval.x86_64.scikit-learn__scikit-learn-9288,1.0,r2egym-qwen3-rl-100-steps-1-attempt-2,26,1154,agent,123,0.8933093975331751,True,123
slimshetty/swebench-verified:sweb.eval.x86_64.django__django-16145,1.0,r2egym-qwen3-rl-100-steps-1-attempt-2,42,1895,agent_max_step_limit,174,0.5,True,174
slimshetty/swebench-verified:sweb.eval.x86_64.django__django-14089,1.0,r2egym-qwen3-rl-100-steps-1-attempt-2,14,420,agent,43,0.8807970858005139,True,43
slimshetty/swebench-verified:sweb.eval.x86_64.django__django-14792,0.0,r2egym-qwen3-rl-100-steps-1-attempt-2,100,1664,abs_step_limit,23,0.8807970795424087,False,24
slimshetty/swebench-verified:sweb.eval.x86_64.scikit-learn__scikit-learn-25747,0.0,r2egym-qwen3-rl-100-steps-1-attempt-2,62,3000,agent_max_step_limit,14,0.8670357649558007,False,14
slimshetty/swebench-verified:sweb.eval.x86_64.django__django-12708,1.0,r2egym-qwen3-rl-100-steps-1-attempt-2,43,2328,agent_max_step_limit,101,0.8175744806385543,True,101
slimshetty/swebench-verified:sweb.eval.x86_64.scikit-learn__scikit-learn-10297,1.0,r2egym-qwen3-rl-100-steps-1-attempt-2,14,1580,agent,28,0.7772998560157665,True,28
slimshetty/swebench-verified:sweb.eval.x86_64.astropy__astropy-13579,1.0,r2egym-qwen3-rl-100-steps-1-attempt-2,47,3590,agent_max_step_limit,40,0.817574471748733,True,40
slimshetty/swebench-verified:sweb.eval.x86_64.django__django-16255,1.0,r2egym-qwen3-rl-100-steps-1-attempt-2,13,2503,agent,36,0.8354835411997897,True,36
slimshetty/swebench-verified:sweb.eval.x86_64.sympy__sympy-17318,1.0,r2egym-qwen3-rl-100-steps-1-attempt-2,100,1688,abs_step_limit,10,0.7310585786300049,True,10
slimshetty/swebench-verified:sweb.eval.x86_64.sympy__sympy-13878,0.0,r2egym-qwen3-rl-100-steps-1-attempt-2,100,0,abs_step_limit,19,1.4738987238464762e-05,False,20
slimshetty/swebench-verified:sweb.eval.x86_64.matplotlib__matplotlib-25332,0.0,r2egym-qwen3-rl-100-steps-1-attempt-2,100,1695,abs_step_limit,180,0.9046505428129514,False,180
slimshetty/swebench-verified:sweb.eval.x86_64.django__django-13315,0.0,r2egym-qwen3-rl-100-steps-1-attempt-2,100,4957,abs_step_limit,146,0.8354835432479663,False,147
slimshetty/swebench-verified:sweb.eval.x86_64.sphinx-doc__sphinx-10614,0.0,r2egym-qwen3-rl-100-steps-1-attempt-2,100,2530,abs_step_limit,5,0.1329642316084462,False,6
slimshetty/swebench-verified:sweb.eval.x86_64.sympy__sympy-17655,0.0,r2egym-qwen3-rl-100-steps-1-attempt-2,49,1116,token_limit,8,0.0040701370042742,False,8
slimshetty/swebench-verified:sweb.eval.x86_64.django__django-13417,1.0,r2egym-qwen3-rl-100-steps-1-attempt-2,45,2403,agent_max_step_limit,280,0.8519528076067262,True,280
slimshetty/swebench-verified:sweb.eval.x86_64.pylint-dev__pylint-8898,0.0,r2egym-qwen3-rl-100-steps-1-attempt-2,42,1203,agent_max_step_limit,17,0.5312093733737563,False,16
slimshetty/swebench-verified:sweb.eval.x86_64.sympy__sympy-24539,1.0,r2egym-qwen3-rl-100-steps-1-attempt-2,24,2003,agent,62,0.8670357701094303,True,63
slimshetty/swebench-verified:sweb.eval.x86_64.sphinx-doc__sphinx-9673,1.0,r2egym-qwen3-rl-100-steps-1-attempt-2,79,5651,token_limit,24,0.9149009619539554,True,25
slimshetty/swebench-verified:sweb.eval.x86_64.matplotlib__matplotlib-24970,1.0,r2egym-qwen3-rl-100-steps-1-attempt-2,27,1582,agent,253,0.817574471748733,True,250
slimshetty/swebench-verified:sweb.eval.x86_64.django__django-15814,0.0,r2egym-qwen3-rl-100-steps-1-attempt-2,100,1453,abs_step_limit,29,0.0028009265600237,False,29
slimshetty/swebench-verified:sweb.eval.x86_64.django__django-12741,1.0,r2egym-qwen3-rl-100-steps-1-attempt-2,42,4717,agent_max_step_limit,67,0.7310585786300048,True,67
slimshetty/swebench-verified:sweb.eval.x86_64.django__django-15315,1.0,r2egym-qwen3-rl-100-steps-1-attempt-2,100,3171,abs_step_limit,33,0.8175744761936437,True,32
slimshetty/swebench-verified:sweb.eval.x86_64.matplotlib__matplotlib-25311,0.0,r2egym-qwen3-rl-100-steps-1-attempt-2,48,2585,agent_max_step_limit,181,0.8354835309589074,False,182
slimshetty/swebench-verified:sweb.eval.x86_64.sympy__sympy-12096,1.0,r2egym-qwen3-rl-100-steps-1-attempt-2,57,4833,token_limit,43,0.1645164567520338,True,43
slimshetty/swebench-verified:sweb.eval.x86_64.django__django-13401,0.0,r2egym-qwen3-rl-100-steps-1-attempt-2,40,2006,agent,31,0.7310585727705126,False,31
slimshetty/swebench-verified:sweb.eval.x86_64.astropy__astropy-7336,0.0,r2egym-qwen3-rl-100-steps-1-attempt-2,19,758,agent,0,0.8519528038477824,False,0
slimshetty/swebench-verified:sweb.eval.x86_64.astropy__astropy-14365,0.0,r2egym-qwen3-rl-100-steps-1-attempt-2,19,477,agent,8,0.8354835391516133,False,8
slimshetty/swebench-verified:sweb.eval.x86_64.sympy__sympy-20154,1.0,r2egym-qwen3-rl-100-steps-1-attempt-2,33,3924,agent,40,0.8670357598021707,True,42
slimshetty/swebench-verified:sweb.eval.x86_64.django__django-15103,1.0,r2egym-qwen3-rl-100-steps-1-attempt-2,42,2858,agent_max_step_limit,17,0.8519527944504227,True,17
slimshetty/swebench-verified:sweb.eval.x86_64.pydata__xarray-4695,1.0,r2egym-qwen3-rl-100-steps-1-attempt-2,27,1645,agent,875,0.8933094152856197,True,877
slimshetty/swebench-verified:sweb.eval.x86_64.sympy__sympy-13877,0.0,r2egym-qwen3-rl-100-steps-1-attempt-2,9,801,llm_query_error,110,0.6791786861878392,False,111
slimshetty/swebench-verified:sweb.eval.x86_64.django__django-15375,0.0,r2egym-qwen3-rl-100-steps-1-attempt-2,77,0,token_limit,95,0.0001088969085624,False,94
slimshetty/swebench-verified:sweb.eval.x86_64.pydata__xarray-3305,0.0,r2egym-qwen3-rl-100-steps-1-attempt-2,78,1684,token_limit,653,0.0013250225313631,False,664
slimshetty/swebench-verified:sweb.eval.x86_64.pytest-dev__pytest-6202,1.0,r2egym-qwen3-rl-100-steps-1-attempt-2,65,397,token_limit,72,0.2942149659744614,True,73
slimshetty/swebench-verified:sweb.eval.x86_64.sphinx-doc__sphinx-8595,1.0,r2egym-qwen3-rl-100-steps-1-attempt-2,48,3537,token_limit,0,0.0758581826328105,True,1469
slimshetty/swebench-verified:sweb.eval.x86_64.django__django-11885,0.0,r2egym-qwen3-rl-100-steps-1-attempt-2,68,5315,agent_max_step_limit,41,0.6791787056691697,False,41
slimshetty/swebench-verified:sweb.eval.x86_64.sympy__sympy-13974,0.0,r2egym-qwen3-rl-100-steps-1-attempt-2,54,1778,token_limit,4,0.0293122314933267,False,5
slimshetty/swebench-verified:sweb.eval.x86_64.django__django-14500,0.0,r2egym-qwen3-rl-100-steps-1-attempt-2,35,2086,agent,21,0.8175744695262775,False,21
slimshetty/swebench-verified:sweb.eval.x86_64.django__django-11206,1.0,r2egym-qwen3-rl-100-steps-1-attempt-2,58,5972,token_limit,4,0.2018132294614237,True,5
slimshetty/swebench-verified:sweb.eval.x86_64.sphinx-doc__sphinx-8459,0.0,r2egym-qwen3-rl-100-steps-1-attempt-2,59,906,token_limit,17,0.0008040858081442,False,17
slimshetty/swebench-verified:sweb.eval.x86_64.django__django-13512,0.0,r2egym-qwen3-rl-100-steps-1-attempt-2,44,2863,agent_max_step_limit,32,0.7549149813536518,False,35
slimshetty/swebench-verified:sweb.eval.x86_64.psf__requests-6028,0.0,r2egym-qwen3-rl-100-steps-1-attempt-2,51,0,token_limit,185,2.430024941079405e-05,False,185
slimshetty/swebench-verified:sweb.eval.x86_64.django__django-15863,1.0,r2egym-qwen3-rl-100-steps-1-attempt-2,21,2324,agent,9,0.8519528038477825,True,10
slimshetty/swebench-verified:sweb.eval.x86_64.sympy__sympy-21596,0.0,r2egym-qwen3-rl-100-steps-1-attempt-2,67,1953,token_limit,46,0.0474258716629012,False,47
slimshetty/swebench-verified:sweb.eval.x86_64.django__django-12193,0.0,r2egym-qwen3-rl-100-steps-1-attempt-2,79,2903,agent_max_step_limit,11,0.867035763237924,False,11
slimshetty/swebench-verified:sweb.eval.x86_64.sphinx-doc__sphinx-7757,1.0,r2egym-qwen3-rl-100-steps-1-attempt-2,62,3515,token_limit,33,0.8519528076067262,True,34
slimshetty/swebench-verified:sweb.eval.x86_64.django__django-16315,0.0,r2egym-qwen3-rl-100-steps-1-attempt-2,100,3285,abs_step_limit,42,0.7310585669110203,False,42
slimshetty/swebench-verified:sweb.eval.x86_64.django__django-13658,1.0,r2egym-qwen3-rl-100-steps-1-attempt-2,69,3417,token_limit,181,0.8175744695262775,True,185
slimshetty/swebench-verified:sweb.eval.x86_64.scikit-learn__scikit-learn-15100,1.0,r2egym-qwen3-rl-100-steps-1-attempt-2,100,1197,abs_step_limit,93,0.7310585786300049,True,93
slimshetty/swebench-verified:sweb.eval.x86_64.django__django-16263,0.0,r2egym-qwen3-rl-100-steps-1-attempt-2,58,3526,agent_max_step_limit,100,0.5312093733737563,False,99
slimshetty/swebench-verified:sweb.eval.x86_64.django__django-12039,0.0,r2egym-qwen3-rl-100-steps-1-attempt-2,87,3009,agent_max_step_limit,11,0.7772998611746912,False,10
slimshetty/swebench-verified:sweb.eval.x86_64.django__django-11848,0.0,r2egym-qwen3-rl-100-steps-1-attempt-2,20,2533,agent,43,0.7772998663336158,False,45
slimshetty/swebench-verified:sweb.eval.x86_64.astropy__astropy-13033,0.0,r2egym-qwen3-rl-100-steps-1-attempt-2,45,5818,agent_max_step_limit,19,0.4378234991142019,False,20
slimshetty/swebench-verified:sweb.eval.x86_64.django__django-12858,0.0,r2egym-qwen3-rl-100-steps-1-attempt-2,100,0,abs_step_limit,73,2.4300252300909177e-05,False,73
slimshetty/swebench-verified:sweb.eval.x86_64.django__django-12125,0.0,r2egym-qwen3-rl-100-steps-1-attempt-2,39,0,token_limit,45,3.535624646150348e-05,False,46
slimshetty/swebench-verified:sweb.eval.x86_64.django__django-13212,0.0,r2egym-qwen3-rl-100-steps-1-attempt-2,85,7997,token_limit,1,0.201813231861772,False,1
slimshetty/swebench-verified:sweb.eval.x86_64.matplotlib__matplotlib-24637,0.0,r2egym-qwen3-rl-100-steps-1-attempt-2,45,0,token_limit,29,5.144221974590828e-05,False,30
slimshetty/swebench-verified:sweb.eval.x86_64.django__django-15569,1.0,r2egym-qwen3-rl-100-steps-1-attempt-2,46,1005,token_limit,242,0.1329642419157059,True,243
slimshetty/swebench-verified:sweb.eval.x86_64.django__django-11099,1.0,r2egym-qwen3-rl-100-steps-1-attempt-2,70,3277,token_limit,19,0.8519527982093666,True,22
slimshetty/swebench-verified:sweb.eval.x86_64.sympy__sympy-13372,1.0,r2egym-qwen3-rl-100-steps-1-attempt-2,27,2183,agent,44,0.8354835411997897,True,45
slimshetty/swebench-verified:sweb.eval.x86_64.sphinx-doc__sphinx-9229,0.0,r2egym-qwen3-rl-100-steps-1-attempt-2,56,1007,token_limit,13,0.4687906266262437,False,13
slimshetty/swebench-verified:sweb.eval.x86_64.astropy__astropy-7166,0.0,r2egym-qwen3-rl-100-steps-1-attempt-2,20,1287,agent,0,0.8354835411997897,False,0
slimshetty/swebench-verified:sweb.eval.x86_64.django__django-13590,0.0,r2egym-qwen3-rl-100-steps-1-attempt-2,100,2474,abs_step_limit,140,0.731058584489497,False,141
slimshetty/swebench-verified:sweb.eval.x86_64.sphinx-doc__sphinx-9602,0.0,r2egym-qwen3-rl-100-steps-1-attempt-2,27,805,agent,45,0.7310585669110203,False,45
slimshetty/swebench-verified:sweb.eval.x86_64.django__django-14559,0.0,r2egym-qwen3-rl-100-steps-1-attempt-2,58,2381,token_limit,23,0.8175744806385542,False,25
slimshetty/swebench-verified:sweb.eval.x86_64.sympy__sympy-21612,0.0,r2egym-qwen3-rl-100-steps-1-attempt-2,43,746,token_limit,98,0.0179862071327473,False,99
slimshetty/swebench-verified:sweb.eval.x86_64.django__django-16667,0.0,r2egym-qwen3-rl-100-steps-1-attempt-2,28,2296,agent,24,0.7772998611746911,False,26
slimshetty/swebench-verified:sweb.eval.x86_64.matplotlib__matplotlib-24026,1.0,r2egym-qwen3-rl-100-steps-1-attempt-2,42,1404,agent_max_step_limit,764,0.7772998560157665,True,767
slimshetty/swebench-verified:sweb.eval.x86_64.sympy__sympy-13031,0.0,r2egym-qwen3-rl-100-steps-1-attempt-2,44,0,token_limit,9,0.0011695104253873,False,10
slimshetty/swebench-verified:sweb.eval.x86_64.pydata__xarray-6992,0.0,r2egym-qwen3-rl-100-steps-1-attempt-2,38,1982,agent,945,0.7981867729389246,False,948
slimshetty/swebench-verified:sweb.eval.x86_64.django__django-14765,1.0,r2egym-qwen3-rl-100-steps-1-attempt-2,93,2075,token_limit,64,0.8519528076067262,True,64
slimshetty/swebench-verified:sweb.eval.x86_64.sympy__sympy-16766,0.0,r2egym-qwen3-rl-100-steps-1-attempt-2,100,0,abs_step_limit,7,7.889261643181705e-06,False,8
slimshetty/swebench-verified:sweb.eval.x86_64.django__django-15973,0.0,r2egym-qwen3-rl-100-steps-1-attempt-2,100,0,abs_step_limit,157,0.0002611902447787,False,157
slimshetty/swebench-verified:sweb.eval.x86_64.django__django-13513,0.0,r2egym-qwen3-rl-100-steps-1-attempt-2,91,3222,token_limit,73,0.015906393286276,False,73
slimshetty/swebench-verified:sweb.eval.x86_64.django__django-13741,1.0,r2egym-qwen3-rl-100-steps-1-attempt-2,100,984,abs_step_limit,82,0.3208213138121608,True,83
slimshetty/swebench-verified:sweb.eval.x86_64.astropy__astropy-14995,1.0,r2egym-qwen3-rl-100-steps-1-attempt-2,77,1418,token_limit,179,0.8519528038477824,True,179
slimshetty/swebench-verified:sweb.eval.x86_64.django__django-12262,1.0,r2egym-qwen3-rl-100-steps-1-attempt-2,52,1624,agent_max_step_limit,18,0.798186768138228,True,22
slimshetty/swebench-verified:sweb.eval.x86_64.django__django-13121,0.0,r2egym-qwen3-rl-100-steps-1-attempt-2,74,4232,token_limit,168,0.851952809486198,False,169
slimshetty/swebench-verified:sweb.eval.x86_64.django__django-13363,1.0,r2egym-qwen3-rl-100-steps-1-attempt-2,42,4414,agent_max_step_limit,76,0.8519528000888387,True,77
slimshetty/swebench-verified:sweb.eval.x86_64.pydata__xarray-3151,1.0,r2egym-qwen3-rl-100-steps-1-attempt-2,83,599,token_limit,66,0.8175744695262775,True,66
slimshetty/swebench-verified:sweb.eval.x86_64.django__django-11239,0.0,r2egym-qwen3-rl-100-steps-1-attempt-2,42,2393,agent_max_step_limit,5,0.2450850021044188,False,5
slimshetty/swebench-verified:sweb.eval.x86_64.sympy__sympy-18763,0.0,r2egym-qwen3-rl-100-steps-1-attempt-2,45,1155,agent_max_step_limit,141,0.6513548646660543,False,142
slimshetty/swebench-verified:sweb.eval.x86_64.django__django-11265,0.0,r2egym-qwen3-rl-100-steps-1-attempt-2,100,5674,abs_step_limit,0,0.6513548646660542,False,0
slimshetty/swebench-verified:sweb.eval.x86_64.pytest-dev__pytest-5262,0.0,r2egym-qwen3-rl-100-steps-1-attempt-2,23,1392,agent,107,0.8354835452961425,False,107
slimshetty/swebench-verified:sweb.eval.x86_64.django__django-11276,1.0,r2egym-qwen3-rl-100-steps-1-attempt-2,100,2465,abs_step_limit,548,0.7057850216484838,True,554
slimshetty/swebench-verified:sweb.eval.x86_64.django__django-14007,0.0,r2egym-qwen3-rl-100-steps-1-attempt-2,71,0,token_limit,12,3.1201911334034104e-05,False,12
slimshetty/swebench-verified:sweb.eval.x86_64.sympy__sympy-16886,1.0,r2egym-qwen3-rl-100-steps-1-attempt-2,32,1751,agent,42,0.7772998560157665,True,43
slimshetty/swebench-verified:sweb.eval.x86_64.psf__requests-5414,0.0,r2egym-qwen3-rl-100-steps-1-attempt-2,33,1049,token_limit,122,0.5926665999540697,False,121
slimshetty/swebench-verified:sweb.eval.x86_64.matplotlib__matplotlib-25479,0.0,r2egym-qwen3-rl-100-steps-1-attempt-2,52,559,agent_max_step_limit,263,0.8519528038477825,False,264
slimshetty/swebench-verified:sweb.eval.x86_64.django__django-15525,0.0,r2egym-qwen3-rl-100-steps-1-attempt-2,100,4920,abs_step_limit,53,0.6224593312018546,False,53
slimshetty/swebench-verified:sweb.eval.x86_64.django__django-13809,0.0,r2egym-qwen3-rl-100-steps-1-attempt-2,100,3048,abs_step_limit,232,0.0109869402726415,False,232
slimshetty/swebench-verified:sweb.eval.x86_64.django__django-13297,0.0,r2egym-qwen3-rl-100-steps-1-attempt-2,50,3533,agent_max_step_limit,50,0.7310585903489891,False,50
slimshetty/swebench-verified:sweb.eval.x86_64.pydata__xarray-6721,0.0,r2egym-qwen3-rl-100-steps-1-attempt-2,51,1483,token_limit,1405,0.0330859799380034,False,1405
slimshetty/swebench-verified:sweb.eval.x86_64.django__django-13410,1.0,r2egym-qwen3-rl-100-steps-1-attempt-2,36,1890,agent,40,0.8519527944504227,True,40
slimshetty/swebench-verified:sweb.eval.x86_64.pydata__xarray-3993,0.0,r2egym-qwen3-rl-100-steps-1-attempt-2,41,1479,max_step_limit,2398,0.8175744761936437,False,2400
slimshetty/swebench-verified:sweb.eval.x86_64.django__django-11138,0.0,r2egym-qwen3-rl-100-steps-1-attempt-2,100,3402,abs_step_limit,73,0.4687906266262437,False,73
slimshetty/swebench-verified:sweb.eval.x86_64.sympy__sympy-15809,0.0,r2egym-qwen3-rl-100-steps-1-attempt-2,86,1872,token_limit,10,0.5621765008857981,False,12
slimshetty/swebench-verified:sweb.eval.x86_64.django__django-16642,0.0,r2egym-qwen3-rl-100-steps-1-attempt-2,32,2787,agent,21,0.8519527982093666,False,22
slimshetty/swebench-verified:sweb.eval.x86_64.django__django-15252,0.0,r2egym-qwen3-rl-100-steps-1-attempt-2,48,6592,token_limit,34,0.7549149923816048,False,34
slimshetty/swebench-verified:sweb.eval.x86_64.django__django-15037,1.0,r2egym-qwen3-rl-100-steps-1-attempt-2,100,3691,abs_step_limit,14,0.5926665999540698,True,14
slimshetty/swebench-verified:sweb.eval.x86_64.django__django-11141,0.0,r2egym-qwen3-rl-100-steps-1-attempt-2,69,4058,agent_max_step_limit,23,0.7057850216484838,False,23
slimshetty/swebench-verified:sweb.eval.x86_64.django__django-13195,0.0,r2egym-qwen3-rl-100-steps-1-attempt-2,46,3506,agent_max_step_limit,381,0.7772998663336157,False,384
slimshetty/swebench-verified:sweb.eval.x86_64.django__django-10554,0.0,r2egym-qwen3-rl-100-steps-1-attempt-2,70,3870,token_limit,23,0.7772998714925403,False,24
slimshetty/swebench-verified:sweb.eval.x86_64.django__django-11734,0.0,r2egym-qwen3-rl-100-steps-1-attempt-2,59,0,token_limit,275,6.605216024989748e-05,False,275
slimshetty/swebench-verified:sweb.eval.x86_64.django__django-14631,1.0,r2egym-qwen3-rl-100-steps-1-attempt-2,81,6532,token_limit,117,0.6513548646660542,True,117
slimshetty/swebench-verified:sweb.eval.x86_64.astropy__astropy-13977,0.0,r2egym-qwen3-rl-100-steps-1-attempt-2,51,2754,token_limit,289,0.5926665999540697,False,265
slimshetty/swebench-verified:sweb.eval.x86_64.sphinx-doc__sphinx-8035,0.0,r2egym-qwen3-rl-100-steps-1-attempt-2,62,2317,llm_query_error,1,0.0,False,1
slimshetty/swebench-verified:sweb.eval.x86_64.django__django-11149,0.0,r2egym-qwen3-rl-100-steps-1-attempt-2,67,2523,token_limit,37,0.705785040214066,False,37
slimshetty/swebench-verified:sweb.eval.x86_64.matplotlib__matplotlib-26466,0.0,r2egym-qwen3-rl-100-steps-1-attempt-2,84,1254,token_limit,100,0.6513548714339144,False,103
slimshetty/swebench-verified:sweb.eval.x86_64.django__django-15380,1.0,r2egym-qwen3-rl-100-steps-1-attempt-2,100,4574,abs_step_limit,133,0.8670357598021707,True,133
slimshetty/swebench-verified:sweb.eval.x86_64.mwaskom__seaborn-3069,0.0,r2egym-qwen3-rl-100-steps-1-attempt-2,100,2682,abs_step_limit,94,0.5621765008857981,False,94
slimshetty/swebench-verified:sweb.eval.x86_64.django__django-14053,0.0,r2egym-qwen3-rl-100-steps-1-attempt-2,46,2859,agent_max_step_limit,0,0.7772998560157665,False,0
slimshetty/swebench-verified:sweb.eval.x86_64.pydata__xarray-7229,0.0,r2egym-qwen3-rl-100-steps-1-attempt-2,37,0,token_limit,280,0.0001088969475471,False,281
slimshetty/swebench-verified:sweb.eval.x86_64.django__django-13109,1.0,r2egym-qwen3-rl-100-steps-1-attempt-2,46,4700,agent_max_step_limit,170,0.8175744806385542,True,169
slimshetty/swebench-verified:sweb.eval.x86_64.sympy__sympy-15349,1.0,r2egym-qwen3-rl-100-steps-1-attempt-2,18,479,agent,3,0.8354835391516133,True,3
slimshetty/swebench-verified:sweb.eval.x86_64.django__django-14017,0.0,r2egym-qwen3-rl-100-steps-1-attempt-2,100,0,abs_step_limit,147,4.006367779199926e-05,False,148
slimshetty/swebench-verified:sweb.eval.x86_64.scikit-learn__scikit-learn-14141,0.0,r2egym-qwen3-rl-100-steps-1-attempt-2,100,382,abs_step_limit,2,0.0007096703640547,False,3
slimshetty/swebench-verified:sweb.eval.x86_64.sympy__sympy-13091,0.0,r2egym-qwen3-rl-100-steps-1-attempt-2,47,1669,token_limit,63,0.0850990415265323,False,62
slimshetty/swebench-verified:sweb.eval.x86_64.sympy__sympy-21379,0.0,r2egym-qwen3-rl-100-steps-1-attempt-2,57,1694,token_limit,91,0.0075772416495452,False,92
slimshetty/swebench-verified:sweb.eval.x86_64.sympy__sympy-23534,1.0,r2egym-qwen3-rl-100-steps-1-attempt-2,15,1219,agent,11,0.7772998611746912,True,12
slimshetty/swebench-verified:sweb.eval.x86_64.astropy__astropy-14598,0.0,r2egym-qwen3-rl-100-steps-1-attempt-2,61,1335,token_limit,174,0.8670357546485407,False,0
slimshetty/swebench-verified:sweb.eval.x86_64.matplotlib__matplotlib-25122,1.0,r2egym-qwen3-rl-100-steps-1-attempt-2,34,1701,agent,2476,0.3486451353339458,True,2422
slimshetty/swebench-verified:sweb.eval.x86_64.sympy__sympy-13757,0.0,r2egym-qwen3-rl-100-steps-1-attempt-2,46,0,token_limit,166,0.0001795278998621,False,166
slimshetty/swebench-verified:sweb.eval.x86_64.django__django-15503,0.0,r2egym-qwen3-rl-100-steps-1-attempt-2,100,1888,abs_step_limit,78,0.000108896895717,False,79
slimshetty/swebench-verified:sweb.eval.x86_64.sphinx-doc__sphinx-7910,0.0,r2egym-qwen3-rl-100-steps-1-attempt-2,100,4566,abs_step_limit,0,0.002472623286996,False,0
slimshetty/swebench-verified:sweb.eval.x86_64.django__django-13346,0.0,r2egym-qwen3-rl-100-steps-1-attempt-2,75,1418,token_limit,0,0.0004878570510296,False,0
slimshetty/swebench-verified:sweb.eval.x86_64.django__django-13964,0.0,r2egym-qwen3-rl-100-steps-1-attempt-2,100,2711,abs_step_limit,33,0.7057850154599562,False,33
slimshetty/swebench-verified:sweb.eval.x86_64.pydata__xarray-6744,0.0,r2egym-qwen3-rl-100-steps-1-attempt-2,41,2061,token_limit,1796,0.1329642505050895,False,1788
slimshetty/swebench-verified:sweb.eval.x86_64.pylint-dev__pylint-4551,0.0,r2egym-qwen3-rl-100-steps-1-attempt-2,61,4634,token_limit,0,0.0109869424383138,False,5
slimshetty/swebench-verified:sweb.eval.x86_64.sympy__sympy-17630,0.0,r2egym-qwen3-rl-100-steps-1-attempt-2,65,466,agent_max_step_limit,19,0.5621765008857981,False,18
slimshetty/swebench-verified:sweb.eval.x86_64.sympy__sympy-14976,0.0,r2egym-qwen3-32b-rl-step200-seqlen-run4,45,705,token_limit,13,0.6791786861878392,False,13
slimshetty/swebench-verified:sweb.eval.x86_64.pylint-dev__pylint-6528,0.0,r2egym-qwen3-rl-100-steps-1-attempt-2,28,1355,llm_query_error,0,0.0008040860110165,False,0
slimshetty/swebench-verified:sweb.eval.x86_64.sympy__sympy-16450,1.0,r2egym-qwen3-32b-rl-step200-seqlen-run4,13,556,agent,38,0.8354835391516133,True,40
slimshetty/swebench-verified:sweb.eval.x86_64.django__django-15382,0.0,r2egym-qwen3-32b-rl-step200-seqlen-run4,22,0,token_limit,161,1.8925148236123232e-05,False,161
slimshetty/swebench-verified:sweb.eval.x86_64.django__django-10097,0.0,r2egym-qwen3-rl-100-steps-1-attempt-2,100,0,abs_step_limit,1427,7.484626271930705e-05,False,11075
slimshetty/swebench-verified:sweb.eval.x86_64.pallets__flask-5014,1.0,r2egym-qwen3-32b-rl-step200-seqlen-run4,12,433,agent,59,0.8519528076067262,True,59
slimshetty/swebench-verified:sweb.eval.x86_64.scikit-learn__scikit-learn-14496,1.0,r2egym-qwen3-32b-rl-step200-seqlen-run4,49,538,agent_max_step_limit,39,0.2227001285074596,True,40
slimshetty/swebench-verified:sweb.eval.x86_64.django__django-12308,0.0,r2egym-qwen3-32b-rl-step200-seqlen-run4,100,1244,abs_step_limit,20,0.3486451353339458,False,21
slimshetty/swebench-verified:sweb.eval.x86_64.psf__requests-1724,1.0,r2egym-qwen3-32b-rl-step200-seqlen-run4,40,3003,agent,79,0.867035752930664,True,86
slimshetty/swebench-verified:sweb.eval.x86_64.pytest-dev__pytest-7205,0.0,r2egym-qwen3-32b-rl-step200-seqlen-run4,100,696,abs_step_limit,16,0.2942149783515162,False,25
slimshetty/swebench-verified:sweb.eval.x86_64.django__django-11551,1.0,r2egym-qwen3-32b-rl-step200-seqlen-run4,27,4380,agent,119,0.7981867849406659,True,119
slimshetty/swebench-verified:sweb.eval.x86_64.sympy__sympy-23262,1.0,r2egym-qwen3-32b-rl-step200-seqlen-run4,14,719,agent,61,0.7981867729389246,True,62
slimshetty/swebench-verified:sweb.eval.x86_64.django__django-11603,1.0,r2egym-qwen3-32b-rl-step200-seqlen-run4,52,2531,agent_max_step_limit,58,0.8354835452961425,True,59
slimshetty/swebench-verified:sweb.eval.x86_64.django__django-11451,1.0,r2egym-qwen3-rl-100-steps-1-attempt-2,97,4747,token_limit,45,0.8175744761936437,True,48
slimshetty/swebench-verified:sweb.eval.x86_64.sympy__sympy-19346,0.0,r2egym-qwen3-32b-rl-step200-seqlen-run4,50,0,token_limit,40,3.120190763491069e-05,False,39
slimshetty/swebench-verified:sweb.eval.x86_64.sympy__sympy-18698,0.0,r2egym-qwen3-32b-rl-step200-seqlen-run4,45,1718,agent_max_step_limit,147,0.6791787056691698,False,147
slimshetty/swebench-verified:sweb.eval.x86_64.django__django-13089,1.0,r2egym-qwen3-32b-rl-step200-seqlen-run4,28,2852,agent,352,0.8670357494949105,True,349
slimshetty/swebench-verified:sweb.eval.x86_64.sympy__sympy-19783,1.0,r2egym-qwen3-32b-rl-step200-seqlen-run4,45,1213,agent_max_step_limit,9,0.6513548511303338,True,10
slimshetty/swebench-verified:sweb.eval.x86_64.sympy__sympy-15976,0.0,r2egym-qwen3-32b-rl-step200-seqlen-run4,33,2824,agent,24,0.5621765008857981,False,24
slimshetty/swebench-verified:sweb.eval.x86_64.scikit-learn__scikit-learn-25931,1.0,r2egym-qwen3-32b-rl-step200-seqlen-run4,32,1474,agent,21,0.8519528000888386,True,21
slimshetty/swebench-verified:sweb.eval.x86_64.django__django-15278,0.0,r2egym-qwen3-32b-rl-step200-seqlen-run4,82,0,token_limit,138,3.12019076363863e-05,False,138
slimshetty/swebench-verified:sweb.eval.x86_64.matplotlib__matplotlib-13989,1.0,r2egym-qwen3-32b-rl-step200-seqlen-run4,77,482,token_limit,411,0.9046505299595162,True,411
slimshetty/swebench-verified:sweb.eval.x86_64.sympy__sympy-18199,0.0,r2egym-qwen3-32b-rl-step200-seqlen-run4,100,7354,abs_step_limit,113,0.8933094167058151,False,114
slimshetty/swebench-verified:sweb.eval.x86_64.django__django-16901,1.0,r2egym-qwen3-32b-rl-step200-seqlen-run4,61,2954,agent_max_step_limit,6,0.4687906266262437,True,6
slimshetty/swebench-verified:sweb.eval.x86_64.django__django-11133,1.0,r2egym-qwen3-32b-rl-step200-seqlen-run4,33,3099,agent,64,0.8354835330070838,True,64
slimshetty/swebench-verified:sweb.eval.x86_64.scikit-learn__scikit-learn-14053,1.0,r2egym-qwen3-32b-rl-step200-seqlen-run4,21,1243,agent,5,0.7310585786300049,True,6
slimshetty/swebench-verified:sweb.eval.x86_64.django__django-14672,1.0,r2egym-qwen3-32b-rl-step200-seqlen-run4,100,2531,abs_step_limit,0,0.8354835432479661,True,166
slimshetty/swebench-verified:sweb.eval.x86_64.sympy__sympy-24443,1.0,r2egym-qwen3-32b-rl-step200-seqlen-run4,34,5863,agent,1,0.8933094159957173,True,2
slimshetty/swebench-verified:sweb.eval.x86_64.django__django-14855,0.0,r2egym-qwen3-32b-rl-step200-seqlen-run4,100,5190,abs_step_limit,325,0.0017007222246528,False,325
slimshetty/swebench-verified:sweb.eval.x86_64.django__django-14771,0.0,r2egym-qwen3-32b-rl-step200-seqlen-run4,44,2077,agent_max_step_limit,60,0.851952809486198,False,60
slimshetty/swebench-verified:sweb.eval.x86_64.matplotlib__matplotlib-25775,0.0,r2egym-qwen3-32b-rl-step200-seqlen-run4,100,0,abs_step_limit,89,2.753568779580163e-05,False,92
slimshetty/swebench-verified:sweb.eval.x86_64.django__django-13821,0.0,r2egym-qwen3-32b-rl-step200-seqlen-run4,100,0,abs_step_limit,14,5.829127938289756e-05,False,16
slimshetty/swebench-verified:sweb.eval.x86_64.sympy__sympy-19954,1.0,r2egym-qwen3-32b-rl-step200-seqlen-run4,72,1267,token_limit,56,0.9149009584734676,True,57
slimshetty/swebench-verified:sweb.eval.x86_64.django__django-14752,1.0,r2egym-qwen3-32b-rl-step200-seqlen-run4,92,3949,token_limit,15,0.7772998663336158,True,15
slimshetty/swebench-verified:sweb.eval.x86_64.django__django-15561,1.0,r2egym-qwen3-32b-rl-step200-seqlen-run4,100,2586,abs_step_limit,141,0.7981867705385763,True,141
slimshetty/swebench-verified:sweb.eval.x86_64.pylint-dev__pylint-7080,0.0,r2egym-qwen3-32b-rl-step200-seqlen-run4,94,1123,token_limit,121,0.0017007223064813,False,121
slimshetty/swebench-verified:sweb.eval.x86_64.django__django-11490,0.0,r2egym-qwen3-32b-rl-step200-seqlen-run4,66,2677,token_limit,0,0.798186775339273,False,0
slimshetty/swebench-verified:sweb.eval.x86_64.pydata__xarray-4629,1.0,r2egym-qwen3-32b-rl-step200-seqlen-run4,17,505,agent,32,0.8670357666736772,True,32
slimshetty/swebench-verified:sweb.eval.x86_64.django__django-17084,1.0,r2egym-qwen3-32b-rl-step200-seqlen-run4,100,2565,abs_step_limit,107,0.5621765008857981,True,107
slimshetty/swebench-verified:sweb.eval.x86_64.django__django-16612,0.0,r2egym-qwen3-32b-rl-step200-seqlen-run4,75,3550,token_limit,335,0.8807970779778824,False,333
slimshetty/swebench-verified:sweb.eval.x86_64.sphinx-doc__sphinx-7985,0.0,r2egym-qwen3-32b-rl-step200-seqlen-run4,52,7253,agent_max_step_limit,3,0.817574478416099,False,5
slimshetty/swebench-verified:sweb.eval.x86_64.sympy__sympy-11618,1.0,r2egym-qwen3-32b-rl-step200-seqlen-run4,21,937,agent,4,0.8933094017937621,True,4
slimshetty/swebench-verified:sweb.eval.x86_64.django__django-14349,1.0,r2egym-qwen3-32b-rl-step200-seqlen-run4,36,641,token_limit,18,0.8175744828610096,True,19
slimshetty/swebench-verified:sweb.eval.x86_64.sympy__sympy-14711,1.0,r2egym-qwen3-32b-rl-step200-seqlen-run4,27,428,agent,2,0.9046505447409666,True,3
slimshetty/swebench-verified:sweb.eval.x86_64.sympy__sympy-16597,0.0,r2egym-qwen3-32b-rl-step200-seqlen-run4,37,1022,token_limit,74,0.0203323526748239,False,77
slimshetty/swebench-verified:sweb.eval.x86_64.pydata__xarray-3677,0.0,r2egym-qwen3-32b-rl-step200-seqlen-run4,63,2154,token_limit,0,0.0004878571059226,False,0
slimshetty/swebench-verified:sweb.eval.x86_64.django__django-13933,1.0,r2egym-qwen3-32b-rl-step200-seqlen-run4,100,3336,abs_step_limit,19,0.2450850186463482,True,19
slimshetty/swebench-verified:sweb.eval.x86_64.django__django-14155,0.0,r2egym-qwen3-32b-rl-step200-seqlen-run4,100,1847,abs_step_limit,89,0.7981867801399695,False,91
slimshetty/swebench-verified:sweb.eval.x86_64.django__django-13128,0.0,r2egym-qwen3-32b-rl-step200-seqlen-run4,53,3889,agent_max_step_limit,132,0.6513548646660542,False,139
slimshetty/swebench-verified:sweb.eval.x86_64.django__django-16560,0.0,r2egym-qwen3-32b-rl-step200-seqlen-run4,67,0,token_limit,66,1.3007130012341915e-05,False,69
slimshetty/swebench-verified:sweb.eval.x86_64.django__django-15098,0.0,r2egym-qwen3-32b-rl-step200-seqlen-run4,87,2772,token_limit,87,0.8670357683915538,False,88
slimshetty/swebench-verified:sweb.eval.x86_64.pylint-dev__pylint-6903,1.0,r2egym-qwen3-32b-rl-step200-seqlen-run4,99,8863,token_limit,8,0.6224593312018546,True,8
slimshetty/swebench-verified:sweb.eval.x86_64.django__django-14034,0.0,r2egym-qwen3-32b-rl-step200-seqlen-run4,24,2372,agent,12,0.8933094010836642,False,12
slimshetty/swebench-verified:sweb.eval.x86_64.django__django-16333,1.0,r2egym-qwen3-32b-rl-step200-seqlen-run4,65,4468,token_limit,87,0.8519528000888386,True,87
slimshetty/swebench-verified:sweb.eval.x86_64.django__django-11333,0.0,r2egym-qwen3-32b-rl-step200-seqlen-run4,84,2258,token_limit,2,0.0052201256572865,False,2
slimshetty/swebench-verified:sweb.eval.x86_64.django__django-11211,0.0,r2egym-qwen3-32b-rl-step200-seqlen-run4,47,4126,token_limit,76,0.7549149813536518,False,76
slimshetty/swebench-verified:sweb.eval.x86_64.scikit-learn__scikit-learn-10908,1.0,r2egym-qwen3-32b-rl-step200-seqlen-run4,27,4699,agent,47,0.8933093968230772,True,48
slimshetty/swebench-verified:sweb.eval.x86_64.sympy__sympy-12481,1.0,r2egym-qwen3-32b-rl-step200-seqlen-run4,57,2934,token_limit,7,0.8670357460591569,True,7
slimshetty/swebench-verified:sweb.eval.x86_64.sphinx-doc__sphinx-7454,0.0,r2egym-qwen3-32b-rl-step200-seqlen-run4,43,2166,token_limit,27,0.0159063931696492,False,28
slimshetty/swebench-verified:sweb.eval.x86_64.astropy__astropy-8707,0.0,r2egym-qwen3-32b-rl-step200-seqlen-run4,64,794,token_limit,4,0.3208212943308302,False,4
slimshetty/swebench-verified:sweb.eval.x86_64.django__django-13820,0.0,r2egym-qwen3-32b-rl-step200-seqlen-run4,100,16689,abs_step_limit,0,0.000709670538128,False,0
slimshetty/swebench-verified:sweb.eval.x86_64.django__django-15022,0.0,r2egym-qwen3-32b-rl-step200-seqlen-run4,95,2144,token_limit,56,0.000203427019437,False,57
slimshetty/swebench-verified:sweb.eval.x86_64.django__django-11299,0.0,r2egym-qwen3-32b-rl-step200-seqlen-run4,32,0,token_limit,103,0.0001088969601501,False,103
slimshetty/swebench-verified:sweb.eval.x86_64.django__django-11815,1.0,r2egym-qwen3-32b-rl-step200-seqlen-run4,100,4052,abs_step_limit,44,0.7057850216484838,True,44
slimshetty/swebench-verified:sweb.eval.x86_64.django__django-11292,1.0,r2egym-qwen3-32b-rl-step200-seqlen-run4,34,2329,agent,31,0.8354835309589074,True,31
slimshetty/swebench-verified:sweb.eval.x86_64.django__django-16256,0.0,r2egym-qwen3-32b-rl-step200-seqlen-run4,49,0,token_limit,53,2.1444953513707305e-05,False,53
slimshetty/swebench-verified:sweb.eval.x86_64.sympy__sympy-22456,1.0,r2egym-qwen3-32b-rl-step200-seqlen-run4,74,318,token_limit,29,0.7057850278370111,True,30
slimshetty/swebench-verified:sweb.eval.x86_64.pylint-dev__pylint-4604,0.0,r2egym-qwen3-32b-rl-step200-seqlen-run4,40,2664,agent,0,0.6224593312018546,False,20
slimshetty/swebench-verified:sweb.eval.x86_64.django__django-13449,1.0,r2egym-qwen3-32b-rl-step200-seqlen-run4,62,3478,token_limit,46,0.0758581727088564,True,46
slimshetty/swebench-verified:sweb.eval.x86_64.sphinx-doc__sphinx-8056,0.0,r2egym-qwen3-32b-rl-step200-seqlen-run4,20,924,llm_query_error,38,0.0,False,38
slimshetty/swebench-verified:sweb.eval.x86_64.django__django-12419,0.0,r2egym-qwen3-32b-rl-step200-seqlen-run4,55,3765,agent_max_step_limit,0,0.7549149978955811,False,0
slimshetty/swebench-verified:sweb.eval.x86_64.django__django-15499,1.0,r2egym-qwen3-32b-rl-step200-seqlen-run4,30,2082,agent,35,0.798186787341014,True,35
slimshetty/swebench-verified:sweb.eval.x86_64.sympy__sympy-20438,0.0,r2egym-qwen3-32b-rl-step200-seqlen-run4,35,1496,agent,92,0.7057850402140659,False,93
slimshetty/swebench-verified:sweb.eval.x86_64.django__django-16116,1.0,r2egym-qwen3-32b-rl-step200-seqlen-run4,84,4812,token_limit,137,0.7549149758396752,True,138
slimshetty/swebench-verified:sweb.eval.x86_64.sphinx-doc__sphinx-9281,1.0,r2egym-qwen3-32b-rl-step200-seqlen-run4,100,544,abs_step_limit,38,0.8354835309589074,True,38
slimshetty/swebench-verified:sweb.eval.x86_64.django__django-14011,0.0,r2egym-qwen3-32b-rl-step200-seqlen-run4,100,3066,abs_step_limit,2,0.5,False,0
slimshetty/swebench-verified:sweb.eval.x86_64.scikit-learn__scikit-learn-13439,1.0,r2egym-qwen3-32b-rl-step200-seqlen-run4,26,962,agent,40,0.8807970873650401,True,41
slimshetty/swebench-verified:sweb.eval.x86_64.sympy__sympy-13551,0.0,r2egym-qwen3-32b-rl-step200-seqlen-run4,100,2248,abs_step_limit,0,0.0004878572209596,False,0
slimshetty/swebench-verified:sweb.eval.x86_64.psf__requests-1142,0.0,r2egym-qwen3-rl-100-steps-1-attempt-2,81,652833,token_limit,5,0.0,False,5
slimshetty/swebench-verified:sweb.eval.x86_64.matplotlib__matplotlib-24870,0.0,r2egym-qwen3-32b-rl-step200-seqlen-run4,42,0,token_limit,65,2.430025230532926e-05,False,65
slimshetty/swebench-verified:sweb.eval.x86_64.psf__requests-2931,0.0,r2egym-qwen3-32b-rl-step200-seqlen-run4,43,1721,token_limit,83,0.5,False,101
slimshetty/swebench-verified:sweb.eval.x86_64.sympy__sympy-22914,1.0,r2egym-qwen3-32b-rl-step200-seqlen-run4,17,315,agent,17,0.7549149758396752,True,18
slimshetty/swebench-verified:sweb.eval.x86_64.django__django-14140,0.0,r2egym-qwen3-32b-rl-step200-seqlen-run4,79,5968,token_limit,199,0.8354835432479661,False,201
slimshetty/swebench-verified:sweb.eval.x86_64.scikit-learn__scikit-learn-13124,0.0,r2egym-qwen3-32b-rl-step200-seqlen-run4,41,2427,token_limit,0,0.0024726230417789,False,0
slimshetty/swebench-verified:sweb.eval.x86_64.django__django-14373,1.0,r2egym-qwen3-32b-rl-step200-seqlen-run4,15,1275,agent,19,0.8519528019683105,True,19
slimshetty/swebench-verified:sweb.eval.x86_64.django__django-15104,1.0,r2egym-qwen3-32b-rl-step200-seqlen-run4,25,2492,agent,131,0.817574471748733,True,131
slimshetty/swebench-verified:sweb.eval.x86_64.pydata__xarray-7233,1.0,r2egym-qwen3-32b-rl-step200-seqlen-run4,7,585,agent,189,0.7310585786300049,True,189
slimshetty/swebench-verified:sweb.eval.x86_64.django__django-15467,1.0,r2egym-qwen3-32b-rl-step200-seqlen-run4,41,2887,max_step_limit,62,0.8175744717487329,True,62
slimshetty/swebench-verified:sweb.eval.x86_64.sympy__sympy-19040,0.0,r2egym-qwen3-32b-rl-step200-seqlen-run4,43,0,token_limit,148,8.481101043773748e-05,False,148
slimshetty/swebench-verified:sweb.eval.x86_64.django__django-14351,0.0,r2egym-qwen3-32b-rl-step200-seqlen-run4,100,2348,abs_step_limit,57,0.5,False,57
slimshetty/swebench-verified:sweb.eval.x86_64.astropy__astropy-12907,0.0,r2egym-qwen3-32b-rl-step200-seqlen-run4,24,1544,token_limit,13,0.0017007222576609,False,11
slimshetty/swebench-verified:sweb.eval.x86_64.scikit-learn__scikit-learn-26194,0.0,r2egym-qwen3-32b-rl-step200-seqlen-run4,21,1961,token_limit,186,0.5621765008857982,False,188
slimshetty/swebench-verified:sweb.eval.x86_64.django__django-9296,1.0,r2egym-qwen3-32b-rl-step200-seqlen-run4,100,2713,abs_step_limit,20,0.851952809486198,True,20
slimshetty/swebench-verified:sweb.eval.x86_64.django__django-13343,0.0,r2egym-qwen3-32b-rl-step200-seqlen-run4,4,0,token_limit,130,0.0001584361767332,False,131
slimshetty/swebench-verified:sweb.eval.x86_64.django__django-16877,1.0,r2egym-qwen3-32b-rl-step200-seqlen-run4,38,3597,agent,0,0.7549149868676283,True,0
slimshetty/swebench-verified:sweb.eval.x86_64.matplotlib__matplotlib-23314,1.0,r2egym-qwen3-32b-rl-step200-seqlen-run4,48,2330,agent_max_step_limit,862,0.8670357735451835,True,863
slimshetty/swebench-verified:sweb.eval.x86_64.django__django-13670,1.0,r2egym-qwen3-32b-rl-step200-seqlen-run4,76,2345,token_limit,17,0.8519528057272544,True,17
slimshetty/swebench-verified:sweb.eval.x86_64.pydata__xarray-4075,1.0,r2egym-qwen3-32b-rl-step200-seqlen-run4,74,1166,token_limit,958,0.9046505312448598,True,958
slimshetty/swebench-verified:sweb.eval.x86_64.sympy__sympy-24066,0.0,r2egym-qwen3-32b-rl-step200-seqlen-run4,12,0,token_limit,30,8.481105095187011e-05,False,30
slimshetty/swebench-verified:sweb.eval.x86_64.scikit-learn__scikit-learn-11578,1.0,r2egym-qwen3-32b-rl-step200-seqlen-run4,38,3141,agent,93,0.7981867681382279,True,89
slimshetty/swebench-verified:sweb.eval.x86_64.matplotlib__matplotlib-23412,0.0,r2egym-qwen3-32b-rl-step200-seqlen-run4,100,966,abs_step_limit,46,5.144219516633885e-05,False,46
slimshetty/swebench-verified:sweb.eval.x86_64.django__django-15128,0.0,r2egym-qwen3-32b-rl-step200-seqlen-run4,95,4572,token_limit,282,0.0373268842652792,False,282
slimshetty/swebench-verified:sweb.eval.x86_64.matplotlib__matplotlib-26342,0.0,r2egym-qwen3-32b-rl-step200-seqlen-run4,40,0,token_limit,81,1.6701419849447602e-05,False,81
slimshetty/swebench-verified:sweb.eval.x86_64.matplotlib__matplotlib-26291,0.0,r2egym-qwen3-32b-rl-step200-seqlen-run4,20,602,agent,49,0.8807970670261976,False,49
slimshetty/swebench-verified:sweb.eval.x86_64.astropy__astropy-13236,0.0,r2egym-qwen3-32b-rl-step200-seqlen-run4,47,2125,token_limit,644,0.7057850216484838,False,643
slimshetty/swebench-verified:sweb.eval.x86_64.django__django-12273,0.0,r2egym-qwen3-32b-rl-step200-seqlen-run4,100,1743,abs_step_limit,27,0.0011695104196757,False,27
slimshetty/swebench-verified:sweb.eval.x86_64.django__django-11740,0.0,r2egym-qwen3-32b-rl-step200-seqlen-run4,100,1149,abs_step_limit,98,0.2942149597859341,False,98
slimshetty/swebench-verified:sweb.eval.x86_64.sympy__sympy-20916,0.0,r2egym-qwen3-32b-rl-step200-seqlen-run4,42,1961,agent_max_step_limit,1,0.2227001388253088,False,2
slimshetty/swebench-verified:sweb.eval.x86_64.scikit-learn__scikit-learn-13496,1.0,r2egym-qwen3-32b-rl-step200-seqlen-run4,63,768,token_limit,19,0.2227001336663842,True,19
slimshetty/swebench-verified:sweb.eval.x86_64.pydata__xarray-4094,1.0,r2egym-qwen3-32b-rl-step200-seqlen-run4,52,3760,token_limit,862,0.8175744695262777,True,867
slimshetty/swebench-verified:sweb.eval.x86_64.django__django-12663,0.0,r2egym-qwen3-32b-rl-step200-seqlen-run4,86,4484,token_limit,0,0.0075772417791078,False,0
slimshetty/swebench-verified:sweb.eval.x86_64.scikit-learn__scikit-learn-25973,1.0,r2egym-qwen3-32b-rl-step200-seqlen-run4,19,1307,agent,72,0.8354835391516133,True,72
slimshetty/swebench-verified:sweb.eval.x86_64.psf__requests-1921,1.0,r2egym-qwen3-32b-rl-step200-seqlen-run4,37,2903,agent,107,0.7772998611746912,True,117
slimshetty/swebench-verified:sweb.eval.x86_64.sphinx-doc__sphinx-8548,0.0,r2egym-qwen3-32b-rl-step200-seqlen-run4,56,1373,token_limit,4,0.1480471999111614,False,3
slimshetty/swebench-verified:sweb.eval.x86_64.pytest-dev__pytest-10051,0.0,r2egym-qwen3-32b-rl-step200-seqlen-run4,73,1483,token_limit,14,0.0159063880672289,False,14
slimshetty/swebench-verified:sweb.eval.x86_64.scikit-learn__scikit-learn-25102,0.0,r2egym-qwen3-32b-rl-step200-seqlen-run4,100,7706,abs_step_limit,59,0.8175744806385543,False,59
slimshetty/swebench-verified:sweb.eval.x86_64.django__django-15987,0.0,r2egym-qwen3-32b-rl-step200-seqlen-run4,100,8775,abs_step_limit,18,0.0002305066296634,False,18
slimshetty/swebench-verified:sweb.eval.x86_64.sympy__sympy-21930,0.0,r2egym-qwen3-32b-rl-step200-seqlen-run4,100,1582,abs_step_limit,45,0.7549149868676284,False,50
slimshetty/swebench-verified:sweb.eval.x86_64.django__django-12965,0.0,r2egym-qwen3-32b-rl-step200-seqlen-run4,100,2467,abs_step_limit,52,0.7057850340255386,False,52
slimshetty/swebench-verified:sweb.eval.x86_64.matplotlib__matplotlib-24177,0.0,r2egym-qwen3-32b-rl-step200-seqlen-run4,38,1716,agent,768,0.7310585903489892,False,768
slimshetty/swebench-verified:sweb.eval.x86_64.scikit-learn__scikit-learn-10844,1.0,r2egym-qwen3-32b-rl-step200-seqlen-run4,31,2691,agent,16,0.7981867873410141,True,17
slimshetty/swebench-verified:sweb.eval.x86_64.django__django-11880,1.0,r2egym-qwen3-32b-rl-step200-seqlen-run4,70,460,token_limit,114,0.8933093946927838,True,114
slimshetty/swebench-verified:sweb.eval.x86_64.django__django-14539,1.0,r2egym-qwen3-32b-rl-step200-seqlen-run4,30,4493,token_limit,14,0.8519528094861981,True,16
slimshetty/swebench-verified:sweb.eval.x86_64.sympy__sympy-23950,0.0,r2egym-qwen3-32b-rl-step200-seqlen-run4,36,459,agent,4,0.7549149868676283,False,5
slimshetty/swebench-verified:sweb.eval.x86_64.sympy__sympy-15345,1.0,r2egym-qwen3-32b-rl-step200-seqlen-run4,50,3617,agent_max_step_limit,8,0.5926665999540698,True,10
slimshetty/swebench-verified:sweb.eval.x86_64.matplotlib__matplotlib-26113,0.0,r2egym-qwen3-32b-rl-step200-seqlen-run4,21,0,token_limit,812,2.4300243620398656e-05,False,812
slimshetty/swebench-verified:sweb.eval.x86_64.django__django-10973,1.0,r2egym-qwen3-32b-rl-step200-seqlen-run4,100,6783,abs_step_limit,0,0.5621765008857981,True,0
slimshetty/swebench-verified:sweb.eval.x86_64.django__django-16938,0.0,r2egym-qwen3-32b-rl-step200-seqlen-run4,100,2146,abs_step_limit,65,0.8933094117351309,False,88
slimshetty/swebench-verified:sweb.eval.x86_64.django__django-15127,0.0,r2egym-qwen3-32b-rl-step200-seqlen-run4,25,2157,agent,1,0.7772998663336158,False,1
slimshetty/swebench-verified:sweb.eval.x86_64.scikit-learn__scikit-learn-14894,1.0,r2egym-qwen3-32b-rl-step200-seqlen-run4,21,1327,agent,85,0.8175744761936437,True,85
slimshetty/swebench-verified:sweb.eval.x86_64.django__django-11477,0.0,r2egym-qwen3-32b-rl-step200-seqlen-run4,63,3666,agent_max_step_limit,151,0.7549149868676284,False,153
slimshetty/swebench-verified:sweb.eval.x86_64.sympy__sympy-20801,0.0,r2egym-qwen3-32b-rl-step200-seqlen-run4,48,932,token_limit,96,0.6791786926816161,False,96
slimshetty/swebench-verified:sweb.eval.x86_64.matplotlib__matplotlib-21568,0.0,r2egym-qwen3-32b-rl-step200-seqlen-run4,35,1455,agent,69,0.5926665999540698,False,69
slimshetty/swebench-verified:sweb.eval.x86_64.django__django-12406,0.0,r2egym-qwen3-32b-rl-step200-seqlen-run4,46,2076,agent_max_step_limit,155,0.8175744828610095,False,155
slimshetty/swebench-verified:sweb.eval.x86_64.scikit-learn__scikit-learn-14983,0.0,r2egym-qwen3-32b-rl-step200-seqlen-run4,52,1877,token_limit,105,0.0021827162034613,False,105
slimshetty/swebench-verified:sweb.eval.x86_64.django__django-15277,1.0,r2egym-qwen3-32b-rl-step200-seqlen-run4,75,691,token_limit,158,0.0953494693978119,True,159
slimshetty/swebench-verified:sweb.eval.x86_64.pydata__xarray-3095,0.0,r2egym-qwen3-32b-rl-step200-seqlen-run4,68,633,token_limit,253,0.00460957117517,False,242
slimshetty/swebench-verified:sweb.eval.x86_64.django__django-16662,1.0,r2egym-qwen3-32b-rl-step200-seqlen-run4,76,3595,token_limit,51,0.679178699175393,True,52
slimshetty/swebench-verified:sweb.eval.x86_64.astropy__astropy-14182,0.0,r2egym-qwen3-32b-rl-step200-seqlen-run4,73,531,token_limit,9,0.7772998560157665,False,9
slimshetty/swebench-verified:sweb.eval.x86_64.django__django-14404,0.0,r2egym-qwen3-32b-rl-step200-seqlen-run4,43,3968,agent_max_step_limit,323,0.4687906266262437,False,323
slimshetty/swebench-verified:sweb.eval.x86_64.matplotlib__matplotlib-25960,0.0,r2egym-qwen3-32b-rl-step200-seqlen-run4,56,2439,token_limit,131,0.0046095717926487,False,131
slimshetty/swebench-verified:sweb.eval.x86_64.psf__requests-2317,1.0,r2egym-qwen3-32b-rl-step200-seqlen-run4,100,761,abs_step_limit,133,0.7549149923816048,True,0
slimshetty/swebench-verified:sweb.eval.x86_64.django__django-15957,0.0,r2egym-qwen3-32b-rl-step200-seqlen-run4,100,3571,abs_step_limit,75,0.2450850241603248,False,75
slimshetty/swebench-verified:sweb.eval.x86_64.pytest-dev__pytest-7490,0.0,r2egym-qwen3-32b-rl-step200-seqlen-run4,52,464,agent_max_step_limit,78,0.7057850340255386,False,78
slimshetty/swebench-verified:sweb.eval.x86_64.sympy__sympy-23413,0.0,r2egym-qwen3-32b-rl-step200-seqlen-run4,64,2063,token_limit,2,0.0259573567739479,False,2
slimshetty/swebench-verified:sweb.eval.x86_64.scikit-learn__scikit-learn-13135,1.0,r2egym-qwen3-32b-rl-step200-seqlen-run4,34,2955,agent,33,0.904650527388829,True,34
slimshetty/swebench-verified:sweb.eval.x86_64.sphinx-doc__sphinx-8721,0.0,r2egym-qwen3-32b-rl-step200-seqlen-run4,99,4607,token_limit,3,0.0040701382934991,False,2
slimshetty/swebench-verified:sweb.eval.x86_64.pydata__xarray-2905,1.0,r2egym-qwen3-32b-rl-step200-seqlen-run4,39,1630,agent,364,0.8933093975331751,True,365
slimshetty/swebench-verified:sweb.eval.x86_64.django__django-12713,1.0,r2egym-qwen3-32b-rl-step200-seqlen-run4,100,3784,abs_step_limit,58,0.6791786861878392,True,58
slimshetty/swebench-verified:sweb.eval.x86_64.django__django-14493,1.0,r2egym-qwen3-32b-rl-step200-seqlen-run4,100,2039,abs_step_limit,36,0.8519527963298947,True,36
slimshetty/swebench-verified:sweb.eval.x86_64.django__django-16950,0.0,r2egym-qwen3-32b-rl-step200-seqlen-run4,42,0,token_limit,3,0.0001584362899731,False,3
slimshetty/swebench-verified:sweb.eval.x86_64.django__django-12304,0.0,r2egym-qwen3-32b-rl-step200-seqlen-run4,85,830,token_limit,0,0.0019267343691632,False,0
slimshetty/swebench-verified:sweb.eval.x86_64.scikit-learn__scikit-learn-12682,0.0,r2egym-qwen3-32b-rl-step200-seqlen-run4,21,2915,agent,54,0.7549149868676283,False,54
slimshetty/swebench-verified:sweb.eval.x86_64.django__django-10880,1.0,r2egym-qwen3-32b-rl-step200-seqlen-run4,100,1561,abs_step_limit,55,0.7981867753392728,True,55
slimshetty/swebench-verified:sweb.eval.x86_64.django__django-13279,0.0,r2egym-qwen3-32b-rl-step200-seqlen-run4,47,3205,agent_max_step_limit,337,0.6224593312018546,False,337
slimshetty/swebench-verified:sweb.eval.x86_64.django__django-16527,1.0,r2egym-qwen3-32b-rl-step200-seqlen-run4,55,2259,agent_max_step_limit,6,0.7981867705385762,True,6
slimshetty/swebench-verified:sweb.eval.x86_64.matplotlib__matplotlib-26208,0.0,r2egym-qwen3-32b-rl-step200-seqlen-run4,68,0,token_limit,813,5.829126539607611e-05,False,813
slimshetty/swebench-verified:sweb.eval.x86_64.django__django-13568,0.0,r2egym-qwen3-32b-rl-step200-seqlen-run4,91,4220,token_limit,12,0.5926665999540698,False,12
slimshetty/swebench-verified:sweb.eval.x86_64.matplotlib__matplotlib-14623,1.0,r2egym-qwen3-32b-rl-step200-seqlen-run4,65,1699,token_limit,400,0.1066906038870205,True,401
slimshetty/swebench-verified:sweb.eval.x86_64.sympy__sympy-20428,0.0,r2egym-qwen3-32b-rl-step200-seqlen-run4,90,459,token_limit,152,0.0066928507478275,False,152
slimshetty/swebench-verified:sweb.eval.x86_64.sphinx-doc__sphinx-11510,0.0,r2egym-qwen3-32b-rl-step200-seqlen-run4,76,3067,token_limit,7,0.0600866484908843,False,7
slimshetty/swebench-verified:sweb.eval.x86_64.pydata__xarray-6599,0.0,r2egym-qwen3-32b-rl-step200-seqlen-run4,18,2602,agent,263,0.5926665999540698,False,263
slimshetty/swebench-verified:sweb.eval.x86_64.sympy__sympy-19637,1.0,r2egym-qwen3-32b-rl-step200-seqlen-run4,10,419,token_limit,40,0.1329642522229663,True,41
slimshetty/swebench-verified:sweb.eval.x86_64.django__django-14608,1.0,r2egym-qwen3-32b-rl-step200-seqlen-run4,40,2625,agent,394,0.8175744850834648,True,397
slimshetty/swebench-verified:sweb.eval.x86_64.django__django-12143,1.0,r2egym-qwen3-32b-rl-step200-seqlen-run4,7,715,token_limit,52,0.1645164690410926,True,52
slimshetty/swebench-verified:sweb.eval.x86_64.django__django-13344,0.0,r2egym-qwen3-32b-rl-step200-seqlen-run4,12,0,token_limit,356,8.481102068535543e-05,False,356
slimshetty/swebench-verified:sweb.eval.x86_64.pytest-dev__pytest-7521,1.0,r2egym-qwen3-32b-rl-step200-seqlen-run4,45,1785,agent_max_step_limit,125,0.8807970779778824,True,124
slimshetty/swebench-verified:sweb.eval.x86_64.astropy__astropy-7671,0.0,r2egym-qwen3-32b-rl-step200-seqlen-run4,43,3714,agent_max_step_limit,0,0.8354835391516133,False,0
slimshetty/swebench-verified:sweb.eval.x86_64.django__django-15563,0.0,r2egym-qwen3-32b-rl-step200-seqlen-run4,76,3977,token_limit,0,0.0013250222965931,False,0
slimshetty/swebench-verified:sweb.eval.x86_64.pytest-dev__pytest-7236,0.0,r2egym-qwen3-32b-rl-step200-seqlen-run4,39,2415,token_limit,35,0.0097084780752758,False,34
slimshetty/swebench-verified:sweb.eval.x86_64.sphinx-doc__sphinx-7440,0.0,r2egym-qwen3-32b-rl-step200-seqlen-run4,100,906,abs_step_limit,12,0.0004305571339941,False,13
slimshetty/swebench-verified:sweb.eval.x86_64.pytest-dev__pytest-7432,0.0,r2egym-qwen3-32b-rl-step200-seqlen-run4,4,0,token_limit,77,7.48462090115951e-05,False,76
slimshetty/swebench-verified:sweb.eval.x86_64.pydata__xarray-7393,1.0,r2egym-qwen3-32b-rl-step200-seqlen-run4,100,678,abs_step_limit,71,0.8933094152856196,True,71
slimshetty/swebench-verified:sweb.eval.x86_64.astropy__astropy-13398,0.0,r2egym-qwen3-32b-rl-step200-seqlen-run4,49,0,token_limit,68,2.1444948404530884e-05,False,68
slimshetty/swebench-verified:sweb.eval.x86_64.sphinx-doc__sphinx-8551,0.0,r2egym-qwen3-32b-rl-step200-seqlen-run4,100,3323,abs_step_limit,28,0.3775406758018019,False,28
slimshetty/swebench-verified:sweb.eval.x86_64.django__django-16819,0.0,r2egym-qwen3-32b-rl-step200-seqlen-run4,100,0,abs_step_limit,38,2.7535687806920664e-05,False,38
slimshetty/swebench-verified:sweb.eval.x86_64.sphinx-doc__sphinx-8593,0.0,r2egym-qwen3-32b-rl-step200-seqlen-run4,100,0,abs_step_limit,1,3.535623802218407e-05,False,3
slimshetty/swebench-verified:sweb.eval.x86_64.sympy__sympy-13798,0.0,r2egym-qwen3-32b-rl-step200-seqlen-run4,34,2213,token_limit,102,0.7981867705385763,False,104
slimshetty/swebench-verified:sweb.eval.x86_64.sympy__sympy-24562,1.0,r2egym-qwen3-32b-rl-step200-seqlen-run4,22,405,agent,105,0.8807970685907242,True,105
slimshetty/swebench-verified:sweb.eval.x86_64.sphinx-doc__sphinx-9711,0.0,r2egym-qwen3-32b-rl-step200-seqlen-run4,11,424,token_limit,0,0.006692852150199,False,1687
slimshetty/swebench-verified:sweb.eval.x86_64.django__django-16502,0.0,r2egym-qwen3-32b-rl-step200-seqlen-run4,66,0,token_limit,4,2.7535687798506256e-05,False,4
slimshetty/swebench-verified:sweb.eval.x86_64.django__django-16631,0.0,r2egym-qwen3-32b-rl-step200-seqlen-run4,51,5216,token_limit,12,0.8175744828610095,False,12
slimshetty/swebench-verified:sweb.eval.x86_64.django__django-11999,0.0,r2egym-qwen3-32b-rl-step200-seqlen-run4,72,4306,token_limit,30,0.0003353500616817,False,30
slimshetty/swebench-verified:sweb.eval.x86_64.matplotlib__matplotlib-22871,0.0,r2egym-qwen3-32b-rl-step200-seqlen-run4,34,3180,agent,87,0.6791786926816161,False,89
slimshetty/swebench-verified:sweb.eval.x86_64.django__django-15268,0.0,r2egym-qwen3-32b-rl-step200-seqlen-run4,17,0,token_limit,130,5.144223800028739e-05,False,133
slimshetty/swebench-verified:sweb.eval.x86_64.django__django-13837,1.0,r2egym-qwen3-32b-rl-step200-seqlen-run4,51,3929,agent_max_step_limit,57,0.3208212943308302,True,55
slimshetty/swebench-verified:sweb.eval.x86_64.sympy__sympy-13647,1.0,r2egym-qwen3-32b-rl-step200-seqlen-run4,39,3185,agent,76,0.7310585669110202,True,77
slimshetty/swebench-verified:sweb.eval.x86_64.django__django-13158,0.0,r2egym-qwen3-32b-rl-step200-seqlen-run4,6,0,token_limit,29,0.0002611904291083,False,29
slimshetty/swebench-verified:sweb.eval.x86_64.django__django-13794,0.0,r2egym-qwen3-32b-rl-step200-seqlen-run4,41,2170,max_step_limit,20,0.7981867729389246,False,20
slimshetty/swebench-verified:sweb.eval.x86_64.pydata__xarray-6938,0.0,r2egym-qwen3-32b-rl-step200-seqlen-run4,56,2346,token_limit,430,0.182425521583901,False,430
slimshetty/swebench-verified:sweb.eval.x86_64.django__django-12155,1.0,r2egym-qwen3-32b-rl-step200-seqlen-run4,100,679,abs_step_limit,6,0.5621765008857981,True,7
slimshetty/swebench-verified:sweb.eval.x86_64.sphinx-doc__sphinx-10449,0.0,r2egym-qwen3-32b-rl-step200-seqlen-run4,18,0,token_limit,30,8.481107123732703e-05,False,31
slimshetty/swebench-verified:sweb.eval.x86_64.django__django-14238,1.0,r2egym-qwen3-32b-rl-step200-seqlen-run4,81,5288,token_limit,39,0.7981867777396211,True,40
slimshetty/swebench-verified:sweb.eval.x86_64.matplotlib__matplotlib-22865,0.0,r2egym-qwen3-32b-rl-step200-seqlen-run4,76,3698,token_limit,0,0.0031726821981753,False,0
slimshetty/swebench-verified:sweb.eval.x86_64.django__django-16429,1.0,r2egym-qwen3-32b-rl-step200-seqlen-run4,99,2415,token_limit,21,0.4687906266262437,True,17
slimshetty/swebench-verified:sweb.eval.x86_64.matplotlib__matplotlib-20676,0.0,r2egym-qwen3-32b-rl-step200-seqlen-run4,51,0,token_limit,32,5.82912445884589e-05,False,32
slimshetty/swebench-verified:sweb.eval.x86_64.pytest-dev__pytest-7571,1.0,r2egym-qwen3-32b-rl-step200-seqlen-run4,41,1166,max_step_limit,14,0.7981867873410141,True,14
slimshetty/swebench-verified:sweb.eval.x86_64.sympy__sympy-24213,1.0,r2egym-qwen3-32b-rl-step200-seqlen-run4,47,6416,agent_max_step_limit,31,0.8519528000888387,True,31
slimshetty/swebench-verified:sweb.eval.x86_64.django__django-15731,1.0,r2egym-qwen3-32b-rl-step200-seqlen-run4,76,1431,token_limit,58,0.8354835309589074,True,57
slimshetty/swebench-verified:sweb.eval.x86_64.pylint-dev__pylint-6386,0.0,r2egym-qwen3-32b-rl-step200-seqlen-run4,82,0,token_limit,7,2.4300234929636645e-05,False,7
slimshetty/swebench-verified:sweb.eval.x86_64.django__django-11095,1.0,r2egym-qwen3-32b-rl-step200-seqlen-run4,100,3296,abs_step_limit,19,0.7549149868676283,True,19
slimshetty/swebench-verified:sweb.eval.x86_64.django__django-15572,1.0,r2egym-qwen3-32b-rl-step200-seqlen-run4,43,2044,agent_max_step_limit,10,0.6513548782017745,True,10
slimshetty/swebench-verified:sweb.eval.x86_64.sympy__sympy-12419,1.0,r2egym-qwen3-32b-rl-step200-seqlen-run4,65,1731,token_limit,25,0.0758581789766167,True,26
slimshetty/swebench-verified:sweb.eval.x86_64.sphinx-doc__sphinx-8475,1.0,r2egym-qwen3-32b-rl-step200-seqlen-run4,100,3894,abs_step_limit,17,0.7981867681382279,True,0
slimshetty/swebench-verified:sweb.eval.x86_64.pytest-dev__pytest-8399,1.0,r2egym-qwen3-32b-rl-step200-seqlen-run4,41,1553,max_step_limit,59,0.7549149868676283,True,60
slimshetty/swebench-verified:sweb.eval.x86_64.sphinx-doc__sphinx-7889,1.0,r2egym-qwen3-32b-rl-step200-seqlen-run4,57,982,token_limit,5,0.7057850154599563,True,6
slimshetty/swebench-verified:sweb.eval.x86_64.mwaskom__seaborn-3187,0.0,r2egym-qwen3-32b-rl-step200-seqlen-run4,100,2901,abs_step_limit,248,0.7057850278370112,False,249
slimshetty/swebench-verified:sweb.eval.x86_64.django__django-11087,0.0,r2egym-qwen3-32b-rl-step200-seqlen-run4,45,0,token_limit,41,2.4300240718880756e-05,False,41
slimshetty/swebench-verified:sweb.eval.x86_64.psf__requests-1766,1.0,r2egym-qwen3-32b-rl-step200-seqlen-run4,26,816,agent,79,0.6791787056691698,True,89
slimshetty/swebench-verified:sweb.eval.x86_64.matplotlib__matplotlib-24627,0.0,r2egym-qwen3-32b-rl-step200-seqlen-run4,30,1013,agent,776,0.8807970889295664,False,776
slimshetty/swebench-verified:sweb.eval.x86_64.sympy__sympy-15017,1.0,r2egym-qwen3-32b-rl-step200-seqlen-run4,36,604,token_limit,14,0.6513548714339145,True,14
slimshetty/swebench-verified:sweb.eval.x86_64.django__django-15732,0.0,r2egym-qwen3-32b-rl-step200-seqlen-run4,67,4379,token_limit,124,0.5312093733737563,False,123
slimshetty/swebench-verified:sweb.eval.x86_64.sphinx-doc__sphinx-9230,0.0,r2egym-qwen3-32b-rl-step200-seqlen-run4,74,1714,token_limit,44,0.006692850212264,False,45
slimshetty/swebench-verified:sweb.eval.x86_64.scikit-learn__scikit-learn-12973,0.0,r2egym-qwen3-32b-rl-step200-seqlen-run4,50,0,token_limit,32,8.939697368842181e-06,False,30
slimshetty/swebench-verified:sweb.eval.x86_64.django__django-14170,0.0,r2egym-qwen3-32b-rl-step200-seqlen-run4,100,1974,abs_step_limit,0,0.0001795280292818,False,0
slimshetty/swebench-verified:sweb.eval.x86_64.sympy__sympy-15875,0.0,r2egym-qwen3-32b-rl-step200-seqlen-run4,27,328,token_limit,80,0.014063624654235,False,81
slimshetty/swebench-verified:sweb.eval.x86_64.django__django-14122,1.0,r2egym-qwen3-32b-rl-step200-seqlen-run4,44,3367,agent_max_step_limit,26,0.8519527944504227,True,26
slimshetty/swebench-verified:sweb.eval.x86_64.sphinx-doc__sphinx-9591,0.0,r2egym-qwen3-32b-rl-step200-seqlen-run4,81,0,token_limit,44,6.605216022346663e-05,False,45
slimshetty/swebench-verified:sweb.eval.x86_64.django__django-11820,0.0,r2egym-qwen3-32b-rl-step200-seqlen-run4,18,2208,token_limit,0,0.0006263343011881,False,0
slimshetty/swebench-verified:sweb.eval.x86_64.django__django-13551,0.0,r2egym-qwen3-32b-rl-step200-seqlen-run4,30,7675,agent,56,0.8670357494949105,False,57
slimshetty/swebench-verified:sweb.eval.x86_64.django__django-10999,0.0,r2egym-qwen3-32b-rl-step200-seqlen-run4,14,1306,agent,9,0.5926665999540698,False,10
slimshetty/swebench-verified:sweb.eval.x86_64.django__django-15695,0.0,r2egym-qwen3-32b-rl-step200-seqlen-run4,91,5195,token_limit,123,0.7057850278370112,False,123
slimshetty/swebench-verified:sweb.eval.x86_64.scikit-learn__scikit-learn-25232,1.0,r2egym-qwen3-32b-rl-step200-seqlen-run4,21,2244,agent,214,0.7057850340255386,True,214
slimshetty/swebench-verified:sweb.eval.x86_64.matplotlib__matplotlib-20859,1.0,r2egym-qwen3-32b-rl-step200-seqlen-run4,25,1167,agent,88,0.8175744761936437,True,88
slimshetty/swebench-verified:sweb.eval.x86_64.django__django-16569,1.0,r2egym-qwen3-32b-rl-step200-seqlen-run4,8,664,agent,111,0.8354835309589073,True,113
slimshetty/swebench-verified:sweb.eval.x86_64.sphinx-doc__sphinx-9258,0.0,r2egym-qwen3-32b-rl-step200-seqlen-run4,100,912,abs_step_limit,45,0.0003353502246869,False,45
slimshetty/swebench-verified:sweb.eval.x86_64.django__django-16595,1.0,r2egym-qwen3-32b-rl-step200-seqlen-run4,100,1894,abs_step_limit,37,0.5,True,37
slimshetty/swebench-verified:sweb.eval.x86_64.sphinx-doc__sphinx-9461,0.0,r2egym-qwen3-32b-rl-step200-seqlen-run4,56,1837,agent_max_step_limit,59,0.5,False,61
slimshetty/swebench-verified:sweb.eval.x86_64.django__django-13786,1.0,r2egym-qwen3-32b-rl-step200-seqlen-run4,100,2910,abs_step_limit,33,0.7981867849406659,True,33
slimshetty/swebench-verified:sweb.eval.x86_64.django__django-13112,0.0,r2egym-qwen3-32b-rl-step200-seqlen-run4,50,0,token_limit,63,7.48462536886981e-05,False,63
slimshetty/swebench-verified:sweb.eval.x86_64.sphinx-doc__sphinx-10673,0.0,r2egym-qwen3-32b-rl-step200-seqlen-run4,55,0,token_limit,9,8.939693105467234e-06,False,9
slimshetty/swebench-verified:sweb.eval.x86_64.django__django-16801,1.0,r2egym-qwen3-32b-rl-step200-seqlen-run4,51,4574,agent_max_step_limit,17,0.7981867825403177,True,17
slimshetty/swebench-verified:sweb.eval.x86_64.django__django-11790,0.0,r2egym-qwen3-32b-rl-step200-seqlen-run4,80,2188,token_limit,77,0.0229773681955989,False,79
slimshetty/swebench-verified:sweb.eval.x86_64.sphinx-doc__sphinx-10323,0.0,r2egym-qwen3-32b-rl-step200-seqlen-run4,100,721,abs_step_limit,38,0.7549149868676283,False,38
slimshetty/swebench-verified:sweb.eval.x86_64.django__django-13516,1.0,r2egym-qwen3-32b-rl-step200-seqlen-run4,74,4099,token_limit,43,0.5,True,43
slimshetty/swebench-verified:sweb.eval.x86_64.django__django-16899,1.0,r2egym-qwen3-32b-rl-step200-seqlen-run4,40,5906,agent,54,0.8519527963298946,True,54
slimshetty/swebench-verified:sweb.eval.x86_64.django__django-16661,1.0,r2egym-qwen3-32b-rl-step200-seqlen-run4,100,3001,abs_step_limit,36,0.880797071719777,True,36
slimshetty/swebench-verified:sweb.eval.x86_64.sphinx-doc__sphinx-8621,0.0,r2egym-qwen3-32b-rl-step200-seqlen-run4,24,3998,token_limit,29,0.0293122286314409,False,29
slimshetty/swebench-verified:sweb.eval.x86_64.sphinx-doc__sphinx-7462,0.0,r2egym-qwen3-32b-rl-step200-seqlen-run4,40,3484,agent,49,0.731058584489497,False,50
slimshetty/swebench-verified:sweb.eval.x86_64.django__django-11179,1.0,r2egym-qwen3-32b-rl-step200-seqlen-run4,100,2528,abs_step_limit,40,0.7549149813536516,True,40
slimshetty/swebench-verified:sweb.eval.x86_64.sympy__sympy-22080,0.0,r2egym-qwen3-32b-rl-step200-seqlen-run4,45,0,token_limit,91,0.0002034270198928,False,93
slimshetty/swebench-verified:sweb.eval.x86_64.sphinx-doc__sphinx-9367,1.0,r2egym-qwen3-32b-rl-step200-seqlen-run4,43,1647,agent_max_step_limit,25,0.7057850340255386,True,26
slimshetty/swebench-verified:sweb.eval.x86_64.scikit-learn__scikit-learn-11310,1.0,r2egym-qwen3-32b-rl-step200-seqlen-run4,28,2083,agent,50,0.8354835411997897,True,51
slimshetty/swebench-verified:sweb.eval.x86_64.pytest-dev__pytest-5840,0.0,r2egym-qwen3-32b-rl-step200-seqlen-run4,97,1970,token_limit,50,0.6791786926816161,False,51
slimshetty/swebench-verified:sweb.eval.x86_64.django__django-11400,0.0,r2egym-qwen3-32b-rl-step200-seqlen-run4,55,5013,token_limit,58,0.8175744806385542,False,58
slimshetty/swebench-verified:sweb.eval.x86_64.scikit-learn__scikit-learn-14087,0.0,r2egym-qwen3-32b-rl-step200-seqlen-run4,54,736,token_limit,172,0.0035936018619422,False,171
slimshetty/swebench-verified:sweb.eval.x86_64.django__django-10914,1.0,r2egym-qwen3-32b-rl-step200-seqlen-run4,90,2352,token_limit,98,0.8807970732843033,True,98
slimshetty/swebench-verified:sweb.eval.x86_64.sphinx-doc__sphinx-8638,0.0,r2egym-qwen3-32b-rl-step200-seqlen-run4,100,906,abs_step_limit,34,0.0004305570285172,False,34
slimshetty/swebench-verified:sweb.eval.x86_64.matplotlib__matplotlib-24149,1.0,r2egym-qwen3-32b-rl-step200-seqlen-run4,100,1195,abs_step_limit,767,0.8354835371034368,True,767
slimshetty/swebench-verified:sweb.eval.x86_64.django__django-12050,1.0,r2egym-qwen3-32b-rl-step200-seqlen-run4,37,4701,agent,10,0.8354835411997897,True,10
slimshetty/swebench-verified:sweb.eval.x86_64.django__django-11964,0.0,r2egym-qwen3-32b-rl-step200-seqlen-run4,48,3152,agent_max_step_limit,15,0.7981867729389246,False,16
slimshetty/swebench-verified:sweb.eval.x86_64.django__django-16139,1.0,r2egym-qwen3-32b-rl-step200-seqlen-run4,97,2444,token_limit,86,0.8354835391516133,True,86
slimshetty/swebench-verified:sweb.eval.x86_64.sphinx-doc__sphinx-10466,0.0,r2egym-qwen3-32b-rl-step200-seqlen-run4,100,717,abs_step_limit,6,0.6791786926816161,False,6
slimshetty/swebench-verified:sweb.eval.x86_64.astropy__astropy-14508,0.0,r2egym-qwen3-32b-rl-step200-seqlen-run4,76,662,token_limit,173,0.0293122323942908,False,173
slimshetty/swebench-verified:sweb.eval.x86_64.django__django-17087,1.0,r2egym-qwen3-32b-rl-step200-seqlen-run4,100,1281,abs_step_limit,53,0.880797068590724,True,53
slimshetty/swebench-verified:sweb.eval.x86_64.django__django-13925,0.0,r2egym-qwen3-32b-rl-step200-seqlen-run4,81,0,token_limit,24,3.5356242238628006e-05,False,22
slimshetty/swebench-verified:sweb.eval.x86_64.django__django-11728,0.0,r2egym-qwen3-32b-rl-step200-seqlen-run4,4,0,token_limit,43,0.0001398220718938,False,46
slimshetty/swebench-verified:sweb.eval.x86_64.django__django-15930,0.0,r2egym-qwen3-32b-rl-step200-seqlen-run4,93,7655,token_limit,88,0.5312093733737562,False,88
slimshetty/swebench-verified:sweb.eval.x86_64.scikit-learn__scikit-learn-14629,0.0,r2egym-qwen3-32b-rl-step200-seqlen-run4,100,3156,abs_step_limit,26,0.2227001439842335,False,24
slimshetty/swebench-verified:sweb.eval.x86_64.matplotlib__matplotlib-20488,0.0,r2egym-qwen3-32b-rl-step200-seqlen-run4,56,0,token_limit,110,2.4300243595999808e-05,False,110
slimshetty/swebench-verified:sweb.eval.x86_64.sympy__sympy-14531,1.0,r2egym-qwen3-32b-rl-step200-seqlen-run4,35,2142,agent,84,0.8354835432479663,True,85
slimshetty/swebench-verified:sweb.eval.x86_64.django__django-14311,0.0,r2egym-qwen3-32b-rl-step200-seqlen-run4,100,0,abs_step_limit,59,1.8925143723000643e-05,False,59
slimshetty/swebench-verified:sweb.eval.x86_64.django__django-12774,0.0,r2egym-qwen3-32b-rl-step200-seqlen-run4,100,3921,abs_step_limit,39,0.7549149923816048,False,40
slimshetty/swebench-verified:sweb.eval.x86_64.django__django-14787,1.0,r2egym-qwen3-32b-rl-step200-seqlen-run4,30,1593,agent,20,0.8807970858005139,True,20
slimshetty/swebench-verified:sweb.eval.x86_64.django__django-16493,1.0,r2egym-qwen3-32b-rl-step200-seqlen-run4,100,4420,abs_step_limit,91,0.8354835330070839,True,91
slimshetty/swebench-verified:sweb.eval.x86_64.sympy__sympy-24661,0.0,r2egym-qwen3-32b-rl-step200-seqlen-run4,35,1656,token_limit,0,0.000335350267431,False,0
slimshetty/swebench-verified:sweb.eval.x86_64.sympy__sympy-20590,1.0,r2egym-qwen3-32b-rl-step200-seqlen-run4,23,454,agent,21,0.6224593312018546,True,21
slimshetty/swebench-verified:sweb.eval.x86_64.scikit-learn__scikit-learn-26323,1.0,r2egym-qwen3-32b-rl-step200-seqlen-run4,21,616,agent,188,0.8807970858005139,True,188
slimshetty/swebench-verified:sweb.eval.x86_64.django__django-14725,0.0,r2egym-qwen3-32b-rl-step200-seqlen-run4,47,3591,agent_max_step_limit,64,0.7981867705385762,False,64
slimshetty/swebench-verified:sweb.eval.x86_64.django__django-15629,0.0,r2egym-qwen3-32b-rl-step200-seqlen-run4,87,5599,token_limit,115,0.4073334000459302,False,115
slimshetty/swebench-verified:sweb.eval.x86_64.django__django-14315,0.0,r2egym-qwen3-32b-rl-step200-seqlen-run4,39,2107,agent,0,0.8354835371034368,False,8
slimshetty/swebench-verified:sweb.eval.x86_64.sympy__sympy-21847,1.0,r2egym-qwen3-32b-rl-step200-seqlen-run4,27,3071,agent,9,0.867035763237924,True,10
slimshetty/swebench-verified:sweb.eval.x86_64.sympy__sympy-13615,0.0,r2egym-qwen3-32b-rl-step200-seqlen-run4,42,0,token_limit,70,6.605214451056634e-05,False,71
slimshetty/swebench-verified:sweb.eval.x86_64.sympy__sympy-15599,0.0,r2egym-qwen3-32b-rl-step200-seqlen-run4,62,743,token_limit,80,0.8175744828610095,False,80
slimshetty/swebench-verified:sweb.eval.x86_64.django__django-15161,0.0,r2egym-qwen3-32b-rl-step200-seqlen-run4,86,0,token_limit,208,6.605216023019448e-05,False,210
slimshetty/swebench-verified:sweb.eval.x86_64.sympy__sympy-17318,0.0,r2egym-qwen3-32b-rl-step200-seqlen-run4,100,1200,abs_step_limit,10,0.705785040214066,False,10
slimshetty/swebench-verified:sweb.eval.x86_64.django__django-14534,0.0,r2egym-qwen3-32b-rl-step200-seqlen-run4,100,1180,abs_step_limit,118,0.8175744806385543,False,118
slimshetty/swebench-verified:sweb.eval.x86_64.django__django-15554,0.0,r2egym-qwen3-32b-rl-step200-seqlen-run4,85,3299,token_limit,19,0.7057850278370112,False,19
slimshetty/swebench-verified:sweb.eval.x86_64.scikit-learn__scikit-learn-12585,1.0,r2egym-qwen3-32b-rl-step200-seqlen-run4,100,555,abs_step_limit,22,0.880797071719777,True,22
slimshetty/swebench-verified:sweb.eval.x86_64.sympy__sympy-16792,0.0,r2egym-qwen3-32b-rl-step200-seqlen-run4,100,0,abs_step_limit,54,2.7535697643963117e-05,False,54
slimshetty/swebench-verified:sweb.eval.x86_64.sphinx-doc__sphinx-10435,0.0,r2egym-qwen3-32b-rl-step200-seqlen-run4,42,3598,agent_max_step_limit,74,0.3486451353339457,False,74
slimshetty/swebench-verified:sweb.eval.x86_64.sphinx-doc__sphinx-8269,1.0,r2egym-qwen3-32b-rl-step200-seqlen-run4,100,1986,abs_step_limit,5,0.4073334000459302,True,5
slimshetty/swebench-verified:sweb.eval.x86_64.sphinx-doc__sphinx-11445,1.0,r2egym-qwen3-32b-rl-step200-seqlen-run4,95,1976,token_limit,8,0.679178699175393,True,0
slimshetty/swebench-verified:sweb.eval.x86_64.sphinx-doc__sphinx-7590,0.0,r2egym-qwen3-32b-rl-step200-seqlen-run4,41,1157,token_limit,24,0.8354835330070839,False,25
slimshetty/swebench-verified:sweb.eval.x86_64.django__django-14915,0.0,r2egym-qwen3-32b-rl-step200-seqlen-run4,67,0,token_limit,23,3.120190389923804e-05,False,23
slimshetty/swebench-verified:sweb.eval.x86_64.django__django-13012,1.0,r2egym-qwen3-32b-rl-step200-seqlen-run4,93,3859,token_limit,137,0.3775406687981454,True,137
slimshetty/swebench-verified:sweb.eval.x86_64.django__django-16485,1.0,r2egym-qwen3-32b-rl-step200-seqlen-run4,26,3736,agent,9,0.679178699175393,True,10
slimshetty/swebench-verified:sweb.eval.x86_64.sphinx-doc__sphinx-9658,0.0,r2egym-qwen3-32b-rl-step200-seqlen-run4,42,440,token_limit,24,0.0953494629710942,False,23
slimshetty/swebench-verified:sweb.eval.x86_64.pytest-dev__pytest-6197,0.0,r2egym-qwen3-32b-rl-step200-seqlen-run4,47,2000,token_limit,144,0.6224593241981982,False,144
slimshetty/swebench-verified:sweb.eval.x86_64.matplotlib__matplotlib-23299,1.0,r2egym-qwen3-32b-rl-step200-seqlen-run4,49,1248,agent_max_step_limit,192,0.8670357494949104,True,192
slimshetty/swebench-verified:sweb.eval.x86_64.django__django-14999,1.0,r2egym-qwen3-32b-rl-step200-seqlen-run4,38,2567,agent,113,0.6791786926816161,True,113
slimshetty/swebench-verified:sweb.eval.x86_64.sympy__sympy-18189,1.0,r2egym-qwen3-32b-rl-step200-seqlen-run4,29,2467,agent,41,0.9149009625340366,True,42
slimshetty/swebench-verified:sweb.eval.x86_64.django__django-17029,1.0,r2egym-qwen3-32b-rl-step200-seqlen-run4,76,1736,token_limit,43,0.9046505338155468,True,43
slimshetty/swebench-verified:sweb.eval.x86_64.django__django-15851,1.0,r2egym-qwen3-32b-rl-step200-seqlen-run4,100,1802,token_limit,8,0.8519527963298947,True,8
slimshetty/swebench-verified:sweb.eval.x86_64.sphinx-doc__sphinx-7748,0.0,r2egym-qwen3-32b-rl-step200-seqlen-run4,78,7584,token_limit,10,0.2018132222603788,False,10
slimshetty/swebench-verified:sweb.eval.x86_64.sympy__sympy-17139,0.0,r2egym-qwen3-32b-rl-step200-seqlen-run4,100,547,abs_step_limit,67,0.8354835432479661,False,68
slimshetty/swebench-verified:sweb.eval.x86_64.django__django-16082,0.0,r2egym-qwen3-32b-rl-step200-seqlen-run4,33,0,token_limit,170,4.006369691549301e-05,False,172
slimshetty/swebench-verified:sweb.eval.x86_64.sympy__sympy-18211,0.0,r2egym-qwen3-32b-rl-step200-seqlen-run4,19,0,token_limit,54,1.8925145980181437e-05,False,54
slimshetty/swebench-verified:sweb.eval.x86_64.pydata__xarray-4966,1.0,r2egym-qwen3-32b-rl-step200-seqlen-run4,100,2302,abs_step_limit,21,0.6224593312018545,True,17
slimshetty/swebench-verified:sweb.eval.x86_64.scikit-learn__scikit-learn-13328,1.0,r2egym-qwen3-32b-rl-step200-seqlen-run4,25,637,agent,9,0.8670357563664174,True,9
slimshetty/swebench-verified:sweb.eval.x86_64.matplotlib__matplotlib-22719,1.0,r2egym-qwen3-32b-rl-step200-seqlen-run4,76,1798,token_limit,68,0.7549149868676284,True,64
slimshetty/swebench-verified:sweb.eval.x86_64.pytest-dev__pytest-10081,0.0,r2egym-qwen3-32b-rl-step200-seqlen-run4,100,0,abs_step_limit,63,0.000203426948577,False,62
slimshetty/swebench-verified:sweb.eval.x86_64.django__django-12209,1.0,r2egym-qwen3-32b-rl-step200-seqlen-run4,70,3589,token_limit,0,0.7772998714925403,True,1
slimshetty/swebench-verified:sweb.eval.x86_64.astropy__astropy-7606,0.0,r2egym-qwen3-32b-rl-step200-seqlen-run4,100,3641,abs_step_limit,0,0.8807970779778824,False,0
slimshetty/swebench-verified:sweb.eval.x86_64.django__django-13028,1.0,r2egym-qwen3-32b-rl-step200-seqlen-run4,44,3226,agent_max_step_limit,276,0.7772998663336158,True,277
slimshetty/swebench-verified:sweb.eval.x86_64.pytest-dev__pytest-5631,1.0,r2egym-qwen3-32b-rl-step200-seqlen-run4,99,3076,token_limit,15,0.880797071719777,True,15
slimshetty/swebench-verified:sweb.eval.x86_64.astropy__astropy-14309,1.0,r2egym-qwen3-32b-rl-step200-seqlen-run4,37,2666,agent,141,0.8354835350552603,True,141
slimshetty/swebench-verified:sweb.eval.x86_64.scikit-learn__scikit-learn-14710,0.0,r2egym-qwen3-32b-rl-step200-seqlen-run4,100,2751,abs_step_limit,0,0.8175744761936437,False,0
slimshetty/swebench-verified:sweb.eval.x86_64.django__django-13406,1.0,r2egym-qwen3-32b-rl-step200-seqlen-run4,54,2642,agent_max_step_limit,32,0.7772998663336158,True,33
slimshetty/swebench-verified:sweb.eval.x86_64.django__django-15280,0.0,r2egym-qwen3-32b-rl-step200-seqlen-run4,54,0,token_limit,85,5.14422258072462e-05,False,85
slimshetty/swebench-verified:sweb.eval.x86_64.django__django-11119,1.0,r2egym-qwen3-32b-rl-step200-seqlen-run4,47,1875,agent_max_step_limit,7,0.8670357494949105,True,7
slimshetty/swebench-verified:sweb.eval.x86_64.matplotlib__matplotlib-25287,1.0,r2egym-qwen3-32b-rl-step200-seqlen-run4,100,2702,abs_step_limit,786,0.7981867729389246,True,786
slimshetty/swebench-verified:sweb.eval.x86_64.sympy__sympy-12096,1.0,r2egym-qwen3-32b-rl-step200-seqlen-run4,34,1745,agent,43,0.8807970811069351,True,43
slimshetty/swebench-verified:sweb.eval.x86_64.pylint-dev__pylint-7277,0.0,r2egym-qwen3-32b-rl-step200-seqlen-run4,31,1841,agent,120,0.4687906266262437,False,121
slimshetty/swebench-verified:sweb.eval.x86_64.pydata__xarray-4356,0.0,r2egym-qwen3-32b-rl-step200-seqlen-run4,97,1637,token_limit,530,0.0046095725190943,False,514
slimshetty/swebench-verified:sweb.eval.x86_64.astropy__astropy-13453,1.0,r2egym-qwen3-32b-rl-step200-seqlen-run4,48,924,agent_max_step_limit,9,0.7310585786300049,True,9
slimshetty/swebench-verified:sweb.eval.x86_64.pydata__xarray-6461,1.0,r2egym-qwen3-32b-rl-step200-seqlen-run4,43,1457,agent_max_step_limit,247,0.8519527982093666,True,248
slimshetty/swebench-verified:sweb.eval.x86_64.django__django-16454,0.0,r2egym-qwen3-32b-rl-step200-seqlen-run4,47,3351,agent_max_step_limit,44,0.7981867729389246,False,44
slimshetty/swebench-verified:sweb.eval.x86_64.django__django-11555,0.0,r2egym-qwen3-32b-rl-step200-seqlen-run4,98,1665,token_limit,26,0.5926665999540698,False,26
slimshetty/swebench-verified:sweb.eval.x86_64.pytest-dev__pytest-7324,0.0,r2egym-qwen3-32b-rl-step200-seqlen-run4,100,0,abs_step_limit,58,0.0004878571122237,False,58
slimshetty/swebench-verified:sweb.eval.x86_64.django__django-16100,1.0,r2egym-qwen3-32b-rl-step200-seqlen-run4,55,5384,agent_max_step_limit,59,0.7981867801399695,True,59
slimshetty/swebench-verified:sweb.eval.x86_64.sympy__sympy-22714,0.0,r2egym-qwen3-32b-rl-step200-seqlen-run4,87,1156,token_limit,0,0.0124316494925464,False,0
slimshetty/swebench-verified:sweb.eval.x86_64.django__django-14580,1.0,r2egym-qwen3-32b-rl-step200-seqlen-run4,95,5060,token_limit,49,0.7057850278370111,True,49
slimshetty/swebench-verified:sweb.eval.x86_64.django__django-15741,1.0,r2egym-qwen3-32b-rl-step200-seqlen-run4,100,1733,abs_step_limit,104,0.7549149868676284,True,104
slimshetty/swebench-verified:sweb.eval.x86_64.pytest-dev__pytest-5809,0.0,r2egym-qwen3-32b-rl-step200-seqlen-run4,100,4027,abs_step_limit,0,0.0015011824734638,False,0
slimshetty/swebench-verified:sweb.eval.x86_64.sympy__sympy-14248,0.0,r2egym-qwen3-32b-rl-step200-seqlen-run4,44,5584,token_limit,433,0.0373268889504861,False,434
slimshetty/swebench-verified:sweb.eval.x86_64.django__django-11163,1.0,r2egym-qwen3-32b-rl-step200-seqlen-run4,73,2416,token_limit,141,0.8519528000888386,True,142
slimshetty/swebench-verified:sweb.eval.x86_64.pytest-dev__pytest-5787,0.0,r2egym-qwen3-32b-rl-step200-seqlen-run4,37,3361,token_limit,115,0.0017007225920905,False,115
slimshetty/swebench-verified:sweb.eval.x86_64.django__django-16032,1.0,r2egym-qwen3-32b-rl-step200-seqlen-run4,54,3139,token_limit,77,0.8175744806385543,True,77
slimshetty/swebench-verified:sweb.eval.x86_64.django__django-7530,1.0,r2egym-qwen3-32b-rl-step200-seqlen-run4,42,0,agent_max_step_limit,59,0.000487857165953,True,63
slimshetty/swebench-verified:sweb.eval.x86_64.sympy__sympy-12489,0.0,r2egym-qwen3-32b-rl-step200-seqlen-run4,89,2468,token_limit,7,0.0097084773141907,False,7
slimshetty/swebench-verified:sweb.eval.x86_64.sphinx-doc__sphinx-9698,1.0,r2egym-qwen3-32b-rl-step200-seqlen-run4,100,624,abs_step_limit,45,0.8175744850834649,True,45
slimshetty/swebench-verified:sweb.eval.x86_64.django__django-12754,0.0,r2egym-qwen3-32b-rl-step200-seqlen-run4,81,4052,token_limit,104,0.7310585786300049,False,104
slimshetty/swebench-verified:sweb.eval.x86_64.django__django-13033,0.0,r2egym-qwen3-32b-rl-step200-seqlen-run4,20,0,token_limit,26,0.0001233945736288,False,26
slimshetty/swebench-verified:sweb.eval.x86_64.django__django-13569,1.0,r2egym-qwen3-32b-rl-step200-seqlen-run4,94,3509,token_limit,66,0.7310585903489891,True,67
slimshetty/swebench-verified:sweb.eval.x86_64.django__django-13315,1.0,r2egym-qwen3-32b-rl-step200-seqlen-run4,56,2931,agent_max_step_limit,146,0.798186775339273,True,147
slimshetty/swebench-verified:sweb.eval.x86_64.django__django-13810,0.0,r2egym-qwen3-32b-rl-step200-seqlen-run4,100,2295,abs_step_limit,27,0.7981867825403177,False,29
slimshetty/swebench-verified:sweb.eval.x86_64.matplotlib__matplotlib-20826,0.0,r2egym-qwen3-32b-rl-step200-seqlen-run4,82,1138,token_limit,47,0.0002959570950942,False,47
slimshetty/swebench-verified:sweb.eval.x86_64.sympy__sympy-13480,1.0,r2egym-qwen3-32b-rl-step200-seqlen-run4,54,594,token_limit,43,0.0953494738965146,True,44
slimshetty/swebench-verified:sweb.eval.x86_64.django__django-11532,0.0,r2egym-qwen3-32b-rl-step200-seqlen-run4,100,1737,abs_step_limit,0,0.0008040859078968,False,0
slimshetty/swebench-verified:sweb.eval.x86_64.django__django-14376,0.0,r2egym-qwen3-32b-rl-step200-seqlen-run4,62,3220,token_limit,6,0.817574471748733,False,9
slimshetty/swebench-verified:sweb.eval.x86_64.matplotlib__matplotlib-24570,1.0,r2egym-qwen3-32b-rl-step200-seqlen-run4,95,2640,token_limit,267,0.7310585786300049,True,263
slimshetty/swebench-verified:sweb.eval.x86_64.scikit-learn__scikit-learn-13779,1.0,r2egym-qwen3-32b-rl-step200-seqlen-run4,46,638,agent_max_step_limit,18,0.4073334000459302,True,18
slimshetty/swebench-verified:sweb.eval.x86_64.astropy__astropy-14096,0.0,r2egym-qwen3-32b-rl-step200-seqlen-run4,6,402,token_limit,426,0.0035936022621152,False,426
slimshetty/swebench-verified:sweb.eval.x86_64.django__django-15916,0.0,r2egym-qwen3-32b-rl-step200-seqlen-run4,83,3257,token_limit,149,0.8807970889295664,False,149
slimshetty/swebench-verified:sweb.eval.x86_64.django__django-13807,0.0,r2egym-qwen3-32b-rl-step200-seqlen-run4,100,3075,abs_step_limit,38,0.6791787121629465,False,40
slimshetty/swebench-verified:sweb.eval.x86_64.django__django-11066,1.0,r2egym-qwen3-32b-rl-step200-seqlen-run4,100,3276,abs_step_limit,3,0.8519528000888387,True,3
slimshetty/swebench-verified:sweb.eval.x86_64.django__django-11433,0.0,r2egym-qwen3-32b-rl-step200-seqlen-run4,92,3588,token_limit,138,0.7772998663336158,False,139
slimshetty/swebench-verified:sweb.eval.x86_64.scikit-learn__scikit-learn-13142,1.0,r2egym-qwen3-32b-rl-step200-seqlen-run4,41,2441,max_step_limit,54,0.8933094138654241,True,54
slimshetty/swebench-verified:sweb.eval.x86_64.scikit-learn__scikit-learn-25747,0.0,r2egym-qwen3-32b-rl-step200-seqlen-run4,22,2840,agent,14,0.8519528076067262,False,15
slimshetty/swebench-verified:sweb.eval.x86_64.matplotlib__matplotlib-25332,1.0,r2egym-qwen3-32b-rl-step200-seqlen-run4,41,1707,max_step_limit,181,0.8670357735451834,True,182
slimshetty/swebench-verified:sweb.eval.x86_64.sphinx-doc__sphinx-8120,1.0,r2egym-qwen3-32b-rl-step200-seqlen-run4,41,2344,token_limit,44,0.5312093733737563,True,44
slimshetty/swebench-verified:sweb.eval.x86_64.sympy__sympy-23824,1.0,r2egym-qwen3-32b-rl-step200-seqlen-run4,43,2076,agent_max_step_limit,2,0.8807970685907242,True,3
slimshetty/swebench-verified:sweb.eval.x86_64.sphinx-doc__sphinx-8265,0.0,r2egym-qwen3-32b-rl-step200-seqlen-run4,100,906,abs_step_limit,22,0.0011695102175951,False,23
slimshetty/swebench-verified:sweb.eval.x86_64.sympy__sympy-13852,0.0,r2egym-qwen3-32b-rl-step200-seqlen-run4,100,1520,abs_step_limit,4,0.8354835371034368,False,4
slimshetty/swebench-verified:sweb.eval.x86_64.pydata__xarray-4687,0.0,r2egym-qwen3-32b-rl-step200-seqlen-run4,75,1278,token_limit,1415,0.0015011822755828,False,1415
slimshetty/swebench-verified:sweb.eval.x86_64.sympy__sympy-19495,1.0,r2egym-qwen3-32b-rl-step200-seqlen-run4,42,2455,agent_max_step_limit,8,0.705785040214066,True,8
slimshetty/swebench-verified:sweb.eval.x86_64.pylint-dev__pylint-4661,0.0,r2egym-qwen3-32b-rl-step200-seqlen-run4,100,4580,abs_step_limit,0,0.7549149758396752,False,51
slimshetty/swebench-verified:sweb.eval.x86_64.django__django-11951,0.0,r2egym-qwen3-32b-rl-step200-seqlen-run4,76,10411,token_limit,21,0.6224593312018546,False,21
slimshetty/swebench-verified:sweb.eval.x86_64.django__django-13023,0.0,r2egym-qwen3-32b-rl-step200-seqlen-run4,41,5156,max_step_limit,8,0.4073334000459302,False,0
slimshetty/swebench-verified:sweb.eval.x86_64.django__django-13417,0.0,r2egym-qwen3-32b-rl-step200-seqlen-run4,79,0,token_limit,280,6.605217607477225e-05,False,280
slimshetty/swebench-verified:sweb.eval.x86_64.matplotlib__matplotlib-23476,0.0,r2egym-qwen3-32b-rl-step200-seqlen-run4,62,0,token_limit,104,4.006367779782906e-05,False,104
slimshetty/swebench-verified:sweb.eval.x86_64.astropy__astropy-14369,0.0,r2egym-qwen3-32b-rl-step200-seqlen-run4,42,4477,token_limit,732,0.7772998560157665,False,729
slimshetty/swebench-verified:sweb.eval.x86_64.pytest-dev__pytest-6202,1.0,r2egym-qwen3-32b-rl-step200-seqlen-run4,45,397,token_limit,72,0.0534033313063737,True,73
slimshetty/swebench-verified:sweb.eval.x86_64.django__django-11749,1.0,r2egym-qwen3-32b-rl-step200-seqlen-run4,100,2148,abs_step_limit,34,0.8933093996634686,True,34
slimshetty/swebench-verified:sweb.eval.x86_64.sympy__sympy-13878,0.0,r2egym-qwen3-32b-rl-step200-seqlen-run4,52,4357,token_limit,19,0.0097084766963686,False,20
slimshetty/swebench-verified:sweb.eval.x86_64.django__django-14434,1.0,r2egym-qwen3-32b-rl-step200-seqlen-run4,82,2428,token_limit,133,0.8175744806385543,True,133
slimshetty/swebench-verified:sweb.eval.x86_64.pydata__xarray-3305,1.0,r2egym-qwen3-32b-rl-step200-seqlen-run4,37,1889,agent,653,0.3486451217982255,True,665
slimshetty/swebench-verified:sweb.eval.x86_64.django__django-15814,1.0,r2egym-qwen3-32b-rl-step200-seqlen-run4,37,1523,agent,29,0.8354835411997897,True,29
slimshetty/swebench-verified:sweb.eval.x86_64.django__django-12276,1.0,r2egym-qwen3-32b-rl-step200-seqlen-run4,41,2045,max_step_limit,117,0.7549149978955811,True,117
slimshetty/swebench-verified:sweb.eval.x86_64.django__django-14792,0.0,r2egym-qwen3-32b-rl-step200-seqlen-run4,100,592,abs_step_limit,23,0.8670357666736772,False,24
slimshetty/swebench-verified:sweb.eval.x86_64.scikit-learn__scikit-learn-9288,1.0,r2egym-qwen3-32b-rl-step200-seqlen-run4,59,3064,token_limit,123,0.8670357735451835,True,123
slimshetty/swebench-verified:sweb.eval.x86_64.django__django-16255,1.0,r2egym-qwen3-32b-rl-step200-seqlen-run4,100,524,token_limit,36,0.9046505248181418,True,36
slimshetty/swebench-verified:sweb.eval.x86_64.django__django-12858,1.0,r2egym-qwen3-32b-rl-step200-seqlen-run4,52,1424,token_limit,73,0.5,True,73
slimshetty/swebench-verified:sweb.eval.x86_64.django__django-13121,0.0,r2egym-qwen3-32b-rl-step200-seqlen-run4,39,0,token_limit,168,3.12019039027568e-05,False,169
slimshetty/swebench-verified:sweb.eval.x86_64.pylint-dev__pylint-4970,0.0,r2egym-qwen3-32b-rl-step200-seqlen-run4,67,2322,token_limit,17,0.0028009273033338,False,17
slimshetty/swebench-verified:sweb.eval.x86_64.django__django-12325,0.0,r2egym-qwen3-32b-rl-step200-seqlen-run4,41,0,token_limit,201,0.0001088969469989,False,201
slimshetty/swebench-verified:sweb.eval.x86_64.pytest-dev__pytest-7982,1.0,r2egym-qwen3-32b-rl-step200-seqlen-run4,71,8378,token_limit,78,0.2227001439842335,True,78
slimshetty/swebench-verified:sweb.eval.x86_64.django__django-12708,1.0,r2egym-qwen3-32b-rl-step200-seqlen-run4,42,4106,agent_max_step_limit,101,0.6791786926816161,True,101
slimshetty/swebench-verified:sweb.eval.x86_64.sphinx-doc__sphinx-10614,0.0,r2egym-qwen3-32b-rl-step200-seqlen-run4,100,3807,abs_step_limit,5,0.5312093733737563,False,6
slimshetty/swebench-verified:sweb.eval.x86_64.matplotlib__matplotlib-25311,0.0,r2egym-qwen3-32b-rl-step200-seqlen-run4,50,0,token_limit,181,4.539785774447017e-05,False,183
slimshetty/swebench-verified:sweb.eval.x86_64.django__django-16136,0.0,r2egym-qwen3-32b-rl-step200-seqlen-run4,59,1821,token_limit,5,0.1329642281726931,False,6
slimshetty/swebench-verified:sweb.eval.x86_64.sympy__sympy-24539,1.0,r2egym-qwen3-32b-rl-step200-seqlen-run4,38,1192,agent,62,0.8670357701094303,True,63
slimshetty/swebench-verified:sweb.eval.x86_64.django__django-13658,1.0,r2egym-qwen3-32b-rl-step200-seqlen-run4,100,1351,abs_step_limit,181,0.8670357563664174,True,185
slimshetty/swebench-verified:sweb.eval.x86_64.sphinx-doc__sphinx-8459,0.0,r2egym-qwen3-32b-rl-step200-seqlen-run4,59,906,token_limit,17,0.000203426922834,False,17
slimshetty/swebench-verified:sweb.eval.x86_64.django__django-16145,0.0,r2egym-qwen3-32b-rl-step200-seqlen-run4,100,3797,abs_step_limit,155,0.7772998611746912,False,174
slimshetty/swebench-verified:sweb.eval.x86_64.astropy__astropy-7336,0.0,r2egym-qwen3-32b-rl-step200-seqlen-run4,14,1372,agent,0,0.817574471748733,False,0
slimshetty/swebench-verified:sweb.eval.x86_64.django__django-13401,0.0,r2egym-qwen3-32b-rl-step200-seqlen-run4,45,5635,agent_max_step_limit,31,0.8175744828610095,False,31
slimshetty/swebench-verified:sweb.eval.x86_64.sympy__sympy-17655,0.0,r2egym-qwen3-32b-rl-step200-seqlen-run4,100,1018,abs_step_limit,9,0.8933094081846421,False,11
slimshetty/swebench-verified:sweb.eval.x86_64.sphinx-doc__sphinx-7757,1.0,r2egym-qwen3-32b-rl-step200-seqlen-run4,46,4396,token_limit,33,0.7772998611746912,True,34
slimshetty/swebench-verified:sweb.eval.x86_64.pytest-dev__pytest-10356,0.0,r2egym-qwen3-32b-rl-step200-seqlen-run4,64,3927,agent_max_step_limit,79,0.2689414272294874,False,79
slimshetty/swebench-verified:sweb.eval.x86_64.django__django-15569,1.0,r2egym-qwen3-32b-rl-step200-seqlen-run4,51,3183,agent_max_step_limit,242,0.6791786861878392,True,244
slimshetty/swebench-verified:sweb.eval.x86_64.django__django-12039,0.0,r2egym-qwen3-32b-rl-step200-seqlen-run4,46,2456,agent_max_step_limit,11,0.8175744761936437,False,10
slimshetty/swebench-verified:sweb.eval.x86_64.astropy__astropy-8872,0.0,r2egym-qwen3-32b-rl-step200-seqlen-run4,95,604,token_limit,0,0.0019267346628797,False,0
slimshetty/swebench-verified:sweb.eval.x86_64.sphinx-doc__sphinx-9320,0.0,r2egym-qwen3-32b-rl-step200-seqlen-run4,78,0,token_limit,9,2.4300234924597754e-05,False,9
slimshetty/swebench-verified:sweb.eval.x86_64.django__django-13212,0.0,r2egym-qwen3-32b-rl-step200-seqlen-run4,100,20267,abs_step_limit,0,0.0002611902746529,False,0
slimshetty/swebench-verified:sweb.eval.x86_64.django__django-13513,0.0,r2egym-qwen3-32b-rl-step200-seqlen-run4,12,1114,agent,83,0.1192029220221175,False,83
slimshetty/swebench-verified:sweb.eval.x86_64.sphinx-doc__sphinx-9229,0.0,r2egym-qwen3-32b-rl-step200-seqlen-run4,56,2627,agent_max_step_limit,13,0.7549149978955811,False,13
slimshetty/swebench-verified:sweb.eval.x86_64.sympy__sympy-20154,1.0,r2egym-qwen3-32b-rl-step200-seqlen-run4,61,1902,token_limit,40,0.8519528076067262,True,42
slimshetty/swebench-verified:sweb.eval.x86_64.sympy__sympy-16766,0.0,r2egym-qwen3-32b-rl-step200-seqlen-run4,100,0,abs_step_limit,7,1.0129988561906404e-05,False,8
slimshetty/swebench-verified:sweb.eval.x86_64.astropy__astropy-14539,0.0,r2egym-qwen3-32b-rl-step200-seqlen-run4,63,1450,token_limit,46,0.0758581821104971,False,48
slimshetty/swebench-verified:sweb.eval.x86_64.sphinx-doc__sphinx-9673,0.0,r2egym-qwen3-32b-rl-step200-seqlen-run4,100,1695,abs_step_limit,23,0.022977372293497,False,23
slimshetty/swebench-verified:sweb.eval.x86_64.sympy__sympy-21596,0.0,r2egym-qwen3-32b-rl-step200-seqlen-run4,76,1921,token_limit,37,0.008577485754267,False,40
slimshetty/swebench-verified:sweb.eval.x86_64.sympy__sympy-13877,0.0,r2egym-qwen3-32b-rl-step200-seqlen-run4,10,550,llm_query_error,110,0.3775406687981454,False,111
slimshetty/swebench-verified:sweb.eval.x86_64.django__django-16315,0.0,r2egym-qwen3-32b-rl-step200-seqlen-run4,100,4564,abs_step_limit,42,0.8807970873650401,False,42
slimshetty/swebench-verified:sweb.eval.x86_64.sympy__sympy-13974,0.0,r2egym-qwen3-32b-rl-step200-seqlen-run4,43,2028,token_limit,4,0.0203323514133583,False,4
slimshetty/swebench-verified:sweb.eval.x86_64.matplotlib__matplotlib-24970,1.0,r2egym-qwen3-32b-rl-step200-seqlen-run4,100,3719,abs_step_limit,253,0.8807970826714614,True,250
slimshetty/swebench-verified:sweb.eval.x86_64.astropy__astropy-13579,0.0,r2egym-qwen3-32b-rl-step200-seqlen-run4,40,2813,agent,40,0.3486451353339457,False,40
slimshetty/swebench-verified:sweb.eval.x86_64.django__django-15375,0.0,r2egym-qwen3-32b-rl-step200-seqlen-run4,100,2927,abs_step_limit,90,0.3208212943308302,False,89
slimshetty/swebench-verified:sweb.eval.x86_64.sphinx-doc__sphinx-9602,0.0,r2egym-qwen3-32b-rl-step200-seqlen-run4,42,942,token_limit,45,0.0001584361783445,False,45
slimshetty/swebench-verified:sweb.eval.x86_64.pylint-dev__pylint-6528,0.0,r2egym-qwen3-32b-rl-step200-seqlen-run4,100,0,abs_step_limit,171,0.0002034269471268,False,166
slimshetty/swebench-verified:sweb.eval.x86_64.django__django-14765,1.0,r2egym-qwen3-32b-rl-step200-seqlen-run4,100,1635,abs_step_limit,64,0.8354835330070839,True,64
slimshetty/swebench-verified:sweb.eval.x86_64.django__django-15103,1.0,r2egym-qwen3-32b-rl-step200-seqlen-run4,100,2974,abs_step_limit,17,0.679178699175393,True,17
slimshetty/swebench-verified:sweb.eval.x86_64.sympy__sympy-13031,0.0,r2egym-qwen3-32b-rl-step200-seqlen-run4,100,2758,abs_step_limit,9,0.1645164547038574,False,10
slimshetty/swebench-verified:sweb.eval.x86_64.pydata__xarray-4695,0.0,r2egym-qwen3-32b-rl-step200-seqlen-run4,80,2613,token_limit,840,0.2942149783515162,False,865
slimshetty/swebench-verified:sweb.eval.x86_64.django__django-15863,1.0,r2egym-qwen3-32b-rl-step200-seqlen-run4,43,1133,agent_max_step_limit,9,0.8354835432479663,True,10
slimshetty/swebench-verified:sweb.eval.x86_64.django__django-13512,0.0,r2egym-qwen3-32b-rl-step200-seqlen-run4,100,637,abs_step_limit,32,0.6513548714339145,False,35
slimshetty/swebench-verified:sweb.eval.x86_64.pylint-dev__pylint-8898,0.0,r2egym-qwen3-32b-rl-step200-seqlen-run4,56,5439,token_limit,17,0.7981867753392728,False,16
slimshetty/swebench-verified:sweb.eval.x86_64.pydata__xarray-7229,0.0,r2egym-qwen3-32b-rl-step200-seqlen-run4,40,942,agent,270,0.8670357649558006,False,271
slimshetty/swebench-verified:sweb.eval.x86_64.django__django-15368,0.0,r2egym-qwen3-32b-rl-step200-seqlen-run4,6,0,token_limit,29,0.0001584362704528,False,29
slimshetty/swebench-verified:sweb.eval.x86_64.django__django-14089,1.0,r2egym-qwen3-32b-rl-step200-seqlen-run4,96,1785,token_limit,43,0.8933093996634686,True,43
slimshetty/swebench-verified:sweb.eval.x86_64.matplotlib__matplotlib-24637,0.0,r2egym-qwen3-32b-rl-step200-seqlen-run4,42,0,token_limit,29,6.605212879670866e-05,False,30
slimshetty/swebench-verified:sweb.eval.x86_64.astropy__astropy-13033,0.0,r2egym-qwen3-32b-rl-step200-seqlen-run4,100,0,abs_step_limit,20,4.0063706490068886e-05,False,21
slimshetty/swebench-verified:sweb.eval.x86_64.sphinx-doc__sphinx-8595,0.0,r2egym-qwen3-32b-rl-step200-seqlen-run4,80,929,token_limit,0,0.3486451421018059,False,0
slimshetty/swebench-verified:sweb.eval.x86_64.django__django-13809,1.0,r2egym-qwen3-32b-rl-step200-seqlen-run4,100,3506,abs_step_limit,245,0.7057850402140659,True,245
slimshetty/swebench-verified:sweb.eval.x86_64.django__django-12193,0.0,r2egym-qwen3-32b-rl-step200-seqlen-run4,84,5203,token_limit,11,0.8354835452961425,False,11
slimshetty/swebench-verified:sweb.eval.x86_64.astropy__astropy-7166,0.0,r2egym-qwen3-32b-rl-step200-seqlen-run4,15,716,agent,0,0.8670357701094304,False,0
slimshetty/swebench-verified:sweb.eval.x86_64.django__django-11206,0.0,r2egym-qwen3-32b-rl-step200-seqlen-run4,41,4326,token_limit,4,0.2689414272294874,False,5
slimshetty/swebench-verified:sweb.eval.x86_64.django__django-12741,1.0,r2egym-qwen3-32b-rl-step200-seqlen-run4,100,2653,abs_step_limit,67,0.7981867681382279,True,67
slimshetty/swebench-verified:sweb.eval.x86_64.django__django-12125,0.0,r2egym-qwen3-32b-rl-step200-seqlen-run4,33,0,token_limit,45,0.0001584361767701,False,46
slimshetty/swebench-verified:sweb.eval.x86_64.pydata__xarray-6992,0.0,r2egym-qwen3-32b-rl-step200-seqlen-run4,18,1208,agent,945,0.8354835371034368,False,948
slimshetty/swebench-verified:sweb.eval.x86_64.sympy__sympy-15809,0.0,r2egym-qwen3-32b-rl-step200-seqlen-run4,46,770,token_limit,10,0.8354835452961425,False,10
slimshetty/swebench-verified:sweb.eval.x86_64.django__django-11885,0.0,r2egym-qwen3-32b-rl-step200-seqlen-run4,67,2427,token_limit,43,0.0003353501827038,False,43
slimshetty/swebench-verified:sweb.eval.x86_64.scikit-learn__scikit-learn-10297,1.0,r2egym-qwen3-32b-rl-step200-seqlen-run4,89,2629,token_limit,28,0.8354835371034368,True,28
slimshetty/swebench-verified:sweb.eval.x86_64.sympy__sympy-16886,1.0,r2egym-qwen3-32b-rl-step200-seqlen-run4,10,466,agent,42,0.8175744828610095,True,43
slimshetty/swebench-verified:sweb.eval.x86_64.django__django-13297,0.0,r2egym-qwen3-32b-rl-step200-seqlen-run4,100,5092,abs_step_limit,50,0.1329642401978292,False,50
slimshetty/swebench-verified:sweb.eval.x86_64.pydata__xarray-6721,0.0,r2egym-qwen3-32b-rl-step200-seqlen-run4,70,1247,token_limit,1405,0.1192029157640123,False,1405
slimshetty/swebench-verified:sweb.eval.x86_64.matplotlib__matplotlib-24026,0.0,r2egym-qwen3-32b-rl-step200-seqlen-run4,100,1576,abs_step_limit,762,0.006692849540488,False,763
slimshetty/swebench-verified:sweb.eval.x86_64.matplotlib__matplotlib-26466,0.0,r2egym-qwen3-32b-rl-step200-seqlen-run4,31,1291,agent,100,0.5926665999540698,False,103
slimshetty/swebench-verified:sweb.eval.x86_64.pydata__xarray-3151,1.0,r2egym-qwen3-32b-rl-step200-seqlen-run4,44,599,agent_max_step_limit,66,0.9149009578933864,True,66
slimshetty/swebench-verified:sweb.eval.x86_64.django__django-11099,1.0,r2egym-qwen3-32b-rl-step200-seqlen-run4,100,2005,abs_step_limit,19,0.8519528000888387,True,22
slimshetty/swebench-verified:sweb.eval.x86_64.sympy__sympy-13372,1.0,r2egym-qwen3-32b-rl-step200-seqlen-run4,100,774,abs_step_limit,44,0.8670357718273068,True,45
slimshetty/swebench-verified:sweb.eval.x86_64.psf__requests-5414,0.0,r2egym-qwen3-32b-rl-step200-seqlen-run4,69,0,token_limit,130,6.605212083958431e-05,False,129
slimshetty/swebench-verified:sweb.eval.x86_64.django__django-11138,0.0,r2egym-qwen3-32b-rl-step200-seqlen-run4,41,2280,max_step_limit,73,0.817574478416099,False,73
slimshetty/swebench-verified:sweb.eval.x86_64.django__django-11276,1.0,r2egym-qwen3-32b-rl-step200-seqlen-run4,100,2015,abs_step_limit,548,0.7772998508568416,True,553
slimshetty/swebench-verified:sweb.eval.x86_64.astropy__astropy-14995,1.0,r2egym-qwen3-32b-rl-step200-seqlen-run4,67,613,token_limit,179,0.9149009468718408,True,179
slimshetty/swebench-verified:sweb.eval.x86_64.django__django-15380,0.0,r2egym-qwen3-32b-rl-step200-seqlen-run4,100,1990,abs_step_limit,133,0.0005527786588233,False,133
slimshetty/swebench-verified:sweb.eval.x86_64.psf__requests-6028,0.0,r2egym-qwen3-32b-rl-step200-seqlen-run4,30,401,token_limit,185,0.001501182099514,False,185
slimshetty/swebench-verified:sweb.eval.x86_64.django__django-14500,1.0,r2egym-qwen3-32b-rl-step200-seqlen-run4,89,4706,token_limit,21,0.8807970795424088,True,21
slimshetty/swebench-verified:sweb.eval.x86_64.django__django-13590,1.0,r2egym-qwen3-32b-rl-step200-seqlen-run4,100,2903,abs_step_limit,145,0.679178699175393,True,146
slimshetty/swebench-verified:sweb.eval.x86_64.astropy__astropy-13977,0.0,r2egym-qwen3-32b-rl-step200-seqlen-run4,21,7217,agent,261,0.651354857898194,False,245
slimshetty/swebench-verified:sweb.eval.x86_64.django__django-12262,1.0,r2egym-qwen3-32b-rl-step200-seqlen-run4,42,2524,token_limit,18,0.7310585903489891,True,22
slimshetty/swebench-verified:sweb.eval.x86_64.django__django-11265,1.0,r2egym-qwen3-32b-rl-step200-seqlen-run4,71,3138,token_limit,30,0.7310585786300049,True,30
slimshetty/swebench-verified:sweb.eval.x86_64.pytest-dev__pytest-5262,1.0,r2egym-qwen3-32b-rl-step200-seqlen-run4,42,1180,agent_max_step_limit,108,0.8175744806385543,True,108
slimshetty/swebench-verified:sweb.eval.x86_64.django__django-11451,1.0,r2egym-qwen3-32b-rl-step200-seqlen-run4,47,2139,agent_max_step_limit,45,0.7549149923816048,True,48
slimshetty/swebench-verified:sweb.eval.x86_64.django__django-14017,1.0,r2egym-qwen3-32b-rl-step200-seqlen-run4,69,1935,token_limit,147,0.8354835330070839,True,148
slimshetty/swebench-verified:sweb.eval.x86_64.scikit-learn__scikit-learn-14141,1.0,r2egym-qwen3-32b-rl-step200-seqlen-run4,43,2996,agent_max_step_limit,2,0.651354857898194,True,3
slimshetty/swebench-verified:sweb.eval.x86_64.django__django-15252,0.0,r2egym-qwen3-32b-rl-step200-seqlen-run4,79,997,token_limit,34,0.8354835371034368,False,34
slimshetty/swebench-verified:sweb.eval.x86_64.sympy__sympy-21612,0.0,r2egym-qwen3-32b-rl-step200-seqlen-run4,8,0,token_limit,98,9.610240269208052e-05,False,99
slimshetty/swebench-verified:sweb.eval.x86_64.django__django-13346,0.0,r2egym-qwen3-32b-rl-step200-seqlen-run4,100,2614,abs_step_limit,0,0.0005527785285184,False,0
slimshetty/swebench-verified:sweb.eval.x86_64.django__django-16642,0.0,r2egym-qwen3-32b-rl-step200-seqlen-run4,19,3196,agent,21,0.8354835391516133,False,22
slimshetty/swebench-verified:sweb.eval.x86_64.sympy__sympy-13091,0.0,r2egym-qwen3-32b-rl-step200-seqlen-run4,100,0,abs_step_limit,89,0.000139822023459,False,92
slimshetty/swebench-verified:sweb.eval.x86_64.django__django-13410,1.0,r2egym-qwen3-32b-rl-step200-seqlen-run4,57,1906,token_limit,40,0.8354835391516133,True,40
slimshetty/swebench-verified:sweb.eval.x86_64.django__django-13741,1.0,r2egym-qwen3-32b-rl-step200-seqlen-run4,39,3078,token_limit,82,0.8175744806385543,True,83
slimshetty/swebench-verified:sweb.eval.x86_64.sympy__sympy-18763,0.0,r2egym-qwen3-32b-rl-step200-seqlen-run4,66,1625,token_limit,140,0.0109869438955888,False,140
slimshetty/swebench-verified:sweb.eval.x86_64.astropy__astropy-14365,0.0,r2egym-qwen3-32b-rl-step200-seqlen-run4,22,2838,token_limit,6,0.0600866491220556,False,6
slimshetty/swebench-verified:sweb.eval.x86_64.django__django-16667,0.0,r2egym-qwen3-32b-rl-step200-seqlen-run4,100,2629,abs_step_limit,24,0.7549149758396752,False,26
slimshetty/swebench-verified:sweb.eval.x86_64.psf__requests-1142,0.0,r2egym-qwen3-32b-rl-step200-seqlen-run4,3,652833,token_limit,5,0.0,False,5
slimshetty/swebench-verified:sweb.eval.x86_64.matplotlib__matplotlib-25479,0.0,r2egym-qwen3-32b-rl-step200-seqlen-run4,36,1427,token_limit,263,0.798186787341014,False,264
slimshetty/swebench-verified:sweb.eval.x86_64.django__django-10554,0.0,r2egym-qwen3-32b-rl-step200-seqlen-run4,54,0,token_limit,23,4.0063687340044966e-05,False,24
slimshetty/swebench-verified:sweb.eval.x86_64.mwaskom__seaborn-3069,0.0,r2egym-qwen3-32b-rl-step200-seqlen-run4,64,3042,token_limit,86,0.0021827161603583,False,86
slimshetty/swebench-verified:sweb.eval.x86_64.sphinx-doc__sphinx-8035,1.0,r2egym-qwen3-32b-rl-step200-seqlen-run4,79,6788,token_limit,2,0.320821300824607,True,2
slimshetty/swebench-verified:sweb.eval.x86_64.sphinx-doc__sphinx-7910,1.0,r2egym-qwen3-32b-rl-step200-seqlen-run4,71,5292,token_limit,16,0.7981867729389246,True,16
slimshetty/swebench-verified:sweb.eval.x86_64.sympy__sympy-13757,0.0,r2egym-qwen3-32b-rl-step200-seqlen-run4,100,617,abs_step_limit,166,0.0059110675209366,False,166
slimshetty/swebench-verified:sweb.eval.x86_64.pylint-dev__pylint-4551,0.0,r2egym-qwen3-32b-rl-step200-seqlen-run4,100,0,abs_step_limit,0,4.006368259662828e-05,False,6
slimshetty/swebench-verified:sweb.eval.x86_64.django__django-11239,0.0,r2egym-qwen3-32b-rl-step200-seqlen-run4,64,1023,token_limit,5,0.8670357735451834,False,5
slimshetty/swebench-verified:sweb.eval.x86_64.scikit-learn__scikit-learn-15100,1.0,r2egym-qwen3-32b-rl-step200-seqlen-run4,23,687,token_limit,93,0.6791786926816161,True,93
slimshetty/swebench-verified:sweb.eval.x86_64.django__django-11734,0.0,r2egym-qwen3-32b-rl-step200-seqlen-run4,41,0,token_limit,275,7.484620926480483e-05,False,275
slimshetty/swebench-verified:sweb.eval.x86_64.sympy__sympy-17630,0.0,r2egym-qwen3-32b-rl-step200-seqlen-run4,32,2404,agent,19,0.7772998714925403,False,18
slimshetty/swebench-verified:sweb.eval.x86_64.django__django-10097,0.0,r2egym-qwen3-32b-rl-step200-seqlen-run4,100,0,abs_step_limit,1427,0.0001795279008887,False,0
slimshetty/swebench-verified:sweb.eval.x86_64.django__django-14007,0.0,r2egym-qwen3-32b-rl-step200-seqlen-run4,44,3647,token_limit,12,0.2018132126589859,False,12
slimshetty/swebench-verified:sweb.eval.x86_64.pydata__xarray-3993,0.0,r2egym-qwen3-32b-rl-step200-seqlen-run4,100,1479,abs_step_limit,2398,0.3486451421018059,False,2400
slimshetty/swebench-verified:sweb.eval.x86_64.django__django-14631,0.0,r2egym-qwen3-32b-rl-step200-seqlen-run4,70,1214,token_limit,117,0.0028009275550058,False,118
slimshetty/swebench-verified:sweb.eval.x86_64.django__django-15973,0.0,r2egym-qwen3-32b-rl-step200-seqlen-run4,89,0,token_limit,157,5.829128620666945e-05,False,157
slimshetty/swebench-verified:sweb.eval.x86_64.django__django-14559,1.0,r2egym-qwen3-32b-rl-step200-seqlen-run4,57,2935,token_limit,23,0.7057850154599562,True,25
slimshetty/swebench-verified:sweb.eval.x86_64.django__django-11141,0.0,r2egym-qwen3-32b-rl-step200-seqlen-run4,100,2762,abs_step_limit,23,0.6513548782017745,False,23
slimshetty/swebench-verified:sweb.eval.x86_64.django__django-15037,0.0,r2egym-qwen3-32b-rl-step200-seqlen-run4,53,0,token_limit,14,2.144494584573034e-05,False,14
slimshetty/swebench-verified:sweb.eval.x86_64.django__django-15315,1.0,r2egym-qwen3-32b-rl-step200-seqlen-run4,65,3321,token_limit,33,0.7549149978955811,True,32
slimshetty/swebench-verified:sweb.eval.x86_64.django__django-11149,0.0,r2egym-qwen3-32b-rl-step200-seqlen-run4,100,5520,abs_step_limit,42,0.7057850402140659,False,42
slimshetty/swebench-verified:sweb.eval.x86_64.django__django-13195,0.0,r2egym-qwen3-32b-rl-step200-seqlen-run4,75,2770,token_limit,381,0.8670357512127872,False,383
slimshetty/swebench-verified:sweb.eval.x86_64.sympy__sympy-23534,1.0,r2egym-qwen3-32b-rl-step200-seqlen-run4,100,2330,abs_step_limit,11,0.9046505254608136,True,13
slimshetty/swebench-verified:sweb.eval.x86_64.django__django-13363,0.0,r2egym-qwen3-32b-rl-step200-seqlen-run4,87,4094,token_limit,72,0.0259573591757585,False,73
slimshetty/swebench-verified:sweb.eval.x86_64.django__django-15525,0.0,r2egym-qwen3-32b-rl-step200-seqlen-run4,1,0,token_limit,53,0.0001795279617562,False,53
slimshetty/swebench-verified:sweb.eval.x86_64.django__django-11848,0.0,r2egym-qwen3-32b-rl-step200-seqlen-run4,11,1703,token_limit,43,0.268941415510503,False,45
slimshetty/swebench-verified:sweb.eval.x86_64.astropy__astropy-14598,0.0,r2egym-qwen3-32b-rl-step200-seqlen-run4,43,1819,token_limit,174,0.0850990415265323,False,174
slimshetty/swebench-verified:sweb.eval.x86_64.django__django-14053,0.0,r2egym-qwen3-32b-rl-step200-seqlen-run4,34,2903,token_limit,0,0.0010322308532083,False,0
slimshetty/swebench-verified:sweb.eval.x86_64.django__django-13964,0.0,r2egym-qwen3-32b-rl-step200-seqlen-run4,64,2875,token_limit,36,0.0259573546547034,False,36
slimshetty/swebench-verified:sweb.eval.x86_64.pydata__xarray-6744,0.0,r2egym-qwen3-32b-rl-step200-seqlen-run4,32,2460,agent,1811,0.7549149868676283,False,1790
slimshetty/swebench-verified:sweb.eval.x86_64.django__django-15503,0.0,r2egym-qwen3-32b-rl-step200-seqlen-run4,69,1755,token_limit,61,0.0097084766157831,False,62
slimshetty/swebench-verified:sweb.eval.x86_64.astropy__astropy-12907,1.0,r2egym-qwen3-rl-100-steps-attempt-8,15,506,agent,13,0.8933094103149355,True,11
slimshetty/swebench-verified:sweb.eval.x86_64.sympy__sympy-21379,0.0,r2egym-qwen3-32b-rl-step200-seqlen-run4,28,733,token_limit,91,0.0024726228109188,False,92
slimshetty/swebench-verified:sweb.eval.x86_64.scikit-learn__scikit-learn-25931,1.0,r2egym-qwen3-rl-100-steps-attempt-8,24,2260,agent,21,0.8519528057272543,True,21
slimshetty/swebench-verified:sweb.eval.x86_64.sympy__sympy-19783,0.0,r2egym-qwen3-rl-100-steps-attempt-8,24,751,agent,9,0.7981867705385762,False,10
slimshetty/swebench-verified:sweb.eval.x86_64.matplotlib__matplotlib-25122,0.0,r2egym-qwen3-32b-rl-step200-seqlen-run4,25,1992,token_limit,2396,0.07585817793199,False,2342
slimshetty/swebench-verified:sweb.eval.x86_64.sympy__sympy-19954,1.0,r2egym-qwen3-rl-100-steps-attempt-8,28,1036,agent,56,0.9046505248181418,True,57
slimshetty/swebench-verified:sweb.eval.x86_64.psf__requests-1724,0.0,r2egym-qwen3-rl-100-steps-attempt-8,25,760,agent,75,0.8354835350552603,False,86
slimshetty/swebench-verified:sweb.eval.x86_64.sympy__sympy-15349,1.0,r2egym-qwen3-32b-rl-step200-seqlen-run4,30,1531,agent,3,0.8519528057272543,True,3
slimshetty/swebench-verified:sweb.eval.x86_64.django__django-14672,1.0,r2egym-qwen3-rl-100-steps-attempt-8,24,1745,agent,0,0.8354835309589073,True,166
slimshetty/swebench-verified:sweb.eval.x86_64.django__django-16662,1.0,r2egym-qwen3-rl-100-steps-attempt-8,21,884,agent,51,0.8354835309589074,True,52
slimshetty/swebench-verified:sweb.eval.x86_64.sympy__sympy-24443,1.0,r2egym-qwen3-rl-100-steps-attempt-8,19,2183,agent,1,0.8519528019683106,True,2
slimshetty/swebench-verified:sweb.eval.x86_64.sympy__sympy-16450,1.0,r2egym-qwen3-rl-100-steps-attempt-8,16,752,agent,38,0.8519528057272543,True,40
slimshetty/swebench-verified:sweb.eval.x86_64.django__django-13821,1.0,r2egym-qwen3-rl-100-steps-attempt-8,64,1419,token_limit,14,0.7772998663336158,True,15
slimshetty/swebench-verified:sweb.eval.x86_64.django__django-15278,0.0,r2egym-qwen3-rl-100-steps-attempt-8,100,0,abs_step_limit,138,8.481105123878872e-05,False,138
slimshetty/swebench-verified:sweb.eval.x86_64.django__django-15561,1.0,r2egym-qwen3-rl-100-steps-attempt-8,100,1674,abs_step_limit,141,0.7772998611746912,True,141
slimshetty/swebench-verified:sweb.eval.x86_64.pylint-dev__pylint-7080,0.0,r2egym-qwen3-rl-100-steps-attempt-8,33,702,agent,4,0.7772998508568416,False,121
slimshetty/swebench-verified:sweb.eval.x86_64.django__django-16901,1.0,r2egym-qwen3-rl-100-steps-attempt-8,48,3405,agent_max_step_limit,6,0.7772998714925403,True,6
slimshetty/swebench-verified:sweb.eval.x86_64.matplotlib__matplotlib-25775,0.0,r2egym-qwen3-rl-100-steps-attempt-8,47,1682,agent_max_step_limit,5,0.1066905868446735,False,5
slimshetty/swebench-verified:sweb.eval.x86_64.sympy__sympy-23262,1.0,r2egym-qwen3-rl-100-steps-attempt-8,46,799,agent_max_step_limit,61,0.8175744828610095,True,62
slimshetty/swebench-verified:sweb.eval.x86_64.astropy__astropy-8707,0.0,r2egym-qwen3-rl-100-steps-attempt-8,62,1750,token_limit,4,0.7772998560157665,False,4
slimshetty/swebench-verified:sweb.eval.x86_64.scikit-learn__scikit-learn-14053,1.0,r2egym-qwen3-rl-100-steps-attempt-8,29,1583,agent,5,0.8519528019683106,True,7
slimshetty/swebench-verified:sweb.eval.x86_64.django__django-16263,0.0,r2egym-qwen3-32b-rl-step200-seqlen-run4,77,997475,token_limit,0,0.0,False,0
slimshetty/swebench-verified:sweb.eval.x86_64.django__django-13109,0.0,r2egym-qwen3-32b-rl-step200-seqlen-run4,67,3766,token_limit,170,0.0007096705154659,False,169
slimshetty/swebench-verified:sweb.eval.x86_64.sympy__sympy-18199,0.0,r2egym-qwen3-rl-100-steps-attempt-8,31,1424,agent,113,0.8354835391516133,False,114
slimshetty/swebench-verified:sweb.eval.x86_64.django__django-11490,0.0,r2egym-qwen3-rl-100-steps-attempt-8,68,2070,agent_max_step_limit,22,0.8354835452961427,False,23
slimshetty/swebench-verified:sweb.eval.x86_64.django__django-11133,1.0,r2egym-qwen3-rl-100-steps-attempt-8,41,2086,max_step_limit,64,0.8807970795424088,True,64
slimshetty/swebench-verified:sweb.eval.x86_64.django__django-16116,1.0,r2egym-qwen3-rl-100-steps-attempt-8,100,6613,abs_step_limit,137,0.2450850131323717,True,138
slimshetty/swebench-verified:sweb.eval.x86_64.django__django-14752,0.0,r2egym-qwen3-rl-100-steps-attempt-8,100,4045,abs_step_limit,0,0.7057850402140659,False,15
slimshetty/swebench-verified:sweb.eval.x86_64.pylint-dev__pylint-6903,1.0,r2egym-qwen3-rl-100-steps-attempt-8,97,3164,token_limit,8,0.8354835330070839,True,8
slimshetty/swebench-verified:sweb.eval.x86_64.sympy__sympy-16597,0.0,r2egym-qwen3-rl-100-steps-attempt-8,27,2001,agent,74,0.8807970826714613,False,75
slimshetty/swebench-verified:sweb.eval.x86_64.pydata__xarray-3677,1.0,r2egym-qwen3-rl-100-steps-attempt-8,52,532,agent_max_step_limit,21,0.92414182206801,True,21
slimshetty/swebench-verified:sweb.eval.x86_64.sympy__sympy-13551,0.0,r2egym-qwen3-rl-100-steps-attempt-8,100,1633,abs_step_limit,0,0.0001584362161634,False,0
slimshetty/swebench-verified:sweb.eval.x86_64.sympy__sympy-18698,0.0,r2egym-qwen3-rl-100-steps-attempt-8,42,565,agent_max_step_limit,147,0.4687906266262437,False,147
slimshetty/swebench-verified:sweb.eval.x86_64.matplotlib__matplotlib-13989,1.0,r2egym-qwen3-rl-100-steps-attempt-8,58,817,token_limit,411,0.9046505325302034,True,411
slimshetty/swebench-verified:sweb.eval.x86_64.django__django-11815,0.0,r2egym-qwen3-rl-100-steps-attempt-8,75,0,token_limit,44,4.5397890221682726e-05,False,46
slimshetty/swebench-verified:sweb.eval.x86_64.pytest-dev__pytest-7205,1.0,r2egym-qwen3-rl-100-steps-attempt-8,100,1535,abs_step_limit,16,0.8670357718273068,True,16
slimshetty/swebench-verified:sweb.eval.x86_64.django__django-13449,1.0,r2egym-qwen3-rl-100-steps-attempt-8,80,2283,agent_max_step_limit,46,0.7549149813536518,True,46
slimshetty/swebench-verified:sweb.eval.x86_64.django__django-12308,0.0,r2egym-qwen3-rl-100-steps-attempt-8,100,2639,abs_step_limit,20,0.8670357701094303,False,21
slimshetty/swebench-verified:sweb.eval.x86_64.django__django-11299,0.0,r2egym-qwen3-rl-100-steps-attempt-8,100,3568,abs_step_limit,0,0.0159063893792797,False,0
slimshetty/swebench-verified:sweb.eval.x86_64.django__django-12419,0.0,r2egym-qwen3-rl-100-steps-attempt-8,37,1591,agent,0,0.5,False,0
slimshetty/swebench-verified:sweb.eval.x86_64.django__django-13089,1.0,r2egym-qwen3-rl-100-steps-attempt-8,100,2536,abs_step_limit,352,0.8519528076067262,True,349
slimshetty/swebench-verified:sweb.eval.x86_64.pydata__xarray-4629,1.0,r2egym-qwen3-rl-100-steps-attempt-8,14,505,agent,32,0.8670357701094303,True,32
slimshetty/swebench-verified:sweb.eval.x86_64.django__django-14011,0.0,r2egym-qwen3-rl-100-steps-attempt-8,20,3183,agent,2,0.7549149868676284,False,0
slimshetty/swebench-verified:sweb.eval.x86_64.sympy__sympy-22456,1.0,r2egym-qwen3-rl-100-steps-attempt-8,97,318,token_limit,29,0.8175744739711883,True,30
slimshetty/swebench-verified:sweb.eval.x86_64.django__django-16333,1.0,r2egym-qwen3-rl-100-steps-attempt-8,100,6374,abs_step_limit,87,0.5312093733737563,True,88
slimshetty/swebench-verified:sweb.eval.x86_64.django__django-13820,0.0,r2egym-qwen3-rl-100-steps-attempt-8,100,16689,abs_step_limit,0,0.0007096705348257,False,0
slimshetty/swebench-verified:sweb.eval.x86_64.scikit-learn__scikit-learn-14496,1.0,r2egym-qwen3-rl-100-steps-attempt-8,67,3358,agent_max_step_limit,39,0.3486451217982255,True,40
slimshetty/swebench-verified:sweb.eval.x86_64.django__django-15098,0.0,r2egym-qwen3-rl-100-steps-attempt-8,32,3610,agent,85,0.6513548646660543,False,86
slimshetty/swebench-verified:sweb.eval.x86_64.django__django-15382,0.0,r2egym-qwen3-rl-100-steps-attempt-8,58,5564,agent_max_step_limit,159,0.8519528057272543,False,159
slimshetty/swebench-verified:sweb.eval.x86_64.sympy__sympy-14976,1.0,r2egym-qwen3-rl-100-steps-attempt-8,86,3366,token_limit,13,0.7981867801399695,True,13
slimshetty/swebench-verified:sweb.eval.x86_64.django__django-13933,1.0,r2egym-qwen3-rl-100-steps-attempt-8,38,3811,agent,19,0.8175744806385543,True,19
slimshetty/swebench-verified:sweb.eval.x86_64.pallets__flask-5014,1.0,r2egym-qwen3-rl-100-steps-attempt-8,100,444,abs_step_limit,59,0.2450850131323717,True,59
slimshetty/swebench-verified:sweb.eval.x86_64.django__django-11551,1.0,r2egym-qwen3-rl-100-steps-attempt-8,100,4373,abs_step_limit,119,0.8519528019683105,True,119
slimshetty/swebench-verified:sweb.eval.x86_64.sympy__sympy-11618,1.0,r2egym-qwen3-rl-100-steps-attempt-8,12,817,agent,4,0.8354835330070838,True,4
slimshetty/swebench-verified:sweb.eval.x86_64.sphinx-doc__sphinx-7454,0.0,r2egym-qwen3-rl-100-steps-attempt-8,69,2855,token_limit,27,0.0159063928489256,False,28
slimshetty/swebench-verified:sweb.eval.x86_64.django__django-11603,1.0,r2egym-qwen3-rl-100-steps-attempt-8,100,3495,abs_step_limit,58,0.8519528076067262,True,59
slimshetty/swebench-verified:sweb.eval.x86_64.psf__requests-2931,0.0,r2egym-qwen3-rl-100-steps-attempt-8,82,2297,token_limit,0,0.0040701382821735,False,0
slimshetty/swebench-verified:sweb.eval.x86_64.django__django-13670,1.0,r2egym-qwen3-rl-100-steps-attempt-8,21,1487,agent,17,0.8519528038477825,True,17
slimshetty/swebench-verified:sweb.eval.x86_64.django__django-16612,1.0,r2egym-qwen3-rl-100-steps-attempt-8,100,2432,abs_step_limit,335,0.7772998714925403,True,333
slimshetty/swebench-verified:sweb.eval.x86_64.sphinx-doc__sphinx-9281,0.0,r2egym-qwen3-rl-100-steps-attempt-8,58,2275,token_limit,38,0.0010322308859802,False,38
slimshetty/swebench-verified:sweb.eval.x86_64.django__django-14155,0.0,r2egym-qwen3-rl-100-steps-attempt-8,58,1053,token_limit,89,0.7310585786300049,False,91
slimshetty/swebench-verified:sweb.eval.x86_64.django__django-17084,1.0,r2egym-qwen3-rl-100-steps-attempt-8,69,3307,token_limit,107,0.2942149845400437,True,107
slimshetty/swebench-verified:sweb.eval.x86_64.django__django-14140,0.0,r2egym-qwen3-rl-100-steps-attempt-8,77,2454,agent_max_step_limit,199,0.7772998714925404,False,200
slimshetty/swebench-verified:sweb.eval.x86_64.django__django-14349,1.0,r2egym-qwen3-rl-100-steps-attempt-8,100,3500,abs_step_limit,18,0.8519527944504227,True,19
slimshetty/swebench-verified:sweb.eval.x86_64.sympy__sympy-14711,1.0,r2egym-qwen3-rl-100-steps-attempt-8,100,836,abs_step_limit,2,0.8670357477770336,True,3
slimshetty/swebench-verified:sweb.eval.x86_64.django__django-15022,1.0,r2egym-qwen3-rl-100-steps-attempt-8,82,4528,token_limit,56,0.7981867849406659,True,56
slimshetty/swebench-verified:sweb.eval.x86_64.scikit-learn__scikit-learn-10908,0.0,r2egym-qwen3-rl-100-steps-attempt-8,43,846,agent_max_step_limit,47,0.4378234991142019,False,48
slimshetty/swebench-verified:sweb.eval.x86_64.django__django-14855,1.0,r2egym-qwen3-rl-100-steps-attempt-8,100,4419,abs_step_limit,325,0.8175744806385542,True,325
slimshetty/swebench-verified:sweb.eval.x86_64.sympy__sympy-19346,1.0,r2egym-qwen3-rl-100-steps-attempt-8,84,3809,token_limit,40,0.754914997895581,True,40
slimshetty/swebench-verified:sweb.eval.x86_64.pylint-dev__pylint-4604,0.0,r2egym-qwen3-rl-100-steps-attempt-8,100,0,abs_step_limit,0,9.610239166057989e-05,False,20
slimshetty/swebench-verified:sweb.eval.x86_64.django__django-15987,0.0,r2egym-qwen3-rl-100-steps-attempt-8,43,1616,agent_max_step_limit,52,0.7310585786300049,False,53
slimshetty/swebench-verified:sweb.eval.x86_64.sympy__sympy-20438,0.0,r2egym-qwen3-rl-100-steps-attempt-8,71,0,token_limit,93,5.144220743759563e-05,False,94
slimshetty/swebench-verified:sweb.eval.x86_64.django__django-11333,0.0,r2egym-qwen3-rl-100-steps-attempt-8,100,3731,abs_step_limit,0,0.0330859761243437,False,0
slimshetty/swebench-verified:sweb.eval.x86_64.django__django-13343,1.0,r2egym-qwen3-rl-100-steps-attempt-8,62,2509,token_limit,130,0.798186787341014,True,131
slimshetty/swebench-verified:sweb.eval.x86_64.sphinx-doc__sphinx-8548,0.0,r2egym-qwen3-rl-100-steps-attempt-8,60,1699,token_limit,5,0.7549149868676283,False,4
slimshetty/swebench-verified:sweb.eval.x86_64.sphinx-doc__sphinx-7985,0.0,r2egym-qwen3-rl-100-steps-attempt-8,79,2864,token_limit,3,0.7057850216484838,False,5
slimshetty/swebench-verified:sweb.eval.x86_64.django__django-15277,1.0,r2egym-qwen3-rl-100-steps-attempt-8,100,689,abs_step_limit,158,0.8354835371034368,True,159
slimshetty/swebench-verified:sweb.eval.x86_64.django__django-13128,0.0,r2egym-qwen3-rl-100-steps-attempt-8,72,3694,token_limit,90,0.0124316498698665,False,90
slimshetty/swebench-verified:sweb.eval.x86_64.scikit-learn__scikit-learn-13439,0.0,r2egym-qwen3-rl-100-steps-attempt-8,100,0,abs_step_limit,40,1.6701425822059825e-05,False,41
slimshetty/swebench-verified:sweb.eval.x86_64.sympy__sympy-12481,1.0,r2egym-qwen3-rl-100-steps-attempt-8,41,654,token_limit,7,0.1480471942727456,True,7
slimshetty/swebench-verified:sweb.eval.x86_64.django__django-12663,0.0,r2egym-qwen3-rl-100-steps-attempt-8,46,1009,token_limit,135,0.5621765008857982,False,135
slimshetty/swebench-verified:sweb.eval.x86_64.django__django-16560,0.0,r2egym-qwen3-rl-100-steps-attempt-8,99,5696,token_limit,66,0.1329642419157059,False,69
slimshetty/swebench-verified:sweb.eval.x86_64.matplotlib__matplotlib-23412,0.0,r2egym-qwen3-rl-100-steps-attempt-8,100,1175,abs_step_limit,46,9.610238031864918e-05,False,46
slimshetty/swebench-verified:sweb.eval.x86_64.sympy__sympy-19040,0.0,r2egym-qwen3-rl-100-steps-attempt-8,52,0,token_limit,148,0.000139822139806,False,148
slimshetty/swebench-verified:sweb.eval.x86_64.django__django-9296,1.0,r2egym-qwen3-rl-100-steps-attempt-8,100,1495,abs_step_limit,20,0.8354835371034368,True,20
slimshetty/swebench-verified:sweb.eval.x86_64.django__django-11211,0.0,r2egym-qwen3-rl-100-steps-attempt-8,72,3822,token_limit,70,0.0109869407887596,False,70
slimshetty/swebench-verified:sweb.eval.x86_64.sympy__sympy-20916,0.0,r2egym-qwen3-rl-100-steps-attempt-8,36,1019,agent,1,0.4073334000459302,False,2
slimshetty/swebench-verified:sweb.eval.x86_64.django__django-14373,1.0,r2egym-qwen3-rl-100-steps-attempt-8,37,3174,agent,19,0.8670357460591569,True,19
slimshetty/swebench-verified:sweb.eval.x86_64.pydata__xarray-7233,1.0,r2egym-qwen3-rl-100-steps-attempt-8,22,2554,agent,189,0.8670357615200475,True,189
slimshetty/swebench-verified:sweb.eval.x86_64.django__django-16950,0.0,r2egym-qwen3-rl-100-steps-attempt-8,49,0,token_limit,3,2.430024940973324e-05,False,3
slimshetty/swebench-verified:sweb.eval.x86_64.django__django-14771,0.0,r2egym-qwen3-rl-100-steps-attempt-8,100,6376,abs_step_limit,60,0.2942149721629887,False,60
slimshetty/swebench-verified:sweb.eval.x86_64.scikit-learn__scikit-learn-26194,0.0,r2egym-qwen3-rl-100-steps-attempt-8,65,650,token_limit,186,0.5621765008857981,False,186
slimshetty/swebench-verified:sweb.eval.x86_64.django__django-11740,1.0,r2egym-qwen3-rl-100-steps-attempt-8,56,3381,agent_max_step_limit,109,0.7772998611746912,True,109
slimshetty/swebench-verified:sweb.eval.x86_64.django__django-12304,0.0,r2egym-qwen3-rl-100-steps-attempt-8,100,459,abs_step_limit,0,0.000911051403361,False,0
slimshetty/swebench-verified:sweb.eval.x86_64.scikit-learn__scikit-learn-11578,1.0,r2egym-qwen3-rl-100-steps-attempt-8,50,640,agent_max_step_limit,93,0.8807970764133561,True,89
slimshetty/swebench-verified:sweb.eval.x86_64.matplotlib__matplotlib-24870,0.0,r2egym-qwen3-rl-100-steps-attempt-8,62,2249,token_limit,65,0.7772998663336158,False,65
slimshetty/swebench-verified:sweb.eval.x86_64.django__django-15128,0.0,r2egym-qwen3-rl-100-steps-attempt-8,100,7448,abs_step_limit,281,0.6513548714339145,False,281
slimshetty/swebench-verified:sweb.eval.x86_64.sphinx-doc__sphinx-9711,1.0,r2egym-qwen3-rl-100-steps-attempt-8,65,2044,token_limit,0,0.8933094039240554,True,1687
slimshetty/swebench-verified:sweb.eval.x86_64.django__django-15467,1.0,r2egym-qwen3-rl-100-steps-attempt-8,100,2605,abs_step_limit,62,0.7310585844894971,True,62
slimshetty/swebench-verified:sweb.eval.x86_64.sympy__sympy-15976,0.0,r2egym-qwen3-rl-100-steps-attempt-8,54,1515,agent_max_step_limit,37,0.5,False,38
slimshetty/swebench-verified:sweb.eval.x86_64.sympy__sympy-24066,0.0,r2egym-qwen3-rl-100-steps-attempt-8,76,2319,token_limit,0,0.0085774838930941,False,0
slimshetty/swebench-verified:sweb.eval.x86_64.pydata__xarray-4075,1.0,r2egym-qwen3-rl-100-steps-attempt-8,100,2941,abs_step_limit,958,0.8933094131553265,True,959
slimshetty/swebench-verified:sweb.eval.x86_64.matplotlib__matplotlib-26291,0.0,r2egym-qwen3-rl-100-steps-attempt-8,21,602,agent,49,0.8807970842359877,False,49
slimshetty/swebench-verified:sweb.eval.x86_64.django__django-11292,0.0,r2egym-qwen3-rl-100-steps-attempt-8,100,3449,abs_step_limit,31,0.7057850278370111,False,31
slimshetty/swebench-verified:sweb.eval.x86_64.django__django-16256,0.0,r2egym-qwen3-rl-100-steps-attempt-8,76,6479,token_limit,53,0.5621765008857981,False,53
slimshetty/swebench-verified:sweb.eval.x86_64.django__django-15104,1.0,r2egym-qwen3-rl-100-steps-attempt-8,66,2684,token_limit,131,0.8519528076067262,True,131
slimshetty/swebench-verified:sweb.eval.x86_64.django__django-10973,0.0,r2egym-qwen3-rl-100-steps-attempt-8,100,2513,abs_step_limit,0,0.7549149923816048,False,0
slimshetty/swebench-verified:sweb.eval.x86_64.pydata__xarray-4094,1.0,r2egym-qwen3-rl-100-steps-attempt-8,34,692,agent,862,0.8175744673038222,True,867
slimshetty/swebench-verified:sweb.eval.x86_64.django__django-16938,0.0,r2egym-qwen3-rl-100-steps-attempt-8,48,0,token_limit,65,3.535625067794842e-05,False,88
slimshetty/swebench-verified:sweb.eval.x86_64.django__django-14351,0.0,r2egym-qwen3-rl-100-steps-attempt-8,83,3265,token_limit,57,0.8175744695262777,False,57
slimshetty/swebench-verified:sweb.eval.x86_64.scikit-learn__scikit-learn-13496,1.0,r2egym-qwen3-rl-100-steps-attempt-8,22,1369,agent,19,0.6513548646660543,True,19
slimshetty/swebench-verified:sweb.eval.x86_64.sympy__sympy-15345,0.0,r2egym-qwen3-rl-100-steps-attempt-8,58,1447,agent_max_step_limit,8,0.8519527982093666,False,9
slimshetty/swebench-verified:sweb.eval.x86_64.matplotlib__matplotlib-26342,0.0,r2egym-qwen3-rl-100-steps-attempt-8,63,0,token_limit,81,2.144494840531103e-05,False,81
slimshetty/swebench-verified:sweb.eval.x86_64.matplotlib__matplotlib-25960,0.0,r2egym-qwen3-rl-100-steps-attempt-8,63,0,token_limit,137,8.481101088878567e-05,False,137
slimshetty/swebench-verified:sweb.eval.x86_64.django__django-12965,0.0,r2egym-qwen3-rl-100-steps-attempt-8,75,4287,token_limit,49,0.5621765008857981,False,49
slimshetty/swebench-verified:sweb.eval.x86_64.django__django-14539,0.0,r2egym-qwen3-rl-100-steps-attempt-8,42,2401,token_limit,14,0.0085774870452085,False,15
slimshetty/swebench-verified:sweb.eval.x86_64.django__django-12143,1.0,r2egym-qwen3-rl-100-steps-attempt-8,39,2327,token_limit,52,0.8670357563664174,True,52
slimshetty/swebench-verified:sweb.eval.x86_64.scikit-learn__scikit-learn-25102,1.0,r2egym-qwen3-rl-100-steps-attempt-8,63,4191,token_limit,59,0.7772998663336157,True,59
slimshetty/swebench-verified:sweb.eval.x86_64.sympy__sympy-21930,0.0,r2egym-qwen3-rl-100-steps-attempt-8,31,2534,agent,45,0.7310585727705126,False,50
slimshetty/swebench-verified:sweb.eval.x86_64.django__django-12273,0.0,r2egym-qwen3-rl-100-steps-attempt-8,57,548,token_limit,27,0.0474258751971208,False,27
slimshetty/swebench-verified:sweb.eval.x86_64.django__django-15499,1.0,r2egym-qwen3-rl-100-steps-attempt-8,100,1798,abs_step_limit,35,0.6791787121629466,True,35
slimshetty/swebench-verified:sweb.eval.x86_64.matplotlib__matplotlib-24177,0.0,r2egym-qwen3-rl-100-steps-attempt-8,100,1072,abs_step_limit,768,0.0140636270690726,False,768
slimshetty/swebench-verified:sweb.eval.x86_64.sympy__sympy-20801,0.0,r2egym-qwen3-rl-100-steps-attempt-8,37,2224,agent,87,0.5,False,87
slimshetty/swebench-verified:sweb.eval.x86_64.pytest-dev__pytest-7236,1.0,r2egym-qwen3-rl-100-steps-attempt-8,41,2574,max_step_limit,51,0.5621765008857981,True,50
slimshetty/swebench-verified:sweb.eval.x86_64.sympy__sympy-22914,1.0,r2egym-qwen3-rl-100-steps-attempt-8,20,669,agent,17,0.731058584489497,True,18
slimshetty/swebench-verified:sweb.eval.x86_64.psf__requests-2317,1.0,r2egym-qwen3-rl-100-steps-attempt-8,44,769,agent_max_step_limit,133,0.7549149868676284,True,0
slimshetty/swebench-verified:sweb.eval.x86_64.django__django-13344,0.0,r2egym-qwen3-rl-100-steps-attempt-8,55,3008,token_limit,356,0.0758581873336313,False,356
slimshetty/swebench-verified:sweb.eval.x86_64.matplotlib__matplotlib-23314,1.0,r2egym-qwen3-rl-100-steps-attempt-8,77,1118,token_limit,862,0.8175744739711883,True,862
slimshetty/swebench-verified:sweb.eval.x86_64.astropy__astropy-13236,0.0,r2egym-qwen3-rl-100-steps-attempt-8,85,2420,token_limit,644,0.0229773712062994,False,643
slimshetty/swebench-verified:sweb.eval.x86_64.pytest-dev__pytest-7432,1.0,r2egym-qwen3-rl-100-steps-attempt-8,57,2398,agent_max_step_limit,77,0.7549149868676284,True,76
slimshetty/swebench-verified:sweb.eval.x86_64.pytest-dev__pytest-10051,1.0,r2egym-qwen3-rl-100-steps-attempt-8,54,2696,token_limit,15,0.6513548714339144,True,15
slimshetty/swebench-verified:sweb.eval.x86_64.django__django-16502,0.0,r2egym-qwen3-rl-100-steps-attempt-8,45,0,token_limit,4,9.610246027712168e-05,False,4
slimshetty/swebench-verified:sweb.eval.x86_64.django__django-16819,1.0,r2egym-qwen3-rl-100-steps-attempt-8,64,2484,agent_max_step_limit,38,0.8175744673038222,True,38
slimshetty/swebench-verified:sweb.eval.x86_64.django__django-13568,0.0,r2egym-qwen3-rl-100-steps-attempt-8,100,4658,abs_step_limit,12,0.0420877258129573,False,12
slimshetty/swebench-verified:sweb.eval.x86_64.scikit-learn__scikit-learn-25973,1.0,r2egym-qwen3-rl-100-steps-attempt-8,89,3899,token_limit,72,0.867035771827307,True,72
slimshetty/swebench-verified:sweb.eval.x86_64.sympy__sympy-23950,0.0,r2egym-qwen3-rl-100-steps-attempt-8,71,0,token_limit,4,2.7535691080725503e-05,False,5
slimshetty/swebench-verified:sweb.eval.x86_64.django__django-14493,1.0,r2egym-qwen3-rl-100-steps-attempt-8,44,1953,agent_max_step_limit,36,0.7772998508568416,True,36
slimshetty/swebench-verified:sweb.eval.x86_64.scikit-learn__scikit-learn-13135,1.0,r2egym-qwen3-rl-100-steps-attempt-8,21,3054,agent,33,0.9046505440982948,True,34
slimshetty/swebench-verified:sweb.eval.x86_64.django__django-15268,0.0,r2egym-qwen3-rl-100-steps-attempt-8,45,2633,agent_max_step_limit,125,0.7057850340255386,False,126
slimshetty/swebench-verified:sweb.eval.x86_64.sphinx-doc__sphinx-8056,0.0,r2egym-qwen3-rl-100-steps-attempt-8,100,3234,abs_step_limit,32,0.0474258763751941,False,31
slimshetty/swebench-verified:sweb.eval.x86_64.django__django-14034,0.0,r2egym-qwen3-rl-100-steps-attempt-8,91,6640,token_limit,12,0.0600866535402542,False,12
slimshetty/swebench-verified:sweb.eval.x86_64.scikit-learn__scikit-learn-10844,1.0,r2egym-qwen3-rl-100-steps-attempt-8,100,2129,abs_step_limit,16,0.7549149868676283,True,17
slimshetty/swebench-verified:sweb.eval.x86_64.matplotlib__matplotlib-14623,1.0,r2egym-qwen3-rl-100-steps-attempt-8,48,1853,agent_max_step_limit,400,0.8175744695262775,True,401
slimshetty/swebench-verified:sweb.eval.x86_64.pydata__xarray-2905,1.0,r2egym-qwen3-rl-100-steps-attempt-8,21,1469,agent,364,0.8519527982093666,True,365
slimshetty/swebench-verified:sweb.eval.x86_64.scikit-learn__scikit-learn-14894,1.0,r2egym-qwen3-rl-100-steps-attempt-8,100,1931,abs_step_limit,85,0.9046505280315008,True,85
slimshetty/swebench-verified:sweb.eval.x86_64.django__django-10880,0.0,r2egym-qwen3-rl-100-steps-attempt-8,45,0,token_limit,55,7.48462179518055e-05,False,55
slimshetty/swebench-verified:sweb.eval.x86_64.pydata__xarray-3095,0.0,r2egym-qwen3-rl-100-steps-attempt-8,57,3017,token_limit,245,0.0330859789845884,False,234
slimshetty/swebench-verified:sweb.eval.x86_64.scikit-learn__scikit-learn-13124,0.0,r2egym-qwen3-rl-100-steps-attempt-8,51,2024,token_limit,59,0.009708478048414,False,60
slimshetty/swebench-verified:sweb.eval.x86_64.django__django-11999,1.0,r2egym-qwen3-rl-100-steps-attempt-8,15,842,agent,30,0.817574471748733,True,30
slimshetty/swebench-verified:sweb.eval.x86_64.django__django-12713,1.0,r2egym-qwen3-rl-100-steps-attempt-8,35,4052,agent,58,0.8175744806385542,True,58
slimshetty/swebench-verified:sweb.eval.x86_64.django__django-16527,1.0,r2egym-qwen3-rl-100-steps-attempt-8,30,3563,agent,6,0.651354857898194,True,6
slimshetty/swebench-verified:sweb.eval.x86_64.sympy__sympy-13798,0.0,r2egym-qwen3-rl-100-steps-attempt-8,58,3584,token_limit,102,0.8354835371034368,False,104
slimshetty/swebench-verified:sweb.eval.x86_64.astropy__astropy-14182,0.0,r2egym-qwen3-rl-100-steps-attempt-8,31,1494,agent,8,0.6513548714339145,False,8
slimshetty/swebench-verified:sweb.eval.x86_64.matplotlib__matplotlib-26113,1.0,r2egym-qwen3-rl-100-steps-attempt-8,66,1872,token_limit,812,0.904650541527608,True,812
slimshetty/swebench-verified:sweb.eval.x86_64.django__django-16877,0.0,r2egym-qwen3-rl-100-steps-attempt-8,100,1853,abs_step_limit,0,0.182425521583901,False,0
slimshetty/swebench-verified:sweb.eval.x86_64.django__django-13158,0.0,r2egym-qwen3-rl-100-steps-attempt-8,29,3426,agent,29,0.7981867729389246,False,29
slimshetty/swebench-verified:sweb.eval.x86_64.django__django-16631,0.0,r2egym-qwen3-rl-100-steps-attempt-8,33,4526,agent,12,0.7310585844894971,False,12
slimshetty/swebench-verified:sweb.eval.x86_64.psf__requests-1921,0.0,r2egym-qwen3-rl-100-steps-attempt-8,80,0,token_limit,106,9.610238016902688e-05,False,117
slimshetty/swebench-verified:sweb.eval.x86_64.django__django-15957,0.0,r2egym-qwen3-rl-100-steps-attempt-8,96,3202,token_limit,89,0.0179862099949909,False,89
slimshetty/swebench-verified:sweb.eval.x86_64.pytest-dev__pytest-7490,1.0,r2egym-qwen3-rl-100-steps-attempt-8,59,611,token_limit,78,0.00591106981668,True,78
slimshetty/swebench-verified:sweb.eval.x86_64.sphinx-doc__sphinx-8721,0.0,r2egym-qwen3-rl-100-steps-attempt-8,56,12413,token_limit,1,0.0600866554337679,False,1
slimshetty/swebench-verified:sweb.eval.x86_64.sphinx-doc__sphinx-7440,0.0,r2egym-qwen3-rl-100-steps-attempt-8,100,906,abs_step_limit,12,0.0002611903380568,False,13
slimshetty/swebench-verified:sweb.eval.x86_64.scikit-learn__scikit-learn-14983,0.0,r2egym-qwen3-rl-100-steps-attempt-8,48,830,token_limit,105,0.0534033320596485,False,105
slimshetty/swebench-verified:sweb.eval.x86_64.sphinx-doc__sphinx-8593,0.0,r2egym-qwen3-rl-100-steps-attempt-8,100,906,abs_step_limit,1,0.0009110511477766,False,3
slimshetty/swebench-verified:sweb.eval.x86_64.django__django-15127,0.0,r2egym-qwen3-rl-100-steps-attempt-8,100,388,abs_step_limit,1,0.0035936028890532,False,1
slimshetty/swebench-verified:sweb.eval.x86_64.scikit-learn__scikit-learn-12682,0.0,r2egym-qwen3-rl-100-steps-attempt-8,21,3171,agent,54,0.7549149868676283,False,54
slimshetty/swebench-verified:sweb.eval.x86_64.matplotlib__matplotlib-21568,0.0,r2egym-qwen3-rl-100-steps-attempt-8,100,0,abs_step_limit,73,2.4300237821252875e-05,False,76
slimshetty/swebench-verified:sweb.eval.x86_64.django__django-11880,1.0,r2egym-qwen3-rl-100-steps-attempt-8,100,1502,abs_step_limit,114,0.7310585727705127,True,114
slimshetty/swebench-verified:sweb.eval.x86_64.sphinx-doc__sphinx-11510,0.0,r2egym-qwen3-rl-100-steps-attempt-8,100,0,abs_step_limit,7,0.000179527943292,False,7
slimshetty/swebench-verified:sweb.eval.x86_64.sphinx-doc__sphinx-9230,0.0,r2egym-qwen3-rl-100-steps-attempt-8,45,2303,agent_max_step_limit,44,0.7057850340255386,False,45
slimshetty/swebench-verified:sweb.eval.x86_64.sympy__sympy-13647,1.0,r2egym-qwen3-rl-100-steps-attempt-8,24,533,agent,76,0.8354835289107307,True,77
slimshetty/swebench-verified:sweb.eval.x86_64.pydata__xarray-6599,1.0,r2egym-qwen3-rl-100-steps-attempt-8,100,1167,abs_step_limit,264,0.009708476794862,True,263
slimshetty/swebench-verified:sweb.eval.x86_64.django__django-15563,0.0,r2egym-qwen3-rl-100-steps-attempt-8,76,4139,token_limit,29,0.6513548511303336,False,29
slimshetty/swebench-verified:sweb.eval.x86_64.django__django-13279,0.0,r2egym-qwen3-rl-100-steps-attempt-8,49,722,token_limit,346,0.1480472036701053,False,346
slimshetty/swebench-verified:sweb.eval.x86_64.django__django-14238,1.0,r2egym-qwen3-rl-100-steps-attempt-8,100,2412,abs_step_limit,39,0.8519527944504227,True,40
slimshetty/swebench-verified:sweb.eval.x86_64.scikit-learn__scikit-learn-14710,0.0,r2egym-qwen3-rl-100-steps-attempt-8,100,3620,token_limit,0,0.8175744695262775,False,0
slimshetty/swebench-verified:sweb.eval.x86_64.django__django-12406,0.0,r2egym-qwen3-rl-100-steps-attempt-8,74,2408,token_limit,155,0.7057850216484838,False,155
slimshetty/swebench-verified:sweb.eval.x86_64.django__django-15731,1.0,r2egym-qwen3-rl-100-steps-attempt-8,56,2530,agent_max_step_limit,58,0.7310585669110203,True,57
slimshetty/swebench-verified:sweb.eval.x86_64.django__django-11477,0.0,r2egym-qwen3-rl-100-steps-attempt-8,55,2238,token_limit,0,0.0024726234650225,False,0
slimshetty/swebench-verified:sweb.eval.x86_64.scikit-learn__scikit-learn-12973,0.0,r2egym-qwen3-rl-100-steps-attempt-8,100,2349,abs_step_limit,32,0.8807970779778824,False,30
slimshetty/swebench-verified:sweb.eval.x86_64.sympy__sympy-23413,0.0,r2egym-qwen3-rl-100-steps-attempt-8,40,1862,token_limit,2,0.2689414155105029,False,2
slimshetty/swebench-verified:sweb.eval.x86_64.sympy__sympy-15017,0.0,r2egym-qwen3-rl-100-steps-attempt-8,100,0,abs_step_limit,14,8.93969310584124e-06,False,15
slimshetty/swebench-verified:sweb.eval.x86_64.sympy__sympy-12419,1.0,r2egym-qwen3-rl-100-steps-attempt-8,71,1482,agent_max_step_limit,25,0.2018132150593341,True,26
slimshetty/swebench-verified:sweb.eval.x86_64.astropy__astropy-7671,0.0,r2egym-qwen3-rl-100-steps-attempt-8,51,5412,agent_max_step_limit,0,0.798186787341014,False,0
slimshetty/swebench-verified:sweb.eval.x86_64.django__django-16139,1.0,r2egym-qwen3-rl-100-steps-attempt-8,24,2430,agent,86,0.7772998560157665,True,86
slimshetty/swebench-verified:sweb.eval.x86_64.sympy__sympy-20428,0.0,r2egym-qwen3-rl-100-steps-attempt-8,33,1870,token_limit,146,0.4073334000459302,False,146
slimshetty/swebench-verified:sweb.eval.x86_64.matplotlib__matplotlib-26208,0.0,r2egym-qwen3-rl-100-steps-attempt-8,54,0,token_limit,813,5.1442231916491694e-05,False,813
slimshetty/swebench-verified:sweb.eval.x86_64.pytest-dev__pytest-7571,1.0,r2egym-qwen3-rl-100-steps-attempt-8,44,801,agent_max_step_limit,14,0.8670357460591569,True,14
slimshetty/swebench-verified:sweb.eval.x86_64.sympy__sympy-19637,1.0,r2egym-qwen3-rl-100-steps-attempt-8,78,402,token_limit,40,0.0021827160792233,True,41
slimshetty/swebench-verified:sweb.eval.x86_64.pydata__xarray-6938,0.0,r2egym-qwen3-rl-100-steps-attempt-8,60,1674,agent_max_step_limit,430,0.8175744850834648,False,430
slimshetty/swebench-verified:sweb.eval.x86_64.sympy__sympy-24562,1.0,r2egym-qwen3-rl-100-steps-attempt-8,35,1409,agent,105,0.8933094088947399,True,105
slimshetty/swebench-verified:sweb.eval.x86_64.django__django-16595,1.0,r2egym-qwen3-rl-100-steps-attempt-8,41,2026,max_step_limit,37,0.8175744695262775,True,38
slimshetty/swebench-verified:sweb.eval.x86_64.django__django-15695,0.0,r2egym-qwen3-rl-100-steps-attempt-8,41,3580,max_step_limit,123,0.8354835289107307,False,124
slimshetty/swebench-verified:sweb.eval.x86_64.django__django-13786,1.0,r2egym-qwen3-rl-100-steps-attempt-8,100,987,abs_step_limit,33,0.8807970873650401,True,33
slimshetty/swebench-verified:sweb.eval.x86_64.django__django-16429,1.0,r2egym-qwen3-rl-100-steps-attempt-8,77,473,token_limit,21,0.8670357512127872,True,17
slimshetty/swebench-verified:sweb.eval.x86_64.sphinx-doc__sphinx-8621,0.0,r2egym-qwen3-rl-100-steps-attempt-8,68,906,token_limit,31,0.0001795280081455,False,31
slimshetty/swebench-verified:sweb.eval.x86_64.pytest-dev__pytest-8399,1.0,r2egym-qwen3-rl-100-steps-attempt-8,74,979,agent_max_step_limit,59,0.7310585727705127,True,59
slimshetty/swebench-verified:sweb.eval.x86_64.sphinx-doc__sphinx-10673,0.0,r2egym-qwen3-rl-100-steps-attempt-8,36,951,agent,9,0.7310585669110203,False,9
slimshetty/swebench-verified:sweb.eval.x86_64.django__django-11087,0.0,r2egym-qwen3-rl-100-steps-attempt-8,100,0,abs_step_limit,41,0.0001795279863848,False,41
slimshetty/swebench-verified:sweb.eval.x86_64.psf__requests-1766,0.0,r2egym-qwen3-rl-100-steps-attempt-8,49,4195,token_limit,0,0.8670357512127872,False,89
slimshetty/swebench-verified:sweb.eval.x86_64.django__django-11095,1.0,r2egym-qwen3-rl-100-steps-attempt-8,100,2882,abs_step_limit,19,0.798186775339273,True,19
slimshetty/swebench-verified:sweb.eval.x86_64.sphinx-doc__sphinx-8551,0.0,r2egym-qwen3-rl-100-steps-attempt-8,42,3173,agent_max_step_limit,31,0.6224593312018546,False,31
slimshetty/swebench-verified:sweb.eval.x86_64.matplotlib__matplotlib-20676,0.0,r2egym-qwen3-rl-100-steps-attempt-8,63,0,token_limit,32,6.605217603296344e-05,False,32
slimshetty/swebench-verified:sweb.eval.x86_64.django__django-15572,0.0,r2egym-qwen3-rl-100-steps-attempt-8,72,1815,token_limit,10,0.8354835432479661,False,10
slimshetty/swebench-verified:sweb.eval.x86_64.django__django-14404,0.0,r2egym-qwen3-rl-100-steps-attempt-8,52,3219,agent_max_step_limit,321,0.3775406687981454,False,321
slimshetty/swebench-verified:sweb.eval.x86_64.django__django-14915,0.0,r2egym-qwen3-rl-100-steps-attempt-8,47,0,token_limit,23,0.0001088969088223,False,23
slimshetty/swebench-verified:sweb.eval.x86_64.mwaskom__seaborn-3187,0.0,r2egym-qwen3-rl-100-steps-attempt-8,100,987,abs_step_limit,248,0.0534033297998242,False,249
slimshetty/swebench-verified:sweb.eval.x86_64.django__django-15732,0.0,r2egym-qwen3-rl-100-steps-attempt-8,98,4198,token_limit,125,0.8354835330070839,False,124
slimshetty/swebench-verified:sweb.eval.x86_64.matplotlib__matplotlib-24627,1.0,r2egym-qwen3-rl-100-steps-attempt-8,41,1180,max_step_limit,776,0.8519527963298947,True,776
slimshetty/swebench-verified:sweb.eval.x86_64.matplotlib__matplotlib-22871,0.0,r2egym-qwen3-rl-100-steps-attempt-8,98,2750,token_limit,87,0.0028009273378005,False,88
slimshetty/swebench-verified:sweb.eval.x86_64.pydata__xarray-7393,1.0,r2egym-qwen3-rl-100-steps-attempt-8,63,846,agent_max_step_limit,71,0.880797085800514,True,71
slimshetty/swebench-verified:sweb.eval.x86_64.django__django-16661,0.0,r2egym-qwen3-rl-100-steps-attempt-8,17,2349,agent,36,0.7549149923816048,False,36
slimshetty/swebench-verified:sweb.eval.x86_64.matplotlib__matplotlib-22865,0.0,r2egym-qwen3-rl-100-steps-attempt-8,65,1062,token_limit,0,0.0008040859964254,False,0
slimshetty/swebench-verified:sweb.eval.x86_64.sphinx-doc__sphinx-7462,0.0,r2egym-qwen3-rl-100-steps-attempt-8,33,3765,agent,49,0.7310585786300049,False,50
slimshetty/swebench-verified:sweb.eval.x86_64.pytest-dev__pytest-5840,0.0,r2egym-qwen3-rl-100-steps-attempt-8,47,1059,agent_max_step_limit,51,0.5621765008857981,False,52
slimshetty/swebench-verified:sweb.eval.x86_64.astropy__astropy-13398,0.0,r2egym-qwen3-rl-100-steps-attempt-8,63,4628,token_limit,63,0.0330859768394049,False,63
slimshetty/swebench-verified:sweb.eval.x86_64.sympy__sympy-15875,0.0,r2egym-qwen3-rl-100-steps-attempt-8,38,664,token_limit,80,0.0075772402383633,False,81
slimshetty/swebench-verified:sweb.eval.x86_64.sympy__sympy-24213,1.0,r2egym-qwen3-rl-100-steps-attempt-8,40,2923,agent,31,0.8354835330070838,True,30
slimshetty/swebench-verified:sweb.eval.x86_64.django__django-14170,0.0,r2egym-qwen3-rl-100-steps-attempt-8,100,1067,abs_step_limit,0,0.0001398221069586,False,0
slimshetty/swebench-verified:sweb.eval.x86_64.scikit-learn__scikit-learn-14087,0.0,r2egym-qwen3-rl-100-steps-attempt-8,42,1428,token_limit,169,0.0109869450897449,False,169
slimshetty/swebench-verified:sweb.eval.x86_64.django__django-12774,0.0,r2egym-qwen3-rl-100-steps-attempt-8,40,7141,agent,39,0.8670357512127873,False,40
slimshetty/swebench-verified:sweb.eval.x86_64.sphinx-doc__sphinx-9461,0.0,r2egym-qwen3-rl-100-steps-attempt-8,81,1305,token_limit,59,0.2018132150593341,False,61
slimshetty/swebench-verified:sweb.eval.x86_64.django__django-11179,1.0,r2egym-qwen3-rl-100-steps-attempt-8,100,10660,abs_step_limit,40,0.0675466981786551,True,40
slimshetty/swebench-verified:sweb.eval.x86_64.django__django-15554,0.0,r2egym-qwen3-rl-100-steps-attempt-8,72,1823,agent_max_step_limit,19,0.8175744673038222,False,19
slimshetty/swebench-verified:sweb.eval.x86_64.pytest-dev__pytest-7521,0.0,r2egym-qwen3-rl-100-steps-attempt-8,100,1172,abs_step_limit,101,0.0028009271394544,False,102
slimshetty/swebench-verified:sweb.eval.x86_64.sphinx-doc__sphinx-9591,0.0,r2egym-qwen3-rl-100-steps-attempt-8,66,848,token_limit,44,0.0259573567739479,False,45
slimshetty/swebench-verified:sweb.eval.x86_64.django__django-11400,0.0,r2egym-qwen3-rl-100-steps-attempt-8,77,6152,token_limit,58,0.8670357546485407,False,58
slimshetty/swebench-verified:sweb.eval.x86_64.django__django-13112,0.0,r2egym-qwen3-rl-100-steps-attempt-8,100,0,abs_step_limit,63,6.605213666348852e-05,False,63
slimshetty/swebench-verified:sweb.eval.x86_64.django__django-13837,1.0,r2egym-qwen3-rl-100-steps-attempt-8,100,3100,abs_step_limit,57,0.3775406687981454,True,55
slimshetty/swebench-verified:sweb.eval.x86_64.pylint-dev__pylint-4661,0.0,r2egym-qwen3-rl-100-steps-attempt-8,54,3305,token_limit,0,0.731058584489497,False,51
slimshetty/swebench-verified:sweb.eval.x86_64.sphinx-doc__sphinx-7889,0.0,r2egym-qwen3-rl-100-steps-attempt-8,100,1169,token_limit,5,0.0008040860799969,False,6
slimshetty/swebench-verified:sweb.eval.x86_64.django__django-13551,0.0,r2egym-qwen3-rl-100-steps-attempt-8,40,6743,agent,56,0.8175744695262775,False,57
slimshetty/swebench-verified:sweb.eval.x86_64.scikit-learn__scikit-learn-14629,0.0,r2egym-qwen3-rl-100-steps-attempt-8,100,1443,abs_step_limit,0,0.0007096705244647,False,0
slimshetty/swebench-verified:sweb.eval.x86_64.pylint-dev__pylint-6386,0.0,r2egym-qwen3-rl-100-steps-attempt-8,100,0,abs_step_limit,7,2.1444940727740105e-05,False,7
slimshetty/swebench-verified:sweb.eval.x86_64.matplotlib__matplotlib-24149,1.0,r2egym-qwen3-rl-100-steps-attempt-8,36,1494,agent,767,0.8354835411997897,True,767
slimshetty/swebench-verified:sweb.eval.x86_64.django__django-16899,0.0,r2egym-qwen3-rl-100-steps-attempt-8,65,1799,token_limit,54,0.1192029126349598,False,54
slimshetty/swebench-verified:sweb.eval.x86_64.django__django-12155,1.0,r2egym-qwen3-rl-100-steps-attempt-8,100,3737,abs_step_limit,6,0.8807970904940926,True,7
slimshetty/swebench-verified:sweb.eval.x86_64.sphinx-doc__sphinx-8475,1.0,r2egym-qwen3-rl-100-steps-attempt-8,100,2426,abs_step_limit,17,0.7057850402140659,True,17
slimshetty/swebench-verified:sweb.eval.x86_64.sympy__sympy-13615,0.0,r2egym-qwen3-rl-100-steps-attempt-8,84,657,token_limit,0,0.001032231015267,False,0
slimshetty/swebench-verified:sweb.eval.x86_64.sphinx-doc__sphinx-10449,1.0,r2egym-qwen3-rl-100-steps-attempt-8,67,743,token_limit,30,0.7310585786300049,True,30
slimshetty/swebench-verified:sweb.eval.x86_64.django__django-11964,0.0,r2egym-qwen3-rl-100-steps-attempt-8,60,2556,token_limit,15,0.0758581763650499,False,16
slimshetty/swebench-verified:sweb.eval.x86_64.django__django-16801,1.0,r2egym-qwen3-rl-100-steps-attempt-8,100,2720,abs_step_limit,17,0.7981867777396212,True,17
slimshetty/swebench-verified:sweb.eval.x86_64.django__django-16569,1.0,r2egym-qwen3-rl-100-steps-attempt-8,100,664,abs_step_limit,111,0.8807970748488297,True,113
slimshetty/swebench-verified:sweb.eval.x86_64.sphinx-doc__sphinx-10466,1.0,r2egym-qwen3-rl-100-steps-attempt-8,100,1562,abs_step_limit,6,0.8175744739711883,True,6
slimshetty/swebench-verified:sweb.eval.x86_64.scikit-learn__scikit-learn-12585,1.0,r2egym-qwen3-rl-100-steps-attempt-8,22,1737,agent,22,0.8354835432479661,True,22
slimshetty/swebench-verified:sweb.eval.x86_64.django__django-11820,0.0,r2egym-qwen3-rl-100-steps-attempt-8,85,3566,token_limit,61,0.7057850216484838,False,61
slimshetty/swebench-verified:sweb.eval.x86_64.django__django-11790,0.0,r2egym-qwen3-rl-100-steps-attempt-8,60,0,token_limit,77,4.006368254998988e-05,False,79
slimshetty/swebench-verified:sweb.eval.x86_64.astropy__astropy-14508,1.0,r2egym-qwen3-rl-100-steps-attempt-8,69,635,token_limit,174,0.4687906266262437,True,174
slimshetty/swebench-verified:sweb.eval.x86_64.django__django-16493,1.0,r2egym-qwen3-rl-100-steps-attempt-8,100,629,abs_step_limit,91,0.8519527982093666,True,91
slimshetty/swebench-verified:sweb.eval.x86_64.scikit-learn__scikit-learn-11310,1.0,r2egym-qwen3-rl-100-steps-attempt-8,42,4574,agent_max_step_limit,50,0.8354835371034368,True,54
slimshetty/swebench-verified:sweb.eval.x86_64.django__django-14315,0.0,r2egym-qwen3-rl-100-steps-attempt-8,18,522,agent,0,0.8670357683915538,False,10
slimshetty/swebench-verified:sweb.eval.x86_64.django__django-16082,1.0,r2egym-qwen3-rl-100-steps-attempt-8,40,1857,token_limit,170,0.5926665999540698,True,172
slimshetty/swebench-verified:sweb.eval.x86_64.django__django-13925,0.0,r2egym-qwen3-rl-100-steps-attempt-8,94,191,token_limit,24,0.5,False,22
slimshetty/swebench-verified:sweb.eval.x86_64.django__django-11728,0.0,r2egym-qwen3-rl-100-steps-attempt-8,67,2203,token_limit,42,0.0024726234282687,False,45
slimshetty/swebench-verified:sweb.eval.x86_64.django__django-13516,1.0,r2egym-qwen3-rl-100-steps-attempt-8,100,1672,abs_step_limit,43,0.7772998560157665,True,43
slimshetty/swebench-verified:sweb.eval.x86_64.django__django-17087,1.0,r2egym-qwen3-rl-100-steps-attempt-8,29,2069,agent,53,0.7549149868676284,True,53
slimshetty/swebench-verified:sweb.eval.x86_64.django__django-15161,0.0,r2egym-qwen3-rl-100-steps-attempt-8,92,953,token_limit,208,0.6791786861878392,False,210
slimshetty/swebench-verified:sweb.eval.x86_64.django__django-16485,1.0,r2egym-qwen3-rl-100-steps-attempt-8,30,3361,agent,9,0.8354835371034368,True,10
slimshetty/swebench-verified:sweb.eval.x86_64.django__django-13794,0.0,r2egym-qwen3-rl-100-steps-attempt-8,88,2695,token_limit,22,0.0109869424990336,False,22
slimshetty/swebench-verified:sweb.eval.x86_64.sphinx-doc__sphinx-9367,1.0,r2egym-qwen3-rl-100-steps-attempt-8,100,1635,abs_step_limit,25,0.7981867825403177,True,25
slimshetty/swebench-verified:sweb.eval.x86_64.django__django-15930,0.0,r2egym-qwen3-rl-100-steps-attempt-8,49,4320,token_limit,0,0.0046095712371315,False,0
slimshetty/swebench-verified:sweb.eval.x86_64.django__django-14608,0.0,r2egym-qwen3-rl-100-steps-attempt-8,42,1970,token_limit,392,0.0850990415265323,False,396
slimshetty/swebench-verified:sweb.eval.x86_64.django__django-14787,1.0,r2egym-qwen3-rl-100-steps-attempt-8,23,2112,agent,20,0.8354835411997897,True,20
slimshetty/swebench-verified:sweb.eval.x86_64.sympy__sympy-17139,0.0,r2egym-qwen3-rl-100-steps-attempt-8,31,2964,agent,67,0.8807970670261976,False,68
slimshetty/swebench-verified:sweb.eval.x86_64.sphinx-doc__sphinx-8638,0.0,r2egym-qwen3-rl-100-steps-attempt-8,51,906,token_limit,34,0.0008040860136822,False,34
slimshetty/swebench-verified:sweb.eval.x86_64.sphinx-doc__sphinx-8269,1.0,r2egym-qwen3-rl-100-steps-attempt-8,61,5954,token_limit,5,0.9046505434556232,True,5
slimshetty/swebench-verified:sweb.eval.x86_64.django__django-12209,1.0,r2egym-qwen3-rl-100-steps-attempt-8,88,960,token_limit,0,0.7772998663336158,True,1
slimshetty/swebench-verified:sweb.eval.x86_64.django__django-11555,0.0,r2egym-qwen3-rl-100-steps-attempt-8,60,2159,agent_max_step_limit,26,0.6513548714339145,False,26
slimshetty/swebench-verified:sweb.eval.x86_64.django__django-14122,0.0,r2egym-qwen3-rl-100-steps-attempt-8,100,2657,abs_step_limit,26,0.1824255171389904,False,26
slimshetty/swebench-verified:sweb.eval.x86_64.sphinx-doc__sphinx-10323,0.0,r2egym-qwen3-rl-100-steps-attempt-8,58,4699,token_limit,38,0.6513548714339144,False,39
slimshetty/swebench-verified:sweb.eval.x86_64.django__django-14725,0.0,r2egym-qwen3-rl-100-steps-attempt-8,48,4839,agent_max_step_limit,64,0.7981867849406659,False,65
slimshetty/swebench-verified:sweb.eval.x86_64.matplotlib__matplotlib-20859,1.0,r2egym-qwen3-rl-100-steps-attempt-8,100,1282,abs_step_limit,88,0.4073334000459302,True,88
slimshetty/swebench-verified:sweb.eval.x86_64.scikit-learn__scikit-learn-25232,0.0,r2egym-qwen3-rl-100-steps-attempt-8,100,3180,abs_step_limit,0,0.0009110510866885,False,0
slimshetty/swebench-verified:sweb.eval.x86_64.sympy__sympy-20590,1.0,r2egym-qwen3-rl-100-steps-attempt-8,26,478,agent,21,0.7310585786300049,True,21
slimshetty/swebench-verified:sweb.eval.x86_64.pytest-dev__pytest-5631,0.0,r2egym-qwen3-rl-100-steps-attempt-8,38,775,agent,4,0.7981867825403177,False,15
slimshetty/swebench-verified:sweb.eval.x86_64.sympy__sympy-22714,0.0,r2egym-qwen3-rl-100-steps-attempt-8,38,903,agent,0,0.5,False,0
slimshetty/swebench-verified:sweb.eval.x86_64.matplotlib__matplotlib-25287,1.0,r2egym-qwen3-rl-100-steps-attempt-8,13,1715,agent,786,0.6224593382055109,True,786
slimshetty/swebench-verified:sweb.eval.x86_64.django__django-14311,0.0,r2egym-qwen3-rl-100-steps-attempt-8,73,845,token_limit,59,0.0031726831097817,False,59
slimshetty/swebench-verified:sweb.eval.x86_64.django__django-17029,1.0,r2egym-qwen3-rl-100-steps-attempt-8,85,1378,token_limit,43,0.8933094060543488,True,43
slimshetty/swebench-verified:sweb.eval.x86_64.sympy__sympy-16792,0.0,r2egym-qwen3-rl-100-steps-attempt-8,60,0,token_limit,54,7.484624491729e-05,False,54
slimshetty/swebench-verified:sweb.eval.x86_64.sympy__sympy-13480,1.0,r2egym-qwen3-rl-100-steps-attempt-8,34,6696,token_limit,43,0.9046505312448598,True,44
slimshetty/swebench-verified:sweb.eval.x86_64.sphinx-doc__sphinx-11445,1.0,r2egym-qwen3-rl-100-steps-attempt-8,71,1585,token_limit,8,0.7549149868676283,True,0
slimshetty/swebench-verified:sweb.eval.x86_64.django__django-13028,0.0,r2egym-qwen3-rl-100-steps-attempt-8,60,0,token_limit,276,2.1444953509026425e-05,False,277
slimshetty/swebench-verified:sweb.eval.x86_64.scikit-learn__scikit-learn-26323,1.0,r2egym-qwen3-rl-100-steps-attempt-8,38,3481,agent,188,0.880797085800514,True,188
slimshetty/swebench-verified:sweb.eval.x86_64.sphinx-doc__sphinx-7590,0.0,r2egym-qwen3-rl-100-steps-attempt-8,32,2127,agent,24,0.8175744850834648,False,25
slimshetty/swebench-verified:sweb.eval.x86_64.django__django-14534,0.0,r2egym-qwen3-rl-100-steps-attempt-8,100,5463,abs_step_limit,118,0.7310585727705127,False,119
slimshetty/swebench-verified:sweb.eval.x86_64.django__django-15851,1.0,r2egym-qwen3-rl-100-steps-attempt-8,28,1141,agent,8,0.904650541527608,True,9
slimshetty/swebench-verified:sweb.eval.x86_64.django__django-12050,0.0,r2egym-qwen3-rl-100-steps-attempt-8,100,2408,abs_step_limit,0,0.7772998714925403,False,0
slimshetty/swebench-verified:sweb.eval.x86_64.sympy__sympy-22080,0.0,r2egym-qwen3-rl-100-steps-attempt-8,27,0,token_limit,91,0.000487857216617,False,93
slimshetty/swebench-verified:sweb.eval.x86_64.pydata__xarray-4356,1.0,r2egym-qwen3-rl-100-steps-attempt-8,76,851,token_limit,604,0.6791787121629466,True,580
slimshetty/swebench-verified:sweb.eval.x86_64.django__django-14376,0.0,r2egym-qwen3-rl-100-steps-attempt-8,100,2023,abs_step_limit,6,0.8175744806385542,False,9
slimshetty/swebench-verified:sweb.eval.x86_64.matplotlib__matplotlib-24570,0.0,r2egym-qwen3-rl-100-steps-attempt-8,100,1805,abs_step_limit,267,0.3775406758018018,False,263
slimshetty/swebench-verified:sweb.eval.x86_64.astropy__astropy-14096,0.0,r2egym-qwen3-rl-100-steps-attempt-8,59,1891,token_limit,426,0.009708475254784,False,426
slimshetty/swebench-verified:sweb.eval.x86_64.django__django-13012,1.0,r2egym-qwen3-rl-100-steps-attempt-8,66,5234,token_limit,137,0.880797071719777,True,137
slimshetty/swebench-verified:sweb.eval.x86_64.sphinx-doc__sphinx-9258,0.0,r2egym-qwen3-rl-100-steps-attempt-8,100,3868,abs_step_limit,45,0.0159063900498835,False,45
slimshetty/swebench-verified:sweb.eval.x86_64.sympy__sympy-18211,1.0,r2egym-qwen3-rl-100-steps-attempt-8,25,1193,agent,54,0.8354835309589074,True,54
slimshetty/swebench-verified:sweb.eval.x86_64.sympy__sympy-15599,0.0,r2egym-qwen3-rl-100-steps-attempt-8,64,1237,token_limit,80,0.012431653574465,False,81
slimshetty/swebench-verified:sweb.eval.x86_64.pydata__xarray-4966,1.0,r2egym-qwen3-rl-100-steps-attempt-8,38,2311,agent,21,0.7981867801399694,True,17
slimshetty/swebench-verified:sweb.eval.x86_64.django__django-16032,1.0,r2egym-qwen3-rl-100-steps-attempt-8,53,3475,agent_max_step_limit,77,0.817574478416099,True,77
slimshetty/swebench-verified:sweb.eval.x86_64.sympy__sympy-21847,1.0,r2egym-qwen3-rl-100-steps-attempt-8,60,2830,token_limit,9,0.8807970858005139,True,10
slimshetty/swebench-verified:sweb.eval.x86_64.matplotlib__matplotlib-20488,0.0,r2egym-qwen3-rl-100-steps-attempt-8,37,0,token_limit,110,6.605212863283744e-05,False,110
slimshetty/swebench-verified:sweb.eval.x86_64.django__django-10999,0.0,r2egym-qwen3-rl-100-steps-attempt-8,31,1364,token_limit,10,0.7981867801399695,False,12
slimshetty/swebench-verified:sweb.eval.x86_64.django__django-13406,0.0,r2egym-qwen3-rl-100-steps-attempt-8,84,3295,token_limit,32,0.4687906266262437,False,33
slimshetty/swebench-verified:sweb.eval.x86_64.django__django-11163,1.0,r2egym-qwen3-rl-100-steps-attempt-8,93,2373,token_limit,141,0.8354835411997897,True,142
slimshetty/swebench-verified:sweb.eval.x86_64.django__django-11119,1.0,r2egym-qwen3-rl-100-steps-attempt-8,20,1308,agent,7,0.5312093733737563,True,7
slimshetty/swebench-verified:sweb.eval.x86_64.sympy__sympy-24661,0.0,r2egym-qwen3-rl-100-steps-attempt-8,68,624,token_limit,0,0.003593602864876,False,0
slimshetty/swebench-verified:sweb.eval.x86_64.sphinx-doc__sphinx-10435,0.0,r2egym-qwen3-rl-100-steps-attempt-8,59,2968,token_limit,74,0.7549149978955811,False,74
slimshetty/swebench-verified:sweb.eval.x86_64.django__django-13023,0.0,r2egym-qwen3-rl-100-steps-attempt-8,37,4164,agent,9,0.798186775339273,False,10
slimshetty/swebench-verified:sweb.eval.x86_64.sphinx-doc__sphinx-9658,0.0,r2egym-qwen3-rl-100-steps-attempt-8,100,2214,abs_step_limit,24,0.5312093733737563,False,23
slimshetty/swebench-verified:sweb.eval.x86_64.astropy__astropy-14309,1.0,r2egym-qwen3-rl-100-steps-attempt-8,45,2663,agent_max_step_limit,141,0.3775406687981454,True,141
slimshetty/swebench-verified:sweb.eval.x86_64.pylint-dev__pylint-4970,0.0,r2egym-qwen3-rl-100-steps-attempt-8,44,1970,agent_max_step_limit,17,0.8175744806385543,False,17
slimshetty/swebench-verified:sweb.eval.x86_64.pytest-dev__pytest-5809,0.0,r2egym-qwen3-rl-100-steps-attempt-8,83,2479,token_limit,3,0.0013250226703149,False,3
slimshetty/swebench-verified:sweb.eval.x86_64.django__django-11749,0.0,r2egym-qwen3-rl-100-steps-attempt-8,15,1574,agent,30,0.8354835452961425,False,30
slimshetty/swebench-verified:sweb.eval.x86_64.pytest-dev__pytest-6197,0.0,r2egym-qwen3-rl-100-steps-attempt-8,82,2857,token_limit,141,0.3486451285660856,False,141
slimshetty/swebench-verified:sweb.eval.x86_64.pytest-dev__pytest-5787,0.0,r2egym-qwen3-rl-100-steps-attempt-8,41,8663,max_step_limit,119,0.2942149721629888,False,119
slimshetty/swebench-verified:sweb.eval.x86_64.matplotlib__matplotlib-20826,0.0,r2egym-qwen3-rl-100-steps-attempt-8,56,4023,token_limit,673,0.0159063952980879,False,673
slimshetty/swebench-verified:sweb.eval.x86_64.django__django-10914,1.0,r2egym-qwen3-rl-100-steps-attempt-8,80,4209,token_limit,98,0.6513548511303338,True,98
slimshetty/swebench-verified:sweb.eval.x86_64.matplotlib__matplotlib-22719,1.0,r2egym-qwen3-rl-100-steps-attempt-8,78,687,token_limit,68,0.798186784940666,True,64
slimshetty/swebench-verified:sweb.eval.x86_64.sphinx-doc__sphinx-9320,1.0,r2egym-qwen3-rl-100-steps-attempt-8,42,824,agent_max_step_limit,9,0.6224593312018546,True,9
slimshetty/swebench-verified:sweb.eval.x86_64.sphinx-doc__sphinx-8120,0.0,r2egym-qwen3-rl-100-steps-attempt-8,51,1227,agent_max_step_limit,41,0.7981867825403176,False,41
slimshetty/swebench-verified:sweb.eval.x86_64.sympy__sympy-14248,0.0,r2egym-qwen3-rl-100-steps-attempt-8,61,3502,token_limit,425,0.0031726835007858,False,425
slimshetty/swebench-verified:sweb.eval.x86_64.django__django-13807,0.0,r2egym-qwen3-rl-100-steps-attempt-8,42,3836,agent_max_step_limit,38,0.798186768138228,False,40
slimshetty/swebench-verified:sweb.eval.x86_64.django__django-16454,0.0,r2egym-qwen3-rl-100-steps-attempt-8,79,0,token_limit,45,2.753569435753588e-05,False,44
slimshetty/swebench-verified:sweb.eval.x86_64.django__django-15629,0.0,r2egym-qwen3-rl-100-steps-attempt-8,5,0,token_limit,115,0.0002034269003584,False,115
slimshetty/swebench-verified:sweb.eval.x86_64.pytest-dev__pytest-10081,1.0,r2egym-qwen3-rl-100-steps-attempt-8,80,1795,token_limit,63,0.7772998560157665,True,62
slimshetty/swebench-verified:sweb.eval.x86_64.django__django-15741,1.0,r2egym-qwen3-rl-100-steps-attempt-8,60,1310,token_limit,104,0.7981867801399695,True,104
slimshetty/swebench-verified:sweb.eval.x86_64.django__django-11433,0.0,r2egym-qwen3-rl-100-steps-attempt-8,31,2384,agent,138,0.8175744673038222,False,139
slimshetty/swebench-verified:sweb.eval.x86_64.astropy__astropy-8872,0.0,r2egym-qwen3-rl-100-steps-attempt-8,13,790,agent,0,0.8175744695262777,False,0
slimshetty/swebench-verified:sweb.eval.x86_64.scikit-learn__scikit-learn-13328,1.0,r2egym-qwen3-rl-100-steps-attempt-8,32,1561,agent,9,0.8354835309589074,True,10
slimshetty/swebench-verified:sweb.eval.x86_64.django__django-13033,0.0,r2egym-qwen3-rl-100-steps-attempt-8,46,0,token_limit,26,0.0001398220729497,False,26
slimshetty/swebench-verified:sweb.eval.x86_64.sympy__sympy-12489,0.0,r2egym-qwen3-rl-100-steps-attempt-8,100,3276,abs_step_limit,4,0.0059110681366007,False,8
slimshetty/swebench-verified:sweb.eval.x86_64.sphinx-doc__sphinx-7748,0.0,r2egym-qwen3-rl-100-steps-attempt-8,97,4916,token_limit,2,0.2450850186463482,False,2
slimshetty/swebench-verified:sweb.eval.x86_64.django__django-12754,0.0,r2egym-qwen3-rl-100-steps-attempt-8,100,4533,abs_step_limit,104,0.6513548511303338,False,104
slimshetty/swebench-verified:sweb.eval.x86_64.pytest-dev__pytest-7982,1.0,r2egym-qwen3-rl-100-steps-attempt-8,21,2060,agent,78,0.8354835452961425,True,78
slimshetty/swebench-verified:sweb.eval.x86_64.sympy__sympy-14531,0.0,r2egym-qwen3-rl-100-steps-attempt-8,74,3927,token_limit,79,0.0085774868788909,False,80
slimshetty/swebench-verified:sweb.eval.x86_64.django__django-14580,1.0,r2egym-qwen3-rl-100-steps-attempt-8,95,2426,token_limit,49,0.6224593312018545,True,49
slimshetty/swebench-verified:sweb.eval.x86_64.pydata__xarray-6461,0.0,r2egym-qwen3-rl-100-steps-attempt-8,15,1061,agent,247,0.7772998714925403,False,247
slimshetty/swebench-verified:sweb.eval.x86_64.astropy__astropy-7606,0.0,r2egym-qwen3-rl-100-steps-attempt-8,71,1124,token_limit,0,0.0850990542883219,False,0
slimshetty/swebench-verified:sweb.eval.x86_64.matplotlib__matplotlib-23299,0.0,r2egym-qwen3-rl-100-steps-attempt-8,26,0,token_limit,192,6.605214434717565e-05,False,192
slimshetty/swebench-verified:sweb.eval.x86_64.pydata__xarray-4687,0.0,r2egym-qwen3-rl-100-steps-attempt-8,61,1760,agent_max_step_limit,1717,0.817574478416099,False,1717
slimshetty/swebench-verified:sweb.eval.x86_64.sympy__sympy-18189,0.0,r2egym-qwen3-rl-100-steps-attempt-8,74,2049,token_limit,0,0.0009110512606279,False,0
slimshetty/swebench-verified:sweb.eval.x86_64.django__django-15916,0.0,r2egym-qwen3-rl-100-steps-attempt-8,100,2062,abs_step_limit,149,0.8354835350552604,False,149
slimshetty/swebench-verified:sweb.eval.x86_64.sympy__sympy-23824,1.0,r2egym-qwen3-rl-100-steps-attempt-8,44,3218,agent_max_step_limit,2,0.9046505325302034,True,3
slimshetty/swebench-verified:sweb.eval.x86_64.django__django-7530,1.0,r2egym-qwen3-rl-100-steps-attempt-8,100,0,abs_step_limit,59,0.0001584362346533,True,63
slimshetty/swebench-verified:sweb.eval.x86_64.sympy__sympy-17318,0.0,r2egym-qwen3-rl-100-steps-attempt-8,67,3942,token_limit,1,0.0293122301153816,False,1
slimshetty/swebench-verified:sweb.eval.x86_64.scikit-learn__scikit-learn-13779,1.0,r2egym-qwen3-rl-100-steps-attempt-8,24,2528,agent,18,0.8807970732843033,True,18
slimshetty/swebench-verified:sweb.eval.x86_64.astropy__astropy-14369,0.0,r2egym-qwen3-rl-100-steps-attempt-8,80,875,token_limit,732,0.0008040859078968,False,729
slimshetty/swebench-verified:sweb.eval.x86_64.django__django-11951,0.0,r2egym-qwen3-rl-100-steps-attempt-8,100,2520,abs_step_limit,21,0.7310585727705126,False,21
slimshetty/swebench-verified:sweb.eval.x86_64.django__django-14999,0.0,r2egym-qwen3-rl-100-steps-attempt-8,100,4882,abs_step_limit,0,0.8519528038477824,False,113
slimshetty/swebench-verified:sweb.eval.x86_64.django__django-14434,1.0,r2egym-qwen3-rl-100-steps-attempt-8,100,3094,abs_step_limit,133,0.6791787121629466,True,133
slimshetty/swebench-verified:sweb.eval.x86_64.scikit-learn__scikit-learn-13142,1.0,r2egym-qwen3-rl-100-steps-attempt-8,29,1577,agent,54,0.9149009636941992,True,54
slimshetty/swebench-verified:sweb.eval.x86_64.django__django-13810,1.0,r2egym-qwen3-rl-100-steps-attempt-8,100,3618,abs_step_limit,30,0.7981867873410141,True,32
slimshetty/swebench-verified:sweb.eval.x86_64.astropy__astropy-14539,1.0,r2egym-qwen3-rl-100-steps-attempt-8,44,4591,token_limit,46,0.8933094159957173,True,48
slimshetty/swebench-verified:sweb.eval.x86_64.django__django-11532,0.0,r2egym-qwen3-rl-100-steps-attempt-8,100,2344,abs_step_limit,130,0.8175744695262775,False,148
slimshetty/swebench-verified:sweb.eval.x86_64.django__django-15569,1.0,r2egym-qwen3-rl-100-steps-attempt-8,30,1463,agent,242,0.8670357649558007,True,243
slimshetty/swebench-verified:sweb.eval.x86_64.sympy__sympy-12096,1.0,r2egym-qwen3-rl-100-steps-attempt-8,40,2828,agent,43,0.8175744739711883,True,43
slimshetty/swebench-verified:sweb.eval.x86_64.django__django-15280,0.0,r2egym-qwen3-rl-100-steps-attempt-8,100,2137,abs_step_limit,85,0.0010322310992974,False,85
slimshetty/swebench-verified:sweb.eval.x86_64.django__django-16255,1.0,r2egym-qwen3-rl-100-steps-attempt-8,24,524,agent,36,0.8807970873650401,True,36
slimshetty/swebench-verified:sweb.eval.x86_64.sphinx-doc__sphinx-8595,1.0,r2egym-qwen3-rl-100-steps-attempt-8,16,930,llm_query_error,0,0.0,True,1469
slimshetty/swebench-verified:sweb.eval.x86_64.django__django-15368,1.0,r2egym-qwen3-rl-100-steps-attempt-8,46,3712,agent_max_step_limit,29,0.6224593312018546,True,29
slimshetty/swebench-verified:sweb.eval.x86_64.matplotlib__matplotlib-23476,0.0,r2egym-qwen3-rl-100-steps-attempt-8,44,448,agent_max_step_limit,104,0.7981867849406659,False,104
slimshetty/swebench-verified:sweb.eval.x86_64.django__django-12741,1.0,r2egym-qwen3-rl-100-steps-attempt-8,47,2612,token_limit,67,0.6513548714339145,True,69
slimshetty/swebench-verified:sweb.eval.x86_64.sympy__sympy-19495,1.0,r2egym-qwen3-rl-100-steps-attempt-8,65,2115,token_limit,8,0.8670357632379241,True,8
slimshetty/swebench-verified:sweb.eval.x86_64.matplotlib__matplotlib-25332,1.0,r2egym-qwen3-rl-100-steps-attempt-8,46,6043,agent_max_step_limit,181,0.8519528057272543,True,184
slimshetty/swebench-verified:sweb.eval.x86_64.django__django-13658,1.0,r2egym-qwen3-rl-100-steps-attempt-8,61,1410,token_limit,181,0.8807970811069351,True,185
slimshetty/swebench-verified:sweb.eval.x86_64.sympy__sympy-13852,0.0,r2egym-qwen3-rl-100-steps-attempt-8,100,1580,abs_step_limit,4,0.7057850340255386,False,4
slimshetty/swebench-verified:sweb.eval.x86_64.django__django-12325,0.0,r2egym-qwen3-rl-100-steps-attempt-8,74,1356,token_limit,201,0.0373268888166231,False,201
slimshetty/swebench-verified:sweb.eval.x86_64.django__django-16145,1.0,r2egym-qwen3-rl-100-steps-attempt-8,91,1463,token_limit,174,0.651354857898194,True,174
slimshetty/swebench-verified:sweb.eval.x86_64.scikit-learn__scikit-learn-25747,0.0,r2egym-qwen3-rl-100-steps-attempt-8,14,2439,agent,14,0.798186775339273,False,14
slimshetty/swebench-verified:sweb.eval.x86_64.astropy__astropy-13453,0.0,r2egym-qwen3-rl-100-steps-attempt-8,72,2306,token_limit,0,0.0005527785189031,False,0
slimshetty/swebench-verified:sweb.eval.x86_64.django__django-16136,0.0,r2egym-qwen3-rl-100-steps-attempt-8,73,2391,agent_max_step_limit,7,0.651354857898194,False,8
slimshetty/swebench-verified:sweb.eval.x86_64.sphinx-doc__sphinx-9673,0.0,r2egym-qwen3-rl-100-steps-attempt-8,31,4292,agent,24,0.7057850278370112,False,25
slimshetty/swebench-verified:sweb.eval.x86_64.django__django-12276,1.0,r2egym-qwen3-rl-100-steps-attempt-8,52,2157,agent_max_step_limit,117,0.754914975839675,True,117
slimshetty/swebench-verified:sweb.eval.x86_64.sympy__sympy-24539,1.0,r2egym-qwen3-rl-100-steps-attempt-8,15,699,agent,62,0.8807970795424087,True,63
slimshetty/swebench-verified:sweb.eval.x86_64.django__django-13569,0.0,r2egym-qwen3-rl-100-steps-attempt-8,99,3690,token_limit,66,0.8354835350552603,False,67
slimshetty/swebench-verified:sweb.eval.x86_64.sympy__sympy-13878,1.0,r2egym-qwen3-rl-100-steps-attempt-8,100,5912,token_limit,19,0.5926665999540698,True,20
slimshetty/swebench-verified:sweb.eval.x86_64.pytest-dev__pytest-7324,1.0,r2egym-qwen3-rl-100-steps-attempt-8,51,1938,agent_max_step_limit,58,0.5621765008857981,True,60
slimshetty/swebench-verified:sweb.eval.x86_64.django__django-13417,1.0,r2egym-qwen3-rl-100-steps-attempt-8,100,3061,abs_step_limit,280,0.4687906266262437,True,280
slimshetty/swebench-verified:sweb.eval.x86_64.django__django-13401,0.0,r2egym-qwen3-rl-100-steps-attempt-8,70,2299,token_limit,31,0.8670357701094303,False,31
slimshetty/swebench-verified:sweb.eval.x86_64.django__django-14792,0.0,r2egym-qwen3-rl-100-steps-attempt-8,16,1879,agent,23,0.7549149868676283,False,24
slimshetty/swebench-verified:sweb.eval.x86_64.django__django-12858,1.0,r2egym-qwen3-rl-100-steps-attempt-8,55,688,token_limit,73,0.6224593312018545,True,73
slimshetty/swebench-verified:sweb.eval.x86_64.django__django-11885,0.0,r2egym-qwen3-rl-100-steps-attempt-8,54,1100,token_limit,41,0.6224593241981982,False,41
slimshetty/swebench-verified:sweb.eval.x86_64.sphinx-doc__sphinx-9698,0.0,r2egym-qwen3-rl-100-steps-attempt-8,53,2242,token_limit,45,0.3486451353339457,False,45
slimshetty/swebench-verified:sweb.eval.x86_64.sympy__sympy-16766,1.0,r2egym-qwen3-rl-100-steps-attempt-8,44,985,agent_max_step_limit,7,0.8519528057272543,True,8
slimshetty/swebench-verified:sweb.eval.x86_64.sphinx-doc__sphinx-8265,0.0,r2egym-qwen3-rl-100-steps-attempt-8,100,1238,abs_step_limit,22,0.0009110510773107,False,23
slimshetty/swebench-verified:sweb.eval.x86_64.astropy__astropy-14365,0.0,r2egym-qwen3-rl-100-steps-attempt-8,21,2282,agent,8,0.8933094138654242,False,8
slimshetty/swebench-verified:sweb.eval.x86_64.sphinx-doc__sphinx-7757,0.0,r2egym-qwen3-rl-100-steps-attempt-8,43,656,agent_max_step_limit,33,0.2942149783515162,False,34
slimshetty/swebench-verified:sweb.eval.x86_64.pytest-dev__pytest-6202,1.0,r2egym-qwen3-rl-100-steps-attempt-8,100,397,abs_step_limit,72,0.4687906266262437,True,73
slimshetty/swebench-verified:sweb.eval.x86_64.django__django-12708,1.0,r2egym-qwen3-rl-100-steps-attempt-8,100,2874,abs_step_limit,101,0.8519528000888387,True,101
slimshetty/swebench-verified:sweb.eval.x86_64.sympy__sympy-20154,1.0,r2egym-qwen3-rl-100-steps-attempt-8,32,1418,agent,40,0.8354835371034368,True,42
slimshetty/swebench-verified:sweb.eval.x86_64.matplotlib__matplotlib-24970,1.0,r2egym-qwen3-rl-100-steps-attempt-8,100,604,abs_step_limit,253,0.8933094103149355,True,250
slimshetty/swebench-verified:sweb.eval.x86_64.sphinx-doc__sphinx-10614,0.0,r2egym-qwen3-rl-100-steps-attempt-8,100,3480,abs_step_limit,5,0.5621765008857981,False,6
slimshetty/swebench-verified:sweb.eval.x86_64.astropy__astropy-7336,0.0,r2egym-qwen3-rl-100-steps-attempt-8,11,771,agent,0,0.8354835432479661,False,0
slimshetty/swebench-verified:sweb.eval.x86_64.pylint-dev__pylint-7277,1.0,r2egym-qwen3-rl-100-steps-attempt-8,100,593,abs_step_limit,122,0.0953494623284224,True,123
slimshetty/swebench-verified:sweb.eval.x86_64.django__django-13212,0.0,r2egym-qwen3-rl-100-steps-attempt-8,100,11876,abs_step_limit,2,0.0675466887932872,False,2
slimshetty/swebench-verified:sweb.eval.x86_64.pytest-dev__pytest-10356,0.0,r2egym-qwen3-rl-100-steps-attempt-8,100,2560,abs_step_limit,79,0.1824255304737224,False,79
slimshetty/swebench-verified:sweb.eval.x86_64.sympy__sympy-21596,0.0,r2egym-qwen3-rl-100-steps-attempt-8,51,3754,agent_max_step_limit,46,0.8807970842359877,False,47
slimshetty/swebench-verified:sweb.eval.x86_64.django__django-13315,0.0,r2egym-qwen3-rl-100-steps-attempt-8,49,3559,token_limit,146,0.8519528038477824,False,147
slimshetty/swebench-verified:sweb.eval.x86_64.matplotlib__matplotlib-25311,1.0,r2egym-qwen3-rl-100-steps-attempt-8,47,2073,agent_max_step_limit,181,0.6791787056691698,True,182
slimshetty/swebench-verified:sweb.eval.x86_64.sympy__sympy-13974,0.0,r2egym-qwen3-rl-100-steps-attempt-8,87,2630,token_limit,4,0.0015011822558645,False,5
slimshetty/swebench-verified:sweb.eval.x86_64.scikit-learn__scikit-learn-10297,1.0,r2egym-qwen3-rl-100-steps-attempt-8,52,2738,agent_max_step_limit,28,0.8354835432479663,True,28
slimshetty/swebench-verified:sweb.eval.x86_64.django__django-14765,1.0,r2egym-qwen3-rl-100-steps-attempt-8,31,858,agent,64,0.8354835371034368,True,64
slimshetty/swebench-verified:sweb.eval.x86_64.django__django-11066,0.0,r2egym-qwen3-rl-100-steps-attempt-8,75,5385,token_limit,0,0.7772998508568417,False,0
slimshetty/swebench-verified:sweb.eval.x86_64.pylint-dev__pylint-8898,0.0,r2egym-qwen3-rl-100-steps-attempt-8,41,1346,max_step_limit,17,0.2018132246607271,False,16
slimshetty/swebench-verified:sweb.eval.x86_64.pydata__xarray-4695,1.0,r2egym-qwen3-rl-100-steps-attempt-8,34,1389,agent,875,0.8670357512127872,True,877
slimshetty/swebench-verified:sweb.eval.x86_64.sphinx-doc__sphinx-8459,0.0,r2egym-qwen3-rl-100-steps-attempt-8,56,2052,token_limit,17,0.0259573591757585,False,17
slimshetty/swebench-verified:sweb.eval.x86_64.astropy__astropy-13033,0.0,r2egym-qwen3-rl-100-steps-attempt-8,27,1547,agent,20,0.8175744806385543,False,21
slimshetty/swebench-verified:sweb.eval.x86_64.django__django-16263,0.0,r2egym-qwen3-rl-100-steps-attempt-8,63,0,token_limit,100,7.48462180748709e-05,False,99
slimshetty/swebench-verified:sweb.eval.x86_64.scikit-learn__scikit-learn-9288,1.0,r2egym-qwen3-rl-100-steps-attempt-8,100,2364,abs_step_limit,123,0.817574478416099,True,0
slimshetty/swebench-verified:sweb.eval.x86_64.django__django-13121,0.0,r2egym-qwen3-rl-100-steps-attempt-8,100,0,abs_step_limit,168,5.829124460287829e-05,False,169
slimshetty/swebench-verified:sweb.eval.x86_64.django__django-12193,0.0,r2egym-qwen3-rl-100-steps-attempt-8,22,2140,agent,11,0.7772998663336158,False,11
slimshetty/swebench-verified:sweb.eval.x86_64.django__django-15814,1.0,r2egym-qwen3-rl-100-steps-attempt-8,100,2518,abs_step_limit,29,0.8354835330070838,True,29
slimshetty/swebench-verified:sweb.eval.x86_64.django__django-15103,1.0,r2egym-qwen3-rl-100-steps-attempt-8,78,2757,token_limit,17,0.8354835432479661,True,17
slimshetty/swebench-verified:sweb.eval.x86_64.sympy__sympy-17655,0.0,r2egym-qwen3-rl-100-steps-attempt-8,81,2907,token_limit,6,0.0109869451707046,False,6
slimshetty/swebench-verified:sweb.eval.x86_64.astropy__astropy-13579,1.0,r2egym-qwen3-rl-100-steps-attempt-8,100,2405,abs_step_limit,40,0.5,True,40
slimshetty/swebench-verified:sweb.eval.x86_64.pydata__xarray-3305,0.0,r2egym-qwen3-rl-100-steps-attempt-8,54,1503,token_limit,653,0.0203323556800806,False,665
slimshetty/swebench-verified:sweb.eval.x86_64.django__django-12125,0.0,r2egym-qwen3-rl-100-steps-attempt-8,72,0,token_limit,45,0.0001398220897151,False,46
slimshetty/swebench-verified:sweb.eval.x86_64.sphinx-doc__sphinx-9229,0.0,r2egym-qwen3-rl-100-steps-attempt-8,92,675,agent_max_step_limit,13,0.5926665999540698,False,13
slimshetty/swebench-verified:sweb.eval.x86_64.django__django-15863,1.0,r2egym-qwen3-rl-100-steps-attempt-8,22,5220,agent,9,0.7981867777396212,True,10
slimshetty/swebench-verified:sweb.eval.x86_64.django__django-13513,0.0,r2egym-qwen3-rl-100-steps-attempt-8,35,2640,agent,81,0.1066906010466292,False,81
slimshetty/swebench-verified:sweb.eval.x86_64.sympy__sympy-21612,0.0,r2egym-qwen3-rl-100-steps-attempt-8,100,622,abs_step_limit,98,0.0010322310840519,False,99
slimshetty/swebench-verified:sweb.eval.x86_64.django__django-11848,0.0,r2egym-qwen3-rl-100-steps-attempt-8,28,2789,agent,43,0.7549149923816048,False,45
slimshetty/swebench-verified:sweb.eval.x86_64.django__django-14500,1.0,r2egym-qwen3-rl-100-steps-attempt-8,90,2524,token_limit,21,0.7772998714925403,True,21
slimshetty/swebench-verified:sweb.eval.x86_64.pylint-dev__pylint-6528,0.0,r2egym-qwen3-rl-100-steps-attempt-8,45,1252,agent_max_step_limit,171,0.3775406687981454,False,166
slimshetty/swebench-verified:sweb.eval.x86_64.sympy__sympy-13372,1.0,r2egym-qwen3-rl-100-steps-attempt-8,41,1768,max_step_limit,44,0.8519527963298947,True,46
slimshetty/swebench-verified:sweb.eval.x86_64.django__django-13741,1.0,r2egym-qwen3-rl-100-steps-attempt-8,56,3093,agent_max_step_limit,82,0.6791787121629466,True,83
slimshetty/swebench-verified:sweb.eval.x86_64.django__django-13297,0.0,r2egym-qwen3-rl-100-steps-attempt-8,44,2560,agent_max_step_limit,50,0.6791787056691698,False,50
slimshetty/swebench-verified:sweb.eval.x86_64.django__django-15375,0.0,r2egym-qwen3-rl-100-steps-attempt-8,99,3307,token_limit,95,0.6513548646660542,False,94
slimshetty/swebench-verified:sweb.eval.x86_64.django__django-13512,0.0,r2egym-qwen3-rl-100-steps-attempt-8,100,1029,abs_step_limit,32,0.7057850278370112,False,35
slimshetty/swebench-verified:sweb.eval.x86_64.matplotlib__matplotlib-24637,1.0,r2egym-qwen3-rl-100-steps-attempt-8,44,3339,agent_max_step_limit,29,0.8670357460591569,True,31
slimshetty/swebench-verified:sweb.eval.x86_64.django__django-11265,1.0,r2egym-qwen3-rl-100-steps-attempt-8,36,2958,agent,30,0.679178686187839,True,30
slimshetty/swebench-verified:sweb.eval.x86_64.sympy__sympy-15809,1.0,r2egym-qwen3-rl-100-steps-attempt-8,14,546,agent,10,0.8175744717487329,True,10
slimshetty/swebench-verified:sweb.eval.x86_64.psf__requests-5414,0.0,r2egym-qwen3-rl-100-steps-attempt-8,100,2152,abs_step_limit,122,0.8354835371034368,False,121
slimshetty/swebench-verified:sweb.eval.x86_64.django__django-11734,0.0,r2egym-qwen3-rl-100-steps-attempt-8,61,3323,agent_max_step_limit,275,0.7549149813536516,False,275
slimshetty/swebench-verified:sweb.eval.x86_64.sympy__sympy-13877,0.0,r2egym-qwen3-rl-100-steps-attempt-8,16,710,llm_query_error,110,0.5926665999540698,False,111
slimshetty/swebench-verified:sweb.eval.x86_64.django__django-11276,1.0,r2egym-qwen3-rl-100-steps-attempt-8,86,937,token_limit,548,0.7549149978955811,True,553
slimshetty/swebench-verified:sweb.eval.x86_64.astropy__astropy-7166,0.0,r2egym-qwen3-rl-100-steps-attempt-8,24,2894,agent,0,0.7981867729389246,False,0
slimshetty/swebench-verified:sweb.eval.x86_64.django__django-11206,1.0,r2egym-qwen3-rl-100-steps-attempt-8,21,1104,token_limit,4,0.2942149597859341,True,5
slimshetty/swebench-verified:sweb.eval.x86_64.django__django-12262,1.0,r2egym-qwen3-rl-100-steps-attempt-8,55,2937,agent_max_step_limit,18,0.7981867729389246,True,22
slimshetty/swebench-verified:sweb.eval.x86_64.django__django-15315,1.0,r2egym-qwen3-rl-100-steps-attempt-8,100,3504,abs_step_limit,33,0.7981867753392728,True,32
slimshetty/swebench-verified:sweb.eval.x86_64.django__django-13590,1.0,r2egym-qwen3-rl-100-steps-attempt-8,100,6238,abs_step_limit,145,0.6224593312018546,True,146
slimshetty/swebench-verified:sweb.eval.x86_64.django__django-11099,1.0,r2egym-qwen3-rl-100-steps-attempt-8,44,2182,agent_max_step_limit,19,0.7981867849406659,True,22
slimshetty/swebench-verified:sweb.eval.x86_64.django__django-13809,0.0,r2egym-qwen3-rl-100-steps-attempt-8,100,981,abs_step_limit,236,0.0159063907204873,False,236
slimshetty/swebench-verified:sweb.eval.x86_64.matplotlib__matplotlib-26466,0.0,r2egym-qwen3-rl-100-steps-attempt-8,33,1323,agent,100,0.798186775339273,False,103
slimshetty/swebench-verified:sweb.eval.x86_64.django__django-14089,0.0,r2egym-qwen3-rl-100-steps-attempt-8,100,0,abs_step_limit,43,2.1444940732342966e-05,False,43
slimshetty/swebench-verified:sweb.eval.x86_64.django__django-16667,0.0,r2egym-qwen3-rl-100-steps-attempt-8,42,1798,agent_max_step_limit,24,0.8175744739711883,False,26
slimshetty/swebench-verified:sweb.eval.x86_64.pydata__xarray-6992,0.0,r2egym-qwen3-rl-100-steps-attempt-8,100,2046,abs_step_limit,945,0.8807970670261976,False,948
slimshetty/swebench-verified:sweb.eval.x86_64.django__django-12039,0.0,r2egym-qwen3-rl-100-steps-attempt-8,63,1706,agent_max_step_limit,11,0.7772998560157665,False,10
slimshetty/swebench-verified:sweb.eval.x86_64.sympy__sympy-18763,0.0,r2egym-qwen3-rl-100-steps-attempt-8,54,547,agent_max_step_limit,141,0.6513548646660542,False,142
slimshetty/swebench-verified:sweb.eval.x86_64.scikit-learn__scikit-learn-14141,1.0,r2egym-qwen3-rl-100-steps-attempt-8,28,563,agent,2,0.5312093733737563,True,3
slimshetty/swebench-verified:sweb.eval.x86_64.pytest-dev__pytest-5262,1.0,r2egym-qwen3-rl-100-steps-attempt-8,45,1478,agent_max_step_limit,108,0.6791787056691698,True,108
slimshetty/swebench-verified:sweb.eval.x86_64.pydata__xarray-3151,1.0,r2egym-qwen3-rl-100-steps-attempt-8,20,3948,agent,66,0.8670357512127872,True,66
slimshetty/swebench-verified:sweb.eval.x86_64.django__django-13363,1.0,r2egym-qwen3-rl-100-steps-attempt-8,45,4557,agent_max_step_limit,76,0.7772998508568417,True,77
slimshetty/swebench-verified:sweb.eval.x86_64.django__django-15973,0.0,r2egym-qwen3-rl-100-steps-attempt-8,100,505,abs_step_limit,157,0.0011695104317788,False,157
slimshetty/swebench-verified:sweb.eval.x86_64.sphinx-doc__sphinx-8035,0.0,r2egym-qwen3-rl-100-steps-attempt-8,100,1989,abs_step_limit,1,0.6513548511303338,False,1
slimshetty/swebench-verified:sweb.eval.x86_64.sympy__sympy-13091,0.0,r2egym-qwen3-rl-100-steps-attempt-8,100,465,abs_step_limit,89,0.7772998508568416,False,90
slimshetty/swebench-verified:sweb.eval.x86_64.scikit-learn__scikit-learn-15100,1.0,r2egym-qwen3-rl-100-steps-attempt-8,100,687,abs_step_limit,93,0.798186775339273,True,93
slimshetty/swebench-verified:sweb.eval.x86_64.pydata__xarray-3993,0.0,r2egym-qwen3-rl-100-steps-attempt-8,19,1479,agent,2398,0.7772998611746912,False,2400
slimshetty/swebench-verified:sweb.eval.x86_64.mwaskom__seaborn-3069,0.0,r2egym-qwen3-rl-100-steps-attempt-8,53,3361,token_limit,94,0.7310585669110203,False,94
slimshetty/swebench-verified:sweb.eval.x86_64.django__django-10554,0.0,r2egym-qwen3-rl-100-steps-attempt-8,95,5928,token_limit,0,0.0675466897318239,False,0
slimshetty/swebench-verified:sweb.eval.x86_64.psf__requests-6028,0.0,r2egym-qwen3-rl-100-steps-attempt-8,94,2607,token_limit,185,0.0140636274564797,False,185
slimshetty/swebench-verified:sweb.eval.x86_64.django__django-11239,0.0,r2egym-qwen3-rl-100-steps-attempt-8,44,3313,agent_max_step_limit,5,0.8354835411997897,False,5
slimshetty/swebench-verified:sweb.eval.x86_64.django__django-14559,1.0,r2egym-qwen3-rl-100-steps-attempt-8,100,2537,abs_step_limit,23,0.5,True,25
slimshetty/swebench-verified:sweb.eval.x86_64.matplotlib__matplotlib-25479,0.0,r2egym-qwen3-rl-100-steps-attempt-8,67,2152,token_limit,263,0.8354835330070839,False,264
slimshetty/swebench-verified:sweb.eval.x86_64.astropy__astropy-13977,0.0,r2egym-qwen3-rl-100-steps-attempt-8,34,1784,agent,312,0.5,False,292
slimshetty/swebench-verified:sweb.eval.x86_64.django__django-15525,1.0,r2egym-qwen3-rl-100-steps-attempt-8,100,4518,abs_step_limit,53,0.3486451353339457,True,53
slimshetty/swebench-verified:sweb.eval.x86_64.sympy__sympy-13031,0.0,r2egym-qwen3-rl-100-steps-attempt-8,41,0,token_limit,9,0.000139822089119,False,10
slimshetty/swebench-verified:sweb.eval.x86_64.django__django-13410,1.0,r2egym-qwen3-rl-100-steps-attempt-8,50,1862,token_limit,40,0.8807970811069351,True,40
slimshetty/swebench-verified:sweb.eval.x86_64.django__django-11138,0.0,r2egym-qwen3-rl-100-steps-attempt-8,100,2524,abs_step_limit,73,0.7772998611746912,False,73
slimshetty/swebench-verified:sweb.eval.x86_64.matplotlib__matplotlib-24026,1.0,r2egym-qwen3-rl-100-steps-attempt-8,60,3275,agent_max_step_limit,764,0.7057850216484838,True,767
slimshetty/swebench-verified:sweb.eval.x86_64.django__django-11451,1.0,r2egym-qwen3-rl-100-steps-attempt-8,100,3172,abs_step_limit,45,0.8670357683915538,True,48
slimshetty/swebench-verified:sweb.eval.x86_64.astropy__astropy-14995,0.0,r2egym-qwen3-rl-100-steps-attempt-8,41,2068,token_limit,172,0.1480471923932738,False,172
slimshetty/swebench-verified:sweb.eval.x86_64.pydata__xarray-6721,0.0,r2egym-qwen3-rl-100-steps-attempt-8,93,4600,token_limit,1405,0.2450850186463482,False,1405
slimshetty/swebench-verified:sweb.eval.x86_64.django__django-17084,0.0,r2egym-qwen3-rl-100-steps-1-attempt-4,1,0,llm_query_error,107,0.0,False,107
slimshetty/swebench-verified:sweb.eval.x86_64.django__django-15252,0.0,r2egym-qwen3-rl-100-steps-attempt-8,100,2821,abs_step_limit,34,0.5926665999540698,False,34
slimshetty/swebench-verified:sweb.eval.x86_64.pydata__xarray-7229,0.0,r2egym-qwen3-rl-100-steps-attempt-8,55,1098,token_limit,280,0.0675466986479235,False,281
slimshetty/swebench-verified:sweb.eval.x86_64.django__django-13195,0.0,r2egym-qwen3-rl-100-steps-attempt-8,72,1045,token_limit,382,0.5926665999540698,False,385
slimshetty/swebench-verified:sweb.eval.x86_64.django__django-14017,0.0,r2egym-qwen3-rl-100-steps-attempt-8,100,1607,token_limit,147,0.0035936018110868,False,148
slimshetty/swebench-verified:sweb.eval.x86_64.pylint-dev__pylint-4551,0.0,r2egym-qwen3-rl-100-steps-attempt-8,91,807,token_limit,0,0.0035936018811171,False,6
slimshetty/swebench-verified:sweb.eval.x86_64.django__django-14053,1.0,r2egym-qwen3-rl-100-steps-attempt-8,43,1283,agent_max_step_limit,31,0.0850990455871015,True,32
slimshetty/swebench-verified:sweb.eval.x86_64.django__django-16642,0.0,r2egym-qwen3-rl-100-steps-attempt-8,71,2069,agent_max_step_limit,21,0.7772998663336158,False,22
slimshetty/swebench-verified:sweb.eval.x86_64.django__django-14007,0.0,r2egym-qwen3-rl-100-steps-attempt-8,76,0,token_limit,12,1.8925141462377723e-05,False,12
slimshetty/swebench-verified:sweb.eval.x86_64.django__django-13346,0.0,r2egym-qwen3-rl-100-steps-attempt-8,75,5064,token_limit,65,0.7549149813536518,False,66
slimshetty/swebench-verified:sweb.eval.x86_64.django__django-15037,0.0,r2egym-qwen3-rl-100-steps-attempt-8,100,0,abs_step_limit,14,3.1201922511884416e-05,False,14
slimshetty/swebench-verified:sweb.eval.x86_64.django__django-15380,1.0,r2egym-qwen3-rl-100-steps-attempt-8,100,2535,abs_step_limit,133,0.7981867801399695,True,133
slimshetty/swebench-verified:sweb.eval.x86_64.django__django-10097,0.0,r2egym-qwen3-rl-100-steps-attempt-8,45,0,agent_max_step_limit,1432,0.0002959570958864,False,11075
slimshetty/swebench-verified:sweb.eval.x86_64.matplotlib__matplotlib-25122,0.0,r2egym-qwen3-rl-100-steps-attempt-8,49,3391,agent_max_step_limit,2464,0.8354835391516133,False,2422
slimshetty/swebench-verified:sweb.eval.x86_64.sphinx-doc__sphinx-9602,0.0,r2egym-qwen3-rl-100-steps-attempt-8,98,1896,token_limit,45,0.0159063945108571,False,45
slimshetty/swebench-verified:sweb.eval.x86_64.django__django-16315,0.0,r2egym-qwen3-rl-100-steps-attempt-8,80,3878,token_limit,42,0.7981867801399695,False,42
slimshetty/swebench-verified:sweb.eval.x86_64.sympy__sympy-21379,1.0,r2egym-qwen3-rl-100-steps-attempt-8,100,2185,abs_step_limit,91,0.8807970764133561,True,92
slimshetty/swebench-verified:sweb.eval.x86_64.django__django-13964,1.0,r2egym-qwen3-rl-100-steps-attempt-8,56,3079,agent_max_step_limit,36,0.7549149758396752,True,36
slimshetty/swebench-verified:sweb.eval.x86_64.sphinx-doc__sphinx-7910,1.0,r2egym-qwen3-rl-100-steps-attempt-8,84,2303,token_limit,16,0.4687906266262437,True,16
slimshetty/swebench-verified:sweb.eval.x86_64.django__django-13109,1.0,r2egym-qwen3-rl-100-steps-attempt-8,100,3432,token_limit,170,0.9046505261034854,True,169
slimshetty/swebench-verified:sweb.eval.x86_64.psf__requests-1142,0.0,r2egym-qwen3-rl-100-steps-attempt-8,53,22510,token_limit,5,0.1192029298447494,False,5
slimshetty/swebench-verified:sweb.eval.x86_64.django__django-15503,0.0,r2egym-qwen3-rl-100-steps-attempt-8,58,4580,token_limit,66,0.0085774837030169,False,66
slimshetty/swebench-verified:sweb.eval.x86_64.django__django-14631,0.0,r2egym-qwen3-rl-100-steps-attempt-8,93,4087,token_limit,116,0.1645164588002102,False,116
slimshetty/swebench-verified:sweb.eval.x86_64.django__django-11149,0.0,r2egym-qwen3-rl-100-steps-attempt-8,67,6864,token_limit,43,0.6224593312018546,False,43
slimshetty/swebench-verified:sweb.eval.x86_64.sympy__sympy-13757,0.0,r2egym-qwen3-rl-100-steps-attempt-8,42,1420,token_limit,165,0.0075772428646326,False,165
slimshetty/swebench-verified:sweb.eval.x86_64.sympy__sympy-16886,1.0,r2egym-qwen3-rl-100-steps-attempt-8,49,3151,token_limit,42,0.8519527982093666,True,42
slimshetty/swebench-verified:sweb.eval.x86_64.pydata__xarray-6744,1.0,r2egym-qwen3-rl-100-steps-attempt-8,33,2845,token_limit,1815,0.2450850076183952,True,1790
slimshetty/swebench-verified:sweb.eval.x86_64.sympy__sympy-23534,1.0,r2egym-qwen3-rl-100-steps-attempt-8,25,728,token_limit,11,0.042087726864288,True,12
slimshetty/swebench-verified:sweb.eval.x86_64.sympy__sympy-17630,0.0,r2egym-qwen3-rl-100-steps-attempt-8,36,4033,token_limit,7,0.0040701379027676,False,6
slimshetty/swebench-verified:sweb.eval.x86_64.sympy__sympy-15349,0.0,r2egym-qwen3-rl-100-steps-attempt-8,38,962,token_limit,3,0.0140636271594676,False,3
slimshetty/swebench-verified:sweb.eval.x86_64.django__django-16100,1.0,r2egym-qwen3-rl-100-steps-attempt-8,61,10668,token_limit,59,0.8519527982093666,True,59
slimshetty/swebench-verified:sweb.eval.x86_64.django__django-16333,1.0,r2egym-qwen3-rl-100-steps-1-attempt-4,36,2309,agent,87,0.8175744828610095,True,87
slimshetty/swebench-verified:sweb.eval.x86_64.astropy__astropy-14598,0.0,r2egym-qwen3-rl-100-steps-attempt-8,54,565,token_limit,0,0.0109869449278254,False,0
slimshetty/swebench-verified:sweb.eval.x86_64.sympy__sympy-22456,1.0,r2egym-qwen3-rl-100-steps-1-attempt-4,26,464,agent,29,0.7772998560157665,True,30
slimshetty/swebench-verified:sweb.eval.x86_64.django__django-13449,0.0,r2egym-qwen3-rl-100-steps-1-attempt-4,44,2433,agent_max_step_limit,46,0.6513548646660543,False,46
slimshetty/swebench-verified:sweb.eval.x86_64.django__django-13343,1.0,r2egym-qwen3-rl-100-steps-1-attempt-4,100,2561,abs_step_limit,130,0.8354835371034369,True,131
slimshetty/swebench-verified:sweb.eval.x86_64.pytest-dev__pytest-7205,1.0,r2egym-qwen3-rl-100-steps-1-attempt-4,33,1387,agent,16,0.8519528076067262,True,16
slimshetty/swebench-verified:sweb.eval.x86_64.sympy__sympy-19954,1.0,r2egym-qwen3-rl-100-steps-1-attempt-4,40,1683,agent,56,0.8670357598021707,True,57
slimshetty/swebench-verified:sweb.eval.x86_64.django__django-13821,1.0,r2egym-qwen3-rl-100-steps-1-attempt-4,74,2591,token_limit,14,0.7057850216484838,True,16
slimshetty/swebench-verified:sweb.eval.x86_64.django__django-12308,0.0,r2egym-qwen3-rl-100-steps-1-attempt-4,34,2606,agent,20,0.817574478416099,False,21
slimshetty/swebench-verified:sweb.eval.x86_64.sympy__sympy-19346,1.0,r2egym-qwen3-rl-100-steps-1-attempt-4,27,1696,agent,40,0.8807970748488297,True,39
slimshetty/swebench-verified:sweb.eval.x86_64.scikit-learn__scikit-learn-14496,1.0,r2egym-qwen3-rl-100-steps-1-attempt-4,34,1948,agent,39,0.8519528076067262,True,41
slimshetty/swebench-verified:sweb.eval.x86_64.scikit-learn__scikit-learn-25931,1.0,r2egym-qwen3-rl-100-steps-1-attempt-4,25,933,agent,21,0.8670357649558006,True,21
slimshetty/swebench-verified:sweb.eval.x86_64.matplotlib__matplotlib-25775,1.0,r2egym-qwen3-rl-100-steps-1-attempt-4,45,2296,agent_max_step_limit,89,0.2942149783515163,True,92
slimshetty/swebench-verified:sweb.eval.x86_64.sympy__sympy-12481,1.0,r2egym-qwen3-rl-100-steps-1-attempt-4,29,1870,agent,7,0.8354835391516133,True,7
slimshetty/swebench-verified:sweb.eval.x86_64.pylint-dev__pylint-6903,1.0,r2egym-qwen3-rl-100-steps-1-attempt-4,42,912,agent_max_step_limit,8,0.7981867873410141,True,8
slimshetty/swebench-verified:sweb.eval.x86_64.sympy__sympy-18698,0.0,r2egym-qwen3-rl-100-steps-1-attempt-4,43,1408,agent_max_step_limit,147,0.8807970732843033,False,147
slimshetty/swebench-verified:sweb.eval.x86_64.sympy__sympy-15976,0.0,r2egym-qwen3-rl-100-steps-1-attempt-4,28,1060,agent,37,0.7772998560157665,False,38
slimshetty/swebench-verified:sweb.eval.x86_64.django__django-11141,0.0,r2egym-qwen3-rl-100-steps-attempt-8,54,2767,token_limit,23,0.851952809486198,False,23
slimshetty/swebench-verified:sweb.eval.x86_64.django__django-13089,1.0,r2egym-qwen3-rl-100-steps-1-attempt-4,33,4303,agent,352,0.7772998714925403,True,349
slimshetty/swebench-verified:sweb.eval.x86_64.sympy__sympy-18199,0.0,r2egym-qwen3-rl-100-steps-1-attempt-4,32,2025,agent,113,0.8807970904940926,False,114
slimshetty/swebench-verified:sweb.eval.x86_64.django__django-15561,1.0,r2egym-qwen3-rl-100-steps-1-attempt-4,100,2177,abs_step_limit,141,0.7772998663336158,True,141
slimshetty/swebench-verified:sweb.eval.x86_64.django__django-16116,0.0,r2egym-qwen3-rl-100-steps-1-attempt-4,100,765,abs_step_limit,137,0.5,False,137
slimshetty/swebench-verified:sweb.eval.x86_64.sympy__sympy-14976,0.0,r2egym-qwen3-rl-100-steps-1-attempt-4,91,2511,token_limit,13,0.8933094096048376,False,13
slimshetty/swebench-verified:sweb.eval.x86_64.scikit-learn__scikit-learn-14053,1.0,r2egym-qwen3-rl-100-steps-1-attempt-4,26,2466,agent,5,0.8670357701094303,True,6
slimshetty/swebench-verified:sweb.eval.x86_64.django__django-16901,0.0,r2egym-qwen3-rl-100-steps-1-attempt-4,100,841,abs_step_limit,0,0.0006263341625908,False,0
slimshetty/swebench-verified:sweb.eval.x86_64.pallets__flask-5014,1.0,r2egym-qwen3-rl-100-steps-1-attempt-4,33,2020,agent,59,0.8519527963298946,True,59
slimshetty/swebench-verified:sweb.eval.x86_64.django__django-16662,1.0,r2egym-qwen3-rl-100-steps-1-attempt-4,100,2710,abs_step_limit,51,0.7981867729389246,True,52
slimshetty/swebench-verified:sweb.eval.x86_64.django__django-16612,1.0,r2egym-qwen3-rl-100-steps-1-attempt-4,100,3304,abs_step_limit,335,0.7310585727705127,True,333
slimshetty/swebench-verified:sweb.eval.x86_64.sympy__sympy-23262,0.0,r2egym-qwen3-rl-100-steps-1-attempt-4,32,863,agent,52,0.8807970654616712,False,52
slimshetty/swebench-verified:sweb.eval.x86_64.sphinx-doc__sphinx-7454,0.0,r2egym-qwen3-rl-100-steps-1-attempt-4,96,4480,token_limit,27,0.1480472017906333,False,28
slimshetty/swebench-verified:sweb.eval.x86_64.astropy__astropy-12907,1.0,r2egym-qwen3-rl-100-steps-1-attempt-4,46,4245,agent_max_step_limit,13,0.8933094103149355,True,11
slimshetty/swebench-verified:sweb.eval.x86_64.astropy__astropy-8707,0.0,r2egym-qwen3-rl-100-steps-1-attempt-4,68,0,token_limit,4,8.93969523678858e-06,False,4
slimshetty/swebench-verified:sweb.eval.x86_64.django__django-11299,0.0,r2egym-qwen3-rl-100-steps-1-attempt-4,100,4394,abs_step_limit,102,0.7549149978955811,False,103
slimshetty/swebench-verified:sweb.eval.x86_64.django__django-11333,0.0,r2egym-qwen3-rl-100-steps-1-attempt-4,100,1863,abs_step_limit,2,0.4073334000459302,False,2
slimshetty/swebench-verified:sweb.eval.x86_64.django__django-11490,0.0,r2egym-qwen3-rl-100-steps-1-attempt-4,91,1786,token_limit,22,0.7549149923816048,False,23
slimshetty/swebench-verified:sweb.eval.x86_64.scikit-learn__scikit-learn-26194,0.0,r2egym-qwen3-rl-100-steps-1-attempt-4,100,4766,abs_step_limit,186,0.8519528076067261,False,186
slimshetty/swebench-verified:sweb.eval.x86_64.django__django-15278,0.0,r2egym-qwen3-rl-100-steps-1-attempt-4,97,2206,token_limit,138,0.4073334000459302,False,138
slimshetty/swebench-verified:sweb.eval.x86_64.django__django-16560,0.0,r2egym-qwen3-rl-100-steps-1-attempt-4,93,5142,token_limit,66,0.0085774843999667,False,69
slimshetty/swebench-verified:sweb.eval.x86_64.django__django-14140,0.0,r2egym-qwen3-rl-100-steps-1-attempt-4,38,5754,agent,199,0.8175744828610095,False,201
slimshetty/swebench-verified:sweb.eval.x86_64.pydata__xarray-4629,1.0,r2egym-qwen3-rl-100-steps-1-attempt-4,9,505,agent,32,0.8354835411997897,True,32
slimshetty/swebench-verified:sweb.eval.x86_64.django__django-11603,1.0,r2egym-qwen3-rl-100-steps-1-attempt-4,98,2459,token_limit,58,0.7310585727705126,True,59
slimshetty/swebench-verified:sweb.eval.x86_64.sympy__sympy-19783,0.0,r2egym-qwen3-rl-100-steps-1-attempt-4,100,810,abs_step_limit,0,0.0007096703460158,False,0
slimshetty/swebench-verified:sweb.eval.x86_64.pylint-dev__pylint-7080,0.0,r2egym-qwen3-rl-100-steps-1-attempt-4,97,3772,token_limit,121,0.1066905925254556,False,121
slimshetty/swebench-verified:sweb.eval.x86_64.sympy__sympy-16597,0.0,r2egym-qwen3-rl-100-steps-1-attempt-4,13,658,agent,74,0.8670357546485408,False,75
slimshetty/swebench-verified:sweb.eval.x86_64.django__django-15382,1.0,r2egym-qwen3-rl-100-steps-1-attempt-4,100,4315,abs_step_limit,161,0.731058584489497,True,161
slimshetty/swebench-verified:sweb.eval.x86_64.django__django-14752,1.0,r2egym-qwen3-rl-100-steps-1-attempt-4,57,4919,agent_max_step_limit,15,0.7981867801399695,True,15
slimshetty/swebench-verified:sweb.eval.x86_64.django__django-11551,1.0,r2egym-qwen3-rl-100-steps-1-attempt-4,72,6553,token_limit,119,0.8519527982093666,True,119
slimshetty/swebench-verified:sweb.eval.x86_64.pydata__xarray-3677,1.0,r2egym-qwen3-rl-100-steps-1-attempt-4,31,1289,agent,21,0.817574478416099,True,22
slimshetty/swebench-verified:sweb.eval.x86_64.sphinx-doc__sphinx-9281,1.0,r2egym-qwen3-rl-100-steps-1-attempt-4,42,538,agent_max_step_limit,38,0.7310585669110203,True,38
slimshetty/swebench-verified:sweb.eval.x86_64.django__django-14349,1.0,r2egym-qwen3-rl-100-steps-1-attempt-4,33,2308,agent,18,0.8175744806385543,True,19
slimshetty/swebench-verified:sweb.eval.x86_64.django__django-15022,1.0,r2egym-qwen3-rl-100-steps-1-attempt-4,41,4651,max_step_limit,56,0.7981867825403177,True,56
slimshetty/swebench-verified:sweb.eval.x86_64.pydata__xarray-4094,1.0,r2egym-qwen3-rl-100-steps-1-attempt-4,45,569,token_limit,862,0.8807970764133561,True,867
slimshetty/swebench-verified:sweb.eval.x86_64.matplotlib__matplotlib-24870,0.0,r2egym-qwen3-rl-100-steps-1-attempt-4,41,3029,max_step_limit,65,0.7772998611746912,False,65
slimshetty/swebench-verified:sweb.eval.x86_64.sympy__sympy-24066,1.0,r2egym-qwen3-rl-100-steps-1-attempt-4,55,2372,agent_max_step_limit,30,0.7981867681382279,True,30
slimshetty/swebench-verified:sweb.eval.x86_64.django__django-11211,0.0,r2egym-qwen3-rl-100-steps-1-attempt-4,100,2714,abs_step_limit,76,0.2227001491431583,False,76
slimshetty/swebench-verified:sweb.eval.x86_64.django__django-12419,0.0,r2egym-qwen3-rl-100-steps-1-attempt-4,30,3425,agent,0,0.7310585844894971,False,0
slimshetty/swebench-verified:sweb.eval.x86_64.sympy__sympy-11618,1.0,r2egym-qwen3-rl-100-steps-1-attempt-4,26,3512,agent,4,0.8670357563664174,True,4
slimshetty/swebench-verified:sweb.eval.x86_64.sympy__sympy-20438,0.0,r2egym-qwen3-rl-100-steps-1-attempt-4,81,0,token_limit,93,8.481107142613803e-05,False,94
slimshetty/swebench-verified:sweb.eval.x86_64.sympy__sympy-13551,0.0,r2egym-qwen3-rl-100-steps-1-attempt-4,63,2448,token_limit,15,0.1480471999111614,False,15
slimshetty/swebench-verified:sweb.eval.x86_64.django__django-14672,0.0,r2egym-qwen3-rl-100-steps-1-attempt-4,100,3327,abs_step_limit,0,0.8807970732843033,False,0
slimshetty/swebench-verified:sweb.eval.x86_64.django__django-14155,0.0,r2egym-qwen3-rl-100-steps-1-attempt-4,46,5110,agent_max_step_limit,89,0.6224593312018546,False,91
slimshetty/swebench-verified:sweb.eval.x86_64.sphinx-doc__sphinx-7985,0.0,r2egym-qwen3-rl-100-steps-1-attempt-4,90,3816,token_limit,0,0.0002305066844603,False,0
slimshetty/swebench-verified:sweb.eval.x86_64.sympy__sympy-16450,1.0,r2egym-qwen3-rl-100-steps-1-attempt-4,100,1437,abs_step_limit,38,0.8519528019683106,True,40
slimshetty/swebench-verified:sweb.eval.x86_64.psf__requests-1724,1.0,r2egym-qwen3-rl-100-steps-1-attempt-4,66,2908,token_limit,79,0.6791786926816161,True,87
slimshetty/swebench-verified:sweb.eval.x86_64.matplotlib__matplotlib-13989,1.0,r2egym-qwen3-rl-100-steps-1-attempt-4,42,3847,agent_max_step_limit,411,0.8519527963298947,True,412
slimshetty/swebench-verified:sweb.eval.x86_64.django__django-13670,1.0,r2egym-qwen3-rl-100-steps-1-attempt-4,44,4290,agent_max_step_limit,17,0.8354835309589074,True,17
slimshetty/swebench-verified:sweb.eval.x86_64.django__django-14771,0.0,r2egym-qwen3-rl-100-steps-1-attempt-4,100,2693,abs_step_limit,60,0.4687906266262437,False,60
slimshetty/swebench-verified:sweb.eval.x86_64.django__django-16256,0.0,r2egym-qwen3-rl-100-steps-1-attempt-4,54,0,token_limit,53,4.006370646383477e-05,False,53
slimshetty/swebench-verified:sweb.eval.x86_64.django__django-15499,1.0,r2egym-qwen3-rl-100-steps-1-attempt-4,31,2106,agent,35,0.8354835391516133,True,36
slimshetty/swebench-verified:sweb.eval.x86_64.django__django-15277,1.0,r2egym-qwen3-rl-100-steps-1-attempt-4,30,3383,agent,158,0.798186775339273,True,159
slimshetty/swebench-verified:sweb.eval.x86_64.django__django-13933,1.0,r2egym-qwen3-rl-100-steps-1-attempt-4,100,3398,abs_step_limit,19,0.7310585844894971,True,19
slimshetty/swebench-verified:sweb.eval.x86_64.scikit-learn__scikit-learn-10908,0.0,r2egym-qwen3-rl-100-steps-1-attempt-4,22,1283,agent,47,0.8175744739711883,False,48
slimshetty/swebench-verified:sweb.eval.x86_64.sympy__sympy-14711,1.0,r2egym-qwen3-rl-100-steps-1-attempt-4,96,441,token_limit,2,0.904650536386234,True,3
slimshetty/swebench-verified:sweb.eval.x86_64.pytest-dev__pytest-10051,1.0,r2egym-qwen3-rl-100-steps-1-attempt-4,38,1877,agent,15,0.8175744806385543,True,15
slimshetty/swebench-verified:sweb.eval.x86_64.django__django-13128,0.0,r2egym-qwen3-rl-100-steps-1-attempt-4,50,2314,agent_max_step_limit,127,0.7549149813536518,False,127
slimshetty/swebench-verified:sweb.eval.x86_64.django__django-14011,0.0,r2egym-qwen3-rl-100-steps-1-attempt-4,70,3597,agent_max_step_limit,2,0.4073334000459302,False,0
slimshetty/swebench-verified:sweb.eval.x86_64.django__django-14855,1.0,r2egym-qwen3-rl-100-steps-1-attempt-4,81,4471,token_limit,325,0.8670357649558006,True,325
slimshetty/swebench-verified:sweb.eval.x86_64.scikit-learn__scikit-learn-13124,0.0,r2egym-qwen3-rl-100-steps-1-attempt-4,36,1988,token_limit,58,0.0124316530485034,False,58
slimshetty/swebench-verified:sweb.eval.x86_64.django__django-14034,0.0,r2egym-qwen3-rl-100-steps-1-attempt-4,100,1864,abs_step_limit,12,0.8670357580842941,False,12
slimshetty/swebench-verified:sweb.eval.x86_64.django__django-9296,1.0,r2egym-qwen3-rl-100-steps-1-attempt-4,100,499,abs_step_limit,20,0.851952809486198,True,20
slimshetty/swebench-verified:sweb.eval.x86_64.sympy__sympy-24443,0.0,r2egym-qwen3-rl-100-steps-1-attempt-4,53,3824,token_limit,0,0.0024726235270447,False,0
slimshetty/swebench-verified:sweb.eval.x86_64.sphinx-doc__sphinx-8548,0.0,r2egym-qwen3-rl-100-steps-1-attempt-4,53,3280,agent_max_step_limit,5,0.2942149659744614,False,4
slimshetty/swebench-verified:sweb.eval.x86_64.scikit-learn__scikit-learn-13439,1.0,r2egym-qwen3-rl-100-steps-1-attempt-4,11,416,agent,40,0.8175744806385542,True,41
slimshetty/swebench-verified:sweb.eval.x86_64.sympy__sympy-19040,0.0,r2egym-qwen3-rl-100-steps-1-attempt-4,59,754,token_limit,146,0.0066928524319116,False,146
slimshetty/swebench-verified:sweb.eval.x86_64.scikit-learn__scikit-learn-13496,1.0,r2egym-qwen3-rl-100-steps-1-attempt-4,20,2306,agent,19,0.5926665999540698,True,19
slimshetty/swebench-verified:sweb.eval.x86_64.django__django-11133,1.0,r2egym-qwen3-rl-100-steps-1-attempt-4,100,2392,abs_step_limit,64,0.8807970764133561,True,53
slimshetty/swebench-verified:sweb.eval.x86_64.pydata__xarray-7233,1.0,r2egym-qwen3-rl-100-steps-1-attempt-4,32,3249,agent,189,0.8354835309589073,True,189
slimshetty/swebench-verified:sweb.eval.x86_64.sympy__sympy-22914,1.0,r2egym-qwen3-rl-100-steps-1-attempt-4,49,669,token_limit,17,0.8807970732843033,True,18
slimshetty/swebench-verified:sweb.eval.x86_64.django__django-15128,0.0,r2egym-qwen3-rl-100-steps-1-attempt-4,100,4693,abs_step_limit,282,0.2942149845400437,False,282
slimshetty/swebench-verified:sweb.eval.x86_64.scikit-learn__scikit-learn-11578,1.0,r2egym-qwen3-rl-100-steps-1-attempt-4,36,2800,agent,93,0.8175744828610095,True,89
slimshetty/swebench-verified:sweb.eval.x86_64.psf__requests-2931,0.0,r2egym-qwen3-rl-100-steps-1-attempt-4,43,2837,token_limit,84,0.2942149597859341,False,85
slimshetty/swebench-verified:sweb.eval.x86_64.django__django-14539,1.0,r2egym-qwen3-rl-100-steps-1-attempt-4,48,2569,token_limit,14,0.8354835452961425,True,16
slimshetty/swebench-verified:sweb.eval.x86_64.matplotlib__matplotlib-23412,0.0,r2egym-qwen3-rl-100-steps-1-attempt-4,100,0,abs_step_limit,46,3.5356242236570075e-05,False,46
slimshetty/swebench-verified:sweb.eval.x86_64.django__django-14351,0.0,r2egym-qwen3-rl-100-steps-1-attempt-4,67,2700,token_limit,57,0.5,False,57
slimshetty/swebench-verified:sweb.eval.x86_64.sympy__sympy-19637,1.0,r2egym-qwen3-rl-100-steps-1-attempt-4,39,419,token_limit,40,0.9046505318875316,True,41
slimshetty/swebench-verified:sweb.eval.x86_64.pylint-dev__pylint-4604,0.0,r2egym-qwen3-rl-100-steps-1-attempt-4,100,2607,abs_step_limit,0,0.8807970826714614,False,0
slimshetty/swebench-verified:sweb.eval.x86_64.django__django-14373,1.0,r2egym-qwen3-rl-100-steps-1-attempt-4,26,1263,agent,19,0.8354835432479663,True,19
slimshetty/swebench-verified:sweb.eval.x86_64.django__django-11292,1.0,r2egym-qwen3-rl-100-steps-1-attempt-4,89,1829,agent_max_step_limit,31,0.7549149923816048,True,31
slimshetty/swebench-verified:sweb.eval.x86_64.scikit-learn__scikit-learn-14983,0.0,r2egym-qwen3-rl-100-steps-1-attempt-4,86,518,token_limit,105,0.0017007227654326,False,105
slimshetty/swebench-verified:sweb.eval.x86_64.django__django-11815,1.0,r2egym-qwen3-rl-100-steps-1-attempt-4,59,2136,token_limit,44,0.0124316480518696,True,44
slimshetty/swebench-verified:sweb.eval.x86_64.django__django-16877,1.0,r2egym-qwen3-rl-100-steps-1-attempt-4,100,797,abs_step_limit,0,0.5926665999540698,True,0
slimshetty/swebench-verified:sweb.eval.x86_64.django__django-13820,1.0,r2egym-qwen3-rl-100-steps-1-attempt-4,100,4159,abs_step_limit,24,0.7057850340255386,True,25
slimshetty/swebench-verified:sweb.eval.x86_64.sphinx-doc__sphinx-9711,1.0,r2egym-qwen3-rl-100-steps-1-attempt-4,52,2269,agent_max_step_limit,0,0.2942149783515163,True,1687
slimshetty/swebench-verified:sweb.eval.x86_64.matplotlib__matplotlib-26342,0.0,r2egym-qwen3-rl-100-steps-1-attempt-4,37,0,token_limit,81,5.144220744171262e-05,False,81
slimshetty/swebench-verified:sweb.eval.x86_64.sympy__sympy-23413,0.0,r2egym-qwen3-rl-100-steps-1-attempt-4,17,932,agent,2,0.8354835391516133,False,2
slimshetty/swebench-verified:sweb.eval.x86_64.django__django-13344,0.0,r2egym-qwen3-rl-100-steps-1-attempt-4,53,0,token_limit,356,0.0001233945743272,False,356
slimshetty/swebench-verified:sweb.eval.x86_64.scikit-learn__scikit-learn-25102,1.0,r2egym-qwen3-rl-100-steps-1-attempt-4,60,5674,token_limit,59,0.7981867777396212,True,59
slimshetty/swebench-verified:sweb.eval.x86_64.psf__requests-1921,1.0,r2egym-qwen3-rl-100-steps-1-attempt-4,43,2120,agent_max_step_limit,107,0.8354835350552603,True,117
slimshetty/swebench-verified:sweb.eval.x86_64.matplotlib__matplotlib-23314,1.0,r2egym-qwen3-rl-100-steps-1-attempt-4,58,2258,agent_max_step_limit,862,0.851952809486198,True,863
slimshetty/swebench-verified:sweb.eval.x86_64.django__django-11740,1.0,r2egym-qwen3-rl-100-steps-1-attempt-4,73,2350,token_limit,109,0.7310585669110203,True,109
slimshetty/swebench-verified:sweb.eval.x86_64.django__django-15987,1.0,r2egym-qwen3-rl-100-steps-1-attempt-4,81,3076,token_limit,52,0.7549149923816048,True,53
slimshetty/swebench-verified:sweb.eval.x86_64.scikit-learn__scikit-learn-10844,1.0,r2egym-qwen3-rl-100-steps-1-attempt-4,16,633,agent,16,0.8670357529306639,True,17
slimshetty/swebench-verified:sweb.eval.x86_64.pydata__xarray-4075,0.0,r2egym-qwen3-rl-100-steps-1-attempt-4,51,3589,token_limit,6,0.0600866468077612,False,6
slimshetty/swebench-verified:sweb.eval.x86_64.django__django-12273,0.0,r2egym-qwen3-rl-100-steps-1-attempt-4,96,5283,token_limit,27,0.0001398221059781,False,27
slimshetty/swebench-verified:sweb.eval.x86_64.matplotlib__matplotlib-26291,0.0,r2egym-qwen3-rl-100-steps-1-attempt-4,23,903,agent,49,0.8519528057272543,False,49
slimshetty/swebench-verified:sweb.eval.x86_64.django__django-12965,0.0,r2egym-qwen3-rl-100-steps-1-attempt-4,46,4152,token_limit,21,0.0035936018177564,False,22
slimshetty/swebench-verified:sweb.eval.x86_64.django__django-15104,1.0,r2egym-qwen3-rl-100-steps-1-attempt-4,100,3314,abs_step_limit,131,0.8175744761936438,True,131
slimshetty/swebench-verified:sweb.eval.x86_64.pydata__xarray-3095,0.0,r2egym-qwen3-rl-100-steps-1-attempt-4,72,0,token_limit,253,8.481103096382608e-05,False,242
slimshetty/swebench-verified:sweb.eval.x86_64.sympy__sympy-20801,0.0,r2egym-qwen3-rl-100-steps-1-attempt-4,72,0,token_limit,96,3.1201911328358685e-05,False,96
slimshetty/swebench-verified:sweb.eval.x86_64.django__django-12663,0.0,r2egym-qwen3-rl-100-steps-1-attempt-4,85,2916,token_limit,135,0.7772998611746911,False,135
slimshetty/swebench-verified:sweb.eval.x86_64.astropy__astropy-13236,0.0,r2egym-qwen3-rl-100-steps-1-attempt-4,100,2176,abs_step_limit,644,0.5312093733737563,False,0
slimshetty/swebench-verified:sweb.eval.x86_64.psf__requests-2317,1.0,r2egym-qwen3-rl-100-steps-1-attempt-4,41,1825,max_step_limit,133,0.7981867825403177,True,0
slimshetty/swebench-verified:sweb.eval.x86_64.django__django-10973,0.0,r2egym-qwen3-rl-100-steps-1-attempt-4,76,5616,token_limit,0,0.8354835432479661,False,0
slimshetty/swebench-verified:sweb.eval.x86_64.sphinx-doc__sphinx-8056,0.0,r2egym-qwen3-rl-100-steps-1-attempt-4,39,1303,token_limit,31,0.0140636291610713,False,30
slimshetty/swebench-verified:sweb.eval.x86_64.pytest-dev__pytest-7490,0.0,r2egym-qwen3-rl-100-steps-1-attempt-4,23,1176,agent,77,0.7549149813536518,False,77
slimshetty/swebench-verified:sweb.eval.x86_64.django__django-16950,0.0,r2egym-qwen3-rl-100-steps-1-attempt-4,62,6850,token_limit,3,0.0021827168900666,False,3
slimshetty/swebench-verified:sweb.eval.x86_64.sympy__sympy-20916,0.0,r2egym-qwen3-rl-100-steps-1-attempt-4,100,919,abs_step_limit,1,0.1066906031769227,False,2
slimshetty/swebench-verified:sweb.eval.x86_64.sympy__sympy-15345,0.0,r2egym-qwen3-rl-100-steps-1-attempt-4,100,0,abs_step_limit,8,4.006368736715354e-05,False,9
slimshetty/swebench-verified:sweb.eval.x86_64.pytest-dev__pytest-7236,0.0,r2egym-qwen3-rl-100-steps-1-attempt-4,41,2626,max_step_limit,50,0.2018132246607271,False,49
slimshetty/swebench-verified:sweb.eval.x86_64.scikit-learn__scikit-learn-14894,1.0,r2egym-qwen3-rl-100-steps-1-attempt-4,41,5980,max_step_limit,85,0.8807970842359877,True,85
slimshetty/swebench-verified:sweb.eval.x86_64.django__django-12143,1.0,r2egym-qwen3-rl-100-steps-1-attempt-4,100,4097,abs_step_limit,52,0.7981867705385762,True,52
slimshetty/swebench-verified:sweb.eval.x86_64.django__django-12304,1.0,r2egym-qwen3-rl-100-steps-1-attempt-4,70,2226,token_limit,17,0.0758581768873632,True,17
slimshetty/swebench-verified:sweb.eval.x86_64.scikit-learn__scikit-learn-13135,1.0,r2egym-qwen3-rl-100-steps-1-attempt-4,33,3281,agent,33,0.8807970826714614,True,34
slimshetty/swebench-verified:sweb.eval.x86_64.sphinx-doc__sphinx-8721,1.0,r2egym-qwen3-rl-100-steps-1-attempt-4,100,2058,abs_step_limit,3,0.7981867873410141,True,2
slimshetty/swebench-verified:sweb.eval.x86_64.django__django-15467,1.0,r2egym-qwen3-rl-100-steps-1-attempt-4,54,2701,agent_max_step_limit,62,0.651354857898194,True,62
slimshetty/swebench-verified:sweb.eval.x86_64.django__django-16819,0.0,r2egym-qwen3-rl-100-steps-1-attempt-4,51,5135,agent_max_step_limit,38,0.3486451421018059,False,38
slimshetty/swebench-verified:sweb.eval.x86_64.matplotlib__matplotlib-24177,0.0,r2egym-qwen3-rl-100-steps-1-attempt-4,100,810,abs_step_limit,768,0.0010322308732556,False,768
slimshetty/swebench-verified:sweb.eval.x86_64.django__django-11880,1.0,r2egym-qwen3-rl-100-steps-1-attempt-4,100,1546,abs_step_limit,114,0.8519528000888386,True,114
slimshetty/swebench-verified:sweb.eval.x86_64.pydata__xarray-6938,0.0,r2egym-qwen3-rl-100-steps-1-attempt-4,34,1542,agent,430,0.8670357718273068,False,430
slimshetty/swebench-verified:sweb.eval.x86_64.django__django-15098,0.0,r2egym-qwen3-rl-100-steps-1-attempt-4,77,2894,token_limit,87,0.7981867849406659,False,88
slimshetty/swebench-verified:sweb.eval.x86_64.django__django-12713,1.0,r2egym-qwen3-rl-100-steps-1-attempt-4,39,3936,agent,58,0.817574478416099,True,58
slimshetty/swebench-verified:sweb.eval.x86_64.matplotlib__matplotlib-25960,0.0,r2egym-qwen3-rl-100-steps-1-attempt-4,78,2582,token_limit,131,0.7549149758396752,False,131
slimshetty/swebench-verified:sweb.eval.x86_64.sphinx-doc__sphinx-10449,1.0,r2egym-qwen3-rl-100-steps-1-attempt-4,50,3445,agent_max_step_limit,30,0.6791786926816161,True,30
slimshetty/swebench-verified:sweb.eval.x86_64.scikit-learn__scikit-learn-25973,0.0,r2egym-qwen3-rl-100-steps-1-attempt-4,66,2078,token_limit,72,0.1645164588002102,False,72
slimshetty/swebench-verified:sweb.eval.x86_64.django__django-16502,0.0,r2egym-qwen3-rl-100-steps-1-attempt-4,68,0,token_limit,4,1.147876675466972e-05,False,4
slimshetty/swebench-verified:sweb.eval.x86_64.django__django-15268,0.0,r2egym-qwen3-rl-100-steps-1-attempt-4,59,2142,token_limit,126,0.6513548511303336,False,126
slimshetty/swebench-verified:sweb.eval.x86_64.sympy__sympy-20428,0.0,r2egym-qwen3-rl-100-steps-1-attempt-4,44,1195,agent_max_step_limit,154,0.7549149923816048,False,154
slimshetty/swebench-verified:sweb.eval.x86_64.django__django-14493,1.0,r2egym-qwen3-rl-100-steps-1-attempt-4,42,2245,agent_max_step_limit,36,0.7310585903489891,True,36
slimshetty/swebench-verified:sweb.eval.x86_64.django__django-15957,0.0,r2egym-qwen3-rl-100-steps-1-attempt-4,100,2293,abs_step_limit,49,0.2450850076183952,False,49
slimshetty/swebench-verified:sweb.eval.x86_64.django__django-13158,0.0,r2egym-qwen3-rl-100-steps-1-attempt-4,97,2642,token_limit,29,0.0002959570582136,False,29
slimshetty/swebench-verified:sweb.eval.x86_64.sphinx-doc__sphinx-8593,0.0,r2egym-qwen3-rl-100-steps-1-attempt-4,30,906,token_limit,1,0.000295957130158,False,3
slimshetty/swebench-verified:sweb.eval.x86_64.matplotlib__matplotlib-14623,1.0,r2egym-qwen3-rl-100-steps-1-attempt-4,60,1128,agent_max_step_limit,400,0.7549149813536518,True,401
slimshetty/swebench-verified:sweb.eval.x86_64.sympy__sympy-23950,0.0,r2egym-qwen3-rl-100-steps-1-attempt-4,68,0,token_limit,4,5.8291272379732106e-05,False,5
slimshetty/swebench-verified:sweb.eval.x86_64.pytest-dev__pytest-7432,1.0,r2egym-qwen3-rl-100-steps-1-attempt-4,44,2815,agent_max_step_limit,77,0.679178699175393,True,76
slimshetty/swebench-verified:sweb.eval.x86_64.django__django-12406,0.0,r2egym-qwen3-rl-100-steps-1-attempt-4,58,2238,token_limit,155,0.8175744828610095,False,155
slimshetty/swebench-verified:sweb.eval.x86_64.sympy__sympy-15017,1.0,r2egym-qwen3-rl-100-steps-1-attempt-4,63,3468,agent_max_step_limit,14,0.7772998714925403,True,14
slimshetty/swebench-verified:sweb.eval.x86_64.django__django-13837,1.0,r2egym-qwen3-rl-100-steps-1-attempt-4,28,2574,agent,57,0.5621765008857981,True,55
slimshetty/swebench-verified:sweb.eval.x86_64.django__django-10880,0.0,r2egym-qwen3-rl-100-steps-1-attempt-4,34,1711,agent,54,0.8354835391516132,False,54
slimshetty/swebench-verified:sweb.eval.x86_64.django__django-11477,0.0,r2egym-qwen3-rl-100-steps-1-attempt-4,100,2728,abs_step_limit,0,0.0019267345079622,False,0
slimshetty/swebench-verified:sweb.eval.x86_64.django__django-13568,0.0,r2egym-qwen3-rl-100-steps-1-attempt-4,71,2510,token_limit,12,0.817574471748733,False,12
slimshetty/swebench-verified:sweb.eval.x86_64.django__django-15127,0.0,r2egym-qwen3-rl-100-steps-1-attempt-4,33,1962,agent,1,0.7772998560157665,False,1
slimshetty/swebench-verified:sweb.eval.x86_64.scikit-learn__scikit-learn-14710,0.0,r2egym-qwen3-rl-100-steps-1-attempt-4,48,1606,agent_max_step_limit,0,0.7772998714925403,False,0
slimshetty/swebench-verified:sweb.eval.x86_64.scikit-learn__scikit-learn-14087,0.0,r2egym-qwen3-rl-100-steps-1-attempt-4,30,2026,agent,170,0.3486451285660856,False,170
slimshetty/swebench-verified:sweb.eval.x86_64.django__django-14238,1.0,r2egym-qwen3-rl-100-steps-1-attempt-4,100,1887,abs_step_limit,39,0.8670357477770336,True,40
slimshetty/swebench-verified:sweb.eval.x86_64.scikit-learn__scikit-learn-12682,0.0,r2egym-qwen3-rl-100-steps-1-attempt-4,38,2354,agent,66,0.7310585727705126,False,66
slimshetty/swebench-verified:sweb.eval.x86_64.sympy__sympy-13798,0.0,r2egym-qwen3-rl-100-steps-1-attempt-4,100,0,abs_step_limit,102,3.535626333281696e-05,False,104
slimshetty/swebench-verified:sweb.eval.x86_64.matplotlib__matplotlib-21568,0.0,r2egym-qwen3-rl-100-steps-1-attempt-4,36,2246,agent,73,0.320821300824607,False,76
slimshetty/swebench-verified:sweb.eval.x86_64.sympy__sympy-21930,0.0,r2egym-qwen3-rl-100-steps-1-attempt-4,100,1923,abs_step_limit,45,0.8354835289107307,False,50
slimshetty/swebench-verified:sweb.eval.x86_64.django__django-13279,0.0,r2egym-qwen3-rl-100-steps-1-attempt-4,100,3121,abs_step_limit,346,0.5621765008857981,False,346
slimshetty/swebench-verified:sweb.eval.x86_64.sympy__sympy-12419,0.0,r2egym-qwen3-rl-100-steps-1-attempt-4,100,880,abs_step_limit,0,0.0010322312525929,False,0
slimshetty/swebench-verified:sweb.eval.x86_64.sphinx-doc__sphinx-8551,0.0,r2egym-qwen3-rl-100-steps-1-attempt-4,27,1413,agent,32,0.7981867753392728,False,32
slimshetty/swebench-verified:sweb.eval.x86_64.astropy__astropy-7671,0.0,r2egym-qwen3-rl-100-steps-1-attempt-4,41,1723,max_step_limit,0,0.7772998663336158,False,0
slimshetty/swebench-verified:sweb.eval.x86_64.django__django-16938,0.0,r2egym-qwen3-rl-100-steps-1-attempt-4,100,4142,token_limit,65,0.7981867705385762,False,88
slimshetty/swebench-verified:sweb.eval.x86_64.sphinx-doc__sphinx-11510,0.0,r2egym-qwen3-rl-100-steps-1-attempt-4,100,1121,abs_step_limit,7,0.0019267349543575,False,7
slimshetty/swebench-verified:sweb.eval.x86_64.matplotlib__matplotlib-22865,0.0,r2egym-qwen3-rl-100-steps-1-attempt-4,88,1827,token_limit,0,0.0001795280071921,False,0
slimshetty/swebench-verified:sweb.eval.x86_64.django__django-15731,1.0,r2egym-qwen3-rl-100-steps-1-attempt-4,29,1891,agent,58,0.7310585727705127,True,57
slimshetty/swebench-verified:sweb.eval.x86_64.django__django-15563,1.0,r2egym-qwen3-rl-100-steps-1-attempt-4,92,5173,token_limit,29,0.1192029235866439,True,29
slimshetty/swebench-verified:sweb.eval.x86_64.django__django-14608,1.0,r2egym-qwen3-rl-100-steps-1-attempt-4,41,1969,max_step_limit,394,0.8933094046341532,True,397
slimshetty/swebench-verified:sweb.eval.x86_64.django__django-16527,1.0,r2egym-qwen3-rl-100-steps-1-attempt-4,100,1806,abs_step_limit,6,0.7772998663336157,True,6
slimshetty/swebench-verified:sweb.eval.x86_64.sympy__sympy-24562,1.0,r2egym-qwen3-rl-100-steps-1-attempt-4,24,426,agent,105,0.8933094003735663,True,105
slimshetty/swebench-verified:sweb.eval.x86_64.django__django-16631,0.0,r2egym-qwen3-rl-100-steps-1-attempt-4,97,1387,token_limit,12,0.8519527963298947,False,12
slimshetty/swebench-verified:sweb.eval.x86_64.pytest-dev__pytest-5840,0.0,r2egym-qwen3-rl-100-steps-1-attempt-4,13,617,agent,51,0.8354835289107307,False,52
slimshetty/swebench-verified:sweb.eval.x86_64.django__django-15732,0.0,r2egym-qwen3-rl-100-steps-1-attempt-4,100,2520,abs_step_limit,125,0.6791787056691698,False,124
slimshetty/swebench-verified:sweb.eval.x86_64.sympy__sympy-15875,0.0,r2egym-qwen3-rl-100-steps-1-attempt-4,49,828,agent_max_step_limit,80,0.8354835391516133,False,81
slimshetty/swebench-verified:sweb.eval.x86_64.django__django-16595,1.0,r2egym-qwen3-rl-100-steps-1-attempt-4,28,3770,agent,37,0.8519528076067262,True,37
slimshetty/swebench-verified:sweb.eval.x86_64.sphinx-doc__sphinx-7440,0.0,r2egym-qwen3-rl-100-steps-1-attempt-4,100,906,abs_step_limit,12,0.0001584362916559,False,13
slimshetty/swebench-verified:sweb.eval.x86_64.pytest-dev__pytest-7571,1.0,r2egym-qwen3-rl-100-steps-1-attempt-4,29,834,agent,14,0.8519528019683106,True,14
slimshetty/swebench-verified:sweb.eval.x86_64.astropy__astropy-13398,0.0,r2egym-qwen3-rl-100-steps-1-attempt-4,33,3590,agent,63,0.7310585903489891,False,63
slimshetty/swebench-verified:sweb.eval.x86_64.django__django-13794,0.0,r2egym-qwen3-rl-100-steps-1-attempt-4,43,2027,agent_max_step_limit,20,0.7981867849406659,False,20
slimshetty/swebench-verified:sweb.eval.x86_64.django__django-14404,0.0,r2egym-qwen3-rl-100-steps-1-attempt-4,95,3971,token_limit,323,0.119202928280223,False,323
slimshetty/swebench-verified:sweb.eval.x86_64.django__django-10999,0.0,r2egym-qwen3-rl-100-steps-1-attempt-4,25,555,agent,10,0.3775406687981454,False,12
slimshetty/swebench-verified:sweb.eval.x86_64.sympy__sympy-24213,1.0,r2egym-qwen3-rl-100-steps-1-attempt-4,42,4726,agent_max_step_limit,31,0.8807970670261976,True,31
slimshetty/swebench-verified:sweb.eval.x86_64.django__django-11095,1.0,r2egym-qwen3-rl-100-steps-1-attempt-4,69,3900,agent_max_step_limit,19,0.7549149978955811,True,19
slimshetty/swebench-verified:sweb.eval.x86_64.sphinx-doc__sphinx-9230,0.0,r2egym-qwen3-rl-100-steps-1-attempt-4,100,3769,abs_step_limit,44,0.867035771827307,False,45
slimshetty/swebench-verified:sweb.eval.x86_64.django__django-11999,0.0,r2egym-qwen3-rl-100-steps-1-attempt-4,100,1494,abs_step_limit,30,0.0035936027414893,False,30
slimshetty/swebench-verified:sweb.eval.x86_64.pydata__xarray-2905,1.0,r2egym-qwen3-rl-100-steps-1-attempt-4,91,1612,token_limit,364,0.731058584489497,True,365
slimshetty/swebench-verified:sweb.eval.x86_64.pydata__xarray-7393,0.0,r2egym-qwen3-rl-100-steps-1-attempt-4,77,0,token_limit,71,0.0001584362344965,False,71
slimshetty/swebench-verified:sweb.eval.x86_64.sphinx-doc__sphinx-8475,1.0,r2egym-qwen3-rl-100-steps-1-attempt-4,43,2847,agent_max_step_limit,17,0.8354835391516133,True,17
slimshetty/swebench-verified:sweb.eval.x86_64.astropy__astropy-14182,0.0,r2egym-qwen3-rl-100-steps-1-attempt-4,65,2028,token_limit,0,0.0097084777618878,False,0
slimshetty/swebench-verified:sweb.eval.x86_64.pydata__xarray-6599,0.0,r2egym-qwen3-rl-100-steps-1-attempt-4,38,4936,token_limit,263,0.5,False,263
slimshetty/swebench-verified:sweb.eval.x86_64.django__django-13786,1.0,r2egym-qwen3-rl-100-steps-1-attempt-4,41,5315,max_step_limit,33,0.8175744828610095,True,33
slimshetty/swebench-verified:sweb.eval.x86_64.scikit-learn__scikit-learn-12973,0.0,r2egym-qwen3-rl-100-steps-1-attempt-4,57,3186,token_limit,31,0.0600866545922063,False,30
slimshetty/swebench-verified:sweb.eval.x86_64.django__django-13516,0.0,r2egym-qwen3-rl-100-steps-1-attempt-4,100,829,abs_step_limit,43,0.0052201262980887,False,43
slimshetty/swebench-verified:sweb.eval.x86_64.mwaskom__seaborn-3187,0.0,r2egym-qwen3-rl-100-steps-1-attempt-4,100,1164,abs_step_limit,248,0.5,False,249
slimshetty/swebench-verified:sweb.eval.x86_64.pytest-dev__pytest-7521,1.0,r2egym-qwen3-rl-100-steps-1-attempt-4,43,864,agent_max_step_limit,125,0.8670357701094303,True,124
slimshetty/swebench-verified:sweb.eval.x86_64.django__django-16899,1.0,r2egym-qwen3-rl-100-steps-1-attempt-4,62,2877,token_limit,54,0.8807970779778824,True,54
slimshetty/swebench-verified:sweb.eval.x86_64.django__django-12155,1.0,r2egym-qwen3-rl-100-steps-1-attempt-4,98,4399,token_limit,6,0.8807970795424088,True,7
slimshetty/swebench-verified:sweb.eval.x86_64.pytest-dev__pytest-8399,1.0,r2egym-qwen3-rl-100-steps-1-attempt-4,78,1330,token_limit,59,0.7057850278370112,True,59
slimshetty/swebench-verified:sweb.eval.x86_64.matplotlib__matplotlib-26208,0.0,r2egym-qwen3-rl-100-steps-1-attempt-4,63,1006,token_limit,810,0.006692850332998,False,810
slimshetty/swebench-verified:sweb.eval.x86_64.django__django-16801,1.0,r2egym-qwen3-rl-100-steps-1-attempt-4,100,2364,abs_step_limit,17,0.817574471748733,True,17
slimshetty/swebench-verified:sweb.eval.x86_64.matplotlib__matplotlib-20676,0.0,r2egym-qwen3-rl-100-steps-1-attempt-4,39,0,token_limit,32,3.1201911361276113e-05,False,32
slimshetty/swebench-verified:sweb.eval.x86_64.sphinx-doc__sphinx-10323,0.0,r2egym-qwen3-rl-100-steps-1-attempt-4,24,3855,agent,38,0.7981867825403177,False,38
slimshetty/swebench-verified:sweb.eval.x86_64.sphinx-doc__sphinx-10673,0.0,r2egym-qwen3-rl-100-steps-1-attempt-4,100,3299,abs_step_limit,9,0.880797071719777,False,9
slimshetty/swebench-verified:sweb.eval.x86_64.django__django-14122,0.0,r2egym-qwen3-rl-100-steps-1-attempt-4,64,0,token_limit,26,6.605213667550255e-05,False,26
slimshetty/swebench-verified:sweb.eval.x86_64.sphinx-doc__sphinx-7462,0.0,r2egym-qwen3-rl-100-steps-1-attempt-4,44,1083,agent_max_step_limit,49,0.7981867849406659,False,50
slimshetty/swebench-verified:sweb.eval.x86_64.django__django-11087,0.0,r2egym-qwen3-rl-100-steps-1-attempt-4,57,0,token_limit,41,3.535625910672396e-05,False,41
slimshetty/swebench-verified:sweb.eval.x86_64.pylint-dev__pylint-4661,0.0,r2egym-qwen3-rl-100-steps-1-attempt-4,90,2374,token_limit,0,0.7549149813536518,False,50
slimshetty/swebench-verified:sweb.eval.x86_64.django__django-14170,0.0,r2egym-qwen3-rl-100-steps-1-attempt-4,100,2160,abs_step_limit,0,0.0017007222847394,False,0
slimshetty/swebench-verified:sweb.eval.x86_64.sphinx-doc__sphinx-8621,1.0,r2egym-qwen3-rl-100-steps-1-attempt-4,33,4438,token_limit,31,0.2227001439842335,True,32
slimshetty/swebench-verified:sweb.eval.x86_64.sphinx-doc__sphinx-9461,0.0,r2egym-qwen3-rl-100-steps-1-attempt-4,78,2705,token_limit,59,0.5312093733737563,False,61
slimshetty/swebench-verified:sweb.eval.x86_64.matplotlib__matplotlib-22871,0.0,r2egym-qwen3-rl-100-steps-1-attempt-4,41,4690,max_step_limit,77,0.4378234991142019,False,78
slimshetty/swebench-verified:sweb.eval.x86_64.django__django-13112,0.0,r2egym-qwen3-rl-100-steps-1-attempt-4,63,0,token_limit,63,6.605212081843964e-05,False,63
slimshetty/swebench-verified:sweb.eval.x86_64.psf__requests-1766,1.0,r2egym-qwen3-rl-100-steps-1-attempt-4,22,617,agent,79,0.5926665999540698,True,89
slimshetty/swebench-verified:sweb.eval.x86_64.django__django-13925,0.0,r2egym-qwen3-rl-100-steps-1-attempt-4,62,0,token_limit,24,7.484623593296888e-05,False,22
slimshetty/swebench-verified:sweb.eval.x86_64.matplotlib__matplotlib-24627,1.0,r2egym-qwen3-rl-100-steps-1-attempt-4,41,964,max_step_limit,776,0.8670357580842941,True,776
slimshetty/swebench-verified:sweb.eval.x86_64.sphinx-doc__sphinx-10466,0.0,r2egym-qwen3-rl-100-steps-1-attempt-4,43,1925,agent_max_step_limit,6,0.7981867753392728,False,6
slimshetty/swebench-verified:sweb.eval.x86_64.django__django-16139,0.0,r2egym-qwen3-rl-100-steps-1-attempt-4,91,6695,token_limit,0,0.7772998714925403,False,84
slimshetty/swebench-verified:sweb.eval.x86_64.django__django-16493,1.0,r2egym-qwen3-rl-100-steps-1-attempt-4,28,2380,agent,91,0.867035771827307,True,91
slimshetty/swebench-verified:sweb.eval.x86_64.matplotlib__matplotlib-22719,1.0,r2egym-qwen3-rl-100-steps-1-attempt-4,42,3139,agent_max_step_limit,68,0.5926665999540698,True,64
slimshetty/swebench-verified:sweb.eval.x86_64.scikit-learn__scikit-learn-14629,0.0,r2egym-qwen3-rl-100-steps-1-attempt-4,57,2917,agent_max_step_limit,26,0.6513548782017745,False,24
slimshetty/swebench-verified:sweb.eval.x86_64.matplotlib__matplotlib-20859,1.0,r2egym-qwen3-rl-100-steps-1-attempt-4,55,1624,agent_max_step_limit,88,0.8519527982093666,True,89
slimshetty/swebench-verified:sweb.eval.x86_64.django__django-11179,1.0,r2egym-qwen3-rl-100-steps-1-attempt-4,46,3957,agent_max_step_limit,40,0.8175744828610095,True,40
slimshetty/swebench-verified:sweb.eval.x86_64.django__django-15695,0.0,r2egym-qwen3-rl-100-steps-1-attempt-4,100,5934,abs_step_limit,123,0.3486451285660856,False,123
slimshetty/swebench-verified:sweb.eval.x86_64.sphinx-doc__sphinx-9591,0.0,r2egym-qwen3-rl-100-steps-1-attempt-4,52,1296,token_limit,44,0.0373268877457186,False,44
slimshetty/swebench-verified:sweb.eval.x86_64.sympy__sympy-13647,1.0,r2egym-qwen3-rl-100-steps-1-attempt-4,41,799,token_limit,76,0.1645164588002102,True,77
slimshetty/swebench-verified:sweb.eval.x86_64.django__django-16661,1.0,r2egym-qwen3-rl-100-steps-1-attempt-4,40,5036,agent,36,0.8807970889295663,True,36
slimshetty/swebench-verified:sweb.eval.x86_64.sphinx-doc__sphinx-7889,1.0,r2egym-qwen3-rl-100-steps-1-attempt-4,100,954,abs_step_limit,5,0.679178699175393,True,6
slimshetty/swebench-verified:sweb.eval.x86_64.sympy__sympy-22080,0.0,r2egym-qwen3-rl-100-steps-1-attempt-4,40,442,agent,91,0.7772998560157665,False,93
slimshetty/swebench-verified:sweb.eval.x86_64.django__django-11728,0.0,r2egym-qwen3-rl-100-steps-1-attempt-4,100,0,abs_step_limit,43,1.012998855949258e-05,False,46
slimshetty/swebench-verified:sweb.eval.x86_64.django__django-11820,0.0,r2egym-qwen3-rl-100-steps-1-attempt-4,99,3738,token_limit,61,0.1192029235866439,False,61
slimshetty/swebench-verified:sweb.eval.x86_64.django__django-10914,1.0,r2egym-qwen3-rl-100-steps-1-attempt-4,28,2283,agent,98,0.7549149758396752,True,98
slimshetty/swebench-verified:sweb.eval.x86_64.scikit-learn__scikit-learn-11310,1.0,r2egym-qwen3-rl-100-steps-1-attempt-4,26,1059,agent,50,0.8354835411997898,True,51
slimshetty/swebench-verified:sweb.eval.x86_64.pylint-dev__pylint-6386,0.0,r2egym-qwen3-rl-100-steps-1-attempt-4,100,0,abs_step_limit,7,1.4738976696371488e-05,False,7
slimshetty/swebench-verified:sweb.eval.x86_64.django__django-12050,1.0,r2egym-qwen3-rl-100-steps-1-attempt-4,14,4493,agent,10,0.880797068590724,True,10
slimshetty/swebench-verified:sweb.eval.x86_64.django__django-15930,0.0,r2egym-qwen3-rl-100-steps-1-attempt-4,47,2985,token_limit,0,0.0109869408494794,False,0
slimshetty/swebench-verified:sweb.eval.x86_64.django__django-14311,0.0,r2egym-qwen3-rl-100-steps-1-attempt-4,100,3767,abs_step_limit,56,0.8354835309589074,False,58
slimshetty/swebench-verified:sweb.eval.x86_64.scikit-learn__scikit-learn-12585,1.0,r2egym-qwen3-rl-100-steps-1-attempt-4,16,555,agent,22,0.8175744850834648,True,22
slimshetty/swebench-verified:sweb.eval.x86_64.django__django-11790,0.0,r2egym-qwen3-rl-100-steps-1-attempt-4,58,2145,token_limit,76,0.1824255260288116,False,78
slimshetty/swebench-verified:sweb.eval.x86_64.sphinx-doc__sphinx-8638,0.0,r2egym-qwen3-rl-100-steps-1-attempt-4,100,906,abs_step_limit,34,0.0011695101803339,False,34
slimshetty/swebench-verified:sweb.eval.x86_64.django__django-16429,0.0,r2egym-qwen3-rl-100-steps-1-attempt-4,48,2423,token_limit,11,0.03308597588599,False,8
slimshetty/swebench-verified:sweb.eval.x86_64.sphinx-doc__sphinx-9258,0.0,r2egym-qwen3-rl-100-steps-1-attempt-4,78,4219,token_limit,45,0.0059110675373543,False,45
slimshetty/swebench-verified:sweb.eval.x86_64.sphinx-doc__sphinx-11445,1.0,r2egym-qwen3-rl-100-steps-1-attempt-4,27,4404,agent,8,0.8519528038477824,True,7
slimshetty/swebench-verified:sweb.eval.x86_64.sympy__sympy-22714,1.0,r2egym-qwen3-rl-100-steps-1-attempt-4,47,1634,agent_max_step_limit,11,0.8670357649558006,True,12
slimshetty/swebench-verified:sweb.eval.x86_64.matplotlib__matplotlib-26113,1.0,r2egym-qwen3-rl-100-steps-1-attempt-4,66,2408,token_limit,812,0.7310585727705127,True,812
slimshetty/swebench-verified:sweb.eval.x86_64.django__django-15572,1.0,r2egym-qwen3-rl-100-steps-1-attempt-4,100,2579,abs_step_limit,10,0.7772998560157665,True,10
slimshetty/swebench-verified:sweb.eval.x86_64.django__django-11400,0.0,r2egym-qwen3-rl-100-steps-1-attempt-4,61,6169,agent_max_step_limit,56,0.3486451353339457,False,56
slimshetty/swebench-verified:sweb.eval.x86_64.django__django-15629,0.0,r2egym-qwen3-rl-100-steps-1-attempt-4,62,6533,token_limit,115,0.7057850278370112,False,115
slimshetty/swebench-verified:sweb.eval.x86_64.django__django-14915,1.0,r2egym-qwen3-rl-100-steps-1-attempt-4,58,2208,token_limit,23,0.7772998663336158,True,23
slimshetty/swebench-verified:sweb.eval.x86_64.django__django-15554,0.0,r2egym-qwen3-rl-100-steps-1-attempt-4,100,2777,abs_step_limit,41,0.5,False,41
slimshetty/swebench-verified:sweb.eval.x86_64.sympy__sympy-13480,1.0,r2egym-qwen3-rl-100-steps-1-attempt-4,40,3596,agent,43,0.8354835350552604,True,44
slimshetty/swebench-verified:sweb.eval.x86_64.django__django-16485,1.0,r2egym-qwen3-rl-100-steps-1-attempt-4,64,2181,agent_max_step_limit,9,0.7981867801399694,True,10
slimshetty/swebench-verified:sweb.eval.x86_64.sympy__sympy-21847,1.0,r2egym-qwen3-rl-100-steps-1-attempt-4,23,1727,agent,9,0.8670357580842941,True,10
slimshetty/swebench-verified:sweb.eval.x86_64.django__django-16569,1.0,r2egym-qwen3-rl-100-steps-1-attempt-4,66,1361,token_limit,111,0.8670357615200474,True,113
slimshetty/swebench-verified:sweb.eval.x86_64.sympy__sympy-17318,0.0,r2egym-qwen3-rl-100-steps-1-attempt-4,32,914,agent,10,0.8175744717487329,False,10
slimshetty/swebench-verified:sweb.eval.x86_64.sphinx-doc__sphinx-9367,1.0,r2egym-qwen3-rl-100-steps-1-attempt-4,60,2034,token_limit,25,0.4378234991142019,True,25
slimshetty/swebench-verified:sweb.eval.x86_64.pydata__xarray-4356,1.0,r2egym-qwen3-rl-100-steps-1-attempt-4,41,844,max_step_limit,604,0.8670357683915538,True,580
slimshetty/swebench-verified:sweb.eval.x86_64.matplotlib__matplotlib-23299,0.0,r2egym-qwen3-rl-100-steps-1-attempt-4,34,626,agent,192,0.8670357563664174,False,192
slimshetty/swebench-verified:sweb.eval.x86_64.sympy__sympy-24661,1.0,r2egym-qwen3-rl-100-steps-1-attempt-4,41,3658,max_step_limit,27,0.7981867705385762,True,27
slimshetty/swebench-verified:sweb.eval.x86_64.django__django-16082,1.0,r2egym-qwen3-rl-100-steps-1-attempt-4,20,4370,agent,170,0.7549149868676283,True,172
slimshetty/swebench-verified:sweb.eval.x86_64.django__django-14787,1.0,r2egym-qwen3-rl-100-steps-1-attempt-4,27,3025,agent,20,0.8933093961129794,True,20
slimshetty/swebench-verified:sweb.eval.x86_64.matplotlib__matplotlib-24149,1.0,r2egym-qwen3-rl-100-steps-1-attempt-4,100,1564,abs_step_limit,767,0.5621765008857981,True,767
slimshetty/swebench-verified:sweb.eval.x86_64.django__django-12774,0.0,r2egym-qwen3-rl-100-steps-1-attempt-4,100,4847,abs_step_limit,0,0.004609573110934,False,0
slimshetty/swebench-verified:sweb.eval.x86_64.django__django-17087,0.0,r2egym-qwen3-rl-100-steps-1-attempt-4,100,4124,abs_step_limit,0,0.2942149783515163,False,0
slimshetty/swebench-verified:sweb.eval.x86_64.sympy__sympy-16792,0.0,r2egym-qwen3-rl-100-steps-1-attempt-4,88,0,token_limit,54,6.605215242684585e-05,False,54
slimshetty/swebench-verified:sweb.eval.x86_64.django__django-13551,0.0,r2egym-qwen3-rl-100-steps-1-attempt-4,100,2481,abs_step_limit,56,0.7310585786300049,False,57
slimshetty/swebench-verified:sweb.eval.x86_64.django__django-12754,0.0,r2egym-qwen3-rl-100-steps-1-attempt-4,100,2812,abs_step_limit,104,0.7549149813536518,False,104
slimshetty/swebench-verified:sweb.eval.x86_64.scikit-learn__scikit-learn-26323,1.0,r2egym-qwen3-rl-100-steps-1-attempt-4,27,585,agent,188,0.9149009561531424,True,188
slimshetty/swebench-verified:sweb.eval.x86_64.pydata__xarray-4966,1.0,r2egym-qwen3-rl-100-steps-1-attempt-4,34,1021,agent,21,0.880797076413356,True,17
slimshetty/swebench-verified:sweb.eval.x86_64.sympy__sympy-13615,0.0,r2egym-qwen3-rl-100-steps-1-attempt-4,48,1057,token_limit,67,0.0052201265930996,False,67
slimshetty/swebench-verified:sweb.eval.x86_64.sympy__sympy-20590,1.0,r2egym-qwen3-rl-100-steps-1-attempt-4,38,1229,agent,21,0.7772998663336157,True,21
slimshetty/swebench-verified:sweb.eval.x86_64.django__django-13033,0.0,r2egym-qwen3-rl-100-steps-1-attempt-4,100,0,abs_step_limit,26,8.481106125749372e-05,False,26
slimshetty/swebench-verified:sweb.eval.x86_64.django__django-11555,0.0,r2egym-qwen3-rl-100-steps-1-attempt-4,56,3319,agent_max_step_limit,25,0.6224593312018546,False,25
slimshetty/swebench-verified:sweb.eval.x86_64.django__django-14376,0.0,r2egym-qwen3-rl-100-steps-1-attempt-4,29,1955,agent,6,0.8175744739711883,False,9
slimshetty/swebench-verified:sweb.eval.x86_64.django__django-11964,0.0,r2egym-qwen3-rl-100-steps-1-attempt-4,79,0,token_limit,15,5.1442238043702974e-05,False,16
slimshetty/swebench-verified:sweb.eval.x86_64.django__django-13012,0.0,r2egym-qwen3-rl-100-steps-1-attempt-4,65,3019,token_limit,135,0.3486451353339457,False,135
slimshetty/swebench-verified:sweb.eval.x86_64.django__django-17029,1.0,r2egym-qwen3-rl-100-steps-1-attempt-4,100,2477,abs_step_limit,43,0.8354835330070839,True,43
slimshetty/swebench-verified:sweb.eval.x86_64.django__django-11163,1.0,r2egym-qwen3-rl-100-steps-1-attempt-4,64,2764,agent_max_step_limit,141,0.8670357632379241,True,142
slimshetty/swebench-verified:sweb.eval.x86_64.sympy__sympy-18189,1.0,r2egym-qwen3-rl-100-steps-1-attempt-4,27,2725,agent,41,0.8670357477770336,True,42
slimshetty/swebench-verified:sweb.eval.x86_64.django__django-14315,0.0,r2egym-qwen3-rl-100-steps-1-attempt-4,100,2149,abs_step_limit,0,0.7549149978955811,False,10
slimshetty/swebench-verified:sweb.eval.x86_64.pytest-dev__pytest-5631,0.0,r2egym-qwen3-rl-100-steps-1-attempt-4,33,1272,agent,15,0.7549149813536518,False,0
slimshetty/swebench-verified:sweb.eval.x86_64.django__django-14725,0.0,r2egym-qwen3-rl-100-steps-1-attempt-4,87,4929,token_limit,64,0.1480471980316894,False,64
slimshetty/swebench-verified:sweb.eval.x86_64.scikit-learn__scikit-learn-25232,0.0,r2egym-qwen3-rl-100-steps-1-attempt-4,68,2598,token_limit,213,0.0124316526711831,False,213
slimshetty/swebench-verified:sweb.eval.x86_64.pytest-dev__pytest-10081,1.0,r2egym-qwen3-rl-100-steps-1-attempt-4,41,3338,max_step_limit,63,0.867035763237924,True,62
slimshetty/swebench-verified:sweb.eval.x86_64.django__django-15161,0.0,r2egym-qwen3-rl-100-steps-1-attempt-4,100,0,abs_step_limit,208,5.1442195197777694e-05,False,210
slimshetty/swebench-verified:sweb.eval.x86_64.django__django-12209,1.0,r2egym-qwen3-rl-100-steps-1-attempt-4,100,2138,abs_step_limit,0,0.6791787056691698,True,1
slimshetty/swebench-verified:sweb.eval.x86_64.astropy__astropy-14309,1.0,r2egym-qwen3-rl-100-steps-1-attempt-4,48,477,token_limit,141,0.8807970701552505,True,141
slimshetty/swebench-verified:sweb.eval.x86_64.matplotlib__matplotlib-24570,1.0,r2egym-qwen3-rl-100-steps-1-attempt-4,29,2356,agent,267,0.6513548646660543,True,263
slimshetty/swebench-verified:sweb.eval.x86_64.sphinx-doc__sphinx-10435,0.0,r2egym-qwen3-rl-100-steps-1-attempt-4,100,4267,abs_step_limit,74,0.1480471980316894,False,74
slimshetty/swebench-verified:sweb.eval.x86_64.sphinx-doc__sphinx-9658,0.0,r2egym-qwen3-rl-100-steps-1-attempt-4,96,942,token_limit,24,0.0011695104535372,False,23
slimshetty/swebench-verified:sweb.eval.x86_64.matplotlib__matplotlib-25287,1.0,r2egym-qwen3-rl-100-steps-1-attempt-4,100,2501,abs_step_limit,786,0.8670357666736772,True,786
slimshetty/swebench-verified:sweb.eval.x86_64.django__django-14580,1.0,r2egym-qwen3-rl-100-steps-1-attempt-4,59,1368,agent_max_step_limit,49,0.8519527963298946,True,49
slimshetty/swebench-verified:sweb.eval.x86_64.matplotlib__matplotlib-20488,0.0,r2egym-qwen3-rl-100-steps-1-attempt-4,62,2855,token_limit,111,0.0059110680873476,False,110
slimshetty/swebench-verified:sweb.eval.x86_64.scikit-learn__scikit-learn-13328,1.0,r2egym-qwen3-rl-100-steps-1-attempt-4,18,1306,agent,9,0.8519528038477825,True,9
slimshetty/swebench-verified:sweb.eval.x86_64.django__django-15741,0.0,r2egym-qwen3-rl-100-steps-1-attempt-4,53,516,token_limit,104,0.0015011823361337,False,104
slimshetty/swebench-verified:sweb.eval.x86_64.sphinx-doc__sphinx-7748,0.0,r2egym-qwen3-rl-100-steps-1-attempt-4,49,0,token_limit,12,1.473898899742027e-05,False,14
slimshetty/swebench-verified:sweb.eval.x86_64.sympy__sympy-14248,0.0,r2egym-qwen3-rl-100-steps-1-attempt-4,48,1635,token_limit,431,0.0109869442801476,False,432
slimshetty/swebench-verified:sweb.eval.x86_64.django__django-11119,1.0,r2egym-qwen3-rl-100-steps-1-attempt-4,12,485,agent,7,0.8933094046341532,True,7
slimshetty/swebench-verified:sweb.eval.x86_64.django__django-13406,0.0,r2egym-qwen3-rl-100-steps-1-attempt-4,100,2691,abs_step_limit,30,0.0420877310696112,False,31
slimshetty/swebench-verified:sweb.eval.x86_64.pytest-dev__pytest-5809,1.0,r2egym-qwen3-rl-100-steps-1-attempt-4,32,5493,agent,3,0.7310585669110202,True,4
slimshetty/swebench-verified:sweb.eval.x86_64.django__django-13028,0.0,r2egym-qwen3-rl-100-steps-1-attempt-4,40,0,token_limit,276,0.0001233945889741,False,277
slimshetty/swebench-verified:sweb.eval.x86_64.astropy__astropy-14369,0.0,r2egym-qwen3-rl-100-steps-1-attempt-4,23,1115,agent,730,0.8175744673038222,False,729
slimshetty/swebench-verified:sweb.eval.x86_64.sympy__sympy-15599,0.0,r2egym-qwen3-rl-100-steps-1-attempt-4,69,3160,token_limit,76,0.0028009274633113,False,76
slimshetty/swebench-verified:sweb.eval.x86_64.matplotlib__matplotlib-20826,0.0,r2egym-qwen3-rl-100-steps-1-attempt-4,64,1236,token_limit,673,0.3775406687981454,False,673
slimshetty/swebench-verified:sweb.eval.x86_64.django__django-14434,0.0,r2egym-qwen3-rl-100-steps-1-attempt-4,21,2047,agent,0,0.8354835391516132,False,0
slimshetty/swebench-verified:sweb.eval.x86_64.django__django-15851,1.0,r2egym-qwen3-rl-100-steps-1-attempt-4,100,2838,abs_step_limit,8,0.0179862087448154,True,8
slimshetty/swebench-verified:sweb.eval.x86_64.django__django-14534,0.0,r2egym-qwen3-rl-100-steps-1-attempt-4,75,1300,token_limit,118,0.7310585903489891,False,118
slimshetty/swebench-verified:sweb.eval.x86_64.sphinx-doc__sphinx-9320,1.0,r2egym-qwen3-rl-100-steps-1-attempt-4,12,1765,agent,9,0.8670357546485407,True,9
slimshetty/swebench-verified:sweb.eval.x86_64.astropy__astropy-14508,0.0,r2egym-qwen3-rl-100-steps-1-attempt-4,5,0,token_limit,174,0.0001233946331106,False,174
slimshetty/swebench-verified:sweb.eval.x86_64.pydata__xarray-6461,1.0,r2egym-qwen3-rl-100-steps-1-attempt-4,26,1392,agent,247,0.798186784940666,True,248
slimshetty/swebench-verified:sweb.eval.x86_64.django__django-15280,0.0,r2egym-qwen3-rl-100-steps-1-attempt-4,62,0,token_limit,85,0.0002611903667911,False,85
slimshetty/swebench-verified:sweb.eval.x86_64.django__django-13023,0.0,r2egym-qwen3-rl-100-steps-1-attempt-4,26,1591,agent,9,0.7310585786300048,False,10
slimshetty/swebench-verified:sweb.eval.x86_64.astropy__astropy-14096,0.0,r2egym-qwen3-rl-100-steps-1-attempt-4,32,2047,token_limit,426,0.0031726825685614,False,426
slimshetty/swebench-verified:sweb.eval.x86_64.pytest-dev__pytest-7324,0.0,r2egym-qwen3-rl-100-steps-1-attempt-4,41,0,max_step_limit,58,0.0002959570976861,False,58
slimshetty/swebench-verified:sweb.eval.x86_64.django__django-13807,0.0,r2egym-qwen3-rl-100-steps-1-attempt-4,41,807,token_limit,38,0.880797071719777,False,40
slimshetty/swebench-verified:sweb.eval.x86_64.pytest-dev__pytest-5787,0.0,r2egym-qwen3-rl-100-steps-1-attempt-4,56,0,token_limit,123,5.14421951322801e-05,False,123
slimshetty/swebench-verified:sweb.eval.x86_64.pylint-dev__pylint-4970,0.0,r2egym-qwen3-rl-100-steps-1-attempt-4,47,2473,agent_max_step_limit,4,0.2018132174596823,False,4
slimshetty/swebench-verified:sweb.eval.x86_64.pytest-dev__pytest-6197,0.0,r2egym-qwen3-rl-100-steps-1-attempt-4,100,4249,abs_step_limit,145,0.0004305570251103,False,146
slimshetty/swebench-verified:sweb.eval.x86_64.django__django-13810,1.0,r2egym-qwen3-rl-100-steps-1-attempt-4,45,2922,agent_max_step_limit,30,0.8175744761936437,True,32
slimshetty/swebench-verified:sweb.eval.x86_64.django__django-16100,0.0,r2egym-qwen3-rl-100-steps-1-attempt-4,94,4569,token_limit,57,0.0179862100936889,False,57
slimshetty/swebench-verified:sweb.eval.x86_64.pydata__xarray-4687,1.0,r2egym-qwen3-rl-100-steps-1-attempt-4,43,1852,agent_max_step_limit,1717,0.6791786926816161,True,1717
slimshetty/swebench-verified:sweb.eval.x86_64.sphinx-doc__sphinx-7590,0.0,r2egym-qwen3-rl-100-steps-1-attempt-4,80,2287,token_limit,24,0.6791787121629466,False,25
slimshetty/swebench-verified:sweb.eval.x86_64.sphinx-doc__sphinx-9698,0.0,r2egym-qwen3-rl-100-steps-1-attempt-4,100,2009,abs_step_limit,45,0.0002034269474701,False,46
slimshetty/swebench-verified:sweb.eval.x86_64.sympy__sympy-14531,0.0,r2egym-qwen3-rl-100-steps-1-attempt-4,69,4924,token_limit,80,0.5,False,81
slimshetty/swebench-verified:sweb.eval.x86_64.django__django-13569,1.0,r2egym-qwen3-rl-100-steps-1-attempt-4,60,2300,agent_max_step_limit,66,0.798186787341014,True,67
slimshetty/swebench-verified:sweb.eval.x86_64.astropy__astropy-14539,1.0,r2egym-qwen3-rl-100-steps-1-attempt-4,22,1041,agent,46,0.8519528094861981,True,48
slimshetty/swebench-verified:sweb.eval.x86_64.sympy__sympy-13878,0.0,r2egym-qwen3-rl-100-steps-1-attempt-4,46,4526,agent_max_step_limit,19,0.5926665999540698,False,20
slimshetty/swebench-verified:sweb.eval.x86_64.sphinx-doc__sphinx-8120,1.0,r2egym-qwen3-rl-100-steps-1-attempt-4,100,1515,abs_step_limit,44,0.3775406687981454,True,44
slimshetty/swebench-verified:sweb.eval.x86_64.sympy__sympy-18211,0.0,r2egym-qwen3-rl-100-steps-1-attempt-4,75,4285,token_limit,0,0.0179862088435135,False,0
slimshetty/swebench-verified:sweb.eval.x86_64.django__django-16136,0.0,r2egym-qwen3-rl-100-steps-1-attempt-4,42,1858,agent_max_step_limit,7,0.7549149868676283,False,8
slimshetty/swebench-verified:sweb.eval.x86_64.sympy__sympy-12489,0.0,r2egym-qwen3-rl-100-steps-1-attempt-4,96,3374,token_limit,0,0.0021827164838843,False,0
slimshetty/swebench-verified:sweb.eval.x86_64.django__django-11951,0.0,r2egym-qwen3-rl-100-steps-1-attempt-4,100,2974,abs_step_limit,21,0.7981867777396212,False,21
slimshetty/swebench-verified:sweb.eval.x86_64.django__django-11433,0.0,r2egym-qwen3-rl-100-steps-1-attempt-4,100,1841,abs_step_limit,141,0.3775406687981454,False,141
slimshetty/swebench-verified:sweb.eval.x86_64.sympy__sympy-23824,1.0,r2egym-qwen3-rl-100-steps-1-attempt-4,38,1757,agent,2,0.8670357460591569,True,3
slimshetty/swebench-verified:sweb.eval.x86_64.scikit-learn__scikit-learn-9288,1.0,r2egym-qwen3-rl-100-steps-1-attempt-4,37,1971,agent,123,0.8807970889295663,True,124
slimshetty/swebench-verified:sweb.eval.x86_64.matplotlib__matplotlib-25332,0.0,r2egym-qwen3-rl-100-steps-1-attempt-4,100,529,abs_step_limit,180,0.8670357615200474,False,180
slimshetty/swebench-verified:sweb.eval.x86_64.django__django-14999,1.0,r2egym-qwen3-rl-100-steps-1-attempt-4,100,2676,abs_step_limit,113,0.3775406687981454,True,113
slimshetty/swebench-verified:sweb.eval.x86_64.sympy__sympy-17139,0.0,r2egym-qwen3-rl-100-steps-1-attempt-4,100,555,abs_step_limit,67,0.0021827162688764,False,68
slimshetty/swebench-verified:sweb.eval.x86_64.scikit-learn__scikit-learn-13779,1.0,r2egym-qwen3-rl-100-steps-1-attempt-4,100,1326,abs_step_limit,18,0.8807970764133561,True,18
slimshetty/swebench-verified:sweb.eval.x86_64.pytest-dev__pytest-7982,1.0,r2egym-qwen3-rl-100-steps-1-attempt-4,100,1714,abs_step_limit,78,0.8807970748488297,True,78
slimshetty/swebench-verified:sweb.eval.x86_64.astropy__astropy-7606,0.0,r2egym-qwen3-rl-100-steps-1-attempt-4,55,2713,token_limit,0,0.0031726831451267,False,0
slimshetty/swebench-verified:sweb.eval.x86_64.django__django-11749,1.0,r2egym-qwen3-rl-100-steps-1-attempt-4,96,4100,token_limit,34,0.7981867825403176,True,5
slimshetty/swebench-verified:sweb.eval.x86_64.scikit-learn__scikit-learn-13142,1.0,r2egym-qwen3-rl-100-steps-1-attempt-4,19,3680,agent,54,0.8933094152856196,True,54
slimshetty/swebench-verified:sweb.eval.x86_64.django__django-12708,1.0,r2egym-qwen3-rl-100-steps-1-attempt-4,92,4584,token_limit,101,0.8807970764133561,True,101
slimshetty/swebench-verified:sweb.eval.x86_64.astropy__astropy-8872,0.0,r2egym-qwen3-rl-100-steps-1-attempt-4,100,1630,abs_step_limit,0,0.0002611903064802,False,0
slimshetty/swebench-verified:sweb.eval.x86_64.sphinx-doc__sphinx-8459,1.0,r2egym-qwen3-rl-100-steps-1-attempt-4,94,1983,token_limit,17,0.5,True,17
slimshetty/swebench-verified:sweb.eval.x86_64.matplotlib__matplotlib-23476,0.0,r2egym-qwen3-rl-100-steps-1-attempt-4,100,2707,abs_step_limit,104,0.8670357735451834,False,104
slimshetty/swebench-verified:sweb.eval.x86_64.django__django-11066,1.0,r2egym-qwen3-rl-100-steps-1-attempt-4,100,3751,abs_step_limit,3,0.8670357494949105,True,3
slimshetty/swebench-verified:sweb.eval.x86_64.django__django-12325,0.0,r2egym-qwen3-rl-100-steps-1-attempt-4,60,0,token_limit,201,0.0001584362158038,False,201
slimshetty/swebench-verified:sweb.eval.x86_64.sympy__sympy-21596,0.0,r2egym-qwen3-rl-100-steps-1-attempt-4,22,1741,agent,46,0.8519527963298947,False,46
slimshetty/swebench-verified:sweb.eval.x86_64.pytest-dev__pytest-10356,0.0,r2egym-qwen3-rl-100-steps-1-attempt-4,43,2280,agent_max_step_limit,77,0.5926665999540698,False,77
slimshetty/swebench-verified:sweb.eval.x86_64.django__django-12858,1.0,r2egym-qwen3-rl-100-steps-1-attempt-4,19,2919,agent,73,0.7981867825403177,True,73
slimshetty/swebench-verified:sweb.eval.x86_64.django__django-13315,0.0,r2egym-qwen3-rl-100-steps-1-attempt-4,89,4857,token_limit,146,0.8670357529306639,False,147
slimshetty/swebench-verified:sweb.eval.x86_64.sympy__sympy-19495,1.0,r2egym-qwen3-rl-100-steps-1-attempt-4,65,2967,agent_max_step_limit,8,0.8175744673038222,True,9
slimshetty/swebench-verified:sweb.eval.x86_64.sympy__sympy-12096,1.0,r2egym-qwen3-rl-100-steps-1-attempt-4,29,2342,agent,43,0.8519528038477825,True,43
slimshetty/swebench-verified:sweb.eval.x86_64.pylint-dev__pylint-7277,0.0,r2egym-qwen3-rl-100-steps-1-attempt-4,69,1856,token_limit,120,0.0040701376649311,False,121
slimshetty/swebench-verified:sweb.eval.x86_64.django__django-15368,1.0,r2egym-qwen3-rl-100-steps-1-attempt-4,69,3423,agent_max_step_limit,29,0.8175744739711883,True,29
slimshetty/swebench-verified:sweb.eval.x86_64.astropy__astropy-13453,0.0,r2egym-qwen3-rl-100-steps-1-attempt-4,54,2904,token_limit,2,0.1645164628965631,False,2
slimshetty/swebench-verified:sweb.eval.x86_64.django__django-16454,0.0,r2egym-qwen3-rl-100-steps-1-attempt-4,100,0,token_limit,45,1.3007126909916232e-05,False,44
slimshetty/swebench-verified:sweb.eval.x86_64.sphinx-doc__sphinx-10614,0.0,r2egym-qwen3-rl-100-steps-1-attempt-4,100,2752,abs_step_limit,5,0.7549149813536518,False,6
slimshetty/swebench-verified:sweb.eval.x86_64.pydata__xarray-3305,1.0,r2egym-qwen3-rl-100-steps-1-attempt-4,44,1902,agent_max_step_limit,653,0.1192029298447494,True,665
slimshetty/swebench-verified:sweb.eval.x86_64.django__django-12741,1.0,r2egym-qwen3-rl-100-steps-1-attempt-4,43,2892,agent_max_step_limit,67,0.7772998560157665,True,67
slimshetty/swebench-verified:sweb.eval.x86_64.scikit-learn__scikit-learn-25747,0.0,r2egym-qwen3-rl-100-steps-1-attempt-4,74,3159,token_limit,14,0.7549149923816048,False,14
slimshetty/swebench-verified:sweb.eval.x86_64.sphinx-doc__sphinx-8269,1.0,r2egym-qwen3-rl-100-steps-1-attempt-4,72,4800,token_limit,5,0.8519527944504227,True,5
slimshetty/swebench-verified:sweb.eval.x86_64.django__django-15916,0.0,r2egym-qwen3-rl-100-steps-1-attempt-4,87,2709,token_limit,130,0.0140636295743056,False,130
slimshetty/swebench-verified:sweb.eval.x86_64.django__django-11532,0.0,r2egym-qwen3-rl-100-steps-1-attempt-4,83,2040,token_limit,130,0.679178699175393,False,148
slimshetty/swebench-verified:sweb.eval.x86_64.django__django-13212,0.0,r2egym-qwen3-rl-100-steps-1-attempt-4,100,6969,abs_step_limit,2,0.4073334000459302,False,2
slimshetty/swebench-verified:sweb.eval.x86_64.django__django-15375,1.0,r2egym-qwen3-rl-100-steps-1-attempt-4,75,3968,agent_max_step_limit,95,0.8175744761936437,True,94
slimshetty/swebench-verified:sweb.eval.x86_64.matplotlib__matplotlib-25311,1.0,r2egym-qwen3-rl-100-steps-1-attempt-4,34,1674,agent,181,0.7772998663336158,True,182
slimshetty/swebench-verified:sweb.eval.x86_64.django__django-14089,1.0,r2egym-qwen3-rl-100-steps-1-attempt-4,34,1129,agent,43,0.7981867777396211,True,44
slimshetty/swebench-verified:sweb.eval.x86_64.sympy__sympy-13852,0.0,r2egym-qwen3-rl-100-steps-1-attempt-4,77,2507,agent_max_step_limit,4,0.5621765008857981,False,4
slimshetty/swebench-verified:sweb.eval.x86_64.matplotlib__matplotlib-24970,1.0,r2egym-qwen3-rl-100-steps-1-attempt-4,44,2347,agent_max_step_limit,253,0.5926665999540698,True,250
slimshetty/swebench-verified:sweb.eval.x86_64.django__django-13741,1.0,r2egym-qwen3-rl-100-steps-1-attempt-4,23,2341,agent,82,0.7549149813536518,True,83
slimshetty/swebench-verified:sweb.eval.x86_64.django__django-15569,1.0,r2egym-qwen3-rl-100-steps-1-attempt-4,100,1160,abs_step_limit,242,0.8519527982093666,True,243
slimshetty/swebench-verified:sweb.eval.x86_64.django__django-13658,1.0,r2egym-qwen3-rl-100-steps-1-attempt-4,87,3583,agent_max_step_limit,181,0.8807970904940925,True,185
slimshetty/swebench-verified:sweb.eval.x86_64.sympy__sympy-20154,1.0,r2egym-qwen3-rl-100-steps-1-attempt-4,26,2301,agent,40,0.8519527982093666,True,42
slimshetty/swebench-verified:sweb.eval.x86_64.django__django-15103,1.0,r2egym-qwen3-rl-100-steps-1-attempt-4,22,1895,agent,17,0.8354835350552603,True,17
slimshetty/swebench-verified:sweb.eval.x86_64.django__django-15315,1.0,r2egym-qwen3-rl-100-steps-1-attempt-4,60,1335,token_limit,33,0.8354835309589073,True,32
slimshetty/swebench-verified:sweb.eval.x86_64.sphinx-doc__sphinx-8265,0.0,r2egym-qwen3-rl-100-steps-1-attempt-4,80,669,token_limit,22,0.3208213073183839,False,23
slimshetty/swebench-verified:sweb.eval.x86_64.sympy__sympy-13974,0.0,r2egym-qwen3-rl-100-steps-1-attempt-4,69,2220,token_limit,4,0.0259573556907785,False,5
slimshetty/swebench-verified:sweb.eval.x86_64.astropy__astropy-13579,1.0,r2egym-qwen3-rl-100-steps-1-attempt-4,73,4653,token_limit,40,0.9046505254608136,True,40
slimshetty/swebench-verified:sweb.eval.x86_64.pytest-dev__pytest-6202,1.0,r2egym-qwen3-rl-100-steps-1-attempt-4,100,865,abs_step_limit,72,0.320821300824607,True,73
slimshetty/swebench-verified:sweb.eval.x86_64.astropy__astropy-7336,0.0,r2egym-qwen3-rl-100-steps-1-attempt-4,25,789,agent,0,0.8670357701094304,False,0
slimshetty/swebench-verified:sweb.eval.x86_64.django__django-11206,0.0,r2egym-qwen3-rl-100-steps-1-attempt-4,49,4063,token_limit,4,0.320821300824607,False,6
slimshetty/swebench-verified:sweb.eval.x86_64.scikit-learn__scikit-learn-10297,1.0,r2egym-qwen3-rl-100-steps-1-attempt-4,32,3062,agent,28,0.8175744828610095,True,28
slimshetty/swebench-verified:sweb.eval.x86_64.django__django-16255,0.0,r2egym-qwen3-rl-100-steps-1-attempt-4,100,1575,abs_step_limit,0,0.9046505267461572,False,36
slimshetty/swebench-verified:sweb.eval.x86_64.sphinx-doc__sphinx-7757,0.0,r2egym-qwen3-rl-100-steps-1-attempt-4,100,2735,abs_step_limit,33,0.4073334000459302,False,34
slimshetty/swebench-verified:sweb.eval.x86_64.sympy__sympy-24539,1.0,r2egym-qwen3-rl-100-steps-1-attempt-4,28,2261,agent,62,0.7981867705385762,True,63
slimshetty/swebench-verified:sweb.eval.x86_64.django__django-14792,0.0,r2egym-qwen3-rl-100-steps-1-attempt-4,54,1952,agent_max_step_limit,23,0.8175744695262775,False,24
slimshetty/swebench-verified:sweb.eval.x86_64.django__django-16315,0.0,r2egym-qwen3-rl-100-steps-1-attempt-4,41,3419,max_step_limit,42,0.7310585786300048,False,42
slimshetty/swebench-verified:sweb.eval.x86_64.django__django-7530,1.0,r2egym-qwen3-rl-100-steps-1-attempt-4,2,0,token_limit,59,0.0001795279875394,True,63
slimshetty/swebench-verified:sweb.eval.x86_64.django__django-12276,0.0,r2egym-qwen3-rl-100-steps-1-attempt-4,100,0,abs_step_limit,117,3.120191878801485e-05,False,117
slimshetty/swebench-verified:sweb.eval.x86_64.astropy__astropy-13033,0.0,r2egym-qwen3-rl-100-steps-1-attempt-4,21,999,agent,20,0.8807970701552505,False,21
slimshetty/swebench-verified:sweb.eval.x86_64.django__django-14765,1.0,r2egym-qwen3-rl-100-steps-1-attempt-4,55,858,token_limit,64,0.8354835391516133,True,64
slimshetty/swebench-verified:sweb.eval.x86_64.django__django-13590,1.0,r2egym-qwen3-rl-100-steps-1-attempt-4,31,6178,agent,145,0.5312093733737563,True,146
slimshetty/swebench-verified:sweb.eval.x86_64.sympy__sympy-16766,0.0,r2egym-qwen3-rl-100-steps-1-attempt-4,100,0,abs_step_limit,7,1.4738978452886064e-05,False,8
slimshetty/swebench-verified:sweb.eval.x86_64.django__django-13401,0.0,r2egym-qwen3-rl-100-steps-1-attempt-4,88,3079,agent_max_step_limit,31,0.6791787056691697,False,31
slimshetty/swebench-verified:sweb.eval.x86_64.django__django-15814,1.0,r2egym-qwen3-rl-100-steps-1-attempt-4,100,2564,abs_step_limit,29,0.8519527963298946,True,29
slimshetty/swebench-verified:sweb.eval.x86_64.sphinx-doc__sphinx-9673,1.0,r2egym-qwen3-rl-100-steps-1-attempt-4,100,2301,abs_step_limit,24,0.5312093733737562,True,25
slimshetty/swebench-verified:sweb.eval.x86_64.django__django-15863,1.0,r2egym-qwen3-rl-100-steps-1-attempt-4,16,2634,agent,9,0.8354835309589073,True,10
slimshetty/swebench-verified:sweb.eval.x86_64.django__django-12193,0.0,r2egym-qwen3-rl-100-steps-1-attempt-4,100,1574,abs_step_limit,11,0.9046505376715775,False,11
slimshetty/swebench-verified:sweb.eval.x86_64.django__django-13121,0.0,r2egym-qwen3-rl-100-steps-1-attempt-4,100,0,abs_step_limit,168,3.535626754527668e-05,False,169
slimshetty/swebench-verified:sweb.eval.x86_64.django__django-13513,0.0,r2egym-qwen3-rl-100-steps-1-attempt-4,23,960,agent,83,0.1066906038870205,False,83
slimshetty/swebench-verified:sweb.eval.x86_64.matplotlib__matplotlib-24026,1.0,r2egym-qwen3-rl-100-steps-1-attempt-4,55,2137,token_limit,764,0.8670357598021707,True,767
slimshetty/swebench-verified:sweb.eval.x86_64.django__django-15973,0.0,r2egym-qwen3-rl-100-steps-1-attempt-4,53,3189,agent_max_step_limit,157,0.7310585844894971,False,157
slimshetty/swebench-verified:sweb.eval.x86_64.psf__requests-1142,0.0,r2egym-qwen3-rl-100-steps-1-attempt-4,35,1670,agent,4,0.4378234991142019,False,22
slimshetty/swebench-verified:sweb.eval.x86_64.psf__requests-6028,0.0,r2egym-qwen3-rl-100-steps-1-attempt-4,49,2174,agent_max_step_limit,185,0.5926665999540698,False,185
slimshetty/swebench-verified:sweb.eval.x86_64.pylint-dev__pylint-8898,0.0,r2egym-qwen3-rl-100-steps-1-attempt-4,50,4475,token_limit,17,0.2227001491431583,False,0
slimshetty/swebench-verified:sweb.eval.x86_64.sympy__sympy-13877,0.0,r2egym-qwen3-rl-100-steps-1-attempt-4,22,1808,llm_query_error,110,0.0203323551977555,False,111
slimshetty/swebench-verified:sweb.eval.x86_64.sphinx-doc__sphinx-9229,0.0,r2egym-qwen3-rl-100-steps-1-attempt-4,100,3849,abs_step_limit,13,0.1645164649447396,False,13
slimshetty/swebench-verified:sweb.eval.x86_64.psf__requests-5414,0.0,r2egym-qwen3-rl-100-steps-1-attempt-4,41,1913,max_step_limit,122,0.6791786926816161,False,121
slimshetty/swebench-verified:sweb.eval.x86_64.django__django-12125,0.0,r2egym-qwen3-rl-100-steps-1-attempt-4,40,0,token_limit,45,0.0001398220893449,False,46
slimshetty/swebench-verified:sweb.eval.x86_64.sympy__sympy-17655,1.0,r2egym-qwen3-rl-100-steps-1-attempt-4,45,3936,token_limit,9,0.4378234991142019,True,11
slimshetty/swebench-verified:sweb.eval.x86_64.django__django-12039,0.0,r2egym-qwen3-rl-100-steps-1-attempt-4,100,4367,abs_step_limit,11,0.7549149868676283,False,10
slimshetty/swebench-verified:sweb.eval.x86_64.django__django-11099,1.0,r2egym-qwen3-rl-100-steps-1-attempt-4,28,4956,agent,19,0.5621765008857982,True,22
slimshetty/swebench-verified:sweb.eval.x86_64.sympy__sympy-13031,0.0,r2egym-qwen3-rl-100-steps-1-attempt-4,55,956,token_limit,9,0.0003799845672842,False,10
slimshetty/swebench-verified:sweb.eval.x86_64.sympy__sympy-21612,0.0,r2egym-qwen3-rl-100-steps-1-attempt-4,41,546,token_limit,98,0.0259573586106266,False,99
slimshetty/swebench-verified:sweb.eval.x86_64.sympy__sympy-15809,0.0,r2egym-qwen3-rl-100-steps-1-attempt-4,27,1729,agent,10,0.851952809486198,False,10
slimshetty/swebench-verified:sweb.eval.x86_64.sphinx-doc__sphinx-8595,1.0,r2egym-qwen3-rl-100-steps-1-attempt-4,49,2063,token_limit,0,0.0203323546783283,True,1469
slimshetty/swebench-verified:sweb.eval.x86_64.astropy__astropy-7166,0.0,r2egym-qwen3-rl-100-steps-1-attempt-4,21,1714,agent,0,0.6513548646660542,False,0
slimshetty/swebench-verified:sweb.eval.x86_64.django__django-13809,1.0,r2egym-qwen3-rl-100-steps-1-attempt-4,100,4975,abs_step_limit,245,0.7772998560157665,True,245
slimshetty/swebench-verified:sweb.eval.x86_64.pydata__xarray-6992,0.0,r2egym-qwen3-rl-100-steps-1-attempt-4,24,3018,agent,945,0.8519527944504227,False,948
slimshetty/swebench-verified:sweb.eval.x86_64.django__django-11885,0.0,r2egym-qwen3-rl-100-steps-1-attempt-4,100,3175,abs_step_limit,41,0.6224593312018546,False,41
slimshetty/swebench-verified:sweb.eval.x86_64.mwaskom__seaborn-3069,0.0,r2egym-qwen3-rl-100-steps-1-attempt-4,41,1612,max_step_limit,92,0.1329642401978292,False,92
slimshetty/swebench-verified:sweb.eval.x86_64.sympy__sympy-16886,1.0,r2egym-qwen3-rl-100-steps-1-attempt-4,24,2542,agent,42,0.7057850278370112,True,43
slimshetty/swebench-verified:sweb.eval.x86_64.astropy__astropy-14365,0.0,r2egym-qwen3-rl-100-steps-1-attempt-4,99,2980,token_limit,8,0.7772998663336157,False,8
slimshetty/swebench-verified:sweb.eval.x86_64.sympy__sympy-13372,1.0,r2egym-qwen3-rl-100-steps-1-attempt-4,74,774,token_limit,44,0.8807970732843033,True,45
slimshetty/swebench-verified:sweb.eval.x86_64.pydata__xarray-4695,1.0,r2egym-qwen3-rl-100-steps-1-attempt-4,100,3122,abs_step_limit,875,0.8670357701094304,True,877
slimshetty/swebench-verified:sweb.eval.x86_64.django__django-16263,0.0,r2egym-qwen3-rl-100-steps-1-attempt-4,100,4251,abs_step_limit,98,0.5312093733737563,False,97
slimshetty/swebench-verified:sweb.eval.x86_64.django__django-16667,0.0,r2egym-qwen3-rl-100-steps-1-attempt-4,35,2040,agent,24,0.7057850278370112,False,26
slimshetty/swebench-verified:sweb.eval.x86_64.pydata__xarray-6721,1.0,r2egym-qwen3-rl-100-steps-1-attempt-4,100,1296,abs_step_limit,1405,0.2227001439842335,True,1405
slimshetty/swebench-verified:sweb.eval.x86_64.matplotlib__matplotlib-26466,0.0,r2egym-qwen3-rl-100-steps-1-attempt-4,32,1473,agent,100,0.817574471748733,False,103
slimshetty/swebench-verified:sweb.eval.x86_64.django__django-14007,0.0,r2egym-qwen3-rl-100-steps-1-attempt-4,87,0,token_limit,12,0.000123394574189,False,12
slimshetty/swebench-verified:sweb.eval.x86_64.django__django-14500,0.0,r2egym-qwen3-rl-100-steps-1-attempt-4,100,4668,abs_step_limit,21,0.6513548646660543,False,21
slimshetty/swebench-verified:sweb.eval.x86_64.astropy__astropy-14995,1.0,r2egym-qwen3-rl-100-steps-1-attempt-4,18,1830,agent,179,0.8175744695262775,True,179
slimshetty/swebench-verified:sweb.eval.x86_64.pydata__xarray-7229,0.0,r2egym-qwen3-rl-100-steps-1-attempt-4,44,946,token_limit,268,0.6513548646660542,False,269
slimshetty/swebench-verified:sweb.eval.x86_64.django__django-11265,1.0,r2egym-qwen3-rl-100-steps-1-attempt-4,77,3704,token_limit,30,0.7310585786300049,True,30
slimshetty/swebench-verified:sweb.eval.x86_64.matplotlib__matplotlib-25479,0.0,r2egym-qwen3-rl-100-steps-1-attempt-4,77,1392,agent_max_step_limit,262,0.7549149813536518,False,264
slimshetty/swebench-verified:sweb.eval.x86_64.django__django-13363,1.0,r2egym-qwen3-rl-100-steps-1-attempt-4,37,4380,agent,76,0.7981867825403177,True,77
slimshetty/swebench-verified:sweb.eval.x86_64.sphinx-doc__sphinx-8035,0.0,r2egym-qwen3-rl-100-steps-1-attempt-4,100,3968,abs_step_limit,1,0.4073334000459302,False,1
slimshetty/swebench-verified:sweb.eval.x86_64.django__django-11276,1.0,r2egym-qwen3-rl-100-steps-1-attempt-4,100,2013,abs_step_limit,548,0.679178699175393,True,553
slimshetty/swebench-verified:sweb.eval.x86_64.django__django-14017,0.0,r2egym-qwen3-rl-100-steps-1-attempt-4,31,1930,agent,147,0.851952809486198,False,148
slimshetty/swebench-verified:sweb.eval.x86_64.django__django-13512,0.0,r2egym-qwen3-rl-100-steps-1-attempt-4,76,3454,token_limit,32,0.5926665999540698,False,35
slimshetty/swebench-verified:sweb.eval.x86_64.pytest-dev__pytest-5262,0.0,r2egym-qwen3-rl-100-steps-1-attempt-4,41,1249,max_step_limit,106,0.7772998663336158,False,106
slimshetty/swebench-verified:sweb.eval.x86_64.django__django-10554,0.0,r2egym-qwen3-rl-100-steps-1-attempt-4,44,939,agent_max_step_limit,21,0.3486451285660855,False,22
slimshetty/swebench-verified:sweb.eval.x86_64.django__django-11141,0.0,r2egym-qwen3-rl-100-steps-1-attempt-4,34,3206,agent,23,0.8175744761936437,False,23
slimshetty/swebench-verified:sweb.eval.x86_64.scikit-learn__scikit-learn-14141,1.0,r2egym-qwen3-rl-100-steps-1-attempt-4,20,1247,agent,2,0.7549149923816048,True,3
slimshetty/swebench-verified:sweb.eval.x86_64.django__django-11138,0.0,r2egym-qwen3-rl-100-steps-1-attempt-4,65,1114,token_limit,73,0.0005527785296761,False,73
slimshetty/swebench-verified:sweb.eval.x86_64.sphinx-doc__sphinx-9602,0.0,r2egym-qwen3-rl-100-steps-1-attempt-4,81,1759,token_limit,45,0.8670357615200474,False,45
slimshetty/swebench-verified:sweb.eval.x86_64.pydata__xarray-3151,1.0,r2egym-qwen3-rl-100-steps-1-attempt-4,22,2222,agent,66,0.904650527388829,True,66
slimshetty/swebench-verified:sweb.eval.x86_64.sympy__sympy-21379,1.0,r2egym-qwen3-rl-100-steps-1-attempt-4,27,872,agent,91,0.8175744828610095,True,92
slimshetty/swebench-verified:sweb.eval.x86_64.django__django-15525,0.0,r2egym-qwen3-rl-100-steps-1-attempt-4,100,3228,abs_step_limit,53,0.7057850216484838,False,53
slimshetty/swebench-verified:sweb.eval.x86_64.django__django-15252,0.0,r2egym-qwen3-rl-100-steps-1-attempt-4,49,2717,agent_max_step_limit,34,0.731058584489497,False,34
slimshetty/swebench-verified:sweb.eval.x86_64.django__django-13297,0.0,r2egym-qwen3-rl-100-steps-1-attempt-4,100,3368,abs_step_limit,52,0.731058584489497,False,52
slimshetty/swebench-verified:sweb.eval.x86_64.django__django-11848,0.0,r2egym-qwen3-rl-100-steps-1-attempt-4,77,5092,token_limit,43,0.7981867729389246,False,45
slimshetty/swebench-verified:sweb.eval.x86_64.django__django-11239,0.0,r2egym-qwen3-rl-100-steps-1-attempt-4,30,2923,agent,5,0.8807970654616711,False,5
slimshetty/swebench-verified:sweb.eval.x86_64.django__django-13410,1.0,r2egym-qwen3-rl-100-steps-1-attempt-4,41,2361,max_step_limit,40,0.8519528000888386,True,40
slimshetty/swebench-verified:sweb.eval.x86_64.django__django-15380,1.0,r2egym-qwen3-rl-100-steps-1-attempt-4,100,4167,abs_step_limit,133,0.8354835371034368,True,133
slimshetty/swebench-verified:sweb.eval.x86_64.matplotlib__matplotlib-25122,1.0,r2egym-qwen3-rl-100-steps-1-attempt-4,31,1362,agent,2476,0.7310585786300049,True,2422
slimshetty/swebench-verified:sweb.eval.x86_64.pydata__xarray-3993,0.0,r2egym-qwen3-rl-100-steps-1-attempt-4,48,1093,agent_max_step_limit,2390,0.0850990426866949,False,2394
slimshetty/swebench-verified:sweb.eval.x86_64.matplotlib__matplotlib-24637,0.0,r2egym-qwen3-rl-100-steps-1-attempt-4,99,0,token_limit,29,2.7535697638353506e-05,False,30
slimshetty/swebench-verified:sweb.eval.x86_64.django__django-12262,1.0,r2egym-qwen3-rl-100-steps-1-attempt-4,76,3453,token_limit,18,0.798186775339273,True,22
slimshetty/swebench-verified:sweb.eval.x86_64.django__django-16032,1.0,r2egym-qwen3-rl-100-steps-1-attempt-4,100,3300,abs_step_limit,77,0.7057850340255386,True,77
slimshetty/swebench-verified:sweb.eval.x86_64.scikit-learn__scikit-learn-15100,1.0,r2egym-qwen3-rl-100-steps-1-attempt-4,88,2086,token_limit,93,0.8354835350552604,True,93
slimshetty/swebench-verified:sweb.eval.x86_64.django__django-11451,1.0,r2egym-qwen3-rl-100-steps-1-attempt-4,100,2806,abs_step_limit,45,0.7981867681382279,True,48
slimshetty/swebench-verified:sweb.eval.x86_64.django__django-11734,0.0,r2egym-qwen3-rl-100-steps-1-attempt-4,44,0,token_limit,275,9.610239129980828e-05,False,275
slimshetty/swebench-verified:sweb.eval.x86_64.pydata__xarray-6744,0.0,r2egym-qwen3-rl-100-steps-1-attempt-4,45,1321,agent_max_step_limit,1801,0.6513548646660542,False,1788
slimshetty/swebench-verified:sweb.eval.x86_64.django__django-13964,0.0,r2egym-qwen3-rl-100-steps-1-attempt-4,71,0,token_limit,36,5.14421951322801e-05,False,36
slimshetty/swebench-verified:sweb.eval.x86_64.astropy__astropy-13977,0.0,r2egym-qwen3-rl-100-steps-1-attempt-4,37,3129,agent,312,0.8354835432479661,False,294
slimshetty/swebench-verified:sweb.eval.x86_64.django__django-13109,1.0,r2egym-qwen3-rl-100-steps-1-attempt-4,44,3143,agent_max_step_limit,170,0.7549149758396752,True,169
slimshetty/swebench-verified:sweb.eval.x86_64.sympy__sympy-18763,0.0,r2egym-qwen3-rl-100-steps-1-attempt-4,52,2126,token_limit,141,0.022977369240981,False,141
slimshetty/swebench-verified:sweb.eval.x86_64.django__django-14631,0.0,r2egym-qwen3-rl-100-steps-1-attempt-4,43,3892,agent_max_step_limit,116,0.7057850216484837,False,116
slimshetty/swebench-verified:sweb.eval.x86_64.django__django-14053,0.0,r2egym-qwen3-rl-100-steps-1-attempt-4,100,1660,abs_step_limit,30,0.8354835350552604,False,31
slimshetty/swebench-verified:sweb.eval.x86_64.sympy__sympy-13091,0.0,r2egym-qwen3-rl-100-steps-1-attempt-4,83,2669,token_limit,87,0.7772998560157665,False,88
slimshetty/swebench-verified:sweb.eval.x86_64.django__django-13195,0.0,r2egym-qwen3-rl-100-steps-1-attempt-4,46,1930,agent_max_step_limit,381,0.7981867777396212,False,383
slimshetty/swebench-verified:sweb.eval.x86_64.astropy__astropy-14598,0.0,r2egym-qwen3-rl-100-steps-1-attempt-4,35,2128,agent,175,0.5,False,175
slimshetty/swebench-verified:sweb.eval.x86_64.django__django-13346,0.0,r2egym-qwen3-rl-100-steps-1-attempt-4,46,1740,token_limit,0,0.0005527787318545,False,0
slimshetty/swebench-verified:sweb.eval.x86_64.sympy__sympy-13757,0.0,r2egym-qwen3-rl-100-steps-1-attempt-4,74,466,token_limit,166,0.2689414272294874,False,166
slimshetty/swebench-verified:sweb.eval.x86_64.pylint-dev__pylint-4551,0.0,r2egym-qwen3-rl-100-steps-1-attempt-4,94,2266,token_limit,0,0.0031726823852093,False,6
slimshetty/swebench-verified:sweb.eval.x86_64.django__django-14559,1.0,r2egym-qwen3-rl-100-steps-1-attempt-4,100,3603,abs_step_limit,23,0.7772998508568417,True,25
slimshetty/swebench-verified:sweb.eval.x86_64.django__django-13417,1.0,r2egym-qwen3-rl-100-steps-1-attempt-4,73,2798,token_limit,280,0.7549149813536518,True,280
slimshetty/swebench-verified:sweb.eval.x86_64.django__django-15037,0.0,r2egym-qwen3-rl-100-steps-1-attempt-4,98,1215,token_limit,14,0.0028009265665269,False,14
slimshetty/swebench-verified:sweb.eval.x86_64.django__django-10097,0.0,r2egym-qwen3-rl-100-steps-1-attempt-4,100,0,abs_step_limit,1427,0.0001088969086955,False,11075
slimshetty/swebench-verified:sweb.eval.x86_64.pylint-dev__pylint-6528,0.0,r2egym-qwen3-rl-100-steps-1-attempt-4,100,3963,abs_step_limit,171,0.0203323530087413,False,166
slimshetty/swebench-verified:sweb.eval.x86_64.django__django-16642,0.0,r2egym-qwen3-rl-100-steps-1-attempt-4,82,2812,token_limit,21,0.0019267343002115,False,22
slimshetty/swebench-verified:sweb.eval.x86_64.django__django-11149,0.0,r2egym-qwen3-rl-100-steps-1-attempt-4,88,0,token_limit,46,1.670142781244497e-05,False,46
slimshetty/swebench-verified:sweb.eval.x86_64.django__django-15503,0.0,r2egym-qwen3-rl-100-steps-1-attempt-4,46,1979,token_limit,73,0.7772998663336158,False,76
slimshetty/swebench-verified:sweb.eval.x86_64.sympy__sympy-15349,0.0,r2egym-qwen3-rl-100-steps-1-attempt-4,37,2310,token_limit,3,0.5,False,3
slimshetty/swebench-verified:sweb.eval.x86_64.sympy__sympy-17630,0.0,r2egym-qwen3-rl-100-steps-1-attempt-4,60,4212,token_limit,6,0.0019267348321249,False,5
slimshetty/swebench-verified:sweb.eval.x86_64.sphinx-doc__sphinx-7910,1.0,r2egym-qwen3-rl-100-steps-1-attempt-4,33,2908,agent,16,0.5621765008857982,True,16
slimshetty/swebench-verified:sweb.eval.x86_64.django__django-16145,1.0,r2egym-qwen3-rl-100-steps-1-attempt-4,100,3130,abs_step_limit,174,0.6513548646660543,True,174
slimshetty/swebench-verified:sweb.eval.x86_64.sympy__sympy-23534,1.0,r2egym-qwen3-rl-100-steps-1-attempt-4,54,2005,token_limit,11,0.7310585786300049,True,0
slimshetty/swebench-verified:sweb.eval.x86_64.sympy__sympy-22456,1.0,r2egym-qwen3-rl-100-steps-1-attempt-1,14,318,agent,29,0.8807970670261976,True,30
slimshetty/swebench-verified:sweb.eval.x86_64.sympy__sympy-18199,0.0,r2egym-qwen3-rl-100-steps-1-attempt-1,43,1373,agent_max_step_limit,113,0.8175744850834649,False,114
slimshetty/swebench-verified:sweb.eval.x86_64.psf__requests-1724,1.0,r2egym-qwen3-rl-100-steps-1-attempt-1,40,2300,agent,79,0.7772998611746912,True,86
slimshetty/swebench-verified:sweb.eval.x86_64.django__django-13821,1.0,r2egym-qwen3-rl-100-steps-1-attempt-1,40,636,agent,14,0.8175744850834649,True,15
slimshetty/swebench-verified:sweb.eval.x86_64.sympy__sympy-19954,1.0,r2egym-qwen3-rl-100-steps-1-attempt-1,31,3749,agent,56,0.8933094081846421,True,57
slimshetty/swebench-verified:sweb.eval.x86_64.django__django-15278,0.0,r2egym-qwen3-rl-100-steps-1-attempt-1,42,0,agent_max_step_limit,138,0.0011695100461121,False,138
slimshetty/swebench-verified:sweb.eval.x86_64.django__django-11490,0.0,r2egym-qwen3-rl-100-steps-1-attempt-1,46,2724,agent_max_step_limit,22,0.8519528057272543,False,23
slimshetty/swebench-verified:sweb.eval.x86_64.django__django-15561,0.0,r2egym-qwen3-rl-100-steps-1-attempt-1,24,4349,agent,141,0.8175744806385543,False,141
slimshetty/swebench-verified:sweb.eval.x86_64.sympy__sympy-19783,1.0,r2egym-qwen3-rl-100-steps-1-attempt-1,41,2165,max_step_limit,9,0.651354857898194,True,10
slimshetty/swebench-verified:sweb.eval.x86_64.sympy__sympy-23262,0.0,r2egym-qwen3-rl-100-steps-1-attempt-1,51,0,token_limit,61,4.006367783266211e-05,False,62
slimshetty/swebench-verified:sweb.eval.x86_64.pallets__flask-5014,1.0,r2egym-qwen3-rl-100-steps-1-attempt-1,12,444,agent,59,0.880797071719777,True,59
slimshetty/swebench-verified:sweb.eval.x86_64.django__django-13343,1.0,r2egym-qwen3-rl-100-steps-1-attempt-1,53,3837,agent_max_step_limit,130,0.7981867753392728,True,131
slimshetty/swebench-verified:sweb.eval.x86_64.django__django-11603,1.0,r2egym-qwen3-rl-100-steps-1-attempt-1,48,3087,agent_max_step_limit,58,0.8175744761936437,True,59
slimshetty/swebench-verified:sweb.eval.x86_64.psf__requests-2931,0.0,r2egym-qwen3-rl-100-steps-1-attempt-1,41,1116,max_step_limit,84,0.7549149868676284,False,164
slimshetty/swebench-verified:sweb.eval.x86_64.pytest-dev__pytest-7205,1.0,r2egym-qwen3-rl-100-steps-1-attempt-1,76,873,token_limit,16,0.7981867777396211,True,16
slimshetty/swebench-verified:sweb.eval.x86_64.scikit-learn__scikit-learn-14496,1.0,r2egym-qwen3-rl-100-steps-1-attempt-1,43,4100,agent_max_step_limit,39,0.7549149813536518,True,41
slimshetty/swebench-verified:sweb.eval.x86_64.django__django-11299,1.0,r2egym-qwen3-rl-100-steps-1-attempt-1,63,2025,agent_max_step_limit,103,0.8175744695262777,True,103
slimshetty/swebench-verified:sweb.eval.x86_64.django__django-16560,0.0,r2egym-qwen3-rl-100-steps-1-attempt-1,76,5067,agent_max_step_limit,66,0.201813231861772,False,69
slimshetty/swebench-verified:sweb.eval.x86_64.scikit-learn__scikit-learn-14053,1.0,r2egym-qwen3-rl-100-steps-1-attempt-1,16,806,agent,5,0.8175744761936437,True,6
slimshetty/swebench-verified:sweb.eval.x86_64.django__django-13449,0.0,r2egym-qwen3-rl-100-steps-1-attempt-1,100,3440,abs_step_limit,12,0.6224593312018546,False,12
slimshetty/swebench-verified:sweb.eval.x86_64.astropy__astropy-8707,0.0,r2egym-qwen3-rl-100-steps-1-attempt-1,94,2443,token_limit,4,0.7772998663336158,False,4
slimshetty/swebench-verified:sweb.eval.x86_64.sympy__sympy-19346,0.0,r2egym-qwen3-rl-100-steps-1-attempt-1,81,2453,agent_max_step_limit,40,0.7981867801399695,False,39
slimshetty/swebench-verified:sweb.eval.x86_64.django__django-11133,1.0,r2egym-qwen3-rl-100-steps-1-attempt-1,57,1085,token_limit,64,0.9046505370289056,True,64
slimshetty/swebench-verified:sweb.eval.x86_64.matplotlib__matplotlib-25775,0.0,r2egym-qwen3-rl-100-steps-1-attempt-1,61,772,token_limit,5,0.0059110683035141,False,5
slimshetty/swebench-verified:sweb.eval.x86_64.django__django-16116,0.0,r2egym-qwen3-rl-100-steps-1-attempt-1,41,3567,max_step_limit,137,0.7310585786300049,False,137
slimshetty/swebench-verified:sweb.eval.x86_64.sympy__sympy-18698,0.0,r2egym-qwen3-rl-100-steps-1-attempt-1,40,1415,token_limit,147,0.0140636285153926,False,147
slimshetty/swebench-verified:sweb.eval.x86_64.django__django-14140,0.0,r2egym-qwen3-rl-100-steps-1-attempt-1,54,4297,agent_max_step_limit,199,0.8354835371034368,False,200
slimshetty/swebench-verified:sweb.eval.x86_64.sympy__sympy-13551,1.0,r2egym-qwen3-rl-100-steps-1-attempt-1,43,1596,agent_max_step_limit,17,0.8354835371034368,True,17
slimshetty/swebench-verified:sweb.eval.x86_64.sympy__sympy-24066,1.0,r2egym-qwen3-rl-100-steps-1-attempt-1,23,2434,agent,30,0.7310585786300049,True,30
slimshetty/swebench-verified:sweb.eval.x86_64.sympy__sympy-14976,1.0,r2egym-qwen3-rl-100-steps-1-attempt-1,96,1220,token_limit,13,0.5926665999540698,True,13
slimshetty/swebench-verified:sweb.eval.x86_64.pylint-dev__pylint-7080,0.0,r2egym-qwen3-rl-100-steps-1-attempt-1,60,3620,agent_max_step_limit,119,0.119202914199486,False,119
slimshetty/swebench-verified:sweb.eval.x86_64.django__django-16901,1.0,r2egym-qwen3-rl-100-steps-1-attempt-1,93,3423,token_limit,6,0.6791787056691698,True,6
slimshetty/swebench-verified:sweb.eval.x86_64.django__django-15382,1.0,r2egym-qwen3-rl-100-steps-1-attempt-1,45,2791,agent_max_step_limit,161,0.8175744806385543,True,161
slimshetty/swebench-verified:sweb.eval.x86_64.django__django-16333,1.0,r2egym-qwen3-rl-100-steps-1-attempt-1,100,2460,abs_step_limit,87,0.7057850216484838,True,87
slimshetty/swebench-verified:sweb.eval.x86_64.sphinx-doc__sphinx-7454,0.0,r2egym-qwen3-rl-100-steps-1-attempt-1,85,6034,token_limit,27,0.1192029110704336,False,28
slimshetty/swebench-verified:sweb.eval.x86_64.django__django-16662,1.0,r2egym-qwen3-rl-100-steps-1-attempt-1,71,5235,token_limit,51,0.817574471748733,True,52
slimshetty/swebench-verified:sweb.eval.x86_64.django__django-13089,1.0,r2egym-qwen3-rl-100-steps-1-attempt-1,100,6511,abs_step_limit,352,0.8933094046341532,True,349
slimshetty/swebench-verified:sweb.eval.x86_64.scikit-learn__scikit-learn-25931,0.0,r2egym-qwen3-rl-100-steps-1-attempt-1,69,576,token_limit,20,0.5621765008857981,False,20
slimshetty/swebench-verified:sweb.eval.x86_64.pylint-dev__pylint-6903,1.0,r2egym-qwen3-rl-100-steps-1-attempt-1,96,3563,token_limit,8,0.8519527982093666,True,8
slimshetty/swebench-verified:sweb.eval.x86_64.pydata__xarray-3677,1.0,r2egym-qwen3-rl-100-steps-1-attempt-1,26,1238,agent,21,0.8807970732843033,True,22
slimshetty/swebench-verified:sweb.eval.x86_64.django__django-12308,0.0,r2egym-qwen3-rl-100-steps-1-attempt-1,100,4713,abs_step_limit,20,0.651354857898194,False,21
slimshetty/swebench-verified:sweb.eval.x86_64.sympy__sympy-14711,1.0,r2egym-qwen3-rl-100-steps-1-attempt-1,41,428,max_step_limit,2,0.8354835391516133,True,3
slimshetty/swebench-verified:sweb.eval.x86_64.django__django-13128,0.0,r2egym-qwen3-rl-100-steps-1-attempt-1,100,0,abs_step_limit,134,5.1442225844299154e-05,False,141
slimshetty/swebench-verified:sweb.eval.x86_64.django__django-9296,1.0,r2egym-qwen3-rl-100-steps-1-attempt-1,11,499,agent,20,0.8519527944504227,True,20
slimshetty/swebench-verified:sweb.eval.x86_64.matplotlib__matplotlib-24870,0.0,r2egym-qwen3-rl-100-steps-1-attempt-1,43,1818,agent_max_step_limit,65,0.8807970748488297,False,66
slimshetty/swebench-verified:sweb.eval.x86_64.sympy__sympy-12481,0.0,r2egym-qwen3-rl-100-steps-1-attempt-1,43,1496,token_limit,5,0.0534033258451318,False,5
slimshetty/swebench-verified:sweb.eval.x86_64.sympy__sympy-19040,0.0,r2egym-qwen3-rl-100-steps-1-attempt-1,100,479,abs_step_limit,148,0.0046095719699869,False,148
slimshetty/swebench-verified:sweb.eval.x86_64.django__django-17084,1.0,r2egym-qwen3-rl-100-steps-1-attempt-1,81,3826,token_limit,107,0.1329642333263228,True,107
slimshetty/swebench-verified:sweb.eval.x86_64.django__django-11211,0.0,r2egym-qwen3-rl-100-steps-1-attempt-1,100,2639,abs_step_limit,76,0.0007096705073752,False,76
slimshetty/swebench-verified:sweb.eval.x86_64.pydata__xarray-4629,1.0,r2egym-qwen3-rl-100-steps-1-attempt-1,34,1609,agent,32,0.7772998508568416,True,33
slimshetty/swebench-verified:sweb.eval.x86_64.django__django-16612,1.0,r2egym-qwen3-rl-100-steps-1-attempt-1,100,2509,abs_step_limit,335,0.7772998611746912,True,333
slimshetty/swebench-verified:sweb.eval.x86_64.sphinx-doc__sphinx-9281,0.0,r2egym-qwen3-rl-100-steps-1-attempt-1,100,1588,abs_step_limit,38,0.7057850340255386,False,38
slimshetty/swebench-verified:sweb.eval.x86_64.django__django-14349,1.0,r2egym-qwen3-rl-100-steps-1-attempt-1,44,1674,agent_max_step_limit,18,0.8519528038477824,True,19
slimshetty/swebench-verified:sweb.eval.x86_64.sympy__sympy-15976,0.0,r2egym-qwen3-rl-100-steps-1-attempt-1,49,5181,token_limit,37,0.0124316480861714,False,37
slimshetty/swebench-verified:sweb.eval.x86_64.django__django-13933,1.0,r2egym-qwen3-rl-100-steps-1-attempt-1,36,2862,agent,19,0.8354835432479661,True,19
slimshetty/swebench-verified:sweb.eval.x86_64.scikit-learn__scikit-learn-13124,0.0,r2egym-qwen3-rl-100-steps-1-attempt-1,25,670,token_limit,59,0.2450850076183952,False,60
slimshetty/swebench-verified:sweb.eval.x86_64.sympy__sympy-16450,0.0,r2egym-qwen3-rl-100-steps-1-attempt-1,100,0,abs_step_limit,38,4.006368737910463e-05,False,40
slimshetty/swebench-verified:sweb.eval.x86_64.matplotlib__matplotlib-13989,1.0,r2egym-qwen3-rl-100-steps-1-attempt-1,60,549,token_limit,411,0.7549149813536518,True,411
slimshetty/swebench-verified:sweb.eval.x86_64.sympy__sympy-20438,0.0,r2egym-qwen3-rl-100-steps-1-attempt-1,63,0,token_limit,93,2.7535704219423216e-05,False,94
slimshetty/swebench-verified:sweb.eval.x86_64.django__django-16256,0.0,r2egym-qwen3-rl-100-steps-1-attempt-1,46,0,token_limit,53,2.7535694365549603e-05,False,53
slimshetty/swebench-verified:sweb.eval.x86_64.django__django-11333,0.0,r2egym-qwen3-rl-100-steps-1-attempt-1,100,2454,abs_step_limit,0,0.5,False,0
slimshetty/swebench-verified:sweb.eval.x86_64.django__django-14672,1.0,r2egym-qwen3-rl-100-steps-1-attempt-1,100,2005,abs_step_limit,0,0.7310585786300048,True,166
slimshetty/swebench-verified:sweb.eval.x86_64.django__django-14034,0.0,r2egym-qwen3-rl-100-steps-1-attempt-1,39,2234,agent,12,0.8519527944504227,False,12
slimshetty/swebench-verified:sweb.eval.x86_64.sympy__sympy-11618,1.0,r2egym-qwen3-rl-100-steps-1-attempt-1,31,3100,agent,4,0.8354835411997897,True,4
slimshetty/swebench-verified:sweb.eval.x86_64.scikit-learn__scikit-learn-26194,0.0,r2egym-qwen3-rl-100-steps-1-attempt-1,40,617,token_limit,186,0.2227001336663842,False,186
slimshetty/swebench-verified:sweb.eval.x86_64.django__django-13670,1.0,r2egym-qwen3-rl-100-steps-1-attempt-1,43,1068,agent_max_step_limit,17,0.8175744695262775,True,17
slimshetty/swebench-verified:sweb.eval.x86_64.astropy__astropy-12907,0.0,r2egym-qwen3-rl-100-steps-1-attempt-1,43,2946,token_limit,7,0.0203323553090613,False,5
slimshetty/swebench-verified:sweb.eval.x86_64.django__django-11815,0.0,r2egym-qwen3-rl-100-steps-1-attempt-1,53,3541,agent_max_step_limit,36,0.4378234991142019,False,37
slimshetty/swebench-verified:sweb.eval.x86_64.django__django-14855,1.0,r2egym-qwen3-rl-100-steps-1-attempt-1,100,2502,abs_step_limit,325,0.7549149923816048,True,325
slimshetty/swebench-verified:sweb.eval.x86_64.sympy__sympy-16597,0.0,r2egym-qwen3-rl-100-steps-1-attempt-1,53,1319,token_limit,0,0.0675466930167026,False,0
slimshetty/swebench-verified:sweb.eval.x86_64.scikit-learn__scikit-learn-13439,1.0,r2egym-qwen3-rl-100-steps-1-attempt-1,19,2513,agent,40,0.8519527963298947,True,41
slimshetty/swebench-verified:sweb.eval.x86_64.pytest-dev__pytest-10051,0.0,r2egym-qwen3-rl-100-steps-1-attempt-1,23,395,agent,14,0.7772998663336157,False,14
slimshetty/swebench-verified:sweb.eval.x86_64.matplotlib__matplotlib-23412,0.0,r2egym-qwen3-rl-100-steps-1-attempt-1,100,602,abs_step_limit,46,0.0003799845229103,False,46
slimshetty/swebench-verified:sweb.eval.x86_64.pydata__xarray-4075,1.0,r2egym-qwen3-rl-100-steps-1-attempt-1,23,1333,agent,958,0.8670357649558006,True,958
slimshetty/swebench-verified:sweb.eval.x86_64.django__django-14155,0.0,r2egym-qwen3-rl-100-steps-1-attempt-1,100,2397,abs_step_limit,89,0.6224593312018545,False,91
slimshetty/swebench-verified:sweb.eval.x86_64.django__django-14539,0.0,r2egym-qwen3-rl-100-steps-1-attempt-1,76,4629,token_limit,0,0.0373268834621009,False,0
slimshetty/swebench-verified:sweb.eval.x86_64.sympy__sympy-22914,1.0,r2egym-qwen3-rl-100-steps-1-attempt-1,42,669,agent_max_step_limit,17,0.8670357512127872,True,18
slimshetty/swebench-verified:sweb.eval.x86_64.django__django-15098,0.0,r2egym-qwen3-rl-100-steps-1-attempt-1,100,5189,abs_step_limit,87,0.7057850278370112,False,88
slimshetty/swebench-verified:sweb.eval.x86_64.django__django-12965,0.0,r2egym-qwen3-rl-100-steps-1-attempt-1,56,0,token_limit,52,0.0001088969088984,False,52
slimshetty/swebench-verified:sweb.eval.x86_64.django__django-11551,1.0,r2egym-qwen3-rl-100-steps-1-attempt-1,96,4694,token_limit,119,0.7549149868676283,True,119
slimshetty/swebench-verified:sweb.eval.x86_64.django__django-14351,0.0,r2egym-qwen3-rl-100-steps-1-attempt-1,100,3220,abs_step_limit,53,0.3775406687981454,False,53
slimshetty/swebench-verified:sweb.eval.x86_64.django__django-15467,1.0,r2egym-qwen3-rl-100-steps-1-attempt-1,42,3376,agent_max_step_limit,62,0.7981867777396212,True,62
slimshetty/swebench-verified:sweb.eval.x86_64.django__django-12663,1.0,r2egym-qwen3-rl-100-steps-1-attempt-1,41,3114,max_step_limit,135,0.7310585669110202,True,135
slimshetty/swebench-verified:sweb.eval.x86_64.django__django-14011,0.0,r2egym-qwen3-rl-100-steps-1-attempt-1,100,2655,abs_step_limit,2,0.0002959570929501,False,19
slimshetty/swebench-verified:sweb.eval.x86_64.sphinx-doc__sphinx-8548,0.0,r2egym-qwen3-rl-100-steps-1-attempt-1,77,0,token_limit,5,0.0002305068222908,False,4
slimshetty/swebench-verified:sweb.eval.x86_64.django__django-15499,1.0,r2egym-qwen3-rl-100-steps-1-attempt-1,100,2392,abs_step_limit,35,0.8670357701094303,True,35
slimshetty/swebench-verified:sweb.eval.x86_64.django__django-14373,1.0,r2egym-qwen3-rl-100-steps-1-attempt-1,29,2031,agent,19,0.8670357563664174,True,19
slimshetty/swebench-verified:sweb.eval.x86_64.scikit-learn__scikit-learn-25102,0.0,r2egym-qwen3-rl-100-steps-1-attempt-1,29,3835,agent,59,0.7549149758396752,False,59
slimshetty/swebench-verified:sweb.eval.x86_64.django__django-14752,1.0,r2egym-qwen3-rl-100-steps-1-attempt-1,69,3998,token_limit,15,0.4378234991142019,True,15
slimshetty/swebench-verified:sweb.eval.x86_64.django__django-15104,1.0,r2egym-qwen3-rl-100-steps-1-attempt-1,100,1087,abs_step_limit,131,0.8519527982093666,True,131
slimshetty/swebench-verified:sweb.eval.x86_64.pylint-dev__pylint-4604,0.0,r2egym-qwen3-rl-100-steps-1-attempt-1,100,3039,abs_step_limit,0,0.7310585727705126,False,15
slimshetty/swebench-verified:sweb.eval.x86_64.django__django-13820,0.0,r2egym-qwen3-rl-100-steps-1-attempt-1,81,3974,token_limit,0,0.0035936020703656,False,0
slimshetty/swebench-verified:sweb.eval.x86_64.pydata__xarray-7233,1.0,r2egym-qwen3-rl-100-steps-1-attempt-1,33,3006,agent,189,0.8670357649558006,True,189
slimshetty/swebench-verified:sweb.eval.x86_64.django__django-12419,0.0,r2egym-qwen3-rl-100-steps-1-attempt-1,87,2388,agent_max_step_limit,0,0.8354835330070838,False,0
slimshetty/swebench-verified:sweb.eval.x86_64.matplotlib__matplotlib-26342,1.0,r2egym-qwen3-rl-100-steps-1-attempt-1,43,621,agent_max_step_limit,81,0.3486451488696663,True,81
slimshetty/swebench-verified:sweb.eval.x86_64.sphinx-doc__sphinx-8721,1.0,r2egym-qwen3-rl-100-steps-1-attempt-1,26,3860,agent,3,0.7981867777396211,True,2
slimshetty/swebench-verified:sweb.eval.x86_64.scikit-learn__scikit-learn-25973,1.0,r2egym-qwen3-rl-100-steps-1-attempt-1,20,969,agent,72,0.8519528057272543,True,72
slimshetty/swebench-verified:sweb.eval.x86_64.django__django-13568,0.0,r2egym-qwen3-rl-100-steps-1-attempt-1,28,4517,agent,12,0.7310585727705126,False,12
slimshetty/swebench-verified:sweb.eval.x86_64.django__django-15987,1.0,r2egym-qwen3-rl-100-steps-1-attempt-1,100,1978,abs_step_limit,52,0.7549149813536516,True,53
slimshetty/swebench-verified:sweb.eval.x86_64.django__django-12273,0.0,r2egym-qwen3-rl-100-steps-1-attempt-1,100,2504,abs_step_limit,27,0.0005527786558326,False,27
slimshetty/swebench-verified:sweb.eval.x86_64.django__django-15277,1.0,r2egym-qwen3-rl-100-steps-1-attempt-1,100,3518,abs_step_limit,158,0.8519528076067262,True,159
slimshetty/swebench-verified:sweb.eval.x86_64.matplotlib__matplotlib-26291,0.0,r2egym-qwen3-rl-100-steps-1-attempt-1,19,602,agent,49,0.8354835371034368,False,49
slimshetty/swebench-verified:sweb.eval.x86_64.django__django-11880,1.0,r2egym-qwen3-rl-100-steps-1-attempt-1,13,460,agent,114,0.8354835411997897,True,114
slimshetty/swebench-verified:sweb.eval.x86_64.sympy__sympy-15345,0.0,r2egym-qwen3-rl-100-steps-1-attempt-1,50,0,token_limit,8,2.430024651413756e-05,False,9
slimshetty/swebench-verified:sweb.eval.x86_64.sympy__sympy-24443,0.0,r2egym-qwen3-rl-100-steps-1-attempt-1,56,2908,token_limit,0,0.0046095717734193,False,0
slimshetty/swebench-verified:sweb.eval.x86_64.django__django-16877,1.0,r2egym-qwen3-rl-100-steps-1-attempt-1,30,1661,agent,0,0.7549149813536518,True,0
slimshetty/swebench-verified:sweb.eval.x86_64.pydata__xarray-4094,0.0,r2egym-qwen3-rl-100-steps-1-attempt-1,51,736,token_limit,862,0.8519528019683106,False,866
slimshetty/swebench-verified:sweb.eval.x86_64.django__django-10973,1.0,r2egym-qwen3-rl-100-steps-1-attempt-1,47,3590,agent_max_step_limit,0,0.8175744695262777,True,0
slimshetty/swebench-verified:sweb.eval.x86_64.django__django-11292,0.0,r2egym-qwen3-rl-100-steps-1-attempt-1,100,1536,abs_step_limit,27,0.5621765008857982,False,27
slimshetty/swebench-verified:sweb.eval.x86_64.django__django-11740,0.0,r2egym-qwen3-rl-100-steps-1-attempt-1,100,2663,abs_step_limit,82,0.7772998560157665,False,82
slimshetty/swebench-verified:sweb.eval.x86_64.django__django-15128,0.0,r2egym-qwen3-rl-100-steps-1-attempt-1,100,4085,token_limit,265,0.7310585786300049,False,265
slimshetty/swebench-verified:sweb.eval.x86_64.scikit-learn__scikit-learn-10844,1.0,r2egym-qwen3-rl-100-steps-1-attempt-1,34,2058,agent,16,0.9046505293168444,True,17
slimshetty/swebench-verified:sweb.eval.x86_64.scikit-learn__scikit-learn-14894,1.0,r2egym-qwen3-rl-100-steps-1-attempt-1,17,864,agent,85,0.7549149868676283,True,85
slimshetty/swebench-verified:sweb.eval.x86_64.matplotlib__matplotlib-24177,0.0,r2egym-qwen3-rl-100-steps-1-attempt-1,41,1483,max_step_limit,766,0.7981867729389246,False,766
slimshetty/swebench-verified:sweb.eval.x86_64.sympy__sympy-20916,0.0,r2egym-qwen3-rl-100-steps-1-attempt-1,70,887,agent_max_step_limit,1,0.7057850216484838,False,2
slimshetty/swebench-verified:sweb.eval.x86_64.django__django-12304,0.0,r2egym-qwen3-rl-100-steps-1-attempt-1,88,921,token_limit,13,0.0046095721708277,False,13
slimshetty/swebench-verified:sweb.eval.x86_64.scikit-learn__scikit-learn-10908,0.0,r2egym-qwen3-rl-100-steps-1-attempt-1,100,0,abs_step_limit,47,1.4738985482753428e-05,False,48
slimshetty/swebench-verified:sweb.eval.x86_64.astropy__astropy-13236,0.0,r2egym-qwen3-rl-100-steps-1-attempt-1,55,748,token_limit,644,0.7772998560157665,False,643
slimshetty/swebench-verified:sweb.eval.x86_64.sphinx-doc__sphinx-7985,0.0,r2egym-qwen3-rl-100-steps-1-attempt-1,78,8162,token_limit,0,0.0085774868788909,False,3
slimshetty/swebench-verified:sweb.eval.x86_64.django__django-12143,1.0,r2egym-qwen3-rl-100-steps-1-attempt-1,100,715,token_limit,52,0.9149009474519222,True,52
slimshetty/swebench-verified:sweb.eval.x86_64.psf__requests-2317,1.0,r2egym-qwen3-rl-100-steps-1-attempt-1,29,759,agent,133,0.6791786926816161,True,0
slimshetty/swebench-verified:sweb.eval.x86_64.sympy__sympy-19637,1.0,r2egym-qwen3-rl-100-steps-1-attempt-1,60,1442,token_limit,40,0.1824255171389905,True,41
slimshetty/swebench-verified:sweb.eval.x86_64.matplotlib__matplotlib-23314,1.0,r2egym-qwen3-rl-100-steps-1-attempt-1,78,2371,token_limit,862,0.7057850340255386,True,0
slimshetty/swebench-verified:sweb.eval.x86_64.scikit-learn__scikit-learn-13496,1.0,r2egym-qwen3-rl-100-steps-1-attempt-1,63,760,token_limit,19,0.2942149845400437,True,19
slimshetty/swebench-verified:sweb.eval.x86_64.pytest-dev__pytest-7432,1.0,r2egym-qwen3-rl-100-steps-1-attempt-1,68,2669,token_limit,77,0.8175744761936437,True,0
slimshetty/swebench-verified:sweb.eval.x86_64.django__django-13158,0.0,r2egym-qwen3-rl-100-steps-1-attempt-1,56,3494,agent_max_step_limit,29,0.8354835452961425,False,29
slimshetty/swebench-verified:sweb.eval.x86_64.pydata__xarray-3095,1.0,r2egym-qwen3-rl-100-steps-1-attempt-1,54,957,agent_max_step_limit,253,0.8807970811069351,True,242
slimshetty/swebench-verified:sweb.eval.x86_64.django__django-16502,0.0,r2egym-qwen3-rl-100-steps-1-attempt-1,64,0,token_limit,4,3.535624645738762e-05,False,4
slimshetty/swebench-verified:sweb.eval.x86_64.scikit-learn__scikit-learn-14983,0.0,r2egym-qwen3-rl-100-steps-1-attempt-1,55,1902,token_limit,101,0.0075772412608574,False,101
slimshetty/swebench-verified:sweb.eval.x86_64.pytest-dev__pytest-7236,0.0,r2egym-qwen3-rl-100-steps-1-attempt-1,34,1877,agent,50,0.7981867753392728,False,49
slimshetty/swebench-verified:sweb.eval.x86_64.django__django-14238,1.0,r2egym-qwen3-rl-100-steps-1-attempt-1,24,1392,agent,39,0.8807970811069351,True,40
slimshetty/swebench-verified:sweb.eval.x86_64.psf__requests-1921,1.0,r2egym-qwen3-rl-100-steps-1-attempt-1,91,3017,token_limit,107,0.8807970842359877,True,117
slimshetty/swebench-verified:sweb.eval.x86_64.scikit-learn__scikit-learn-11578,1.0,r2egym-qwen3-rl-100-steps-1-attempt-1,100,7037,abs_step_limit,93,0.8807970842359877,True,89
slimshetty/swebench-verified:sweb.eval.x86_64.sympy__sympy-23950,0.0,r2egym-qwen3-rl-100-steps-1-attempt-1,60,0,token_limit,4,2.7535687805818776e-05,False,5
slimshetty/swebench-verified:sweb.eval.x86_64.django__django-16950,0.0,r2egym-qwen3-rl-100-steps-1-attempt-1,72,4739,token_limit,3,0.4687906266262437,False,3
slimshetty/swebench-verified:sweb.eval.x86_64.scikit-learn__scikit-learn-13135,1.0,r2egym-qwen3-rl-100-steps-1-attempt-1,26,3261,agent,33,0.880797068590724,True,34
slimshetty/swebench-verified:sweb.eval.x86_64.django__django-14404,0.0,r2egym-qwen3-rl-100-steps-1-attempt-1,100,2402,abs_step_limit,323,0.7772998663336158,False,323
slimshetty/swebench-verified:sweb.eval.x86_64.django__django-13837,0.0,r2egym-qwen3-rl-100-steps-1-attempt-1,20,2980,agent,52,0.679178692681616,False,50
slimshetty/swebench-verified:sweb.eval.x86_64.sympy__sympy-20428,0.0,r2egym-qwen3-rl-100-steps-1-attempt-1,61,0,token_limit,154,7.484626275905827e-05,False,154
slimshetty/swebench-verified:sweb.eval.x86_64.django__django-11477,0.0,r2egym-qwen3-rl-100-steps-1-attempt-1,100,2216,abs_step_limit,151,0.0013250222984417,False,153
slimshetty/swebench-verified:sweb.eval.x86_64.django__django-15127,0.0,r2egym-qwen3-rl-100-steps-1-attempt-1,43,2296,agent_max_step_limit,1,0.7057850278370112,False,1
slimshetty/swebench-verified:sweb.eval.x86_64.django__django-16819,1.0,r2egym-qwen3-rl-100-steps-1-attempt-1,87,5810,token_limit,38,0.7772998714925403,True,38
slimshetty/swebench-verified:sweb.eval.x86_64.sympy__sympy-20801,0.0,r2egym-qwen3-rl-100-steps-1-attempt-1,100,1089,abs_step_limit,0,0.0040701368910187,False,0
slimshetty/swebench-verified:sweb.eval.x86_64.django__django-13344,0.0,r2egym-qwen3-rl-100-steps-1-attempt-1,44,4078,token_limit,356,0.4687906266262437,False,356
slimshetty/swebench-verified:sweb.eval.x86_64.sphinx-doc__sphinx-9711,1.0,r2egym-qwen3-rl-100-steps-1-attempt-1,93,3574,token_limit,0,0.8354835391516133,True,1687
slimshetty/swebench-verified:sweb.eval.x86_64.django__django-16938,0.0,r2egym-qwen3-rl-100-steps-1-attempt-1,98,3902,token_limit,65,0.8933093961129794,False,88
slimshetty/swebench-verified:sweb.eval.x86_64.sympy__sympy-23413,0.0,r2egym-qwen3-rl-100-steps-1-attempt-1,26,1946,agent,2,0.7772998560157665,False,2
slimshetty/swebench-verified:sweb.eval.x86_64.django__django-12713,0.0,r2egym-qwen3-rl-100-steps-1-attempt-1,100,3421,abs_step_limit,58,0.5621765008857982,False,58
slimshetty/swebench-verified:sweb.eval.x86_64.sympy__sympy-13798,0.0,r2egym-qwen3-rl-100-steps-1-attempt-1,52,3021,agent_max_step_limit,71,0.6513548646660542,False,72
slimshetty/swebench-verified:sweb.eval.x86_64.matplotlib__matplotlib-25960,0.0,r2egym-qwen3-rl-100-steps-1-attempt-1,66,2953,token_limit,131,0.2227001439842335,False,131
slimshetty/swebench-verified:sweb.eval.x86_64.pydata__xarray-2905,1.0,r2egym-qwen3-rl-100-steps-1-attempt-1,19,1429,agent,364,0.8670357529306639,True,365
slimshetty/swebench-verified:sweb.eval.x86_64.django__django-15957,0.0,r2egym-qwen3-rl-100-steps-1-attempt-1,66,4485,token_limit,9,0.3208213073183839,False,9
slimshetty/swebench-verified:sweb.eval.x86_64.matplotlib__matplotlib-26113,1.0,r2egym-qwen3-rl-100-steps-1-attempt-1,36,3221,agent,812,0.8807970764133561,True,813
slimshetty/swebench-verified:sweb.eval.x86_64.django__django-12406,0.0,r2egym-qwen3-rl-100-steps-1-attempt-1,100,2726,abs_step_limit,155,0.679178699175393,False,155
slimshetty/swebench-verified:sweb.eval.x86_64.django__django-15268,0.0,r2egym-qwen3-rl-100-steps-1-attempt-1,96,6423,token_limit,13,0.0011695103519529,False,13
slimshetty/swebench-verified:sweb.eval.x86_64.sympy__sympy-21930,0.0,r2egym-qwen3-rl-100-steps-1-attempt-1,78,828,token_limit,45,0.0059110680025228,False,49
slimshetty/swebench-verified:sweb.eval.x86_64.sphinx-doc__sphinx-8056,0.0,r2egym-qwen3-rl-100-steps-1-attempt-1,43,3701,token_limit,34,0.2227001285074596,False,33
slimshetty/swebench-verified:sweb.eval.x86_64.sphinx-doc__sphinx-11510,0.0,r2egym-qwen3-rl-100-steps-1-attempt-1,42,0,agent_max_step_limit,7,0.0001233945742877,False,7
slimshetty/swebench-verified:sweb.eval.x86_64.astropy__astropy-7671,0.0,r2egym-qwen3-rl-100-steps-1-attempt-1,19,921,agent,0,0.7549149978955811,False,0
slimshetty/swebench-verified:sweb.eval.x86_64.pydata__xarray-7393,1.0,r2egym-qwen3-rl-100-steps-1-attempt-1,56,658,agent_max_step_limit,71,0.8519527963298946,True,71
slimshetty/swebench-verified:sweb.eval.x86_64.pytest-dev__pytest-7490,0.0,r2egym-qwen3-rl-100-steps-1-attempt-1,94,846,token_limit,78,9.61024030095036e-05,False,78
slimshetty/swebench-verified:sweb.eval.x86_64.matplotlib__matplotlib-22865,0.0,r2egym-qwen3-rl-100-steps-1-attempt-1,100,1430,abs_step_limit,56,0.0420877318205619,False,56
slimshetty/swebench-verified:sweb.eval.x86_64.django__django-15563,0.0,r2egym-qwen3-rl-100-steps-1-attempt-1,58,2001,token_limit,29,0.1824255238063563,False,29
slimshetty/swebench-verified:sweb.eval.x86_64.django__django-14493,0.0,r2egym-qwen3-rl-100-steps-1-attempt-1,77,1973,token_limit,6,0.2018132198600305,False,6
slimshetty/swebench-verified:sweb.eval.x86_64.django__django-16527,1.0,r2egym-qwen3-rl-100-steps-1-attempt-1,41,9849,max_step_limit,6,0.817574471748733,True,6
slimshetty/swebench-verified:sweb.eval.x86_64.sphinx-doc__sphinx-8593,0.0,r2egym-qwen3-rl-100-steps-1-attempt-1,95,2077,token_limit,1,0.7057850402140659,False,3
slimshetty/swebench-verified:sweb.eval.x86_64.matplotlib__matplotlib-14623,0.0,r2egym-qwen3-rl-100-steps-1-attempt-1,73,666,token_limit,400,0.2689414330889798,False,401
slimshetty/swebench-verified:sweb.eval.x86_64.django__django-11095,1.0,r2egym-qwen3-rl-100-steps-1-attempt-1,56,3173,token_limit,19,0.8519528000888387,True,19
slimshetty/swebench-verified:sweb.eval.x86_64.pytest-dev__pytest-7571,1.0,r2egym-qwen3-rl-100-steps-1-attempt-1,41,879,max_step_limit,14,0.8354835350552604,True,14
slimshetty/swebench-verified:sweb.eval.x86_64.sympy__sympy-12419,1.0,r2egym-qwen3-rl-100-steps-1-attempt-1,66,1600,agent_max_step_limit,25,0.7310585727705126,True,26
slimshetty/swebench-verified:sweb.eval.x86_64.matplotlib__matplotlib-21568,0.0,r2egym-qwen3-rl-100-steps-1-attempt-1,98,648,token_limit,73,0.0001233945301513,False,76
slimshetty/swebench-verified:sweb.eval.x86_64.django__django-16631,0.0,r2egym-qwen3-rl-100-steps-1-attempt-1,95,8249,token_limit,11,0.8354835391516132,False,11
slimshetty/swebench-verified:sweb.eval.x86_64.django__django-14608,1.0,r2egym-qwen3-rl-100-steps-1-attempt-1,41,3950,max_step_limit,394,0.8354835371034368,True,397
slimshetty/swebench-verified:sweb.eval.x86_64.django__django-13279,0.0,r2egym-qwen3-rl-100-steps-1-attempt-1,100,5226,abs_step_limit,337,0.6224593312018546,False,337
slimshetty/swebench-verified:sweb.eval.x86_64.astropy__astropy-14182,0.0,r2egym-qwen3-rl-100-steps-1-attempt-1,48,1406,token_limit,8,0.1066905868446735,False,8
slimshetty/swebench-verified:sweb.eval.x86_64.django__django-16429,1.0,r2egym-qwen3-rl-100-steps-1-attempt-1,30,1864,agent,21,0.880797068590724,True,17
slimshetty/swebench-verified:sweb.eval.x86_64.sphinx-doc__sphinx-9230,0.0,r2egym-qwen3-rl-100-steps-1-attempt-1,90,2392,token_limit,44,0.2942149597859341,False,45
slimshetty/swebench-verified:sweb.eval.x86_64.sympy__sympy-15875,0.0,r2egym-qwen3-rl-100-steps-1-attempt-1,68,513,token_limit,80,0.0097084772694209,False,81
slimshetty/swebench-verified:sweb.eval.x86_64.scikit-learn__scikit-learn-14710,0.0,r2egym-qwen3-rl-100-steps-1-attempt-1,100,3010,abs_step_limit,0,0.7981867801399695,False,0
slimshetty/swebench-verified:sweb.eval.x86_64.sphinx-doc__sphinx-8475,1.0,r2egym-qwen3-rl-100-steps-1-attempt-1,16,1072,agent,17,0.7772998663336158,True,17
slimshetty/swebench-verified:sweb.eval.x86_64.psf__requests-1766,1.0,r2egym-qwen3-rl-100-steps-1-attempt-1,30,1528,agent,79,0.8354835452961425,True,89
slimshetty/swebench-verified:sweb.eval.x86_64.sympy__sympy-13647,0.0,r2egym-qwen3-rl-100-steps-1-attempt-1,37,0,agent,76,0.0024726228516926,False,77
slimshetty/swebench-verified:sweb.eval.x86_64.matplotlib__matplotlib-26208,0.0,r2egym-qwen3-rl-100-steps-1-attempt-1,63,498,token_limit,813,0.4073334000459302,False,813
slimshetty/swebench-verified:sweb.eval.x86_64.django__django-12155,1.0,r2egym-qwen3-rl-100-steps-1-attempt-1,30,3153,agent,6,0.651354857898194,True,7
slimshetty/swebench-verified:sweb.eval.x86_64.astropy__astropy-13398,0.0,r2egym-qwen3-rl-100-steps-1-attempt-1,53,2157,token_limit,68,0.0052201264335035,False,68
slimshetty/swebench-verified:sweb.eval.x86_64.sympy__sympy-24562,1.0,r2egym-qwen3-rl-100-steps-1-attempt-1,42,3049,agent_max_step_limit,105,0.8933094159957173,True,105
slimshetty/swebench-verified:sweb.eval.x86_64.sphinx-doc__sphinx-8551,0.0,r2egym-qwen3-rl-100-steps-1-attempt-1,100,2984,abs_step_limit,31,0.4073334000459302,False,31
slimshetty/swebench-verified:sweb.eval.x86_64.pylint-dev__pylint-4661,0.0,r2egym-qwen3-rl-100-steps-1-attempt-1,21,1585,agent,0,0.5926665999540698,False,50
slimshetty/swebench-verified:sweb.eval.x86_64.django__django-10880,0.0,r2egym-qwen3-rl-100-steps-1-attempt-1,100,1600,abs_step_limit,54,0.7772998663336158,False,54
slimshetty/swebench-verified:sweb.eval.x86_64.pytest-dev__pytest-7521,0.0,r2egym-qwen3-rl-100-steps-1-attempt-1,100,472,abs_step_limit,125,0.008577487362004,False,124
slimshetty/swebench-verified:sweb.eval.x86_64.django__django-15731,1.0,r2egym-qwen3-rl-100-steps-1-attempt-1,100,2224,abs_step_limit,58,0.7981867801399694,True,57
slimshetty/swebench-verified:sweb.eval.x86_64.scikit-learn__scikit-learn-12973,0.0,r2egym-qwen3-rl-100-steps-1-attempt-1,60,0,token_limit,32,1.0129993393540266e-05,False,30
slimshetty/swebench-verified:sweb.eval.x86_64.sphinx-doc__sphinx-7440,0.0,r2egym-qwen3-rl-100-steps-1-attempt-1,73,906,token_limit,12,0.0001584362346832,False,13
slimshetty/swebench-verified:sweb.eval.x86_64.pydata__xarray-6599,0.0,r2egym-qwen3-rl-100-steps-1-attempt-1,47,4641,token_limit,261,0.0534033297998242,False,261
slimshetty/swebench-verified:sweb.eval.x86_64.django__django-16801,1.0,r2egym-qwen3-rl-100-steps-1-attempt-1,21,3155,agent,17,0.8670357735451835,True,17
slimshetty/swebench-verified:sweb.eval.x86_64.mwaskom__seaborn-3187,0.0,r2egym-qwen3-rl-100-steps-1-attempt-1,100,2102,abs_step_limit,248,0.0758581868113179,False,249
slimshetty/swebench-verified:sweb.eval.x86_64.django__django-11999,0.0,r2egym-qwen3-rl-100-steps-1-attempt-1,100,1901,abs_step_limit,30,0.0109869447153061,False,30
slimshetty/swebench-verified:sweb.eval.x86_64.django__django-14170,0.0,r2egym-qwen3-rl-100-steps-1-attempt-1,100,0,abs_step_limit,76,8.481108157318755e-05,False,78
slimshetty/swebench-verified:sweb.eval.x86_64.scikit-learn__scikit-learn-14087,0.0,r2egym-qwen3-rl-100-steps-1-attempt-1,46,2353,token_limit,170,0.0024726228723667,False,170
slimshetty/swebench-verified:sweb.eval.x86_64.pytest-dev__pytest-8399,1.0,r2egym-qwen3-rl-100-steps-1-attempt-1,42,551,agent_max_step_limit,59,0.880797068590724,True,59
slimshetty/swebench-verified:sweb.eval.x86_64.pydata__xarray-6938,0.0,r2egym-qwen3-rl-100-steps-1-attempt-1,50,1773,token_limit,430,0.0001795278997786,False,430
slimshetty/swebench-verified:sweb.eval.x86_64.django__django-11790,0.0,r2egym-qwen3-rl-100-steps-1-attempt-1,100,4648,abs_step_limit,0,0.6224593241981982,False,78
slimshetty/swebench-verified:sweb.eval.x86_64.pytest-dev__pytest-5840,0.0,r2egym-qwen3-rl-100-steps-1-attempt-1,100,685,abs_step_limit,0,0.0066928493702222,False,0
slimshetty/swebench-verified:sweb.eval.x86_64.scikit-learn__scikit-learn-12682,0.0,r2egym-qwen3-rl-100-steps-1-attempt-1,94,3761,token_limit,35,0.7310585669110203,False,35
slimshetty/swebench-verified:sweb.eval.x86_64.sphinx-doc__sphinx-9591,0.0,r2egym-qwen3-rl-100-steps-1-attempt-1,72,2204,token_limit,44,0.4073334000459302,False,45
slimshetty/swebench-verified:sweb.eval.x86_64.django__django-14915,1.0,r2egym-qwen3-rl-100-steps-1-attempt-1,54,2987,agent_max_step_limit,23,0.8519528076067262,True,23
slimshetty/swebench-verified:sweb.eval.x86_64.django__django-13925,0.0,r2egym-qwen3-rl-100-steps-1-attempt-1,38,0,token_limit,24,7.484626274326669e-05,False,22
slimshetty/swebench-verified:sweb.eval.x86_64.matplotlib__matplotlib-20859,1.0,r2egym-qwen3-rl-100-steps-1-attempt-1,34,1245,agent,88,0.7549149923816048,True,88
slimshetty/swebench-verified:sweb.eval.x86_64.django__django-15732,0.0,r2egym-qwen3-rl-100-steps-1-attempt-1,100,2144,abs_step_limit,125,0.5621765008857982,False,124
slimshetty/swebench-verified:sweb.eval.x86_64.django__django-13786,1.0,r2egym-qwen3-rl-100-steps-1-attempt-1,81,2875,agent_max_step_limit,33,0.8519528038477825,True,33
slimshetty/swebench-verified:sweb.eval.x86_64.pylint-dev__pylint-6386,0.0,r2egym-qwen3-rl-100-steps-1-attempt-1,62,0,token_limit,7,4.5397890237206746e-05,False,7
slimshetty/swebench-verified:sweb.eval.x86_64.django__django-16139,1.0,r2egym-qwen3-rl-100-steps-1-attempt-1,100,2237,abs_step_limit,86,0.8354835391516133,True,86
slimshetty/swebench-verified:sweb.eval.x86_64.django__django-16595,0.0,r2egym-qwen3-rl-100-steps-1-attempt-1,100,5468,abs_step_limit,0,0.8519527982093666,False,38
slimshetty/swebench-verified:sweb.eval.x86_64.matplotlib__matplotlib-22871,0.0,r2egym-qwen3-rl-100-steps-1-attempt-1,44,2724,agent_max_step_limit,86,0.2689414096510109,False,87
slimshetty/swebench-verified:sweb.eval.x86_64.sympy__sympy-15017,1.0,r2egym-qwen3-rl-100-steps-1-attempt-1,78,1604,token_limit,14,0.4073334000459302,True,15
slimshetty/swebench-verified:sweb.eval.x86_64.django__django-15572,0.0,r2egym-qwen3-rl-100-steps-1-attempt-1,100,1179,abs_step_limit,10,0.0019267351039022,False,10
slimshetty/swebench-verified:sweb.eval.x86_64.django__django-16485,1.0,r2egym-qwen3-rl-100-steps-1-attempt-1,23,2691,agent,9,0.851952809486198,True,10
slimshetty/swebench-verified:sweb.eval.x86_64.django__django-11179,1.0,r2egym-qwen3-rl-100-steps-1-attempt-1,36,1930,agent,40,0.7981867705385763,True,40
slimshetty/swebench-verified:sweb.eval.x86_64.sphinx-doc__sphinx-9367,1.0,r2egym-qwen3-rl-100-steps-1-attempt-1,15,580,agent,25,0.8670357683915538,True,25
slimshetty/swebench-verified:sweb.eval.x86_64.django__django-11087,0.0,r2egym-qwen3-rl-100-steps-1-attempt-1,100,0,abs_step_limit,41,6.605213666925526e-05,False,41
slimshetty/swebench-verified:sweb.eval.x86_64.sphinx-doc__sphinx-8621,1.0,r2egym-qwen3-rl-100-steps-1-attempt-1,95,1576,token_limit,31,0.0035936025797527,True,31
slimshetty/swebench-verified:sweb.eval.x86_64.django__django-14311,1.0,r2egym-qwen3-rl-100-steps-1-attempt-1,34,1928,agent,59,0.8354835411997897,True,59
slimshetty/swebench-verified:sweb.eval.x86_64.matplotlib__matplotlib-20676,0.0,r2egym-qwen3-rl-100-steps-1-attempt-1,41,0,token_limit,32,5.144219519403497e-05,False,32
slimshetty/swebench-verified:sweb.eval.x86_64.django__django-11400,0.0,r2egym-qwen3-rl-100-steps-1-attempt-1,100,5080,abs_step_limit,58,0.6513548782017745,False,58
slimshetty/swebench-verified:sweb.eval.x86_64.sphinx-doc__sphinx-10673,0.0,r2egym-qwen3-rl-100-steps-1-attempt-1,100,2728,abs_step_limit,9,0.3775406617944891,False,9
slimshetty/swebench-verified:sweb.eval.x86_64.django__django-16899,0.0,r2egym-qwen3-rl-100-steps-1-attempt-1,100,2563,abs_step_limit,54,0.8175744673038222,False,54
slimshetty/swebench-verified:sweb.eval.x86_64.django__django-13794,0.0,r2egym-qwen3-rl-100-steps-1-attempt-1,96,2791,token_limit,0,0.0031726834308321,False,0
slimshetty/swebench-verified:sweb.eval.x86_64.django__django-13516,0.0,r2egym-qwen3-rl-100-steps-1-attempt-1,100,1885,abs_step_limit,43,0.1824255193614457,False,43
slimshetty/swebench-verified:sweb.eval.x86_64.sympy__sympy-24213,1.0,r2egym-qwen3-rl-100-steps-1-attempt-1,100,2120,abs_step_limit,31,0.6224593312018545,True,0
slimshetty/swebench-verified:sweb.eval.x86_64.sphinx-doc__sphinx-9461,0.0,r2egym-qwen3-rl-100-steps-1-attempt-1,100,1975,abs_step_limit,59,0.6224593382055109,False,61
slimshetty/swebench-verified:sweb.eval.x86_64.django__django-13551,0.0,r2egym-qwen3-rl-100-steps-1-attempt-1,61,4976,token_limit,56,0.7310585786300049,False,57
slimshetty/swebench-verified:sweb.eval.x86_64.django__django-11820,0.0,r2egym-qwen3-rl-100-steps-1-attempt-1,62,2146,token_limit,61,0.4378234991142019,False,61
slimshetty/swebench-verified:sweb.eval.x86_64.django__django-15695,0.0,r2egym-qwen3-rl-100-steps-1-attempt-1,100,3120,abs_step_limit,123,0.3486451353339457,False,123
slimshetty/swebench-verified:sweb.eval.x86_64.sympy__sympy-22080,0.0,r2egym-qwen3-rl-100-steps-1-attempt-1,44,821,agent_max_step_limit,88,0.817574471748733,False,89
slimshetty/swebench-verified:sweb.eval.x86_64.scikit-learn__scikit-learn-25232,0.0,r2egym-qwen3-rl-100-steps-1-attempt-1,48,3212,agent_max_step_limit,151,0.320821300824607,False,151
slimshetty/swebench-verified:sweb.eval.x86_64.django__django-15930,1.0,r2egym-qwen3-rl-100-steps-1-attempt-1,46,2267,agent_max_step_limit,88,0.7772998560157665,True,88
slimshetty/swebench-verified:sweb.eval.x86_64.django__django-14771,0.0,r2egym-qwen3-rl-100-steps-1-attempt-1,100,4516,abs_step_limit,60,0.7772998663336158,False,60
slimshetty/swebench-verified:sweb.eval.x86_64.django__django-16493,1.0,r2egym-qwen3-rl-100-steps-1-attempt-1,52,2824,agent_max_step_limit,91,0.8354835371034368,True,91
slimshetty/swebench-verified:sweb.eval.x86_64.sphinx-doc__sphinx-10449,1.0,r2egym-qwen3-rl-100-steps-1-attempt-1,78,2042,token_limit,30,0.7981867753392728,True,30
slimshetty/swebench-verified:sweb.eval.x86_64.django__django-12774,0.0,r2egym-qwen3-rl-100-steps-1-attempt-1,41,5418,max_step_limit,39,0.7772998560157665,False,40
slimshetty/swebench-verified:sweb.eval.x86_64.scikit-learn__scikit-learn-11310,1.0,r2egym-qwen3-rl-100-steps-1-attempt-1,16,1016,agent,50,0.8354835350552603,True,51
slimshetty/swebench-verified:sweb.eval.x86_64.sympy__sympy-13480,1.0,r2egym-qwen3-rl-100-steps-1-attempt-1,21,594,agent,43,0.8807970779778824,True,44
slimshetty/swebench-verified:sweb.eval.x86_64.django__django-14122,1.0,r2egym-qwen3-rl-100-steps-1-attempt-1,51,2708,agent_max_step_limit,26,0.798186768138228,True,26
slimshetty/swebench-verified:sweb.eval.x86_64.matplotlib__matplotlib-24627,1.0,r2egym-qwen3-rl-100-steps-1-attempt-1,100,1973,abs_step_limit,776,0.904650527388829,True,776
slimshetty/swebench-verified:sweb.eval.x86_64.django__django-15629,0.0,r2egym-qwen3-rl-100-steps-1-attempt-1,41,1639,max_step_limit,115,0.320821300824607,False,115
slimshetty/swebench-verified:sweb.eval.x86_64.django__django-12050,1.0,r2egym-qwen3-rl-100-steps-1-attempt-1,43,587,agent_max_step_limit,10,0.8354835411997897,True,10
slimshetty/swebench-verified:sweb.eval.x86_64.sympy__sympy-13615,1.0,r2egym-qwen3-rl-100-steps-1-attempt-1,42,956,agent_max_step_limit,70,0.8519528000888386,True,71
slimshetty/swebench-verified:sweb.eval.x86_64.scikit-learn__scikit-learn-12585,1.0,r2egym-qwen3-rl-100-steps-1-attempt-1,54,555,agent_max_step_limit,22,0.8670357512127872,True,22
slimshetty/swebench-verified:sweb.eval.x86_64.sympy__sympy-21847,1.0,r2egym-qwen3-rl-100-steps-1-attempt-1,35,2161,agent,9,0.8670357563664174,True,10
slimshetty/swebench-verified:sweb.eval.x86_64.sympy__sympy-17139,1.0,r2egym-qwen3-rl-100-steps-1-attempt-1,22,549,agent,67,0.8175744806385543,True,68
slimshetty/swebench-verified:sweb.eval.x86_64.django__django-14315,0.0,r2egym-qwen3-rl-100-steps-1-attempt-1,31,833,agent,0,0.8807970795424088,False,10
slimshetty/swebench-verified:sweb.eval.x86_64.django__django-14787,1.0,r2egym-qwen3-rl-100-steps-1-attempt-1,24,1859,agent,20,0.8670357615200474,True,20
slimshetty/swebench-verified:sweb.eval.x86_64.django__django-12209,1.0,r2egym-qwen3-rl-100-steps-1-attempt-1,49,2645,agent_max_step_limit,0,0.8519527963298947,True,1
slimshetty/swebench-verified:sweb.eval.x86_64.django__django-15022,0.0,r2egym-qwen3-rl-100-steps-1-attempt-1,93,7501,token_limit,56,0.3208213073183839,False,56
slimshetty/swebench-verified:sweb.eval.x86_64.sphinx-doc__sphinx-11445,0.0,r2egym-qwen3-rl-100-steps-1-attempt-1,23,2896,agent,6,0.5312093733737563,False,6
slimshetty/swebench-verified:sweb.eval.x86_64.sphinx-doc__sphinx-10466,0.0,r2egym-qwen3-rl-100-steps-1-attempt-1,100,0,abs_step_limit,6,3.535625490018181e-05,False,6
slimshetty/swebench-verified:sweb.eval.x86_64.django__django-11964,0.0,r2egym-qwen3-rl-100-steps-1-attempt-1,100,0,abs_step_limit,15,5.829126543170052e-05,False,16
slimshetty/swebench-verified:sweb.eval.x86_64.django__django-15554,0.0,r2egym-qwen3-rl-100-steps-1-attempt-1,69,3608,token_limit,19,0.7549149923816048,False,19
slimshetty/swebench-verified:sweb.eval.x86_64.astropy__astropy-14096,0.0,r2egym-qwen3-rl-100-steps-1-attempt-1,99,0,token_limit,426,5.144222581997146e-05,False,426
slimshetty/swebench-verified:sweb.eval.x86_64.pytest-dev__pytest-5631,1.0,r2egym-qwen3-rl-100-steps-1-attempt-1,69,998,token_limit,15,0.817574471748733,True,15
slimshetty/swebench-verified:sweb.eval.x86_64.django__django-17087,0.0,r2egym-qwen3-rl-100-steps-1-attempt-1,43,0,agent_max_step_limit,53,0.0002959571674605,False,53
slimshetty/swebench-verified:sweb.eval.x86_64.sphinx-doc__sphinx-10323,0.0,r2egym-qwen3-rl-100-steps-1-attempt-1,57,1476,token_limit,38,0.7310585786300048,False,39
slimshetty/swebench-verified:sweb.eval.x86_64.sphinx-doc__sphinx-9258,0.0,r2egym-qwen3-rl-100-steps-1-attempt-1,59,4899,agent_max_step_limit,43,0.7981867801399695,False,43
slimshetty/swebench-verified:sweb.eval.x86_64.sympy__sympy-17318,0.0,r2egym-qwen3-rl-100-steps-1-attempt-1,38,2172,agent,10,0.8670357615200474,False,11
slimshetty/swebench-verified:sweb.eval.x86_64.pydata__xarray-4356,1.0,r2egym-qwen3-rl-100-steps-1-attempt-1,46,852,token_limit,604,0.7057850216484838,True,580
slimshetty/swebench-verified:sweb.eval.x86_64.django__django-11555,0.0,r2egym-qwen3-rl-100-steps-1-attempt-1,100,1525,abs_step_limit,26,0.4378234991142019,False,26
slimshetty/swebench-verified:sweb.eval.x86_64.sphinx-doc__sphinx-8269,1.0,r2egym-qwen3-rl-100-steps-1-attempt-1,100,6728,abs_step_limit,5,0.8519528000888387,True,5
slimshetty/swebench-verified:sweb.eval.x86_64.sphinx-doc__sphinx-7462,0.0,r2egym-qwen3-rl-100-steps-1-attempt-1,41,3298,token_limit,49,0.7057850216484838,False,49
slimshetty/swebench-verified:sweb.eval.x86_64.django__django-11728,0.0,r2egym-qwen3-rl-100-steps-1-attempt-1,62,2187,token_limit,43,0.0024726227666994,False,45
slimshetty/swebench-verified:sweb.eval.x86_64.matplotlib__matplotlib-22719,1.0,r2egym-qwen3-rl-100-steps-1-attempt-1,87,1895,token_limit,68,0.0003799845225123,True,64
slimshetty/swebench-verified:sweb.eval.x86_64.sympy__sympy-16792,0.0,r2egym-qwen3-rl-100-steps-1-attempt-1,100,0,abs_step_limit,54,4.006370169593065e-05,False,54
slimshetty/swebench-verified:sweb.eval.x86_64.matplotlib__matplotlib-24149,1.0,r2egym-qwen3-rl-100-steps-1-attempt-1,100,1259,abs_step_limit,767,0.8175744828610095,True,767
slimshetty/swebench-verified:sweb.eval.x86_64.django__django-16569,1.0,r2egym-qwen3-rl-100-steps-1-attempt-1,100,3898,abs_step_limit,111,0.8519528000888386,True,115
slimshetty/swebench-verified:sweb.eval.x86_64.matplotlib__matplotlib-23299,0.0,r2egym-qwen3-rl-100-steps-1-attempt-1,29,2661,agent,192,0.8670357598021707,False,192
slimshetty/swebench-verified:sweb.eval.x86_64.sphinx-doc__sphinx-8638,0.0,r2egym-qwen3-rl-100-steps-1-attempt-1,87,2408,token_limit,34,0.0015011822396361,False,34
slimshetty/swebench-verified:sweb.eval.x86_64.sympy__sympy-24661,1.0,r2egym-qwen3-rl-100-steps-1-attempt-1,40,3450,agent,27,0.8519528019683105,True,27
slimshetty/swebench-verified:sweb.eval.x86_64.pytest-dev__pytest-5809,1.0,r2egym-qwen3-rl-100-steps-1-attempt-1,41,2071,max_step_limit,3,0.5926665999540698,True,3
slimshetty/swebench-verified:sweb.eval.x86_64.django__django-10914,1.0,r2egym-qwen3-rl-100-steps-1-attempt-1,62,3823,token_limit,98,0.7981867849406659,True,98
slimshetty/swebench-verified:sweb.eval.x86_64.django__django-16082,0.0,r2egym-qwen3-rl-100-steps-1-attempt-1,13,837,agent,170,0.5926665999540698,False,172
slimshetty/swebench-verified:sweb.eval.x86_64.pydata__xarray-4966,1.0,r2egym-qwen3-rl-100-steps-1-attempt-1,35,2569,agent,21,0.8519528076067262,True,17
slimshetty/swebench-verified:sweb.eval.x86_64.django__django-10999,0.0,r2egym-qwen3-rl-100-steps-1-attempt-1,78,1908,token_limit,9,0.1066905847143803,False,11
slimshetty/swebench-verified:sweb.eval.x86_64.sympy__sympy-15599,0.0,r2egym-qwen3-rl-100-steps-1-attempt-1,89,743,token_limit,80,0.7981867849406659,False,80
slimshetty/swebench-verified:sweb.eval.x86_64.django__django-14534,0.0,r2egym-qwen3-rl-100-steps-1-attempt-1,43,1630,agent_max_step_limit,118,0.6791786926816161,False,119
slimshetty/swebench-verified:sweb.eval.x86_64.django__django-13012,1.0,r2egym-qwen3-rl-100-steps-1-attempt-1,85,2955,token_limit,137,0.7981867729389246,True,137
slimshetty/swebench-verified:sweb.eval.x86_64.django__django-12754,0.0,r2egym-qwen3-rl-100-steps-1-attempt-1,34,3886,agent,104,0.7549149923816048,False,104
slimshetty/swebench-verified:sweb.eval.x86_64.astropy__astropy-14508,1.0,r2egym-qwen3-rl-100-steps-1-attempt-1,51,2871,token_limit,174,0.7981867705385762,True,174
slimshetty/swebench-verified:sweb.eval.x86_64.django__django-15851,1.0,r2egym-qwen3-rl-100-steps-1-attempt-1,38,1109,agent,8,0.7310585786300049,True,8
slimshetty/swebench-verified:sweb.eval.x86_64.pytest-dev__pytest-6197,0.0,r2egym-qwen3-rl-100-steps-1-attempt-1,78,0,token_limit,145,0.0002034269209754,False,146
slimshetty/swebench-verified:sweb.eval.x86_64.django__django-15161,0.0,r2egym-qwen3-rl-100-steps-1-attempt-1,100,1925,abs_step_limit,0,0.0004305571266166,False,0
slimshetty/swebench-verified:sweb.eval.x86_64.sphinx-doc__sphinx-10435,0.0,r2egym-qwen3-rl-100-steps-1-attempt-1,63,5198,agent_max_step_limit,74,0.7310585669110202,False,74
slimshetty/swebench-verified:sweb.eval.x86_64.scikit-learn__scikit-learn-14629,0.0,r2egym-qwen3-rl-100-steps-1-attempt-1,100,2791,abs_step_limit,26,0.7057850340255386,False,24
slimshetty/swebench-verified:sweb.eval.x86_64.django__django-14725,0.0,r2egym-qwen3-rl-100-steps-1-attempt-1,66,5370,token_limit,64,0.0420877315201816,False,64
slimshetty/swebench-verified:sweb.eval.x86_64.sphinx-doc__sphinx-7889,0.0,r2egym-qwen3-rl-100-steps-1-attempt-1,53,906,token_limit,5,0.0013250225101044,False,6
slimshetty/swebench-verified:sweb.eval.x86_64.sphinx-doc__sphinx-8120,0.0,r2egym-qwen3-rl-100-steps-1-attempt-1,63,906,token_limit,44,0.0001398220901118,False,44
slimshetty/swebench-verified:sweb.eval.x86_64.django__django-16661,1.0,r2egym-qwen3-rl-100-steps-1-attempt-1,91,4456,token_limit,36,0.7057850340255386,True,36
slimshetty/swebench-verified:sweb.eval.x86_64.sympy__sympy-18189,1.0,r2egym-qwen3-rl-100-steps-1-attempt-1,24,665,agent,41,0.7310585727705127,True,42
slimshetty/swebench-verified:sweb.eval.x86_64.django__django-13033,0.0,r2egym-qwen3-rl-100-steps-1-attempt-1,57,473,token_limit,26,0.0534033330012421,False,26
slimshetty/swebench-verified:sweb.eval.x86_64.matplotlib__matplotlib-25287,1.0,r2egym-qwen3-rl-100-steps-1-attempt-1,100,2013,abs_step_limit,786,0.6791787121629465,True,786
slimshetty/swebench-verified:sweb.eval.x86_64.sphinx-doc__sphinx-7748,0.0,r2egym-qwen3-rl-100-steps-1-attempt-1,39,6809,llm_query_error,9,0.0,False,9
slimshetty/swebench-verified:sweb.eval.x86_64.sympy__sympy-20590,0.0,r2egym-qwen3-rl-100-steps-1-attempt-1,53,0,token_limit,21,9.61024375498969e-05,False,21
slimshetty/swebench-verified:sweb.eval.x86_64.sphinx-doc__sphinx-9698,1.0,r2egym-qwen3-rl-100-steps-1-attempt-1,99,624,token_limit,45,0.8175744806385542,True,45
slimshetty/swebench-verified:sweb.eval.x86_64.django__django-13112,0.0,r2egym-qwen3-rl-100-steps-1-attempt-1,6,0,token_limit,63,0.0003799845277854,False,63
slimshetty/swebench-verified:sweb.eval.x86_64.sympy__sympy-14531,0.0,r2egym-qwen3-rl-100-steps-1-attempt-1,58,597,token_limit,84,0.7057850278370112,False,85
slimshetty/swebench-verified:sweb.eval.x86_64.matplotlib__matplotlib-20488,0.0,r2egym-qwen3-rl-100-steps-1-attempt-1,100,1910,abs_step_limit,110,0.1066905889749668,False,110
slimshetty/swebench-verified:sweb.eval.x86_64.pylint-dev__pylint-4970,0.0,r2egym-qwen3-rl-100-steps-1-attempt-1,30,2138,agent,17,0.8354835432479661,False,17
slimshetty/swebench-verified:sweb.eval.x86_64.scikit-learn__scikit-learn-13328,1.0,r2egym-qwen3-rl-100-steps-1-attempt-1,16,637,agent,9,0.880797076413356,True,9
slimshetty/swebench-verified:sweb.eval.x86_64.sympy__sympy-14248,0.0,r2egym-qwen3-rl-100-steps-1-attempt-1,42,5010,agent_max_step_limit,431,0.5926665999540698,False,431
slimshetty/swebench-verified:sweb.eval.x86_64.django__django-11163,1.0,r2egym-qwen3-rl-100-steps-1-attempt-1,77,4699,token_limit,141,0.880797076413356,True,142
slimshetty/swebench-verified:sweb.eval.x86_64.scikit-learn__scikit-learn-26323,1.0,r2egym-qwen3-rl-100-steps-1-attempt-1,75,730,token_limit,188,0.0534033252801757,True,188
slimshetty/swebench-verified:sweb.eval.x86_64.django__django-15741,1.0,r2egym-qwen3-rl-100-steps-1-attempt-1,70,916,token_limit,104,0.8175744828610095,True,104
slimshetty/swebench-verified:sweb.eval.x86_64.sympy__sympy-22714,1.0,r2egym-qwen3-rl-100-steps-1-attempt-1,62,3657,token_limit,11,0.014063625493617,True,11
slimshetty/swebench-verified:sweb.eval.x86_64.astropy__astropy-14309,1.0,r2egym-qwen3-rl-100-steps-1-attempt-1,42,1843,agent_max_step_limit,141,0.7549149868676283,True,141
slimshetty/swebench-verified:sweb.eval.x86_64.django__django-13406,0.0,r2egym-qwen3-rl-100-steps-1-attempt-1,58,2917,agent_max_step_limit,32,0.7772998663336158,False,33
slimshetty/swebench-verified:sweb.eval.x86_64.sphinx-doc__sphinx-9658,0.0,r2egym-qwen3-rl-100-steps-1-attempt-1,100,963,abs_step_limit,24,0.0675466897318239,False,23
slimshetty/swebench-verified:sweb.eval.x86_64.pylint-dev__pylint-7277,1.0,r2egym-qwen3-rl-100-steps-1-attempt-1,82,652,token_limit,122,0.8670357683915538,True,123
slimshetty/swebench-verified:sweb.eval.x86_64.sympy__sympy-18211,0.0,r2egym-qwen3-rl-100-steps-1-attempt-1,34,1889,agent,54,0.754914997895581,False,54
slimshetty/swebench-verified:sweb.eval.x86_64.scikit-learn__scikit-learn-13779,1.0,r2egym-qwen3-rl-100-steps-1-attempt-1,24,1431,agent,18,0.8670357598021707,True,18
slimshetty/swebench-verified:sweb.eval.x86_64.sympy__sympy-12096,1.0,r2egym-qwen3-rl-100-steps-1-attempt-1,21,1222,agent,43,0.8933094010836643,True,43
slimshetty/swebench-verified:sweb.eval.x86_64.sphinx-doc__sphinx-9320,1.0,r2egym-qwen3-rl-100-steps-1-attempt-1,13,1764,agent,9,0.8807970779778825,True,9
slimshetty/swebench-verified:sweb.eval.x86_64.django__django-14376,0.0,r2egym-qwen3-rl-100-steps-1-attempt-1,100,2461,abs_step_limit,6,0.8519528019683105,False,9
slimshetty/swebench-verified:sweb.eval.x86_64.django__django-14580,1.0,r2egym-qwen3-rl-100-steps-1-attempt-1,79,2970,token_limit,49,0.5,True,49
slimshetty/swebench-verified:sweb.eval.x86_64.django__django-14999,1.0,r2egym-qwen3-rl-100-steps-1-attempt-1,100,3219,abs_step_limit,113,0.8519528038477824,True,113
slimshetty/swebench-verified:sweb.eval.x86_64.sympy__sympy-12489,0.0,r2egym-qwen3-rl-100-steps-1-attempt-1,48,3797,agent_max_step_limit,5,0.7772998560157665,False,8
slimshetty/swebench-verified:sweb.eval.x86_64.django__django-13028,1.0,r2egym-qwen3-rl-100-steps-1-attempt-1,60,3429,agent_max_step_limit,276,0.7981867801399695,True,277
slimshetty/swebench-verified:sweb.eval.x86_64.matplotlib__matplotlib-20826,0.0,r2egym-qwen3-rl-100-steps-1-attempt-1,48,2881,token_limit,673,0.0024726229516171,False,673
slimshetty/swebench-verified:sweb.eval.x86_64.django__django-14434,1.0,r2egym-qwen3-rl-100-steps-1-attempt-1,48,1864,agent_max_step_limit,133,0.7981867753392728,True,133
slimshetty/swebench-verified:sweb.eval.x86_64.django__django-11532,0.0,r2egym-qwen3-rl-100-steps-1-attempt-1,42,1896,agent_max_step_limit,130,0.7772998663336157,False,148
slimshetty/swebench-verified:sweb.eval.x86_64.django__django-15280,0.0,r2egym-qwen3-rl-100-steps-1-attempt-1,64,2066,token_limit,85,0.1645164588002102,False,85
slimshetty/swebench-verified:sweb.eval.x86_64.pydata__xarray-6461,0.0,r2egym-qwen3-rl-100-steps-1-attempt-1,41,2073,token_limit,247,0.8519528094861981,False,248
slimshetty/swebench-verified:sweb.eval.x86_64.django__django-13023,0.0,r2egym-qwen3-rl-100-steps-1-attempt-1,90,3827,token_limit,9,0.7772998611746912,False,0
slimshetty/swebench-verified:sweb.eval.x86_64.matplotlib__matplotlib-23476,0.0,r2egym-qwen3-rl-100-steps-1-attempt-1,26,2083,agent,104,0.8807970670261976,False,104
slimshetty/swebench-verified:sweb.eval.x86_64.sphinx-doc__sphinx-7590,0.0,r2egym-qwen3-rl-100-steps-1-attempt-1,93,660,token_limit,24,0.012431648772208,False,25
slimshetty/swebench-verified:sweb.eval.x86_64.django__django-11749,0.0,r2egym-qwen3-rl-100-steps-1-attempt-1,49,3186,agent_max_step_limit,0,0.6513548511303336,False,0
slimshetty/swebench-verified:sweb.eval.x86_64.sympy__sympy-23824,1.0,r2egym-qwen3-rl-100-steps-1-attempt-1,29,2232,agent,2,0.8807970670261976,True,3
slimshetty/swebench-verified:sweb.eval.x86_64.django__django-13569,0.0,r2egym-qwen3-rl-100-steps-1-attempt-1,100,2412,abs_step_limit,66,0.731058584489497,False,67
slimshetty/swebench-verified:sweb.eval.x86_64.pytest-dev__pytest-5787,0.0,r2egym-qwen3-rl-100-steps-1-attempt-1,71,4690,token_limit,0,0.0004305571293472,False,0
slimshetty/swebench-verified:sweb.eval.x86_64.astropy__astropy-13453,0.0,r2egym-qwen3-rl-100-steps-1-attempt-1,100,2581,abs_step_limit,7,0.0028009271843262,False,7
slimshetty/swebench-verified:sweb.eval.x86_64.django__django-11951,0.0,r2egym-qwen3-rl-100-steps-1-attempt-1,100,2270,abs_step_limit,21,0.5621765008857981,False,21
slimshetty/swebench-verified:sweb.eval.x86_64.astropy__astropy-7606,0.0,r2egym-qwen3-rl-100-steps-1-attempt-1,79,1508,token_limit,0,0.4073334000459302,False,0
slimshetty/swebench-verified:sweb.eval.x86_64.sympy__sympy-13878,0.0,r2egym-qwen3-rl-100-steps-1-attempt-1,100,1581,abs_step_limit,19,0.0850990450070202,False,20
slimshetty/swebench-verified:sweb.eval.x86_64.django__django-11119,1.0,r2egym-qwen3-rl-100-steps-1-attempt-1,100,1329,abs_step_limit,7,0.851952809486198,True,7
slimshetty/swebench-verified:sweb.eval.x86_64.django__django-11433,0.0,r2egym-qwen3-rl-100-steps-1-attempt-1,80,3451,token_limit,138,0.7981867729389246,False,139
slimshetty/swebench-verified:sweb.eval.x86_64.pytest-dev__pytest-7982,1.0,r2egym-qwen3-rl-100-steps-1-attempt-1,42,1781,agent_max_step_limit,78,0.8354835371034368,True,78
slimshetty/swebench-verified:sweb.eval.x86_64.django__django-11066,1.0,r2egym-qwen3-rl-100-steps-1-attempt-1,100,4008,abs_step_limit,3,0.8519528076067262,True,3
slimshetty/swebench-verified:sweb.eval.x86_64.scikit-learn__scikit-learn-9288,1.0,r2egym-qwen3-rl-100-steps-1-attempt-1,10,1281,agent,123,0.8807970732843033,True,123
slimshetty/swebench-verified:sweb.eval.x86_64.matplotlib__matplotlib-24570,1.0,r2egym-qwen3-rl-100-steps-1-attempt-1,100,1639,abs_step_limit,267,0.0179862061786662,True,263
slimshetty/swebench-verified:sweb.eval.x86_64.django__django-16032,1.0,r2egym-qwen3-rl-100-steps-1-attempt-1,96,2889,token_limit,77,0.7772998560157665,True,77
slimshetty/swebench-verified:sweb.eval.x86_64.pytest-dev__pytest-7324,0.0,r2egym-qwen3-rl-100-steps-1-attempt-1,100,0,abs_step_limit,58,0.0001088969217058,False,58
slimshetty/swebench-verified:sweb.eval.x86_64.sphinx-doc__sphinx-8265,0.0,r2egym-qwen3-rl-100-steps-1-attempt-1,100,906,abs_step_limit,22,0.0005527787313721,False,23
slimshetty/swebench-verified:sweb.eval.x86_64.django__django-13810,1.0,r2egym-qwen3-rl-100-steps-1-attempt-1,100,3615,abs_step_limit,30,0.7772998560157665,True,32
slimshetty/swebench-verified:sweb.eval.x86_64.pytest-dev__pytest-10356,0.0,r2egym-qwen3-rl-100-steps-1-attempt-1,15,1077,agent,79,0.7981867729389246,False,79
slimshetty/swebench-verified:sweb.eval.x86_64.scikit-learn__scikit-learn-25747,0.0,r2egym-qwen3-rl-100-steps-1-attempt-1,28,3678,agent,14,0.8807970873650401,False,14
slimshetty/swebench-verified:sweb.eval.x86_64.astropy__astropy-14369,0.0,r2egym-qwen3-rl-100-steps-1-attempt-1,54,1143,token_limit,732,0.0066928514103164,False,729
slimshetty/swebench-verified:sweb.eval.x86_64.django__django-12276,1.0,r2egym-qwen3-rl-100-steps-1-attempt-1,28,1888,agent,117,0.754914975839675,True,117
slimshetty/swebench-verified:sweb.eval.x86_64.astropy__astropy-14539,1.0,r2egym-qwen3-rl-100-steps-1-attempt-1,24,2475,agent,46,0.8807970826714614,True,49
slimshetty/swebench-verified:sweb.eval.x86_64.django__django-17029,0.0,r2egym-qwen3-rl-100-steps-1-attempt-1,71,2626,token_limit,0,0.7310585669110203,False,0
slimshetty/swebench-verified:sweb.eval.x86_64.pydata__xarray-4687,0.0,r2egym-qwen3-rl-100-steps-1-attempt-1,64,2193,token_limit,1717,0.0052201251301361,False,1717
slimshetty/swebench-verified:sweb.eval.x86_64.sympy__sympy-13974,0.0,r2egym-qwen3-rl-100-steps-1-attempt-1,18,1375,agent,4,0.7772998560157663,False,5
slimshetty/swebench-verified:sweb.eval.x86_64.django__django-15368,1.0,r2egym-qwen3-rl-100-steps-1-attempt-1,45,2449,agent_max_step_limit,29,0.7772998611746911,True,29
slimshetty/swebench-verified:sweb.eval.x86_64.pytest-dev__pytest-10081,0.0,r2egym-qwen3-rl-100-steps-1-attempt-1,31,3275,token_limit,21,0.0085774872273659,False,20
slimshetty/swebench-verified:sweb.eval.x86_64.django__django-16136,0.0,r2egym-qwen3-rl-100-steps-1-attempt-1,66,940,token_limit,0,0.0002959571273594,False,0
slimshetty/swebench-verified:sweb.eval.x86_64.django__django-12325,0.0,r2egym-qwen3-rl-100-steps-1-attempt-1,45,0,token_limit,201,0.0002034270678628,False,201
slimshetty/swebench-verified:sweb.eval.x86_64.django__django-16255,0.0,r2egym-qwen3-rl-100-steps-1-attempt-1,17,817,agent,35,0.4073334000459302,False,35
slimshetty/swebench-verified:sweb.eval.x86_64.django__django-14089,1.0,r2egym-qwen3-rl-100-steps-1-attempt-1,15,420,agent,43,0.8807970748488297,True,43
slimshetty/swebench-verified:sweb.eval.x86_64.sympy__sympy-13852,0.0,r2egym-qwen3-rl-100-steps-1-attempt-1,100,1711,abs_step_limit,4,0.6224593312018546,False,4
slimshetty/swebench-verified:sweb.eval.x86_64.django__django-13315,0.0,r2egym-qwen3-rl-100-steps-1-attempt-1,100,5858,abs_step_limit,146,0.6513548714339144,False,147
slimshetty/swebench-verified:sweb.eval.x86_64.django__django-16145,0.0,r2egym-qwen3-rl-100-steps-1-attempt-1,65,0,token_limit,174,3.5356246450956585e-05,False,174
slimshetty/swebench-verified:sweb.eval.x86_64.django__django-16100,1.0,r2egym-qwen3-rl-100-steps-1-attempt-1,92,5214,token_limit,59,0.7310585786300049,True,59
slimshetty/swebench-verified:sweb.eval.x86_64.sympy__sympy-16766,1.0,r2egym-qwen3-rl-100-steps-1-attempt-1,41,2362,max_step_limit,7,0.8354835309589073,True,8
slimshetty/swebench-verified:sweb.eval.x86_64.scikit-learn__scikit-learn-10297,1.0,r2egym-qwen3-rl-100-steps-1-attempt-1,24,1928,agent,28,0.817574478416099,True,28
slimshetty/swebench-verified:sweb.eval.x86_64.django__django-13417,1.0,r2egym-qwen3-rl-100-steps-1-attempt-1,71,2094,agent_max_step_limit,280,0.8354835391516133,True,280
slimshetty/swebench-verified:sweb.eval.x86_64.matplotlib__matplotlib-25311,0.0,r2egym-qwen3-rl-100-steps-1-attempt-1,35,1440,agent,181,0.8354835411997897,False,182
slimshetty/swebench-verified:sweb.eval.x86_64.django__django-7530,1.0,r2egym-qwen3-rl-100-steps-1-attempt-1,100,0,abs_step_limit,59,4.539786316234683e-05,True,63
slimshetty/swebench-verified:sweb.eval.x86_64.pydata__xarray-3305,1.0,r2egym-qwen3-rl-100-steps-1-attempt-1,35,475,agent,653,0.7310585844894971,True,665
slimshetty/swebench-verified:sweb.eval.x86_64.matplotlib__matplotlib-24970,1.0,r2egym-qwen3-rl-100-steps-1-attempt-1,55,2194,agent_max_step_limit,253,0.8670357580842941,True,250
slimshetty/swebench-verified:sweb.eval.x86_64.sympy__sympy-20154,1.0,r2egym-qwen3-rl-100-steps-1-attempt-1,41,3540,max_step_limit,40,0.880797071719777,True,42
slimshetty/swebench-verified:sweb.eval.x86_64.sympy__sympy-21596,0.0,r2egym-qwen3-rl-100-steps-1-attempt-1,100,1947,abs_step_limit,46,0.867035752930664,False,47
slimshetty/swebench-verified:sweb.eval.x86_64.sphinx-doc__sphinx-7757,1.0,r2egym-qwen3-rl-100-steps-1-attempt-1,36,1850,llm_query_error,33,0.0,True,34
slimshetty/swebench-verified:sweb.eval.x86_64.django__django-15569,1.0,r2egym-qwen3-rl-100-steps-1-attempt-1,100,489,abs_step_limit,242,0.880797071719777,True,243
slimshetty/swebench-verified:sweb.eval.x86_64.scikit-learn__scikit-learn-13142,1.0,r2egym-qwen3-rl-100-steps-1-attempt-1,39,2595,agent,54,0.8354835411997897,True,54
slimshetty/swebench-verified:sweb.eval.x86_64.astropy__astropy-8872,0.0,r2egym-qwen3-rl-100-steps-1-attempt-1,43,1980,token_limit,0,0.4073334000459302,False,77
slimshetty/swebench-verified:sweb.eval.x86_64.django__django-13658,0.0,r2egym-qwen3-rl-100-steps-1-attempt-1,100,1510,abs_step_limit,113,0.7772998714925403,False,117
slimshetty/swebench-verified:sweb.eval.x86_64.sphinx-doc__sphinx-8459,1.0,r2egym-qwen3-rl-100-steps-1-attempt-1,100,5476,abs_step_limit,17,0.0600866545922063,True,17
slimshetty/swebench-verified:sweb.eval.x86_64.django__django-16454,0.0,r2egym-qwen3-rl-100-steps-1-attempt-1,82,959,token_limit,0,0.0028009268500642,False,0
slimshetty/swebench-verified:sweb.eval.x86_64.django__django-13807,0.0,r2egym-qwen3-rl-100-steps-1-attempt-1,100,2267,abs_step_limit,38,0.817574478416099,False,40
slimshetty/swebench-verified:sweb.eval.x86_64.django__django-13212,0.0,r2egym-qwen3-rl-100-steps-1-attempt-1,100,8895,abs_step_limit,0,0.0097084758815599,False,0
slimshetty/swebench-verified:sweb.eval.x86_64.django__django-12708,1.0,r2egym-qwen3-rl-100-steps-1-attempt-1,95,3747,token_limit,101,0.8354835309589073,True,101
slimshetty/swebench-verified:sweb.eval.x86_64.django__django-13121,0.0,r2egym-qwen3-rl-100-steps-1-attempt-1,57,0,token_limit,168,4.006368259662828e-05,False,169
slimshetty/swebench-verified:sweb.eval.x86_64.django__django-15375,0.0,r2egym-qwen3-rl-100-steps-1-attempt-1,100,3042,abs_step_limit,77,0.5621765008857981,False,78
slimshetty/swebench-verified:sweb.eval.x86_64.django__django-13401,0.0,r2egym-qwen3-rl-100-steps-1-attempt-1,30,3429,agent,31,0.7772998560157665,False,31
slimshetty/swebench-verified:sweb.eval.x86_64.astropy__astropy-13579,1.0,r2egym-qwen3-rl-100-steps-1-attempt-1,43,4085,agent_max_step_limit,40,0.731058584489497,True,40
slimshetty/swebench-verified:sweb.eval.x86_64.sphinx-doc__sphinx-10614,0.0,r2egym-qwen3-rl-100-steps-1-attempt-1,86,3476,token_limit,5,0.6224593312018546,False,6
slimshetty/swebench-verified:sweb.eval.x86_64.sympy__sympy-17655,0.0,r2egym-qwen3-rl-100-steps-1-attempt-1,43,1111,token_limit,8,0.0052201253235858,False,8
slimshetty/swebench-verified:sweb.eval.x86_64.django__django-15103,1.0,r2egym-qwen3-rl-100-steps-1-attempt-1,42,2698,agent_max_step_limit,17,0.8670357649558007,True,17
slimshetty/swebench-verified:sweb.eval.x86_64.sympy__sympy-24539,1.0,r2egym-qwen3-rl-100-steps-1-attempt-1,39,1071,agent,62,0.8670357546485407,True,63
slimshetty/swebench-verified:sweb.eval.x86_64.sphinx-doc__sphinx-8595,1.0,r2egym-qwen3-rl-100-steps-1-attempt-1,41,638,max_step_limit,0,0.8354835330070839,True,1469
slimshetty/swebench-verified:sweb.eval.x86_64.django__django-12741,0.0,r2egym-qwen3-rl-100-steps-1-attempt-1,100,7798,abs_step_limit,0,0.5,False,0
slimshetty/swebench-verified:sweb.eval.x86_64.django__django-11206,1.0,r2egym-qwen3-rl-100-steps-1-attempt-1,48,2416,token_limit,4,0.2018132246607271,True,5
slimshetty/swebench-verified:sweb.eval.x86_64.django__django-15814,1.0,r2egym-qwen3-rl-100-steps-1-attempt-1,95,2421,token_limit,29,0.8933094039240554,True,29
slimshetty/swebench-verified:sweb.eval.x86_64.astropy__astropy-14365,0.0,r2egym-qwen3-rl-100-steps-1-attempt-1,20,682,agent,8,0.4378234991142019,False,8
slimshetty/swebench-verified:sweb.eval.x86_64.astropy__astropy-7336,0.0,r2egym-qwen3-rl-100-steps-1-attempt-1,43,2319,agent_max_step_limit,0,0.7981867801399695,False,0
slimshetty/swebench-verified:sweb.eval.x86_64.matplotlib__matplotlib-25332,0.0,r2egym-qwen3-rl-100-steps-1-attempt-1,41,1770,token_limit,180,0.3208212878370534,False,180
slimshetty/swebench-verified:sweb.eval.x86_64.django__django-13513,0.0,r2egym-qwen3-rl-100-steps-1-attempt-1,20,998,agent,83,0.4378234991142019,False,83
slimshetty/swebench-verified:sweb.eval.x86_64.django__django-12039,0.0,r2egym-qwen3-rl-100-steps-1-attempt-1,74,2532,agent_max_step_limit,11,0.7772998508568417,False,10
slimshetty/swebench-verified:sweb.eval.x86_64.django__django-16315,0.0,r2egym-qwen3-rl-100-steps-1-attempt-1,79,3054,token_limit,42,0.705785040214066,False,42
slimshetty/swebench-verified:sweb.eval.x86_64.django__django-14792,0.0,r2egym-qwen3-rl-100-steps-1-attempt-1,87,2546,token_limit,23,0.8175744850834648,False,24
slimshetty/swebench-verified:sweb.eval.x86_64.pylint-dev__pylint-8898,0.0,r2egym-qwen3-rl-100-steps-1-attempt-1,85,1618,token_limit,17,0.2227001336663842,False,15
slimshetty/swebench-verified:sweb.eval.x86_64.django__django-13590,0.0,r2egym-qwen3-rl-100-steps-1-attempt-1,32,1952,agent,140,0.817574471748733,False,141
slimshetty/swebench-verified:sweb.eval.x86_64.sympy__sympy-19495,1.0,r2egym-qwen3-rl-100-steps-1-attempt-1,77,2612,token_limit,8,0.4378234991142019,True,8
slimshetty/swebench-verified:sweb.eval.x86_64.django__django-15916,0.0,r2egym-qwen3-rl-100-steps-1-attempt-1,42,3639,token_limit,148,0.010986943258031,False,148
slimshetty/swebench-verified:sweb.eval.x86_64.pydata__xarray-6721,0.0,r2egym-qwen3-rl-100-steps-1-attempt-1,45,874,agent_max_step_limit,1405,0.0675466841006037,False,1405
slimshetty/swebench-verified:sweb.eval.x86_64.django__django-12858,0.0,r2egym-qwen3-rl-100-steps-1-attempt-1,46,4698,token_limit,0,0.0028009266738289,False,0
slimshetty/swebench-verified:sweb.eval.x86_64.psf__requests-5414,0.0,r2egym-qwen3-rl-100-steps-1-attempt-1,23,1691,agent,122,0.8354835289107309,False,121
slimshetty/swebench-verified:sweb.eval.x86_64.pytest-dev__pytest-6202,1.0,r2egym-qwen3-rl-100-steps-1-attempt-1,48,1425,token_limit,72,0.8354835350552604,True,73
slimshetty/swebench-verified:sweb.eval.x86_64.django__django-11099,1.0,r2egym-qwen3-rl-100-steps-1-attempt-1,18,901,agent,19,0.7981867777396212,True,22
slimshetty/swebench-verified:sweb.eval.x86_64.psf__requests-6028,0.0,r2egym-qwen3-rl-100-steps-1-attempt-1,100,0,abs_step_limit,185,0.0001398220565931,False,185
slimshetty/swebench-verified:sweb.eval.x86_64.sympy__sympy-13877,0.0,r2egym-qwen3-rl-100-steps-1-attempt-1,17,2219,llm_query_error,110,0.6224593312018546,False,111
slimshetty/swebench-verified:sweb.eval.x86_64.django__django-15863,1.0,r2egym-qwen3-rl-100-steps-1-attempt-1,30,3696,agent,9,0.867035752930664,True,10
slimshetty/swebench-verified:sweb.eval.x86_64.django__django-14765,1.0,r2egym-qwen3-rl-100-steps-1-attempt-1,47,858,agent_max_step_limit,64,0.8519528076067262,True,64
slimshetty/swebench-verified:sweb.eval.x86_64.django__django-13741,1.0,r2egym-qwen3-rl-100-steps-1-attempt-1,100,2758,abs_step_limit,82,0.8519528019683105,True,83
slimshetty/swebench-verified:sweb.eval.x86_64.scikit-learn__scikit-learn-15100,1.0,r2egym-qwen3-rl-100-steps-1-attempt-1,35,2005,agent,93,0.8519527944504227,True,93
slimshetty/swebench-verified:sweb.eval.x86_64.matplotlib__matplotlib-24637,0.0,r2egym-qwen3-rl-100-steps-1-attempt-1,55,0,token_limit,29,8.481104114974359e-05,False,30
slimshetty/swebench-verified:sweb.eval.x86_64.matplotlib__matplotlib-26466,0.0,r2egym-qwen3-rl-100-steps-1-attempt-1,31,1702,agent,100,0.8175744673038222,False,103
slimshetty/swebench-verified:sweb.eval.x86_64.sphinx-doc__sphinx-9229,0.0,r2egym-qwen3-rl-100-steps-1-attempt-1,77,703,token_limit,13,0.6224593312018546,False,13
slimshetty/swebench-verified:sweb.eval.x86_64.django__django-12193,0.0,r2egym-qwen3-rl-100-steps-1-attempt-1,100,4351,abs_step_limit,11,0.8175744695262777,False,11
slimshetty/swebench-verified:sweb.eval.x86_64.sympy__sympy-13031,0.0,r2egym-qwen3-rl-100-steps-1-attempt-1,42,1640,agent_max_step_limit,9,0.2942149659744614,False,10
slimshetty/swebench-verified:sweb.eval.x86_64.sympy__sympy-21612,0.0,r2egym-qwen3-rl-100-steps-1-attempt-1,100,618,abs_step_limit,98,0.000626334073071,False,99
slimshetty/swebench-verified:sweb.eval.x86_64.psf__requests-1142,1.0,r2egym-qwen3-rl-100-steps-1-attempt-1,41,2170,max_step_limit,5,0.7981867801399694,True,24
slimshetty/swebench-verified:sweb.eval.x86_64.django__django-12262,1.0,r2egym-qwen3-rl-100-steps-1-attempt-1,52,3341,agent_max_step_limit,18,0.8807970842359877,True,22
slimshetty/swebench-verified:sweb.eval.x86_64.django__django-16263,0.0,r2egym-qwen3-rl-100-steps-1-attempt-1,100,3907,abs_step_limit,99,0.3208213073183839,False,98
slimshetty/swebench-verified:sweb.eval.x86_64.astropy__astropy-7166,0.0,r2egym-qwen3-rl-100-steps-1-attempt-1,10,533,agent,0,0.8670357563664174,False,0
slimshetty/swebench-verified:sweb.eval.x86_64.django__django-15315,0.0,r2egym-qwen3-rl-100-steps-1-attempt-1,100,1280,abs_step_limit,33,0.0004305571744639,False,33
slimshetty/swebench-verified:sweb.eval.x86_64.django__django-14500,1.0,r2egym-qwen3-rl-100-steps-1-attempt-1,100,2607,abs_step_limit,21,0.1066905953658467,True,21
slimshetty/swebench-verified:sweb.eval.x86_64.django__django-12125,0.0,r2egym-qwen3-rl-100-steps-1-attempt-1,38,0,token_limit,45,0.0002034270426702,False,46
slimshetty/swebench-verified:sweb.eval.x86_64.pylint-dev__pylint-6528,0.0,r2egym-qwen3-rl-100-steps-1-attempt-1,100,8654,abs_step_limit,0,0.4687906266262437,False,0
slimshetty/swebench-verified:sweb.eval.x86_64.django__django-13512,1.0,r2egym-qwen3-rl-100-steps-1-attempt-1,100,2696,abs_step_limit,32,0.7981867801399695,True,35
slimshetty/swebench-verified:sweb.eval.x86_64.sympy__sympy-15809,0.0,r2egym-qwen3-rl-100-steps-1-attempt-1,42,1354,agent_max_step_limit,10,0.8175744806385543,False,12
slimshetty/swebench-verified:sweb.eval.x86_64.matplotlib__matplotlib-24026,1.0,r2egym-qwen3-rl-100-steps-1-attempt-1,45,1540,agent_max_step_limit,764,0.5,True,767
slimshetty/swebench-verified:sweb.eval.x86_64.sphinx-doc__sphinx-9602,0.0,r2egym-qwen3-rl-100-steps-1-attempt-1,20,739,agent,45,0.7981867849406659,False,45
slimshetty/swebench-verified:sweb.eval.x86_64.astropy__astropy-14995,1.0,r2egym-qwen3-rl-100-steps-1-attempt-1,10,951,agent,179,0.880797068590724,True,179
slimshetty/swebench-verified:sweb.eval.x86_64.pydata__xarray-3151,1.0,r2egym-qwen3-rl-100-steps-1-attempt-1,21,3170,agent,66,0.7310585786300049,True,66
slimshetty/swebench-verified:sweb.eval.x86_64.django__django-13297,0.0,r2egym-qwen3-rl-100-steps-1-attempt-1,73,3500,agent_max_step_limit,50,0.5312093733737563,False,50
slimshetty/swebench-verified:sweb.eval.x86_64.matplotlib__matplotlib-25479,0.0,r2egym-qwen3-rl-100-steps-1-attempt-1,100,1408,abs_step_limit,263,0.8175744695262775,False,264
slimshetty/swebench-verified:sweb.eval.x86_64.django__django-11885,0.0,r2egym-qwen3-rl-100-steps-1-attempt-1,70,3045,token_limit,41,0.4378234991142019,False,41
slimshetty/swebench-verified:sweb.eval.x86_64.django__django-11265,1.0,r2egym-qwen3-rl-100-steps-1-attempt-1,52,3753,token_limit,30,0.817574478416099,True,30
slimshetty/swebench-verified:sweb.eval.x86_64.django__django-15973,0.0,r2egym-qwen3-rl-100-steps-1-attempt-1,100,718,abs_step_limit,157,0.0001795280069492,False,157
slimshetty/swebench-verified:sweb.eval.x86_64.astropy__astropy-13033,0.0,r2egym-qwen3-rl-100-steps-1-attempt-1,71,3886,token_limit,20,0.8175744761936437,False,21
slimshetty/swebench-verified:sweb.eval.x86_64.django__django-11138,0.0,r2egym-qwen3-rl-100-steps-1-attempt-1,31,5856,agent,73,0.8354835452961425,False,73
slimshetty/swebench-verified:sweb.eval.x86_64.pydata__xarray-6744,0.0,r2egym-qwen3-rl-100-steps-1-attempt-1,20,1068,agent,1801,0.8807970904940926,False,1788
slimshetty/swebench-verified:sweb.eval.x86_64.sphinx-doc__sphinx-8035,0.0,r2egym-qwen3-rl-100-steps-1-attempt-1,100,1260,abs_step_limit,2,0.0085774858413858,False,2
slimshetty/swebench-verified:sweb.eval.x86_64.django__django-14559,0.0,r2egym-qwen3-rl-100-steps-1-attempt-1,44,3674,agent_max_step_limit,23,0.7981867777396211,False,25
slimshetty/swebench-verified:sweb.eval.x86_64.django__django-13809,1.0,r2egym-qwen3-rl-100-steps-1-attempt-1,85,3380,token_limit,245,0.8354835371034368,True,245
slimshetty/swebench-verified:sweb.eval.x86_64.pydata__xarray-7229,0.0,r2egym-qwen3-rl-100-steps-1-attempt-1,46,1731,token_limit,280,0.7772998663336158,False,281
slimshetty/swebench-verified:sweb.eval.x86_64.sphinx-doc__sphinx-9673,0.0,r2egym-qwen3-rl-100-steps-1-attempt-1,60,3570,token_limit,24,0.8933093989533708,False,25
slimshetty/swebench-verified:sweb.eval.x86_64.django__django-14007,0.0,r2egym-qwen3-rl-100-steps-1-attempt-1,78,3405,token_limit,0,0.731058584489497,False,0
slimshetty/swebench-verified:sweb.eval.x86_64.sympy__sympy-16886,1.0,r2egym-qwen3-rl-100-steps-1-attempt-1,37,1789,agent,42,0.8354835330070839,True,43
slimshetty/swebench-verified:sweb.eval.x86_64.django__django-13346,0.0,r2egym-qwen3-rl-100-steps-1-attempt-1,100,2448,abs_step_limit,65,0.0534033297998242,False,66
slimshetty/swebench-verified:sweb.eval.x86_64.django__django-15252,0.0,r2egym-qwen3-rl-100-steps-1-attempt-1,44,4304,agent_max_step_limit,34,0.8175744850834648,False,34
slimshetty/swebench-verified:sweb.eval.x86_64.django__django-14017,1.0,r2egym-qwen3-rl-100-steps-1-attempt-1,39,1818,agent,147,0.7981867729389246,True,148
slimshetty/swebench-verified:sweb.eval.x86_64.sympy__sympy-18763,0.0,r2egym-qwen3-rl-100-steps-1-attempt-1,77,1952,token_limit,141,0.1645164608483867,False,141
slimshetty/swebench-verified:sweb.eval.x86_64.django__django-11239,0.0,r2egym-qwen3-rl-100-steps-1-attempt-1,33,2240,agent,5,0.7310585844894971,False,6
slimshetty/swebench-verified:sweb.eval.x86_64.pytest-dev__pytest-5262,1.0,r2egym-qwen3-rl-100-steps-1-attempt-1,65,1300,agent_max_step_limit,108,0.6224593382055109,True,109
slimshetty/swebench-verified:sweb.eval.x86_64.django__django-13410,1.0,r2egym-qwen3-rl-100-steps-1-attempt-1,23,1966,agent,40,0.817574478416099,True,40
slimshetty/swebench-verified:sweb.eval.x86_64.django__django-16667,0.0,r2egym-qwen3-rl-100-steps-1-attempt-1,100,2452,abs_step_limit,24,0.867035752930664,False,26
slimshetty/swebench-verified:sweb.eval.x86_64.django__django-11451,1.0,r2egym-qwen3-rl-100-steps-1-attempt-1,54,5352,agent_max_step_limit,45,0.8519528076067261,True,48
slimshetty/swebench-verified:sweb.eval.x86_64.django__django-15525,1.0,r2egym-qwen3-rl-100-steps-1-attempt-1,100,2891,abs_step_limit,53,0.7549149923816048,True,53
slimshetty/swebench-verified:sweb.eval.x86_64.sympy__sympy-21379,0.0,r2egym-qwen3-rl-100-steps-1-attempt-1,100,757,abs_step_limit,91,0.4687906266262437,False,92
slimshetty/swebench-verified:sweb.eval.x86_64.pydata__xarray-3993,0.0,r2egym-qwen3-rl-100-steps-1-attempt-1,49,1479,agent_max_step_limit,2398,0.7981867705385763,False,2400
slimshetty/swebench-verified:sweb.eval.x86_64.sympy__sympy-13372,0.0,r2egym-qwen3-rl-100-steps-1-attempt-1,53,1417,token_limit,35,0.0179862122979458,False,35
slimshetty/swebench-verified:sweb.eval.x86_64.django__django-11734,0.0,r2egym-qwen3-rl-100-steps-1-attempt-1,51,0,token_limit,275,6.605214444376839e-05,False,275
slimshetty/swebench-verified:sweb.eval.x86_64.django__django-13195,0.0,r2egym-qwen3-rl-100-steps-1-attempt-1,100,3430,abs_step_limit,381,0.5621765008857981,False,383
slimshetty/swebench-verified:sweb.eval.x86_64.django__django-11276,1.0,r2egym-qwen3-rl-100-steps-1-attempt-1,52,3241,token_limit,548,0.679178699175393,True,552
slimshetty/swebench-verified:sweb.eval.x86_64.sphinx-doc__sphinx-7910,1.0,r2egym-qwen3-rl-100-steps-1-attempt-1,40,2854,agent,16,0.8175744761936437,True,16
slimshetty/swebench-verified:sweb.eval.x86_64.django__django-11141,0.0,r2egym-qwen3-rl-100-steps-1-attempt-1,49,3379,agent_max_step_limit,24,0.7310585669110203,False,24
slimshetty/swebench-verified:sweb.eval.x86_64.sympy__sympy-17630,0.0,r2egym-qwen3-rl-100-steps-1-attempt-1,20,1454,agent,19,0.880797085800514,False,18
slimshetty/swebench-verified:sweb.eval.x86_64.pydata__xarray-4695,0.0,r2egym-qwen3-rl-100-steps-1-attempt-1,41,0,token_limit,875,0.0001233945738532,False,876
slimshetty/swebench-verified:sweb.eval.x86_64.django__django-15380,1.0,r2egym-qwen3-rl-100-steps-1-attempt-1,100,4723,abs_step_limit,133,0.7981867801399695,True,133
slimshetty/swebench-verified:sweb.eval.x86_64.scikit-learn__scikit-learn-14141,1.0,r2egym-qwen3-rl-100-steps-1-attempt-1,32,3222,agent,2,0.7057850154599562,True,3
slimshetty/swebench-verified:sweb.eval.x86_64.pylint-dev__pylint-4551,0.0,r2egym-qwen3-rl-100-steps-1-attempt-1,100,714,abs_step_limit,0,0.5,False,6
slimshetty/swebench-verified:sweb.eval.x86_64.django__django-14631,0.0,r2egym-qwen3-rl-100-steps-1-attempt-1,41,3975,max_step_limit,113,0.7057850216484838,False,113
slimshetty/swebench-verified:sweb.eval.x86_64.django__django-13109,1.0,r2egym-qwen3-rl-100-steps-1-attempt-1,100,3593,abs_step_limit,170,0.8670357666736772,True,169
slimshetty/swebench-verified:sweb.eval.x86_64.django__django-15037,0.0,r2egym-qwen3-rl-100-steps-1-attempt-1,100,3881,abs_step_limit,13,0.7310585727705126,False,13
slimshetty/swebench-verified:sweb.eval.x86_64.sympy__sympy-15349,1.0,r2egym-qwen3-rl-100-steps-1-attempt-1,41,2073,max_step_limit,3,0.8519528076067262,True,3
slimshetty/swebench-verified:sweb.eval.x86_64.sympy__sympy-13091,0.0,r2egym-qwen3-rl-100-steps-1-attempt-1,100,1676,abs_step_limit,87,0.5621765008857981,False,87
slimshetty/swebench-verified:sweb.eval.x86_64.pydata__xarray-6992,0.0,r2egym-qwen3-rl-100-steps-1-attempt-1,100,2148,abs_step_limit,945,0.798186768138228,False,948
slimshetty/swebench-verified:sweb.eval.x86_64.django__django-16642,0.0,r2egym-qwen3-rl-100-steps-1-attempt-1,45,2157,agent_max_step_limit,21,0.5926665999540698,False,22
slimshetty/swebench-verified:sweb.eval.x86_64.django__django-13363,1.0,r2egym-qwen3-rl-100-steps-1-attempt-1,100,3422,abs_step_limit,76,0.6513548646660542,True,77
slimshetty/swebench-verified:sweb.eval.x86_64.django__django-13964,0.0,r2egym-qwen3-rl-100-steps-1-attempt-1,48,2232,token_limit,33,0.7981867777396212,False,33
slimshetty/swebench-verified:sweb.eval.x86_64.astropy__astropy-14598,0.0,r2egym-qwen3-rl-100-steps-1-attempt-1,48,1498,token_limit,172,0.5312093733737563,False,172
slimshetty/swebench-verified:sweb.eval.x86_64.django__django-15503,0.0,r2egym-qwen3-rl-100-steps-1-attempt-1,100,1608,abs_step_limit,77,0.6224593312018545,False,78
slimshetty/swebench-verified:sweb.eval.x86_64.django__django-14053,0.0,r2egym-qwen3-rl-100-steps-1-attempt-1,100,3604,abs_step_limit,31,0.8670357494949105,False,32
slimshetty/swebench-verified:sweb.eval.x86_64.django__django-11149,0.0,r2egym-qwen3-rl-100-steps-1-attempt-1,100,4946,abs_step_limit,42,0.679178699175393,False,42
slimshetty/swebench-verified:sweb.eval.x86_64.astropy__astropy-13977,0.0,r2egym-qwen3-rl-100-steps-1-attempt-1,44,6791,agent_max_step_limit,283,0.651354857898194,False,263
slimshetty/swebench-verified:sweb.eval.x86_64.mwaskom__seaborn-3069,0.0,r2egym-qwen3-rl-100-steps-1-attempt-1,2,0,token_limit,94,0.0005527785459159,False,94
slimshetty/swebench-verified:sweb.eval.x86_64.sympy__sympy-13757,0.0,r2egym-qwen3-rl-100-steps-1-attempt-1,63,2329,token_limit,162,0.0124316534601255,False,162
slimshetty/swebench-verified:sweb.eval.x86_64.django__django-10097,0.0,r2egym-qwen3-rl-100-steps-1-attempt-1,93,0,token_limit,1427,1.147877222879974e-05,False,11075
slimshetty/swebench-verified:sweb.eval.x86_64.sympy__sympy-23534,1.0,r2egym-qwen3-rl-100-steps-1-attempt-1,28,1890,token_limit,11,0.5,True,12
slimshetty/swebench-verified:sweb.eval.x86_64.pytest-dev__pytest-7205,1.0,r2egym-qwen3-rl-100-steps-attempt-2,15,881,agent,16,0.8175744828610095,True,16
slimshetty/swebench-verified:sweb.eval.x86_64.django__django-16662,1.0,r2egym-qwen3-rl-100-steps-attempt-2,19,3146,agent,51,0.8175744828610095,True,52
slimshetty/swebench-verified:sweb.eval.x86_64.django__django-13821,1.0,r2egym-qwen3-rl-100-steps-attempt-2,43,3528,agent_max_step_limit,14,0.7310585786300049,True,15
slimshetty/swebench-verified:sweb.eval.x86_64.django__django-11848,0.0,r2egym-qwen3-rl-100-steps-1-attempt-1,100,2514,abs_step_limit,43,0.6224593312018545,False,45
slimshetty/swebench-verified:sweb.eval.x86_64.sympy__sympy-19954,1.0,r2egym-qwen3-rl-100-steps-attempt-2,41,2073,max_step_limit,56,0.8807970811069351,True,57
slimshetty/swebench-verified:sweb.eval.x86_64.sympy__sympy-19346,1.0,r2egym-qwen3-rl-100-steps-attempt-2,32,2352,agent,40,0.8519527982093666,True,41
slimshetty/swebench-verified:sweb.eval.x86_64.sympy__sympy-22456,1.0,r2egym-qwen3-rl-100-steps-attempt-2,28,318,agent,29,0.8807970654616711,True,30
slimshetty/swebench-verified:sweb.eval.x86_64.psf__requests-1724,1.0,r2egym-qwen3-rl-100-steps-attempt-2,21,847,agent,79,0.7549149813536518,True,86
slimshetty/swebench-verified:sweb.eval.x86_64.pylint-dev__pylint-7080,0.0,r2egym-qwen3-rl-100-steps-attempt-2,34,653,agent,121,0.8175744850834648,False,121
slimshetty/swebench-verified:sweb.eval.x86_64.django__django-15561,1.0,r2egym-qwen3-rl-100-steps-attempt-2,44,2399,agent_max_step_limit,141,0.8519528076067262,True,141
slimshetty/swebench-verified:sweb.eval.x86_64.scikit-learn__scikit-learn-14496,1.0,r2egym-qwen3-rl-100-steps-attempt-2,33,2671,agent,39,0.817574478416099,True,40
slimshetty/swebench-verified:sweb.eval.x86_64.matplotlib__matplotlib-25122,1.0,r2egym-qwen3-rl-100-steps-1-attempt-1,62,4390,token_limit,2476,0.7772998714925403,True,2422
slimshetty/swebench-verified:sweb.eval.x86_64.sympy__sympy-23262,1.0,r2egym-qwen3-rl-100-steps-attempt-2,40,1604,agent,61,0.880797071719777,True,62
slimshetty/swebench-verified:sweb.eval.x86_64.django__django-14672,1.0,r2egym-qwen3-rl-100-steps-attempt-2,68,2783,token_limit,0,0.8807970811069351,True,166
slimshetty/swebench-verified:sweb.eval.x86_64.django__django-11551,1.0,r2egym-qwen3-rl-100-steps-attempt-2,45,4475,agent_max_step_limit,119,0.6513548782017745,True,119
slimshetty/swebench-verified:sweb.eval.x86_64.scikit-learn__scikit-learn-14053,1.0,r2egym-qwen3-rl-100-steps-attempt-2,25,1762,agent,5,0.8807970904940926,True,6
slimshetty/swebench-verified:sweb.eval.x86_64.django__django-11133,1.0,r2egym-qwen3-rl-100-steps-attempt-2,19,1182,agent,64,0.8354835371034368,True,64
slimshetty/swebench-verified:sweb.eval.x86_64.astropy__astropy-8707,1.0,r2egym-qwen3-rl-100-steps-attempt-2,57,3937,agent_max_step_limit,11,0.7981867873410141,True,137
slimshetty/swebench-verified:sweb.eval.x86_64.django__django-17084,0.0,r2egym-qwen3-rl-100-steps-attempt-2,71,2005,token_limit,107,0.3775406687981454,False,107
slimshetty/swebench-verified:sweb.eval.x86_64.django__django-13089,1.0,r2egym-qwen3-rl-100-steps-attempt-2,41,2696,max_step_limit,352,0.7981867777396212,True,349
slimshetty/swebench-verified:sweb.eval.x86_64.astropy__astropy-12907,0.0,r2egym-qwen3-rl-100-steps-attempt-2,41,0,token_limit,13,0.0001584361774985,False,11
slimshetty/swebench-verified:sweb.eval.x86_64.django__django-13343,1.0,r2egym-qwen3-rl-100-steps-attempt-2,47,4867,agent_max_step_limit,130,0.7981867753392728,True,131
slimshetty/swebench-verified:sweb.eval.x86_64.django__django-16901,0.0,r2egym-qwen3-rl-100-steps-attempt-2,64,1436,token_limit,6,0.0031726823557551,False,6
slimshetty/swebench-verified:sweb.eval.x86_64.django__django-11603,1.0,r2egym-qwen3-rl-100-steps-attempt-2,64,3121,agent_max_step_limit,58,0.8354835371034369,True,59
slimshetty/swebench-verified:sweb.eval.x86_64.django__django-10554,0.0,r2egym-qwen3-rl-100-steps-1-attempt-1,72,3327,token_limit,23,0.0040701377140085,False,24
slimshetty/swebench-verified:sweb.eval.x86_64.django__django-11815,1.0,r2egym-qwen3-rl-100-steps-attempt-2,15,784,agent,44,0.8670357512127872,True,44
slimshetty/swebench-verified:sweb.eval.x86_64.sympy__sympy-18199,0.0,r2egym-qwen3-rl-100-steps-attempt-2,53,1815,agent_max_step_limit,113,0.7981867825403177,False,114
slimshetty/swebench-verified:sweb.eval.x86_64.psf__requests-2931,1.0,r2egym-qwen3-rl-100-steps-attempt-2,22,486,agent,84,0.8175744761936438,True,85
slimshetty/swebench-verified:sweb.eval.x86_64.django__django-11490,0.0,r2egym-qwen3-rl-100-steps-attempt-2,100,2289,abs_step_limit,22,0.3208212943308302,False,23
slimshetty/swebench-verified:sweb.eval.x86_64.matplotlib__matplotlib-13989,1.0,r2egym-qwen3-rl-100-steps-attempt-2,37,817,agent,411,0.8933094145755219,True,411
slimshetty/swebench-verified:sweb.eval.x86_64.django__django-12308,0.0,r2egym-qwen3-rl-100-steps-attempt-2,74,5947,agent_max_step_limit,19,0.7310585903489891,False,21
slimshetty/swebench-verified:sweb.eval.x86_64.pydata__xarray-3677,1.0,r2egym-qwen3-rl-100-steps-attempt-2,31,604,agent,21,0.7981867729389246,True,21
slimshetty/swebench-verified:sweb.eval.x86_64.django__django-11211,1.0,r2egym-qwen3-rl-100-steps-attempt-2,44,3957,agent_max_step_limit,76,0.7772998714925403,True,76
slimshetty/swebench-verified:sweb.eval.x86_64.django__django-14155,0.0,r2egym-qwen3-rl-100-steps-attempt-2,40,1513,agent,89,0.8354835371034368,False,91
slimshetty/swebench-verified:sweb.eval.x86_64.django__django-12419,0.0,r2egym-qwen3-rl-100-steps-attempt-2,23,2252,agent,0,0.7310585669110203,False,0
slimshetty/swebench-verified:sweb.eval.x86_64.django__django-15278,1.0,r2egym-qwen3-rl-100-steps-attempt-2,100,3042,abs_step_limit,138,0.7981867825403176,True,138
slimshetty/swebench-verified:sweb.eval.x86_64.sympy__sympy-19783,0.0,r2egym-qwen3-rl-100-steps-attempt-2,100,1513,abs_step_limit,9,0.8354835350552603,False,10
slimshetty/swebench-verified:sweb.eval.x86_64.matplotlib__matplotlib-25775,1.0,r2egym-qwen3-rl-100-steps-attempt-2,61,3876,token_limit,89,0.0474258733458629,True,92
slimshetty/swebench-verified:sweb.eval.x86_64.pydata__xarray-4629,1.0,r2egym-qwen3-rl-100-steps-attempt-2,33,505,token_limit,32,0.8933094103149355,True,32
slimshetty/swebench-verified:sweb.eval.x86_64.django__django-15022,1.0,r2egym-qwen3-rl-100-steps-attempt-2,100,3741,abs_step_limit,56,0.5312093733737563,True,56
slimshetty/swebench-verified:sweb.eval.x86_64.sympy__sympy-24066,1.0,r2egym-qwen3-rl-100-steps-attempt-2,46,3302,agent_max_step_limit,30,0.7981867873410141,True,30
slimshetty/swebench-verified:sweb.eval.x86_64.scikit-learn__scikit-learn-26194,0.0,r2egym-qwen3-rl-100-steps-attempt-2,100,799,abs_step_limit,181,0.8175744850834648,False,181
slimshetty/swebench-verified:sweb.eval.x86_64.django__django-13670,1.0,r2egym-qwen3-rl-100-steps-attempt-2,14,2039,agent,17,0.6224593382055109,True,17
slimshetty/swebench-verified:sweb.eval.x86_64.pylint-dev__pylint-6903,1.0,r2egym-qwen3-rl-100-steps-attempt-2,89,3269,token_limit,8,0.8519527963298947,True,8
slimshetty/swebench-verified:sweb.eval.x86_64.sympy__sympy-14976,0.0,r2egym-qwen3-rl-100-steps-attempt-2,41,2211,token_limit,5,0.0052201255992516,False,5
slimshetty/swebench-verified:sweb.eval.x86_64.django__django-16560,0.0,r2egym-qwen3-rl-100-steps-attempt-2,90,7039,agent_max_step_limit,66,0.5926665999540698,False,69
slimshetty/swebench-verified:sweb.eval.x86_64.sympy__sympy-15976,0.0,r2egym-qwen3-rl-100-steps-attempt-2,56,1147,token_limit,37,0.0259573576216457,False,37
slimshetty/swebench-verified:sweb.eval.x86_64.sympy__sympy-16597,0.0,r2egym-qwen3-rl-100-steps-attempt-2,28,586,agent,73,0.7981867801399694,False,76
slimshetty/swebench-verified:sweb.eval.x86_64.django__django-13449,1.0,r2egym-qwen3-rl-100-steps-attempt-2,75,2110,token_limit,46,0.6513548511303338,True,46
slimshetty/swebench-verified:sweb.eval.x86_64.django__django-13128,0.0,r2egym-qwen3-rl-100-steps-attempt-2,36,2984,agent,134,0.679178692681616,False,141
slimshetty/swebench-verified:sweb.eval.x86_64.django__django-14349,1.0,r2egym-qwen3-rl-100-steps-attempt-2,31,651,agent,18,0.8519527982093668,True,19
slimshetty/swebench-verified:sweb.eval.x86_64.sympy__sympy-24443,0.0,r2egym-qwen3-rl-100-steps-attempt-2,31,2073,agent,0,0.1645164710892692,False,0
slimshetty/swebench-verified:sweb.eval.x86_64.django__django-16333,0.0,r2egym-qwen3-rl-100-steps-attempt-2,100,3008,abs_step_limit,87,0.0002959569895242,False,87
slimshetty/swebench-verified:sweb.eval.x86_64.scikit-learn__scikit-learn-25931,0.0,r2egym-qwen3-rl-100-steps-attempt-2,49,2411,token_limit,0,0.0028009275335454,False,0
slimshetty/swebench-verified:sweb.eval.x86_64.django__django-15277,1.0,r2egym-qwen3-rl-100-steps-attempt-2,22,2091,agent,158,0.8519528076067261,True,159
slimshetty/swebench-verified:sweb.eval.x86_64.pallets__flask-5014,1.0,r2egym-qwen3-rl-100-steps-attempt-2,100,1973,abs_step_limit,59,0.7549149813536518,True,59
slimshetty/swebench-verified:sweb.eval.x86_64.django__django-14771,1.0,r2egym-qwen3-rl-100-steps-attempt-2,49,1263,agent_max_step_limit,60,0.7057850402140659,True,60
slimshetty/swebench-verified:sweb.eval.x86_64.django__django-11333,0.0,r2egym-qwen3-rl-100-steps-attempt-2,61,2064,token_limit,2,0.8354835411997898,False,2
slimshetty/swebench-verified:sweb.eval.x86_64.django__django-16612,0.0,r2egym-qwen3-rl-100-steps-attempt-2,100,2355,abs_step_limit,335,0.7549149923816048,False,333
slimshetty/swebench-verified:sweb.eval.x86_64.sympy__sympy-12481,1.0,r2egym-qwen3-rl-100-steps-attempt-2,33,1524,token_limit,7,0.7549149923816048,True,7
slimshetty/swebench-verified:sweb.eval.x86_64.sphinx-doc__sphinx-7454,0.0,r2egym-qwen3-rl-100-steps-attempt-2,67,2797,token_limit,27,0.0097084766157831,False,28
slimshetty/swebench-verified:sweb.eval.x86_64.sympy__sympy-11618,1.0,r2egym-qwen3-rl-100-steps-attempt-2,42,2444,agent_max_step_limit,4,0.8354835350552603,True,4
slimshetty/swebench-verified:sweb.eval.x86_64.sympy__sympy-19040,0.0,r2egym-qwen3-rl-100-steps-attempt-2,45,423,agent_max_step_limit,146,0.8807970795424088,False,146
slimshetty/swebench-verified:sweb.eval.x86_64.sympy__sympy-18698,0.0,r2egym-qwen3-rl-100-steps-attempt-2,39,1909,agent,147,0.4073334000459302,False,147
slimshetty/swebench-verified:sweb.eval.x86_64.django__django-16877,0.0,r2egym-qwen3-rl-100-steps-attempt-2,20,2225,agent,0,0.7310585903489891,False,0
slimshetty/swebench-verified:sweb.eval.x86_64.sympy__sympy-14711,0.0,r2egym-qwen3-rl-100-steps-attempt-2,100,315,abs_step_limit,2,0.0011695102855899,False,3
slimshetty/swebench-verified:sweb.eval.x86_64.django__django-15098,0.0,r2egym-qwen3-rl-100-steps-attempt-2,96,5044,token_limit,81,0.3208212878370535,False,83
slimshetty/swebench-verified:sweb.eval.x86_64.pydata__xarray-4075,1.0,r2egym-qwen3-rl-100-steps-attempt-2,25,2843,agent,958,0.8807970654616711,True,958
slimshetty/swebench-verified:sweb.eval.x86_64.sympy__sympy-13551,0.0,r2egym-qwen3-rl-100-steps-attempt-2,72,1809,token_limit,17,0.0004878571662085,False,17
slimshetty/swebench-verified:sweb.eval.x86_64.django__django-15382,0.0,r2egym-qwen3-rl-100-steps-attempt-2,72,2574,token_limit,161,0.7772998663336158,False,161
slimshetty/swebench-verified:sweb.eval.x86_64.django__django-16116,1.0,r2egym-qwen3-rl-100-steps-attempt-2,100,3897,abs_step_limit,137,0.5312093733737563,True,138
slimshetty/swebench-verified:sweb.eval.x86_64.scikit-learn__scikit-learn-10908,0.0,r2egym-qwen3-rl-100-steps-attempt-2,42,1482,agent_max_step_limit,47,0.8175744695262777,False,48
slimshetty/swebench-verified:sweb.eval.x86_64.sphinx-doc__sphinx-7985,0.0,r2egym-qwen3-rl-100-steps-attempt-2,98,2615,token_limit,3,0.7310585786300049,False,5
slimshetty/swebench-verified:sweb.eval.x86_64.django__django-14373,1.0,r2egym-qwen3-rl-100-steps-attempt-2,33,3252,agent,19,0.7981867777396212,True,19
slimshetty/swebench-verified:sweb.eval.x86_64.django__django-14140,0.0,r2egym-qwen3-rl-100-steps-attempt-2,38,4046,agent,199,0.8175744761936437,False,200
slimshetty/swebench-verified:sweb.eval.x86_64.django__django-9296,0.0,r2egym-qwen3-rl-100-steps-attempt-2,100,1813,abs_step_limit,14,0.4378234991142019,False,14
slimshetty/swebench-verified:sweb.eval.x86_64.django__django-10973,0.0,r2egym-qwen3-rl-100-steps-attempt-2,83,2133,token_limit,0,0.8670357683915538,False,0
slimshetty/swebench-verified:sweb.eval.x86_64.sympy__sympy-20916,0.0,r2egym-qwen3-rl-100-steps-attempt-2,50,0,token_limit,1,5.829125155090741e-05,False,2
slimshetty/swebench-verified:sweb.eval.x86_64.django__django-15104,1.0,r2egym-qwen3-rl-100-steps-attempt-2,41,2863,max_step_limit,131,0.7549149868676283,True,131
slimshetty/swebench-verified:sweb.eval.x86_64.matplotlib__matplotlib-23412,0.0,r2egym-qwen3-rl-100-steps-attempt-2,100,601,abs_step_limit,46,3.535624645301452e-05,False,46
slimshetty/swebench-verified:sweb.eval.x86_64.sympy__sympy-16450,0.0,r2egym-qwen3-rl-100-steps-attempt-2,100,0,abs_step_limit,38,2.144494328591592e-05,False,40
slimshetty/swebench-verified:sweb.eval.x86_64.django__django-15499,1.0,r2egym-qwen3-rl-100-steps-attempt-2,87,5281,token_limit,35,0.8670357649558006,True,35
slimshetty/swebench-verified:sweb.eval.x86_64.django__django-14351,0.0,r2egym-qwen3-rl-100-steps-attempt-2,100,4094,abs_step_limit,57,0.7772998663336158,False,57
slimshetty/swebench-verified:sweb.eval.x86_64.scikit-learn__scikit-learn-25102,0.0,r2egym-qwen3-rl-100-steps-attempt-2,42,5915,agent_max_step_limit,59,0.7549149978955811,False,59
slimshetty/swebench-verified:sweb.eval.x86_64.pytest-dev__pytest-10051,0.0,r2egym-qwen3-rl-100-steps-attempt-2,52,1012,token_limit,14,0.1645164608483867,False,14
slimshetty/swebench-verified:sweb.eval.x86_64.scikit-learn__scikit-learn-13439,1.0,r2egym-qwen3-rl-100-steps-attempt-2,40,3443,agent,40,0.8354835371034368,True,42
slimshetty/swebench-verified:sweb.eval.x86_64.django__django-15128,1.0,r2egym-qwen3-rl-100-steps-attempt-2,68,7946,token_limit,282,0.4073334000459302,True,282
slimshetty/swebench-verified:sweb.eval.x86_64.pydata__xarray-4094,1.0,r2egym-qwen3-rl-100-steps-attempt-2,47,689,agent_max_step_limit,862,0.8354835309589073,True,867
slimshetty/swebench-verified:sweb.eval.x86_64.django__django-16256,0.0,r2egym-qwen3-rl-100-steps-attempt-2,46,1626,agent_max_step_limit,53,0.3486451421018059,False,53
slimshetty/swebench-verified:sweb.eval.x86_64.matplotlib__matplotlib-26342,0.0,r2egym-qwen3-rl-100-steps-attempt-2,44,0,token_limit,81,6.605213670529732e-05,False,81
slimshetty/swebench-verified:sweb.eval.x86_64.matplotlib__matplotlib-24177,0.0,r2egym-qwen3-rl-100-steps-attempt-2,32,1973,agent,768,0.8354835411997898,False,768
slimshetty/swebench-verified:sweb.eval.x86_64.sphinx-doc__sphinx-9281,0.0,r2egym-qwen3-rl-100-steps-attempt-2,29,22886,llm_query_error,38,0.0,False,38
slimshetty/swebench-verified:sweb.eval.x86_64.scikit-learn__scikit-learn-13124,1.0,r2egym-qwen3-rl-100-steps-attempt-2,41,5867,max_step_limit,60,0.679178699175393,True,61
slimshetty/swebench-verified:sweb.eval.x86_64.sphinx-doc__sphinx-8548,0.0,r2egym-qwen3-rl-100-steps-attempt-2,100,2765,abs_step_limit,5,0.6791786861878392,False,4
slimshetty/swebench-verified:sweb.eval.x86_64.django__django-11292,0.0,r2egym-qwen3-rl-100-steps-attempt-2,56,0,token_limit,31,3.120191506550783e-05,False,31
slimshetty/swebench-verified:sweb.eval.x86_64.scikit-learn__scikit-learn-14983,0.0,r2egym-qwen3-rl-100-steps-attempt-2,48,1636,agent_max_step_limit,105,0.5312093733737563,False,105
slimshetty/swebench-verified:sweb.eval.x86_64.sphinx-doc__sphinx-8056,0.0,r2egym-qwen3-rl-100-steps-attempt-2,41,906,token_limit,40,0.000335350262982,False,39
slimshetty/swebench-verified:sweb.eval.x86_64.pytest-dev__pytest-7432,1.0,r2egym-qwen3-rl-100-steps-attempt-2,19,2493,agent,77,0.7549149868676284,True,76
slimshetty/swebench-verified:sweb.eval.x86_64.scikit-learn__scikit-learn-11578,1.0,r2egym-qwen3-rl-100-steps-attempt-2,34,2916,agent,93,0.8354835309589074,True,89
slimshetty/swebench-verified:sweb.eval.x86_64.pydata__xarray-7233,1.0,r2egym-qwen3-rl-100-steps-attempt-2,20,1324,agent,189,0.8354835432479661,True,189
slimshetty/swebench-verified:sweb.eval.x86_64.pylint-dev__pylint-4604,0.0,r2egym-qwen3-rl-100-steps-attempt-2,100,1419,abs_step_limit,0,0.0017007223483838,False,20
slimshetty/swebench-verified:sweb.eval.x86_64.sympy__sympy-15345,0.0,r2egym-qwen3-rl-100-steps-attempt-2,100,1417,abs_step_limit,5,0.0140636300908485,False,5
slimshetty/swebench-verified:sweb.eval.x86_64.django__django-11299,0.0,r2egym-qwen3-rl-100-steps-attempt-2,100,3554,abs_step_limit,98,0.7310585903489892,False,99
slimshetty/swebench-verified:sweb.eval.x86_64.django__django-12273,0.0,r2egym-qwen3-rl-100-steps-attempt-2,100,1694,abs_step_limit,27,0.0006263340779168,False,27
slimshetty/swebench-verified:sweb.eval.x86_64.django__django-13933,1.0,r2egym-qwen3-rl-100-steps-attempt-2,100,3078,abs_step_limit,19,0.6224593241981982,True,19
slimshetty/swebench-verified:sweb.eval.x86_64.django__django-14855,1.0,r2egym-qwen3-rl-100-steps-attempt-2,100,3436,abs_step_limit,325,0.8354835330070839,True,325
slimshetty/swebench-verified:sweb.eval.x86_64.django__django-15987,1.0,r2egym-qwen3-rl-100-steps-attempt-2,78,3958,token_limit,52,0.8933094032139576,True,53
slimshetty/swebench-verified:sweb.eval.x86_64.matplotlib__matplotlib-23314,1.0,r2egym-qwen3-rl-100-steps-attempt-2,42,1162,agent_max_step_limit,862,0.8519528019683105,True,862
slimshetty/swebench-verified:sweb.eval.x86_64.pytest-dev__pytest-7236,1.0,r2egym-qwen3-rl-100-steps-attempt-2,23,1404,agent,51,0.7772998508568416,True,50
slimshetty/swebench-verified:sweb.eval.x86_64.django__django-13568,0.0,r2egym-qwen3-rl-100-steps-attempt-2,100,4659,abs_step_limit,12,0.2018132294614237,False,12
slimshetty/swebench-verified:sweb.eval.x86_64.sphinx-doc__sphinx-8721,0.0,r2egym-qwen3-rl-100-steps-attempt-2,58,906,token_limit,3,0.0006263342322538,False,2
slimshetty/swebench-verified:sweb.eval.x86_64.sympy__sympy-20438,0.0,r2egym-qwen3-rl-100-steps-attempt-2,36,0,token_limit,93,8.481106132783505e-05,False,94
slimshetty/swebench-verified:sweb.eval.x86_64.django__django-11740,1.0,r2egym-qwen3-rl-100-steps-attempt-2,100,4219,abs_step_limit,109,0.6513548714339145,True,109
slimshetty/swebench-verified:sweb.eval.x86_64.django__django-14539,0.0,r2egym-qwen3-rl-100-steps-attempt-2,55,5431,token_limit,14,0.0066928509242848,False,14
slimshetty/swebench-verified:sweb.eval.x86_64.django__django-15467,1.0,r2egym-qwen3-rl-100-steps-attempt-2,100,4030,abs_step_limit,62,0.8670357477770337,True,62
slimshetty/swebench-verified:sweb.eval.x86_64.django__django-14034,0.0,r2egym-qwen3-rl-100-steps-attempt-2,72,0,token_limit,12,1.1478764016780948e-05,False,12
slimshetty/swebench-verified:sweb.eval.x86_64.sympy__sympy-22914,1.0,r2egym-qwen3-rl-100-steps-attempt-2,70,3564,agent_max_step_limit,17,0.8670357683915538,True,18
slimshetty/swebench-verified:sweb.eval.x86_64.psf__requests-2317,1.0,r2egym-qwen3-rl-100-steps-attempt-2,21,1485,agent,133,0.8175744739711883,True,0
slimshetty/swebench-verified:sweb.eval.x86_64.scikit-learn__scikit-learn-14710,0.0,r2egym-qwen3-rl-100-steps-attempt-2,23,1751,agent,0,0.8519527982093668,False,0
slimshetty/swebench-verified:sweb.eval.x86_64.django__django-13344,0.0,r2egym-qwen3-rl-100-steps-attempt-2,100,0,abs_step_limit,356,7.484622689092787e-05,False,356
slimshetty/swebench-verified:sweb.eval.x86_64.django__django-16502,0.0,r2egym-qwen3-rl-100-steps-attempt-2,44,503,agent_max_step_limit,4,0.6513548646660543,False,4
slimshetty/swebench-verified:sweb.eval.x86_64.psf__requests-1921,1.0,r2egym-qwen3-rl-100-steps-attempt-2,36,3207,agent,107,0.8175744850834648,True,118
slimshetty/swebench-verified:sweb.eval.x86_64.django__django-12663,0.0,r2egym-qwen3-rl-100-steps-attempt-2,90,2763,token_limit,135,0.3775406758018018,False,135
slimshetty/swebench-verified:sweb.eval.x86_64.django__django-12965,0.0,r2egym-qwen3-rl-100-steps-attempt-2,100,2664,abs_step_limit,52,0.0009110510521973,False,52
slimshetty/swebench-verified:sweb.eval.x86_64.django__django-14752,1.0,r2egym-qwen3-rl-100-steps-attempt-2,65,5218,token_limit,15,0.4378234991142019,True,15
slimshetty/swebench-verified:sweb.eval.x86_64.django__django-15127,0.0,r2egym-qwen3-rl-100-steps-attempt-2,15,1565,agent,1,0.7549149758396752,False,1
slimshetty/swebench-verified:sweb.eval.x86_64.django__django-11880,1.0,r2egym-qwen3-rl-100-steps-attempt-2,49,1686,token_limit,114,0.7772998663336158,True,114
slimshetty/swebench-verified:sweb.eval.x86_64.django__django-16631,0.0,r2egym-qwen3-rl-100-steps-attempt-2,37,0,token_limit,12,4.006370170788174e-05,False,12
slimshetty/swebench-verified:sweb.eval.x86_64.django__django-14493,1.0,r2egym-qwen3-rl-100-steps-attempt-2,41,2528,max_step_limit,36,0.7549149813536518,True,36
slimshetty/swebench-verified:sweb.eval.x86_64.sympy__sympy-20801,0.0,r2egym-qwen3-rl-100-steps-attempt-2,57,1155,token_limit,96,0.8807970889295664,False,96
slimshetty/swebench-verified:sweb.eval.x86_64.matplotlib__matplotlib-25960,0.0,r2egym-qwen3-rl-100-steps-attempt-2,62,1483,agent_max_step_limit,131,0.8519528038477825,False,131
slimshetty/swebench-verified:sweb.eval.x86_64.matplotlib__matplotlib-21568,0.0,r2egym-qwen3-rl-100-steps-attempt-2,51,1163,agent_max_step_limit,73,0.1645164588002102,False,76
slimshetty/swebench-verified:sweb.eval.x86_64.scikit-learn__scikit-learn-14894,1.0,r2egym-qwen3-rl-100-steps-attempt-2,56,1810,token_limit,85,0.9046505395995929,True,85
slimshetty/swebench-verified:sweb.eval.x86_64.sympy__sympy-21930,0.0,r2egym-qwen3-rl-100-steps-attempt-2,57,451,token_limit,45,0.0953494559017051,False,49
slimshetty/swebench-verified:sweb.eval.x86_64.django__django-12143,1.0,r2egym-qwen3-rl-100-steps-attempt-2,100,1866,abs_step_limit,52,0.7057850278370112,True,52
slimshetty/swebench-verified:sweb.eval.x86_64.scikit-learn__scikit-learn-13135,1.0,r2egym-qwen3-rl-100-steps-attempt-2,35,3244,agent,33,0.904650530602188,True,34
slimshetty/swebench-verified:sweb.eval.x86_64.django__django-16938,0.0,r2egym-qwen3-rl-100-steps-attempt-2,100,3126,abs_step_limit,65,0.0008040857950496,False,88
slimshetty/swebench-verified:sweb.eval.x86_64.sphinx-doc__sphinx-9711,0.0,r2egym-qwen3-rl-100-steps-attempt-2,100,423,abs_step_limit,0,0.0013250222585431,False,0
slimshetty/swebench-verified:sweb.eval.x86_64.matplotlib__matplotlib-26113,1.0,r2egym-qwen3-rl-100-steps-attempt-2,41,1907,max_step_limit,812,0.8354835309589074,True,812
slimshetty/swebench-verified:sweb.eval.x86_64.pydata__xarray-6599,0.0,r2egym-qwen3-rl-100-steps-attempt-2,19,2718,agent,263,0.1645164649447396,False,263
slimshetty/swebench-verified:sweb.eval.x86_64.django__django-12304,0.0,r2egym-qwen3-rl-100-steps-attempt-2,100,924,abs_step_limit,17,0.0005527785886541,False,17
slimshetty/swebench-verified:sweb.eval.x86_64.django__django-12713,1.0,r2egym-qwen3-rl-100-steps-attempt-2,100,5103,abs_step_limit,58,0.8175744739711883,True,58
slimshetty/swebench-verified:sweb.eval.x86_64.scikit-learn__scikit-learn-12973,0.0,r2egym-qwen3-rl-100-steps-attempt-2,41,955,max_step_limit,32,0.8354835452961427,False,30
slimshetty/swebench-verified:sweb.eval.x86_64.scikit-learn__scikit-learn-13496,1.0,r2egym-qwen3-rl-100-steps-attempt-2,62,832,token_limit,19,0.075858185766691,True,19
slimshetty/swebench-verified:sweb.eval.x86_64.django__django-16950,0.0,r2egym-qwen3-rl-100-steps-attempt-2,86,0,token_limit,3,1.4738985479697128e-05,False,3
slimshetty/swebench-verified:sweb.eval.x86_64.django__django-13279,1.0,r2egym-qwen3-rl-100-steps-attempt-2,20,2385,agent,346,0.7772998663336158,True,346
slimshetty/swebench-verified:sweb.eval.x86_64.scikit-learn__scikit-learn-25973,0.0,r2egym-qwen3-rl-100-steps-attempt-2,50,0,token_limit,72,0.0002611902427268,False,72
slimshetty/swebench-verified:sweb.eval.x86_64.matplotlib__matplotlib-14623,1.0,r2egym-qwen3-rl-100-steps-attempt-2,60,1927,agent_max_step_limit,400,0.6513548646660542,True,401
slimshetty/swebench-verified:sweb.eval.x86_64.astropy__astropy-13236,0.0,r2egym-qwen3-rl-100-steps-attempt-2,100,1755,abs_step_limit,644,0.4073334000459302,False,643
slimshetty/swebench-verified:sweb.eval.x86_64.sphinx-doc__sphinx-11510,0.0,r2egym-qwen3-rl-100-steps-attempt-2,35,3416,agent,7,0.8175744761936438,False,7
slimshetty/swebench-verified:sweb.eval.x86_64.sympy__sympy-13647,0.0,r2egym-qwen3-rl-100-steps-attempt-2,44,795,agent_max_step_limit,76,0.798186768138228,False,76
slimshetty/swebench-verified:sweb.eval.x86_64.sympy__sympy-23950,0.0,r2egym-qwen3-rl-100-steps-attempt-2,100,301,token_limit,4,0.0040701375932026,False,5
slimshetty/swebench-verified:sweb.eval.x86_64.pydata__xarray-3095,0.0,r2egym-qwen3-rl-100-steps-attempt-2,61,1507,token_limit,253,0.0031726828498487,False,242
slimshetty/swebench-verified:sweb.eval.x86_64.django__django-15268,0.0,r2egym-qwen3-rl-100-steps-attempt-2,66,3702,token_limit,126,0.8354835411997897,False,126
slimshetty/swebench-verified:sweb.eval.x86_64.sympy__sympy-15875,0.0,r2egym-qwen3-rl-100-steps-attempt-2,15,2809,agent,58,0.7981867705385763,False,58
slimshetty/swebench-verified:sweb.eval.x86_64.django__django-11999,1.0,r2egym-qwen3-rl-100-steps-attempt-2,31,2068,agent,30,0.8175744806385542,True,30
slimshetty/swebench-verified:sweb.eval.x86_64.django__django-16527,1.0,r2egym-qwen3-rl-100-steps-attempt-2,70,1825,token_limit,6,0.8175744828610095,True,6
slimshetty/swebench-verified:sweb.eval.x86_64.sympy__sympy-19637,1.0,r2egym-qwen3-rl-100-steps-attempt-2,31,697,token_limit,40,0.0420877240106761,True,41
slimshetty/swebench-verified:sweb.eval.x86_64.sympy__sympy-13798,0.0,r2egym-qwen3-rl-100-steps-attempt-2,55,2721,token_limit,2,0.1329642281726931,False,2
slimshetty/swebench-verified:sweb.eval.x86_64.django__django-16819,1.0,r2egym-qwen3-rl-100-steps-attempt-2,100,2804,abs_step_limit,38,0.7310585844894971,True,38
slimshetty/swebench-verified:sweb.eval.x86_64.astropy__astropy-7671,0.0,r2egym-qwen3-rl-100-steps-attempt-2,21,1028,agent,0,0.7772998611746912,False,0
slimshetty/swebench-verified:sweb.eval.x86_64.sphinx-doc__sphinx-8593,0.0,r2egym-qwen3-rl-100-steps-attempt-2,78,906,token_limit,1,0.0004878570411238,False,3
slimshetty/swebench-verified:sweb.eval.x86_64.sympy__sympy-23413,0.0,r2egym-qwen3-rl-100-steps-attempt-2,68,2267,token_limit,2,0.0758581763650499,False,2
slimshetty/swebench-verified:sweb.eval.x86_64.django__django-15957,0.0,r2egym-qwen3-rl-100-steps-attempt-2,73,4078,token_limit,89,0.0066928499800834,False,89
slimshetty/swebench-verified:sweb.eval.x86_64.matplotlib__matplotlib-22865,0.0,r2egym-qwen3-rl-100-steps-attempt-2,100,1432,abs_step_limit,56,0.7310585669110203,False,56
slimshetty/swebench-verified:sweb.eval.x86_64.sphinx-doc__sphinx-10449,1.0,r2egym-qwen3-rl-100-steps-attempt-2,75,2430,token_limit,30,0.8670357546485407,True,31
slimshetty/swebench-verified:sweb.eval.x86_64.sphinx-doc__sphinx-8475,1.0,r2egym-qwen3-rl-100-steps-attempt-2,18,5472,agent,17,0.8807970701552504,True,17
slimshetty/swebench-verified:sweb.eval.x86_64.django__django-15563,0.0,r2egym-qwen3-rl-100-steps-attempt-2,62,5183,token_limit,28,0.4073334000459302,False,28
slimshetty/swebench-verified:sweb.eval.x86_64.sympy__sympy-20428,0.0,r2egym-qwen3-rl-100-steps-attempt-2,82,1910,token_limit,154,0.0028009268734756,False,154
slimshetty/swebench-verified:sweb.eval.x86_64.matplotlib__matplotlib-26291,0.0,r2egym-qwen3-rl-100-steps-attempt-2,94,0,token_limit,49,2.144495862881405e-05,False,49
slimshetty/swebench-verified:sweb.eval.x86_64.pytest-dev__pytest-7490,1.0,r2egym-qwen3-rl-100-steps-attempt-2,53,1733,agent_max_step_limit,78,0.6513548646660543,True,78
slimshetty/swebench-verified:sweb.eval.x86_64.django__django-13158,0.0,r2egym-qwen3-rl-100-steps-attempt-2,45,2516,token_limit,29,0.0066928506828169,False,29
slimshetty/swebench-verified:sweb.eval.x86_64.sphinx-doc__sphinx-8551,0.0,r2egym-qwen3-rl-100-steps-attempt-2,100,2937,abs_step_limit,28,0.1329642453514593,False,28
slimshetty/swebench-verified:sweb.eval.x86_64.django__django-13837,0.0,r2egym-qwen3-rl-100-steps-attempt-2,69,7483,token_limit,50,0.4378234991142019,False,55
slimshetty/swebench-verified:sweb.eval.x86_64.astropy__astropy-13398,0.0,r2egym-qwen3-rl-100-steps-attempt-2,56,0,token_limit,68,5.14422074125194e-05,False,68
slimshetty/swebench-verified:sweb.eval.x86_64.pydata__xarray-6938,0.0,r2egym-qwen3-rl-100-steps-attempt-2,55,2041,agent_max_step_limit,430,0.5,False,430
slimshetty/swebench-verified:sweb.eval.x86_64.django__django-11790,1.0,r2egym-qwen3-rl-100-steps-attempt-2,24,1968,agent,77,0.7981867777396212,True,79
slimshetty/swebench-verified:sweb.eval.x86_64.pytest-dev__pytest-7521,0.0,r2egym-qwen3-rl-100-steps-attempt-2,49,517,agent_max_step_limit,123,0.8670357477770337,False,122
slimshetty/swebench-verified:sweb.eval.x86_64.sympy__sympy-12419,1.0,r2egym-qwen3-rl-100-steps-attempt-2,97,2159,token_limit,25,0.6224593312018545,True,26
slimshetty/swebench-verified:sweb.eval.x86_64.sympy__sympy-15017,1.0,r2egym-qwen3-rl-100-steps-attempt-2,98,1592,token_limit,14,0.8175744761936437,True,14
slimshetty/swebench-verified:sweb.eval.x86_64.django__django-12406,0.0,r2egym-qwen3-rl-100-steps-attempt-2,72,3506,token_limit,155,0.6791787056691697,False,155
slimshetty/swebench-verified:sweb.eval.x86_64.sympy__sympy-24562,1.0,r2egym-qwen3-rl-100-steps-attempt-2,13,405,agent,105,0.8933094159957173,True,105
slimshetty/swebench-verified:sweb.eval.x86_64.scikit-learn__scikit-learn-10844,1.0,r2egym-qwen3-rl-100-steps-attempt-2,46,1484,agent_max_step_limit,16,0.8519528057272543,True,17
slimshetty/swebench-verified:sweb.eval.x86_64.sphinx-doc__sphinx-7440,0.0,r2egym-qwen3-rl-100-steps-attempt-2,100,0,abs_step_limit,12,5.8291293247581486e-05,False,13
slimshetty/swebench-verified:sweb.eval.x86_64.pydata__xarray-2905,0.0,r2egym-qwen3-rl-100-steps-attempt-2,63,2172,token_limit,364,0.6224593312018546,False,365
slimshetty/swebench-verified:sweb.eval.x86_64.pytest-dev__pytest-7571,1.0,r2egym-qwen3-rl-100-steps-attempt-2,20,801,agent,14,0.798186768138228,True,14
slimshetty/swebench-verified:sweb.eval.x86_64.django__django-16429,1.0,r2egym-qwen3-rl-100-steps-attempt-2,35,3074,agent,21,0.8519528000888386,True,17
slimshetty/swebench-verified:sweb.eval.x86_64.django__django-16595,1.0,r2egym-qwen3-rl-100-steps-attempt-2,41,2561,max_step_limit,37,0.8354835350552604,True,37
slimshetty/swebench-verified:sweb.eval.x86_64.matplotlib__matplotlib-26208,0.0,r2egym-qwen3-rl-100-steps-attempt-2,60,588,token_limit,813,0.0534033284815934,False,813
slimshetty/swebench-verified:sweb.eval.x86_64.scikit-learn__scikit-learn-14087,0.0,r2egym-qwen3-rl-100-steps-attempt-2,45,1867,token_limit,144,0.0474258762068979,False,143
slimshetty/swebench-verified:sweb.eval.x86_64.django__django-11477,0.0,r2egym-qwen3-rl-100-steps-attempt-2,51,3022,token_limit,151,0.0203323544928187,False,153
slimshetty/swebench-verified:sweb.eval.x86_64.scikit-learn__scikit-learn-12682,0.0,r2egym-qwen3-rl-100-steps-attempt-2,100,0,abs_step_limit,66,1.6701419849933667e-05,False,66
slimshetty/swebench-verified:sweb.eval.x86_64.django__django-15732,0.0,r2egym-qwen3-rl-100-steps-attempt-2,92,3603,token_limit,125,0.0850990432667762,False,124
slimshetty/swebench-verified:sweb.eval.x86_64.django__django-13786,1.0,r2egym-qwen3-rl-100-steps-attempt-2,68,1986,token_limit,33,0.8354835330070839,True,33
slimshetty/swebench-verified:sweb.eval.x86_64.django__django-14238,1.0,r2egym-qwen3-rl-100-steps-attempt-2,84,2888,token_limit,39,0.8807970826714614,True,40
slimshetty/swebench-verified:sweb.eval.x86_64.astropy__astropy-14182,0.0,r2egym-qwen3-rl-100-steps-attempt-2,43,1035,agent_max_step_limit,9,0.3486451488696663,False,9
slimshetty/swebench-verified:sweb.eval.x86_64.sphinx-doc__sphinx-7462,0.0,r2egym-qwen3-rl-100-steps-attempt-2,27,2346,agent,49,0.8670357666736772,False,50
slimshetty/swebench-verified:sweb.eval.x86_64.django__django-10880,0.0,r2egym-qwen3-rl-100-steps-attempt-2,100,2552,abs_step_limit,54,0.7981867729389246,False,54
slimshetty/swebench-verified:sweb.eval.x86_64.pydata__xarray-7393,0.0,r2egym-qwen3-rl-100-steps-attempt-2,72,1407,token_limit,70,0.0124316482348126,False,70
slimshetty/swebench-verified:sweb.eval.x86_64.django__django-13794,0.0,r2egym-qwen3-rl-100-steps-attempt-2,32,3475,agent,19,0.7310585786300048,False,19
slimshetty/swebench-verified:sweb.eval.x86_64.django__django-11087,0.0,r2egym-qwen3-rl-100-steps-attempt-2,44,0,token_limit,41,0.0001584361775976,False,41
slimshetty/swebench-verified:sweb.eval.x86_64.matplotlib__matplotlib-22871,0.0,r2egym-qwen3-rl-100-steps-attempt-2,100,1427,abs_step_limit,87,0.2018132270610754,False,88
slimshetty/swebench-verified:sweb.eval.x86_64.sympy__sympy-24213,1.0,r2egym-qwen3-rl-100-steps-attempt-2,35,3627,agent,31,0.8670357580842941,True,31
slimshetty/swebench-verified:sweb.eval.x86_64.sphinx-doc__sphinx-7889,1.0,r2egym-qwen3-rl-100-steps-attempt-2,41,1950,max_step_limit,5,0.817574478416099,True,7
slimshetty/swebench-verified:sweb.eval.x86_64.django__django-12155,1.0,r2egym-qwen3-rl-100-steps-attempt-2,91,2102,token_limit,6,0.7981867849406659,True,0
slimshetty/swebench-verified:sweb.eval.x86_64.django__django-14404,0.0,r2egym-qwen3-rl-100-steps-attempt-2,79,2613,token_limit,323,0.7549149813536518,False,323
slimshetty/swebench-verified:sweb.eval.x86_64.django__django-16899,0.0,r2egym-qwen3-rl-100-steps-attempt-2,88,3191,token_limit,54,0.8933094081846421,False,54
slimshetty/swebench-verified:sweb.eval.x86_64.django__django-13551,0.0,r2egym-qwen3-rl-100-steps-attempt-2,16,2364,agent,56,0.6791786861878392,False,57
slimshetty/swebench-verified:sweb.eval.x86_64.django__django-15731,1.0,r2egym-qwen3-rl-100-steps-attempt-2,100,1636,abs_step_limit,58,0.0600866548025967,True,57
slimshetty/swebench-verified:sweb.eval.x86_64.pytest-dev__pytest-8399,1.0,r2egym-qwen3-rl-100-steps-attempt-2,79,1413,agent_max_step_limit,59,0.6224593312018546,True,59
slimshetty/swebench-verified:sweb.eval.x86_64.sphinx-doc__sphinx-10673,1.0,r2egym-qwen3-rl-100-steps-attempt-2,41,3062,max_step_limit,9,0.5621765008857981,True,9
slimshetty/swebench-verified:sweb.eval.x86_64.django__django-11179,1.0,r2egym-qwen3-rl-100-steps-attempt-2,40,3547,agent,40,0.8354835391516133,True,40
slimshetty/swebench-verified:sweb.eval.x86_64.django__django-12774,1.0,r2egym-qwen3-rl-100-steps-attempt-2,27,1142,agent,41,0.8519528076067262,True,40
slimshetty/swebench-verified:sweb.eval.x86_64.django__django-13516,0.0,r2egym-qwen3-rl-100-steps-attempt-2,66,5507,token_limit,43,0.7549149923816048,False,43
slimshetty/swebench-verified:sweb.eval.x86_64.sphinx-doc__sphinx-9591,0.0,r2egym-qwen3-rl-100-steps-attempt-2,67,1900,token_limit,44,0.3775406687981454,False,45
slimshetty/swebench-verified:sweb.eval.x86_64.django__django-15695,0.0,r2egym-qwen3-rl-100-steps-attempt-2,47,3452,agent_max_step_limit,123,0.8519528076067262,False,124
slimshetty/swebench-verified:sweb.eval.x86_64.django__django-14170,0.0,r2egym-qwen3-rl-100-steps-attempt-2,100,1036,abs_step_limit,0,0.000108896960795,False,0
slimshetty/swebench-verified:sweb.eval.x86_64.django__django-13112,0.0,r2egym-qwen3-rl-100-steps-attempt-2,63,0,token_limit,63,6.605215236389237e-05,False,63
slimshetty/swebench-verified:sweb.eval.x86_64.matplotlib__matplotlib-20676,0.0,r2egym-qwen3-rl-100-steps-attempt-2,44,0,token_limit,32,5.8291265441454815e-05,False,32
slimshetty/swebench-verified:sweb.eval.x86_64.sphinx-doc__sphinx-9461,0.0,r2egym-qwen3-rl-100-steps-attempt-2,100,2488,abs_step_limit,59,0.3486451285660856,False,61
slimshetty/swebench-verified:sweb.eval.x86_64.mwaskom__seaborn-3187,0.0,r2egym-qwen3-rl-100-steps-attempt-2,86,2047,token_limit,248,0.651354857898194,False,249
slimshetty/swebench-verified:sweb.eval.x86_64.matplotlib__matplotlib-24149,1.0,r2egym-qwen3-rl-100-steps-attempt-2,18,731,agent,767,0.7310585844894971,True,767
slimshetty/swebench-verified:sweb.eval.x86_64.django__django-11095,1.0,r2egym-qwen3-rl-100-steps-attempt-2,86,3708,token_limit,19,0.7981867729389246,True,19
slimshetty/swebench-verified:sweb.eval.x86_64.pylint-dev__pylint-4661,0.0,r2egym-qwen3-rl-100-steps-attempt-2,100,710,abs_step_limit,0,0.0758581727088564,False,50
slimshetty/swebench-verified:sweb.eval.x86_64.psf__requests-1766,1.0,r2egym-qwen3-rl-100-steps-attempt-2,76,3124,token_limit,79,0.6791786861878392,True,88
slimshetty/swebench-verified:sweb.eval.x86_64.django__django-14915,0.0,r2egym-qwen3-rl-100-steps-attempt-2,82,0,token_limit,23,9.610246035682708e-05,False,23
slimshetty/swebench-verified:sweb.eval.x86_64.django__django-16801,1.0,r2egym-qwen3-rl-100-steps-attempt-2,94,3321,token_limit,17,0.8519528076067262,True,17
slimshetty/swebench-verified:sweb.eval.x86_64.scikit-learn__scikit-learn-14629,0.0,r2egym-qwen3-rl-100-steps-attempt-2,100,1927,abs_step_limit,26,0.6513548714339144,False,24
slimshetty/swebench-verified:sweb.eval.x86_64.django__django-16139,1.0,r2egym-qwen3-rl-100-steps-attempt-2,92,3354,token_limit,86,0.8670357529306639,True,86
slimshetty/swebench-verified:sweb.eval.x86_64.django__django-15572,1.0,r2egym-qwen3-rl-100-steps-attempt-2,99,5644,token_limit,10,0.7981867801399695,True,10
slimshetty/swebench-verified:sweb.eval.x86_64.matplotlib__matplotlib-24627,0.0,r2egym-qwen3-rl-100-steps-attempt-2,100,976,abs_step_limit,776,0.9046505254608136,False,776
slimshetty/swebench-verified:sweb.eval.x86_64.django__django-14122,1.0,r2egym-qwen3-rl-100-steps-attempt-2,69,3300,token_limit,26,0.4073334000459302,True,26
slimshetty/swebench-verified:sweb.eval.x86_64.matplotlib__matplotlib-20859,1.0,r2egym-qwen3-rl-100-steps-attempt-2,100,2016,abs_step_limit,88,0.7981867729389246,True,0
slimshetty/swebench-verified:sweb.eval.x86_64.django__django-14608,0.0,r2egym-qwen3-rl-100-steps-attempt-2,53,3083,token_limit,378,0.0059110682077441,False,379
slimshetty/swebench-verified:sweb.eval.x86_64.sympy__sympy-22080,0.0,r2egym-qwen3-rl-100-steps-attempt-2,44,1117,token_limit,90,0.8519528057272543,False,92
slimshetty/swebench-verified:sweb.eval.x86_64.matplotlib__matplotlib-22719,0.0,r2egym-qwen3-rl-100-steps-attempt-2,42,1870,agent_max_step_limit,29,0.5312093733737563,False,29
slimshetty/swebench-verified:sweb.eval.x86_64.scikit-learn__scikit-learn-11310,1.0,r2egym-qwen3-rl-100-steps-attempt-2,20,2064,agent,50,0.8519528000888386,True,51
slimshetty/swebench-verified:sweb.eval.x86_64.django__django-13925,0.0,r2egym-qwen3-rl-100-steps-attempt-2,59,2727,agent_max_step_limit,24,0.5621765008857981,False,22
slimshetty/swebench-verified:sweb.eval.x86_64.django__django-16569,1.0,r2egym-qwen3-rl-100-steps-attempt-2,22,3867,agent,111,0.8670357512127873,True,113
slimshetty/swebench-verified:sweb.eval.x86_64.django__django-11820,0.0,r2egym-qwen3-rl-100-steps-attempt-2,99,0,token_limit,61,1.8925141461620395e-05,False,61
slimshetty/swebench-verified:sweb.eval.x86_64.django__django-11964,0.0,r2egym-qwen3-rl-100-steps-attempt-2,60,0,token_limit,15,7.484622704503191e-05,False,16
slimshetty/swebench-verified:sweb.eval.x86_64.sphinx-doc__sphinx-8621,0.0,r2egym-qwen3-rl-100-steps-attempt-2,100,3250,abs_step_limit,31,0.0006263341391998,False,31
slimshetty/swebench-verified:sweb.eval.x86_64.django__django-11728,0.0,r2egym-qwen3-rl-100-steps-attempt-2,24,3320,agent,42,0.731058584489497,False,45
slimshetty/swebench-verified:sweb.eval.x86_64.sphinx-doc__sphinx-9367,1.0,r2egym-qwen3-rl-100-steps-attempt-2,100,580,abs_step_limit,25,0.8670357683915537,True,25
slimshetty/swebench-verified:sweb.eval.x86_64.sphinx-doc__sphinx-8638,0.0,r2egym-qwen3-rl-100-steps-attempt-2,61,3092,agent_max_step_limit,34,0.2942149659744614,False,34
slimshetty/swebench-verified:sweb.eval.x86_64.django__django-11400,0.0,r2egym-qwen3-rl-100-steps-attempt-2,87,5185,token_limit,58,0.7772998663336158,False,58
slimshetty/swebench-verified:sweb.eval.x86_64.django__django-15629,0.0,r2egym-qwen3-rl-100-steps-attempt-2,100,816,abs_step_limit,115,0.6513548646660542,False,115
slimshetty/swebench-verified:sweb.eval.x86_64.pytest-dev__pytest-5840,0.0,r2egym-qwen3-rl-100-steps-attempt-2,48,0,token_limit,51,0.0002305067103764,False,52
slimshetty/swebench-verified:sweb.eval.x86_64.pylint-dev__pylint-6386,0.0,r2egym-qwen3-rl-100-steps-attempt-2,100,1473,abs_step_limit,7,0.1192029173285386,False,7
slimshetty/swebench-verified:sweb.eval.x86_64.sphinx-doc__sphinx-9230,0.0,r2egym-qwen3-rl-100-steps-attempt-2,70,2503,token_limit,44,0.3486451285660856,False,45
slimshetty/swebench-verified:sweb.eval.x86_64.django__django-16493,1.0,r2egym-qwen3-rl-100-steps-attempt-2,56,7151,agent_max_step_limit,91,0.7549149868676283,True,91
slimshetty/swebench-verified:sweb.eval.x86_64.sympy__sympy-14531,0.0,r2egym-qwen3-rl-100-steps-attempt-2,36,0,token_limit,84,2.144494584900696e-05,False,86
slimshetty/swebench-verified:sweb.eval.x86_64.django__django-14311,0.0,r2egym-qwen3-rl-100-steps-attempt-2,100,2879,abs_step_limit,56,0.4687906266262437,False,56
slimshetty/swebench-verified:sweb.eval.x86_64.django__django-16485,1.0,r2egym-qwen3-rl-100-steps-attempt-2,16,2472,agent,9,0.7981867801399695,True,10
slimshetty/swebench-verified:sweb.eval.x86_64.django__django-12209,1.0,r2egym-qwen3-rl-100-steps-attempt-2,43,4427,agent_max_step_limit,0,0.8354835411997897,True,1
slimshetty/swebench-verified:sweb.eval.x86_64.sphinx-doc__sphinx-10466,1.0,r2egym-qwen3-rl-100-steps-attempt-2,100,2072,abs_step_limit,6,0.6791787121629466,True,6
slimshetty/swebench-verified:sweb.eval.x86_64.django__django-15554,0.0,r2egym-qwen3-rl-100-steps-attempt-2,50,0,token_limit,41,0.0001398220233166,False,41
slimshetty/swebench-verified:sweb.eval.x86_64.django__django-16661,0.0,r2egym-qwen3-rl-100-steps-attempt-2,67,2226,token_limit,36,0.8807970873650403,False,36
slimshetty/swebench-verified:sweb.eval.x86_64.sympy__sympy-13480,1.0,r2egym-qwen3-rl-100-steps-attempt-2,42,594,agent_max_step_limit,43,0.9149009480320036,True,44
slimshetty/swebench-verified:sweb.eval.x86_64.django__django-15161,0.0,r2egym-qwen3-rl-100-steps-attempt-2,69,0,token_limit,208,2.144495607492721e-05,False,210
slimshetty/swebench-verified:sweb.eval.x86_64.sympy__sympy-21847,1.0,r2egym-qwen3-rl-100-steps-attempt-2,45,3249,agent_max_step_limit,9,0.8933094017937621,True,10
slimshetty/swebench-verified:sweb.eval.x86_64.django__django-14534,0.0,r2egym-qwen3-rl-100-steps-attempt-2,17,1451,agent,118,0.8354835371034368,False,118
slimshetty/swebench-verified:sweb.eval.x86_64.django__django-15930,0.0,r2egym-qwen3-rl-100-steps-attempt-2,44,0,token_limit,88,0.0001233946179251,False,88
slimshetty/swebench-verified:sweb.eval.x86_64.sympy__sympy-13615,0.0,r2egym-qwen3-rl-100-steps-attempt-2,78,2479,token_limit,62,0.0124316480175677,False,62
slimshetty/swebench-verified:sweb.eval.x86_64.django__django-14725,0.0,r2egym-qwen3-rl-100-steps-attempt-2,41,2878,max_step_limit,64,0.5312093733737562,False,64
slimshetty/swebench-verified:sweb.eval.x86_64.scikit-learn__scikit-learn-25232,1.0,r2egym-qwen3-rl-100-steps-attempt-2,100,3149,abs_step_limit,214,0.2227001336663842,True,214
slimshetty/swebench-verified:sweb.eval.x86_64.sympy__sympy-17139,0.0,r2egym-qwen3-rl-100-steps-attempt-2,23,1317,agent,67,0.7981867777396212,False,68
slimshetty/swebench-verified:sweb.eval.x86_64.django__django-17087,0.0,r2egym-qwen3-rl-100-steps-attempt-2,59,1945,token_limit,53,0.0066928501813066,False,53
slimshetty/swebench-verified:sweb.eval.x86_64.django__django-12050,1.0,r2egym-qwen3-rl-100-steps-attempt-2,100,1595,abs_step_limit,10,0.8175744739711884,True,10
slimshetty/swebench-verified:sweb.eval.x86_64.sphinx-doc__sphinx-9258,0.0,r2egym-qwen3-rl-100-steps-attempt-2,100,2791,abs_step_limit,45,0.8354835411997897,False,45
slimshetty/swebench-verified:sweb.eval.x86_64.astropy__astropy-7606,0.0,r2egym-qwen3-rl-100-steps-attempt-2,14,1648,agent,0,0.8670357477770336,False,0
slimshetty/swebench-verified:sweb.eval.x86_64.scikit-learn__scikit-learn-12585,1.0,r2egym-qwen3-rl-100-steps-attempt-2,35,3006,agent,22,0.8519528076067262,True,22
slimshetty/swebench-verified:sweb.eval.x86_64.django__django-14315,0.0,r2egym-qwen3-rl-100-steps-attempt-2,48,4880,agent_max_step_limit,0,0.7981867753392728,False,10
slimshetty/swebench-verified:sweb.eval.x86_64.django__django-11555,0.0,r2egym-qwen3-rl-100-steps-attempt-2,42,2516,agent_max_step_limit,26,0.651354857898194,False,26
slimshetty/swebench-verified:sweb.eval.x86_64.django__django-13406,1.0,r2egym-qwen3-rl-100-steps-attempt-2,45,2648,agent_max_step_limit,32,0.8354835452961425,True,33
slimshetty/swebench-verified:sweb.eval.x86_64.matplotlib__matplotlib-20826,0.0,r2egym-qwen3-rl-100-steps-attempt-2,45,1527,agent_max_step_limit,673,0.3775406687981454,False,673
slimshetty/swebench-verified:sweb.eval.x86_64.django__django-10914,1.0,r2egym-qwen3-rl-100-steps-attempt-2,100,2801,abs_step_limit,98,0.8519528057272544,True,98
slimshetty/swebench-verified:sweb.eval.x86_64.sphinx-doc__sphinx-10323,0.0,r2egym-qwen3-rl-100-steps-attempt-2,43,4093,token_limit,38,0.5,False,38
slimshetty/swebench-verified:sweb.eval.x86_64.django__django-15851,1.0,r2egym-qwen3-rl-100-steps-attempt-2,45,3090,agent_max_step_limit,8,0.7549149923816048,True,0
slimshetty/swebench-verified:sweb.eval.x86_64.sympy__sympy-22714,1.0,r2egym-qwen3-rl-100-steps-attempt-2,45,2614,agent_max_step_limit,11,0.7981867849406659,True,11
slimshetty/swebench-verified:sweb.eval.x86_64.matplotlib__matplotlib-23299,0.0,r2egym-qwen3-rl-100-steps-attempt-2,51,0,token_limit,192,0.0001088968958739,False,192
slimshetty/swebench-verified:sweb.eval.x86_64.pydata__xarray-4966,1.0,r2egym-qwen3-rl-100-steps-attempt-2,19,1021,agent,21,0.817574478416099,True,17
slimshetty/swebench-verified:sweb.eval.x86_64.astropy__astropy-14096,0.0,r2egym-qwen3-rl-100-steps-attempt-2,100,1834,abs_step_limit,212,0.0259573543721375,False,212
slimshetty/swebench-verified:sweb.eval.x86_64.astropy__astropy-14508,1.0,r2egym-qwen3-rl-100-steps-attempt-2,82,1743,token_limit,174,0.1192029095059074,True,174
slimshetty/swebench-verified:sweb.eval.x86_64.django__django-12754,0.0,r2egym-qwen3-rl-100-steps-attempt-2,100,2507,abs_step_limit,110,0.320821300824607,False,110
slimshetty/swebench-verified:sweb.eval.x86_64.django__django-11163,1.0,r2egym-qwen3-rl-100-steps-attempt-2,65,570,token_limit,141,0.8175744739711883,True,142
slimshetty/swebench-verified:sweb.eval.x86_64.scikit-learn__scikit-learn-26323,1.0,r2egym-qwen3-rl-100-steps-attempt-2,28,3605,agent,188,0.8807970826714613,True,188
slimshetty/swebench-verified:sweb.eval.x86_64.sphinx-doc__sphinx-9658,0.0,r2egym-qwen3-rl-100-steps-attempt-2,55,576,token_limit,24,0.2450850186463482,False,23
slimshetty/swebench-verified:sweb.eval.x86_64.pytest-dev__pytest-5787,0.0,r2egym-qwen3-rl-100-steps-attempt-2,66,0,token_limit,123,5.829128627537368e-05,False,123
slimshetty/swebench-verified:sweb.eval.x86_64.django__django-15741,1.0,r2egym-qwen3-rl-100-steps-attempt-2,27,874,agent,104,0.798186787341014,True,104
slimshetty/swebench-verified:sweb.eval.x86_64.django__django-10999,0.0,r2egym-qwen3-rl-100-steps-attempt-2,54,4014,token_limit,10,0.8807970701552505,False,12
slimshetty/swebench-verified:sweb.eval.x86_64.sympy__sympy-16792,0.0,r2egym-qwen3-rl-100-steps-attempt-2,71,2532,token_limit,54,0.0059110683418221,False,54
slimshetty/swebench-verified:sweb.eval.x86_64.pytest-dev__pytest-5631,1.0,r2egym-qwen3-rl-100-steps-attempt-2,100,1136,abs_step_limit,15,0.8354835371034369,True,15
slimshetty/swebench-verified:sweb.eval.x86_64.scikit-learn__scikit-learn-13328,1.0,r2egym-qwen3-rl-100-steps-attempt-2,10,637,agent,9,0.7981867777396212,True,9
slimshetty/swebench-verified:sweb.eval.x86_64.matplotlib__matplotlib-20488,0.0,r2egym-qwen3-rl-100-steps-attempt-2,100,1371,abs_step_limit,110,0.0046095719934895,False,110
slimshetty/swebench-verified:sweb.eval.x86_64.django__django-16082,0.0,r2egym-qwen3-rl-100-steps-attempt-2,41,2102,max_step_limit,170,0.2689414272294874,False,172
slimshetty/swebench-verified:sweb.eval.x86_64.sphinx-doc__sphinx-8120,1.0,r2egym-qwen3-rl-100-steps-attempt-2,49,1490,agent_max_step_limit,44,0.867035763237924,True,44
slimshetty/swebench-verified:sweb.eval.x86_64.pytest-dev__pytest-5809,1.0,r2egym-qwen3-rl-100-steps-attempt-2,100,418,abs_step_limit,3,0.7549149813536518,True,3
slimshetty/swebench-verified:sweb.eval.x86_64.sphinx-doc__sphinx-8269,1.0,r2egym-qwen3-rl-100-steps-attempt-2,82,2203,token_limit,5,0.8519528076067262,True,5
slimshetty/swebench-verified:sweb.eval.x86_64.sympy__sympy-18189,1.0,r2egym-qwen3-rl-100-steps-attempt-2,26,1389,agent,41,0.8670357563664174,True,42
slimshetty/swebench-verified:sweb.eval.x86_64.sympy__sympy-17318,0.0,r2egym-qwen3-rl-100-steps-attempt-2,100,1807,abs_step_limit,10,0.8519528038477825,False,10
slimshetty/swebench-verified:sweb.eval.x86_64.django__django-13807,0.0,r2egym-qwen3-rl-100-steps-attempt-2,12,807,agent,38,0.8807970779778824,False,40
slimshetty/swebench-verified:sweb.eval.x86_64.sympy__sympy-24661,1.0,r2egym-qwen3-rl-100-steps-attempt-2,53,3703,agent_max_step_limit,27,0.5621765008857982,True,27
slimshetty/swebench-verified:sweb.eval.x86_64.astropy__astropy-14309,1.0,r2egym-qwen3-rl-100-steps-attempt-2,53,2860,agent_max_step_limit,141,0.8354835350552604,True,141
slimshetty/swebench-verified:sweb.eval.x86_64.sphinx-doc__sphinx-11445,1.0,r2egym-qwen3-rl-100-steps-attempt-2,88,4621,token_limit,8,0.6791786926816161,True,0
slimshetty/swebench-verified:sweb.eval.x86_64.django__django-16032,1.0,r2egym-qwen3-rl-100-steps-attempt-2,100,3325,abs_step_limit,77,0.7310585669110203,True,77
slimshetty/swebench-verified:sweb.eval.x86_64.django__django-13012,0.0,r2egym-qwen3-rl-100-steps-attempt-2,83,3139,token_limit,137,0.4073334000459302,False,137
slimshetty/swebench-verified:sweb.eval.x86_64.django__django-14376,1.0,r2egym-qwen3-rl-100-steps-attempt-2,100,1514,abs_step_limit,6,0.679178699175393,True,9
slimshetty/swebench-verified:sweb.eval.x86_64.django__django-13028,0.0,r2egym-qwen3-rl-100-steps-attempt-2,72,0,token_limit,276,9.610240318988942e-05,False,277
slimshetty/swebench-verified:sweb.eval.x86_64.django__django-13033,0.0,r2egym-qwen3-rl-100-steps-attempt-2,67,3779,agent_max_step_limit,24,0.6513548714339145,False,24
slimshetty/swebench-verified:sweb.eval.x86_64.sympy__sympy-18211,0.0,r2egym-qwen3-rl-100-steps-attempt-2,70,855,token_limit,53,0.0420877270144781,False,53
slimshetty/swebench-verified:sweb.eval.x86_64.django__django-14787,0.0,r2egym-qwen3-rl-100-steps-attempt-2,100,1300,abs_step_limit,15,0.4378234991142019,False,15
slimshetty/swebench-verified:sweb.eval.x86_64.pydata__xarray-6461,1.0,r2egym-qwen3-rl-100-steps-attempt-2,32,1062,token_limit,247,0.8933094081846422,True,248
slimshetty/swebench-verified:sweb.eval.x86_64.sphinx-doc__sphinx-7590,0.0,r2egym-qwen3-rl-100-steps-attempt-2,49,1632,token_limit,0,0.679178699175393,False,0
slimshetty/swebench-verified:sweb.eval.x86_64.django__django-13023,0.0,r2egym-qwen3-rl-100-steps-attempt-2,28,2266,agent,9,0.8175744828610095,False,10
slimshetty/swebench-verified:sweb.eval.x86_64.django__django-14580,1.0,r2egym-qwen3-rl-100-steps-attempt-2,100,4898,abs_step_limit,49,0.8354835391516133,True,49
slimshetty/swebench-verified:sweb.eval.x86_64.sphinx-doc__sphinx-7748,0.0,r2egym-qwen3-rl-100-steps-attempt-2,89,6161,token_limit,11,0.1066905939456511,False,12
slimshetty/swebench-verified:sweb.eval.x86_64.django__django-15280,0.0,r2egym-qwen3-rl-100-steps-attempt-2,49,3174,token_limit,82,0.2942149659744614,False,82
slimshetty/swebench-verified:sweb.eval.x86_64.django__django-11119,1.0,r2egym-qwen3-rl-100-steps-attempt-2,100,485,abs_step_limit,7,0.9046505267461572,True,7
slimshetty/swebench-verified:sweb.eval.x86_64.sympy__sympy-14248,0.0,r2egym-qwen3-rl-100-steps-attempt-2,66,3946,token_limit,433,0.0420877252121969,False,434
slimshetty/swebench-verified:sweb.eval.x86_64.sympy__sympy-20590,0.0,r2egym-qwen3-rl-100-steps-attempt-2,59,615,token_limit,21,0.0179862116399586,False,21
slimshetty/swebench-verified:sweb.eval.x86_64.matplotlib__matplotlib-25287,1.0,r2egym-qwen3-rl-100-steps-attempt-2,100,2377,abs_step_limit,786,0.0330859818448334,True,786
slimshetty/swebench-verified:sweb.eval.x86_64.sphinx-doc__sphinx-10435,0.0,r2egym-qwen3-rl-100-steps-attempt-2,100,3753,abs_step_limit,74,0.320821300824607,False,74
slimshetty/swebench-verified:sweb.eval.x86_64.django__django-11532,0.0,r2egym-qwen3-rl-100-steps-attempt-2,44,2137,agent_max_step_limit,130,0.8519528038477824,False,148
slimshetty/swebench-verified:sweb.eval.x86_64.sympy__sympy-12489,0.0,r2egym-qwen3-rl-100-steps-attempt-2,30,2385,agent,8,0.6224593312018545,False,8
slimshetty/swebench-verified:sweb.eval.x86_64.sympy__sympy-23824,1.0,r2egym-qwen3-rl-100-steps-attempt-2,20,594,agent,2,0.904650541527608,True,3
slimshetty/swebench-verified:sweb.eval.x86_64.django__django-14434,1.0,r2egym-qwen3-rl-100-steps-attempt-2,43,2115,agent_max_step_limit,133,0.7772998508568416,True,133
slimshetty/swebench-verified:sweb.eval.x86_64.astropy__astropy-14539,1.0,r2egym-qwen3-rl-100-steps-attempt-2,18,532,agent,46,0.8807970904940926,True,48
slimshetty/swebench-verified:sweb.eval.x86_64.pytest-dev__pytest-10081,0.0,r2egym-qwen3-rl-100-steps-attempt-2,65,2718,token_limit,0,0.0019267345043803,False,0
slimshetty/swebench-verified:sweb.eval.x86_64.pydata__xarray-4687,0.0,r2egym-qwen3-rl-100-steps-attempt-2,41,1412,max_step_limit,1717,0.4073334000459302,False,1717
slimshetty/swebench-verified:sweb.eval.x86_64.django__django-11066,1.0,r2egym-qwen3-rl-100-steps-attempt-2,38,3077,agent,3,0.8670357683915538,True,3
slimshetty/swebench-verified:sweb.eval.x86_64.django__django-17029,1.0,r2egym-qwen3-rl-100-steps-attempt-2,100,2293,token_limit,43,0.817574471748733,True,43
slimshetty/swebench-verified:sweb.eval.x86_64.pytest-dev__pytest-7324,0.0,r2egym-qwen3-rl-100-steps-attempt-2,88,0,token_limit,58,1.1478765384764794e-05,False,58
slimshetty/swebench-verified:sweb.eval.x86_64.pytest-dev__pytest-6197,0.0,r2egym-qwen3-rl-100-steps-attempt-2,64,1600,token_limit,2,0.119202928280223,False,144
slimshetty/swebench-verified:sweb.eval.x86_64.pytest-dev__pytest-7982,0.0,r2egym-qwen3-rl-100-steps-attempt-2,42,0,agent_max_step_limit,78,0.0066928496612219,False,78
slimshetty/swebench-verified:sweb.eval.x86_64.sympy__sympy-13852,0.0,r2egym-qwen3-rl-100-steps-attempt-2,49,2530,agent_max_step_limit,4,0.7310585844894971,False,4
slimshetty/swebench-verified:sweb.eval.x86_64.matplotlib__matplotlib-23476,0.0,r2egym-qwen3-rl-100-steps-attempt-2,41,1999,max_step_limit,104,0.8354835309589073,False,104
slimshetty/swebench-verified:sweb.eval.x86_64.django__django-13569,1.0,r2egym-qwen3-rl-100-steps-attempt-2,100,3719,abs_step_limit,66,0.5926665999540698,True,67
slimshetty/swebench-verified:sweb.eval.x86_64.scikit-learn__scikit-learn-25747,0.0,r2egym-qwen3-rl-100-steps-attempt-2,40,2411,agent,14,0.8354835330070838,False,15
slimshetty/swebench-verified:sweb.eval.x86_64.pydata__xarray-4356,0.0,r2egym-qwen3-rl-100-steps-attempt-2,100,2435,abs_step_limit,0,0.0010322308721752,False,0
slimshetty/swebench-verified:sweb.eval.x86_64.sympy__sympy-15599,0.0,r2egym-qwen3-rl-100-steps-attempt-2,28,0,token_limit,80,0.0005527785128252,False,81
slimshetty/swebench-verified:sweb.eval.x86_64.sphinx-doc__sphinx-9320,1.0,r2egym-qwen3-rl-100-steps-attempt-2,28,1894,agent,9,0.7549149868676283,True,9
slimshetty/swebench-verified:sweb.eval.x86_64.scikit-learn__scikit-learn-13142,1.0,r2egym-qwen3-rl-100-steps-attempt-2,24,3575,agent,54,0.8807970889295663,True,54
slimshetty/swebench-verified:sweb.eval.x86_64.sympy__sympy-21596,0.0,r2egym-qwen3-rl-100-steps-attempt-2,13,1408,agent,46,0.8175744673038222,False,46
slimshetty/swebench-verified:sweb.eval.x86_64.django__django-16145,1.0,r2egym-qwen3-rl-100-steps-attempt-2,55,1701,token_limit,174,0.7772998560157665,True,174
slimshetty/swebench-verified:sweb.eval.x86_64.django__django-16100,1.0,r2egym-qwen3-rl-100-steps-attempt-2,91,5295,token_limit,59,0.8519528019683105,True,59
slimshetty/swebench-verified:sweb.eval.x86_64.django__django-16454,0.0,r2egym-qwen3-rl-100-steps-attempt-2,100,0,abs_step_limit,45,1.4738981967202704e-05,False,44
slimshetty/swebench-verified:sweb.eval.x86_64.astropy__astropy-8872,0.0,r2egym-qwen3-rl-100-steps-attempt-2,26,2380,agent,0,0.4378234991142019,False,0
slimshetty/swebench-verified:sweb.eval.x86_64.django__django-13212,0.0,r2egym-qwen3-rl-100-steps-attempt-2,47,4151,agent_max_step_limit,2,0.2942149659744614,False,2
slimshetty/swebench-verified:sweb.eval.x86_64.django__django-14999,1.0,r2egym-qwen3-rl-100-steps-attempt-2,95,2324,token_limit,113,0.6224593312018546,True,113
slimshetty/swebench-verified:sweb.eval.x86_64.django__django-15916,0.0,r2egym-qwen3-rl-100-steps-attempt-2,100,2239,abs_step_limit,149,0.7057850216484838,False,149
slimshetty/swebench-verified:sweb.eval.x86_64.astropy__astropy-13453,0.0,r2egym-qwen3-rl-100-steps-attempt-2,84,379,token_limit,2,0.0850990537082405,False,2
slimshetty/swebench-verified:sweb.eval.x86_64.matplotlib__matplotlib-25332,0.0,r2egym-qwen3-rl-100-steps-attempt-2,33,4167,agent,181,0.8670357563664174,False,182
slimshetty/swebench-verified:sweb.eval.x86_64.sympy__sympy-13878,0.0,r2egym-qwen3-rl-100-steps-attempt-2,87,5569,token_limit,0,0.5312093733737563,False,0
slimshetty/swebench-verified:sweb.eval.x86_64.matplotlib__matplotlib-24570,0.0,r2egym-qwen3-rl-100-steps-attempt-2,97,886,token_limit,267,5.829126543170052e-05,False,263
slimshetty/swebench-verified:sweb.eval.x86_64.sympy__sympy-19495,1.0,r2egym-qwen3-rl-100-steps-attempt-2,42,3286,agent_max_step_limit,8,0.7772998663336158,True,8
slimshetty/swebench-verified:sweb.eval.x86_64.django__django-15368,1.0,r2egym-qwen3-rl-100-steps-attempt-2,100,2515,abs_step_limit,29,0.7981867777396212,True,29
slimshetty/swebench-verified:sweb.eval.x86_64.django__django-12325,0.0,r2egym-qwen3-rl-100-steps-attempt-2,92,2380,token_limit,201,0.8519528076067262,False,201
slimshetty/swebench-verified:sweb.eval.x86_64.django__django-11749,0.0,r2egym-qwen3-rl-100-steps-attempt-2,55,4729,token_limit,25,0.0229773724607581,False,27
slimshetty/swebench-verified:sweb.eval.x86_64.astropy__astropy-13579,1.0,r2egym-qwen3-rl-100-steps-attempt-2,42,3553,agent_max_step_limit,40,0.8354835309589074,True,40
slimshetty/swebench-verified:sweb.eval.x86_64.django__django-7530,1.0,r2egym-qwen3-rl-100-steps-attempt-2,100,0,abs_step_limit,59,2.7535681233968765e-05,True,63
slimshetty/swebench-verified:sweb.eval.x86_64.pydata__xarray-3305,1.0,r2egym-qwen3-rl-100-steps-attempt-2,28,1924,agent,653,0.8175744806385542,True,665
slimshetty/swebench-verified:sweb.eval.x86_64.scikit-learn__scikit-learn-13779,1.0,r2egym-qwen3-rl-100-steps-attempt-2,100,2466,abs_step_limit,18,0.8933094096048376,True,18
slimshetty/swebench-verified:sweb.eval.x86_64.astropy__astropy-14369,0.0,r2egym-qwen3-rl-100-steps-attempt-2,66,3092,token_limit,732,0.0179862088435135,False,729
slimshetty/swebench-verified:sweb.eval.x86_64.django__django-13401,0.0,r2egym-qwen3-rl-100-steps-attempt-2,22,2636,agent,31,0.7981867825403177,False,31
slimshetty/swebench-verified:sweb.eval.x86_64.sphinx-doc__sphinx-8265,0.0,r2egym-qwen3-rl-100-steps-attempt-2,100,682,abs_step_limit,22,0.1824255171389904,False,23
slimshetty/swebench-verified:sweb.eval.x86_64.sphinx-doc__sphinx-9698,1.0,r2egym-qwen3-rl-100-steps-attempt-2,57,2320,token_limit,45,0.5312093733737563,True,45
slimshetty/swebench-verified:sweb.eval.x86_64.django__django-15569,1.0,r2egym-qwen3-rl-100-steps-attempt-2,100,489,abs_step_limit,242,0.8519528057272544,True,243
slimshetty/swebench-verified:sweb.eval.x86_64.pylint-dev__pylint-4970,0.0,r2egym-qwen3-rl-100-steps-attempt-2,65,1875,token_limit,17,0.3208212943308302,False,17
slimshetty/swebench-verified:sweb.eval.x86_64.pylint-dev__pylint-7277,1.0,r2egym-qwen3-rl-100-steps-attempt-2,42,4257,agent_max_step_limit,122,0.8519528057272543,True,123
slimshetty/swebench-verified:sweb.eval.x86_64.matplotlib__matplotlib-24970,0.0,r2egym-qwen3-rl-100-steps-attempt-2,17,585,agent,253,0.7549149923816048,False,250
slimshetty/swebench-verified:sweb.eval.x86_64.sphinx-doc__sphinx-10614,0.0,r2egym-qwen3-rl-100-steps-attempt-2,100,1755,abs_step_limit,5,0.3208212943308302,False,6
slimshetty/swebench-verified:sweb.eval.x86_64.matplotlib__matplotlib-25311,1.0,r2egym-qwen3-rl-100-steps-attempt-2,34,2569,agent,181,0.8670357477770337,True,183
slimshetty/swebench-verified:sweb.eval.x86_64.django__django-13658,1.0,r2egym-qwen3-rl-100-steps-attempt-2,100,1341,abs_step_limit,181,0.8933094145755219,True,185
slimshetty/swebench-verified:sweb.eval.x86_64.django__django-11433,0.0,r2egym-qwen3-rl-100-steps-attempt-2,75,3747,token_limit,142,0.0124316483948878,False,142
slimshetty/swebench-verified:sweb.eval.x86_64.django__django-12276,1.0,r2egym-qwen3-rl-100-steps-attempt-2,100,3438,abs_step_limit,117,0.5926665999540698,True,117
slimshetty/swebench-verified:sweb.eval.x86_64.django__django-12858,1.0,r2egym-qwen3-rl-100-steps-attempt-2,60,4488,agent_max_step_limit,73,0.7549149923816048,True,74
slimshetty/swebench-verified:sweb.eval.x86_64.sphinx-doc__sphinx-8459,0.0,r2egym-qwen3-rl-100-steps-attempt-2,84,906,token_limit,17,0.0002959572012671,False,17
slimshetty/swebench-verified:sweb.eval.x86_64.django__django-12039,0.0,r2egym-qwen3-rl-100-steps-attempt-2,24,2341,agent,11,0.8354835289107309,False,10
slimshetty/swebench-verified:sweb.eval.x86_64.django__django-13513,0.0,r2egym-qwen3-rl-100-steps-attempt-2,13,1189,agent,83,0.3486451217982255,False,83
slimshetty/swebench-verified:sweb.eval.x86_64.sympy__sympy-24539,1.0,r2egym-qwen3-rl-100-steps-attempt-2,19,1391,agent,62,0.8175744761936437,True,63
slimshetty/swebench-verified:sweb.eval.x86_64.django__django-11951,0.0,r2egym-qwen3-rl-100-steps-attempt-2,100,2569,abs_step_limit,21,0.7057850154599563,False,21
slimshetty/swebench-verified:sweb.eval.x86_64.django__django-12708,0.0,r2egym-qwen3-rl-100-steps-attempt-2,58,4055,agent_max_step_limit,101,0.8519528057272544,False,101
slimshetty/swebench-verified:sweb.eval.x86_64.django__django-15814,1.0,r2egym-qwen3-rl-100-steps-attempt-2,63,2802,agent_max_step_limit,29,0.8354835330070839,True,29
slimshetty/swebench-verified:sweb.eval.x86_64.pytest-dev__pytest-10356,0.0,r2egym-qwen3-rl-100-steps-attempt-2,34,1119,token_limit,13,0.5926665999540698,False,79
slimshetty/swebench-verified:sweb.eval.x86_64.django__django-15315,1.0,r2egym-qwen3-rl-100-steps-attempt-2,100,1328,abs_step_limit,33,0.8354835330070838,True,32
slimshetty/swebench-verified:sweb.eval.x86_64.scikit-learn__scikit-learn-9288,1.0,r2egym-qwen3-rl-100-steps-attempt-2,100,1772,token_limit,123,0.7549149923816048,True,123
slimshetty/swebench-verified:sweb.eval.x86_64.django__django-15103,1.0,r2egym-qwen3-rl-100-steps-attempt-2,46,2279,agent_max_step_limit,17,0.7772998560157665,True,17
slimshetty/swebench-verified:sweb.eval.x86_64.django__django-12193,0.0,r2egym-qwen3-rl-100-steps-attempt-2,39,2763,agent,11,0.8354835452961425,False,11
slimshetty/swebench-verified:sweb.eval.x86_64.pytest-dev__pytest-6202,1.0,r2egym-qwen3-rl-100-steps-attempt-2,100,736,abs_step_limit,72,0.4687906266262437,True,73
slimshetty/swebench-verified:sweb.eval.x86_64.django__django-14765,1.0,r2egym-qwen3-rl-100-steps-attempt-2,24,858,agent,64,0.8519527963298947,True,64
slimshetty/swebench-verified:sweb.eval.x86_64.pydata__xarray-4695,1.0,r2egym-qwen3-rl-100-steps-attempt-2,21,578,agent,875,0.904650536386234,True,876
slimshetty/swebench-verified:sweb.eval.x86_64.sympy__sympy-12096,0.0,r2egym-qwen3-rl-100-steps-attempt-2,100,770,abs_step_limit,0,0.001700722365975,False,0
slimshetty/swebench-verified:sweb.eval.x86_64.sympy__sympy-20154,1.0,r2egym-qwen3-rl-100-steps-attempt-2,48,2296,agent_max_step_limit,40,0.8670357460591569,True,42
slimshetty/swebench-verified:sweb.eval.x86_64.django__django-16136,0.0,r2egym-qwen3-rl-100-steps-attempt-2,36,1266,token_limit,7,0.3208212943308302,False,8
slimshetty/swebench-verified:sweb.eval.x86_64.django__django-16255,1.0,r2egym-qwen3-rl-100-steps-attempt-2,100,983,abs_step_limit,36,0.8807970795424088,True,36
slimshetty/swebench-verified:sweb.eval.x86_64.django__django-11885,0.0,r2egym-qwen3-rl-100-steps-attempt-2,51,3408,token_limit,41,0.8670357683915538,False,41
slimshetty/swebench-verified:sweb.eval.x86_64.sympy__sympy-13877,0.0,r2egym-qwen3-rl-100-steps-attempt-2,15,465,llm_query_error,110,0.7057850278370112,False,111
slimshetty/swebench-verified:sweb.eval.x86_64.astropy__astropy-7336,0.0,r2egym-qwen3-rl-100-steps-attempt-2,16,1681,agent,0,0.8175744739711883,False,0
slimshetty/swebench-verified:sweb.eval.x86_64.scikit-learn__scikit-learn-10297,1.0,r2egym-qwen3-rl-100-steps-attempt-2,33,3927,agent,28,0.8807970858005139,True,29
slimshetty/swebench-verified:sweb.eval.x86_64.sympy__sympy-17655,1.0,r2egym-qwen3-rl-100-steps-attempt-2,71,478,token_limit,9,0.182425521583901,True,11
slimshetty/swebench-verified:sweb.eval.x86_64.sphinx-doc__sphinx-9229,0.0,r2egym-qwen3-rl-100-steps-attempt-2,53,3452,agent_max_step_limit,13,0.0373268854700467,False,13
slimshetty/swebench-verified:sweb.eval.x86_64.astropy__astropy-14365,0.0,r2egym-qwen3-rl-100-steps-attempt-2,33,2321,agent,8,0.7772998560157665,False,8
slimshetty/swebench-verified:sweb.eval.x86_64.django__django-11265,1.0,r2egym-qwen3-rl-100-steps-attempt-2,42,3050,agent_max_step_limit,30,0.7981867873410141,True,30
slimshetty/swebench-verified:sweb.eval.x86_64.django__django-13121,1.0,r2egym-qwen3-rl-100-steps-attempt-2,73,2882,token_limit,168,0.8670357563664174,True,169
slimshetty/swebench-verified:sweb.eval.x86_64.django__django-13512,0.0,r2egym-qwen3-rl-100-steps-attempt-2,45,1339,agent_max_step_limit,32,0.679178699175393,False,35
slimshetty/swebench-verified:sweb.eval.x86_64.django__django-11206,0.0,r2egym-qwen3-rl-100-steps-attempt-2,61,2554,token_limit,4,0.017986210751676,False,6
slimshetty/swebench-verified:sweb.eval.x86_64.django__django-15863,1.0,r2egym-qwen3-rl-100-steps-attempt-2,20,1075,agent,9,0.8175744828610095,True,10
slimshetty/swebench-verified:sweb.eval.x86_64.django__django-13810,1.0,r2egym-qwen3-rl-100-steps-attempt-2,63,4327,token_limit,30,0.679178699175393,True,32
slimshetty/swebench-verified:sweb.eval.x86_64.django__django-13417,1.0,r2egym-qwen3-rl-100-steps-attempt-2,62,2135,token_limit,280,0.8354835330070839,True,280
slimshetty/swebench-verified:sweb.eval.x86_64.django__django-14089,1.0,r2egym-qwen3-rl-100-steps-attempt-2,100,733,abs_step_limit,43,0.8807970701552504,True,43
slimshetty/swebench-verified:sweb.eval.x86_64.django__django-15973,0.0,r2egym-qwen3-rl-100-steps-attempt-2,53,0,token_limit,157,4.5397884797196873e-05,False,157
slimshetty/swebench-verified:sweb.eval.x86_64.django__django-14792,0.0,r2egym-qwen3-rl-100-steps-attempt-2,78,4073,agent_max_step_limit,23,0.817574478416099,False,24
slimshetty/swebench-verified:sweb.eval.x86_64.django__django-16315,0.0,r2egym-qwen3-rl-100-steps-attempt-2,82,3629,token_limit,41,0.6791786926816161,False,41
slimshetty/swebench-verified:sweb.eval.x86_64.sympy__sympy-18763,1.0,r2egym-qwen3-rl-100-steps-attempt-2,47,1520,agent_max_step_limit,141,0.8354835309589074,True,142
slimshetty/swebench-verified:sweb.eval.x86_64.django__django-16263,0.0,r2egym-qwen3-rl-100-steps-attempt-2,73,7207,agent_max_step_limit,99,0.5,False,98
slimshetty/swebench-verified:sweb.eval.x86_64.django__django-14500,1.0,r2egym-qwen3-rl-100-steps-attempt-2,100,2571,abs_step_limit,21,0.6513548646660543,True,21
slimshetty/swebench-verified:sweb.eval.x86_64.sphinx-doc__sphinx-8595,1.0,r2egym-qwen3-rl-100-steps-attempt-2,95,4891,token_limit,0,0.0474258688018665,True,1469
slimshetty/swebench-verified:sweb.eval.x86_64.django__django-15375,0.0,r2egym-qwen3-rl-100-steps-attempt-2,38,0,token_limit,95,0.0002611902724186,False,94
slimshetty/swebench-verified:sweb.eval.x86_64.django__django-15380,1.0,r2egym-qwen3-rl-100-steps-attempt-2,29,1340,token_limit,133,0.8670357649558007,True,133
slimshetty/swebench-verified:sweb.eval.x86_64.django__django-14007,0.0,r2egym-qwen3-rl-100-steps-attempt-2,60,0,token_limit,12,3.120191507333991e-05,False,12
slimshetty/swebench-verified:sweb.eval.x86_64.django__django-12262,1.0,r2egym-qwen3-rl-100-steps-attempt-2,54,3378,agent_max_step_limit,18,0.8807970748488297,True,22
slimshetty/swebench-verified:sweb.eval.x86_64.sympy__sympy-13974,0.0,r2egym-qwen3-rl-100-steps-attempt-2,47,1718,token_limit,4,0.0179862106858773,False,5
slimshetty/swebench-verified:sweb.eval.x86_64.sphinx-doc__sphinx-7757,0.0,r2egym-qwen3-rl-100-steps-attempt-2,41,3643,token_limit,33,0.2942149845400437,False,34
slimshetty/swebench-verified:sweb.eval.x86_64.pylint-dev__pylint-8898,0.0,r2egym-qwen3-rl-100-steps-attempt-2,52,3035,token_limit,0,0.0046095731408465,False,0
slimshetty/swebench-verified:sweb.eval.x86_64.django__django-13315,0.0,r2egym-qwen3-rl-100-steps-attempt-2,2,0,token_limit,146,0.0002034269732487,False,147
slimshetty/swebench-verified:sweb.eval.x86_64.pydata__xarray-3151,1.0,r2egym-qwen3-rl-100-steps-attempt-2,41,1733,max_step_limit,66,0.89330940889474,True,67
slimshetty/swebench-verified:sweb.eval.x86_64.sphinx-doc__sphinx-8035,0.0,r2egym-qwen3-rl-100-steps-attempt-2,100,0,abs_step_limit,2,5.82912862902172e-05,False,2
slimshetty/swebench-verified:sweb.eval.x86_64.pydata__xarray-6992,0.0,r2egym-qwen3-rl-100-steps-attempt-2,41,1343,max_step_limit,945,0.8354835330070839,False,949
slimshetty/swebench-verified:sweb.eval.x86_64.django__django-13741,1.0,r2egym-qwen3-rl-100-steps-attempt-2,80,4143,token_limit,82,0.8519527944504226,True,83
slimshetty/swebench-verified:sweb.eval.x86_64.pydata__xarray-6721,0.0,r2egym-qwen3-rl-100-steps-attempt-2,18,1448,agent,1405,0.5621765008857981,False,1405
slimshetty/swebench-verified:sweb.eval.x86_64.matplotlib__matplotlib-24637,0.0,r2egym-qwen3-rl-100-steps-attempt-2,41,0,token_limit,29,3.120191878949046e-05,False,30
slimshetty/swebench-verified:sweb.eval.x86_64.astropy__astropy-7166,0.0,r2egym-qwen3-rl-100-steps-attempt-2,21,2827,agent,0,0.8807970873650401,False,0
slimshetty/swebench-verified:sweb.eval.x86_64.django__django-12741,1.0,r2egym-qwen3-rl-100-steps-attempt-2,68,5810,token_limit,67,0.7981867873410141,True,69
slimshetty/swebench-verified:sweb.eval.x86_64.astropy__astropy-14995,1.0,r2egym-qwen3-rl-100-steps-attempt-2,28,2726,agent,179,0.8670357701094303,True,179
slimshetty/swebench-verified:sweb.eval.x86_64.matplotlib__matplotlib-26466,0.0,r2egym-qwen3-rl-100-steps-attempt-2,25,1495,agent,100,0.7981867825403177,False,103
slimshetty/swebench-verified:sweb.eval.x86_64.sympy__sympy-13372,1.0,r2egym-qwen3-rl-100-steps-attempt-2,35,1547,agent,44,0.8670357701094303,True,45
slimshetty/swebench-verified:sweb.eval.x86_64.sympy__sympy-15809,0.0,r2egym-qwen3-rl-100-steps-attempt-2,56,770,token_limit,10,0.8354835309589073,False,10
slimshetty/swebench-verified:sweb.eval.x86_64.django__django-11138,0.0,r2egym-qwen3-rl-100-steps-attempt-2,41,2249,max_step_limit,73,0.8175744761936437,False,73
slimshetty/swebench-verified:sweb.eval.x86_64.sympy__sympy-16886,1.0,r2egym-qwen3-rl-100-steps-attempt-2,19,1086,agent,42,0.8519528038477825,True,43
slimshetty/swebench-verified:sweb.eval.x86_64.django__django-13363,1.0,r2egym-qwen3-rl-100-steps-attempt-2,70,2405,token_limit,76,0.7310585903489892,True,77
slimshetty/swebench-verified:sweb.eval.x86_64.matplotlib__matplotlib-25479,0.0,r2egym-qwen3-rl-100-steps-attempt-2,49,2798,agent_max_step_limit,263,0.8354835330070839,False,264
slimshetty/swebench-verified:sweb.eval.x86_64.scikit-learn__scikit-learn-14141,1.0,r2egym-qwen3-rl-100-steps-attempt-2,15,1173,agent,2,0.8354835350552604,True,3
slimshetty/swebench-verified:sweb.eval.x86_64.sphinx-doc__sphinx-9673,0.0,r2egym-qwen3-rl-100-steps-attempt-2,78,4414,token_limit,24,0.0953494706831555,False,25
slimshetty/swebench-verified:sweb.eval.x86_64.sympy__sympy-16766,0.0,r2egym-qwen3-rl-100-steps-attempt-2,98,0,token_limit,7,8.93969310367852e-06,False,8
slimshetty/swebench-verified:sweb.eval.x86_64.pydata__xarray-7229,0.0,r2egym-qwen3-rl-100-steps-attempt-2,33,0,token_limit,280,0.0001398220393842,False,281
slimshetty/swebench-verified:sweb.eval.x86_64.matplotlib__matplotlib-24026,0.0,r2egym-qwen3-rl-100-steps-attempt-2,71,1829,token_limit,0,0.0046095712798636,False,0
slimshetty/swebench-verified:sweb.eval.x86_64.django__django-11848,1.0,r2egym-qwen3-rl-100-steps-attempt-2,100,2150,abs_step_limit,43,0.5926665999540698,True,45
slimshetty/swebench-verified:sweb.eval.x86_64.psf__requests-5414,0.0,r2egym-qwen3-rl-100-steps-attempt-2,100,3137,abs_step_limit,122,0.6791786926816161,False,122
slimshetty/swebench-verified:sweb.eval.x86_64.django__django-13297,0.0,r2egym-qwen3-rl-100-steps-attempt-2,100,2374,abs_step_limit,50,0.7981867849406659,False,50
slimshetty/swebench-verified:sweb.eval.x86_64.django__django-10554,0.0,r2egym-qwen3-rl-100-steps-attempt-2,100,0,abs_step_limit,23,0.0001088969606556,False,24
slimshetty/swebench-verified:sweb.eval.x86_64.astropy__astropy-13977,0.0,r2egym-qwen3-rl-100-steps-attempt-2,29,1500,agent,289,0.6224593312018546,False,265
slimshetty/swebench-verified:sweb.eval.x86_64.django__django-11099,0.0,r2egym-qwen3-rl-100-steps-attempt-2,100,1108,abs_step_limit,19,0.0001795279003506,False,22
slimshetty/swebench-verified:sweb.eval.x86_64.django__django-12125,0.0,r2egym-qwen3-rl-100-steps-attempt-2,31,0,token_limit,45,0.0002305068219085,False,46
slimshetty/swebench-verified:sweb.eval.x86_64.django__django-11239,0.0,r2egym-qwen3-rl-100-steps-attempt-2,47,3931,agent_max_step_limit,5,0.8354835452961425,False,6
slimshetty/swebench-verified:sweb.eval.x86_64.astropy__astropy-13033,0.0,r2egym-qwen3-rl-100-steps-attempt-2,100,0,abs_step_limit,20,1.4738981968060612e-05,False,21
slimshetty/swebench-verified:sweb.eval.x86_64.django__django-13590,1.0,r2egym-qwen3-rl-100-steps-attempt-2,86,4732,token_limit,145,0.8519527982093666,True,146
slimshetty/swebench-verified:sweb.eval.x86_64.sympy__sympy-21612,0.0,r2egym-qwen3-rl-100-steps-attempt-2,86,543,token_limit,98,0.0011695102676393,False,99
slimshetty/swebench-verified:sweb.eval.x86_64.django__django-15525,0.0,r2egym-qwen3-rl-100-steps-attempt-2,86,0,token_limit,53,0.0001584362905425,False,53
slimshetty/swebench-verified:sweb.eval.x86_64.django__django-13346,0.0,r2egym-qwen3-rl-100-steps-attempt-2,69,3229,token_limit,65,0.3208212878370535,False,66
slimshetty/swebench-verified:sweb.eval.x86_64.sympy__sympy-13031,0.0,r2egym-qwen3-rl-100-steps-attempt-2,25,0,token_limit,9,9.610238007533814e-05,False,10
slimshetty/swebench-verified:sweb.eval.x86_64.sphinx-doc__sphinx-9602,0.0,r2egym-qwen3-rl-100-steps-attempt-2,100,2662,abs_step_limit,45,0.5312093733737563,False,45
slimshetty/swebench-verified:sweb.eval.x86_64.django__django-13809,1.0,r2egym-qwen3-rl-100-steps-attempt-2,100,3355,abs_step_limit,245,0.7310585786300049,True,245
slimshetty/swebench-verified:sweb.eval.x86_64.django__django-11734,0.0,r2egym-qwen3-rl-100-steps-attempt-2,52,3051,token_limit,272,0.2689414272294874,False,272
slimshetty/swebench-verified:sweb.eval.x86_64.django__django-13410,1.0,r2egym-qwen3-rl-100-steps-attempt-2,52,1682,token_limit,40,0.8519528094861981,True,40
slimshetty/swebench-verified:sweb.eval.x86_64.django__django-15037,0.0,r2egym-qwen3-rl-100-steps-attempt-2,40,2707,agent,13,0.7549149923816048,False,13
slimshetty/swebench-verified:sweb.eval.x86_64.django__django-16667,0.0,r2egym-qwen3-rl-100-steps-attempt-2,100,3987,abs_step_limit,24,0.904650536386234,False,26
slimshetty/swebench-verified:sweb.eval.x86_64.django__django-14017,0.0,r2egym-qwen3-rl-100-steps-attempt-2,65,3497,token_limit,147,0.5621765008857981,False,148
slimshetty/swebench-verified:sweb.eval.x86_64.django__django-11451,0.0,r2egym-qwen3-rl-100-steps-attempt-2,100,8319,abs_step_limit,0,0.622459338205511,False,13
slimshetty/swebench-verified:sweb.eval.x86_64.django__django-11149,0.0,r2egym-qwen3-rl-100-steps-attempt-2,50,1382,token_limit,43,0.5926665999540697,False,43
slimshetty/swebench-verified:sweb.eval.x86_64.pydata__xarray-6744,0.0,r2egym-qwen3-rl-100-steps-attempt-2,100,1167,abs_step_limit,1811,0.9241418231126368,False,1790
slimshetty/swebench-verified:sweb.eval.x86_64.django__django-13195,0.0,r2egym-qwen3-rl-100-steps-attempt-2,46,2586,agent_max_step_limit,381,0.622459338205511,False,383
slimshetty/swebench-verified:sweb.eval.x86_64.django__django-11276,0.0,r2egym-qwen3-rl-100-steps-attempt-2,100,1332,abs_step_limit,0,0.0005527787289281,False,0
slimshetty/swebench-verified:sweb.eval.x86_64.psf__requests-1142,0.0,r2egym-qwen3-rl-100-steps-attempt-2,3,652833,token_limit,5,0.0,False,5
slimshetty/swebench-verified:sweb.eval.x86_64.django__django-16642,1.0,r2egym-qwen3-rl-100-steps-attempt-2,47,3225,agent_max_step_limit,21,0.8933094096048376,True,22
slimshetty/swebench-verified:sweb.eval.x86_64.django__django-13109,1.0,r2egym-qwen3-rl-100-steps-attempt-2,50,3970,agent_max_step_limit,170,0.7981867705385762,True,169
slimshetty/swebench-verified:sweb.eval.x86_64.psf__requests-6028,0.0,r2egym-qwen3-rl-100-steps-attempt-2,71,2349,token_limit,185,0.0293122291084218,False,185
slimshetty/swebench-verified:sweb.eval.x86_64.django__django-11141,0.0,r2egym-qwen3-rl-100-steps-attempt-2,100,2062,abs_step_limit,24,0.0002959570247773,False,24
slimshetty/swebench-verified:sweb.eval.x86_64.sympy__sympy-21379,0.0,r2egym-qwen3-rl-100-steps-attempt-2,66,0,token_limit,91,0.0001233945597539,False,92
slimshetty/swebench-verified:sweb.eval.x86_64.django__django-14631,0.0,r2egym-qwen3-rl-100-steps-attempt-2,100,4530,abs_step_limit,116,0.7057850216484838,False,117
slimshetty/swebench-verified:sweb.eval.x86_64.mwaskom__seaborn-3069,0.0,r2egym-qwen3-rl-100-steps-attempt-2,79,3144,token_limit,86,0.2227001336663842,False,86
slimshetty/swebench-verified:sweb.eval.x86_64.pylint-dev__pylint-4551,0.0,r2egym-qwen3-rl-100-steps-attempt-2,100,1585,abs_step_limit,0,0.0005527785338888,False,4
slimshetty/swebench-verified:sweb.eval.x86_64.sphinx-doc__sphinx-7910,0.0,r2egym-qwen3-rl-100-steps-attempt-2,78,0,token_limit,16,3.1201907623673364e-05,False,16
slimshetty/swebench-verified:sweb.eval.x86_64.pytest-dev__pytest-5262,0.0,r2egym-qwen3-rl-100-steps-attempt-2,74,2570,token_limit,107,0.3208213138121608,False,0
slimshetty/swebench-verified:sweb.eval.x86_64.django__django-14559,0.0,r2egym-qwen3-rl-100-steps-attempt-2,100,2666,abs_step_limit,23,0.7772998560157665,False,25
slimshetty/swebench-verified:sweb.eval.x86_64.sympy__sympy-13091,0.0,r2egym-qwen3-rl-100-steps-attempt-2,18,0,token_limit,89,0.000123394603639,False,92
slimshetty/swebench-verified:sweb.eval.x86_64.django__django-15503,0.0,r2egym-qwen3-rl-100-steps-attempt-2,41,2648,token_limit,74,0.0159063910120541,False,75
slimshetty/swebench-verified:sweb.eval.x86_64.sympy__sympy-13757,0.0,r2egym-qwen3-rl-100-steps-attempt-2,60,1784,token_limit,162,0.0109869418311159,False,162
slimshetty/swebench-verified:sweb.eval.x86_64.sympy__sympy-23534,1.0,r2egym-qwen3-rl-100-steps-attempt-2,30,1385,agent,11,0.7981867825403176,True,12
slimshetty/swebench-verified:sweb.eval.x86_64.django__django-15252,0.0,r2egym-qwen3-rl-100-steps-attempt-2,77,5204,token_limit,34,0.6513548646660542,False,34
slimshetty/swebench-verified:sweb.eval.x86_64.scikit-learn__scikit-learn-15100,1.0,r2egym-qwen3-rl-100-steps-attempt-2,100,687,abs_step_limit,93,0.8519528076067261,True,93
slimshetty/swebench-verified:sweb.eval.x86_64.sympy__sympy-17630,0.0,r2egym-qwen3-rl-100-steps-attempt-2,62,5253,token_limit,0,0.0021827161436242,False,0
slimshetty/swebench-verified:sweb.eval.x86_64.django__django-13964,0.0,r2egym-qwen3-rl-100-steps-attempt-2,100,3181,abs_step_limit,33,0.7772998714925403,False,33
slimshetty/swebench-verified:sweb.eval.x86_64.pylint-dev__pylint-6528,0.0,r2egym-qwen3-rl-100-steps-attempt-2,100,4163,abs_step_limit,171,0.0600866518571308,False,166
slimshetty/swebench-verified:sweb.eval.x86_64.pydata__xarray-3993,0.0,r2egym-qwen3-rl-100-steps-attempt-2,85,0,token_limit,2394,8.939697368305565e-06,False,2404
slimshetty/swebench-verified:sweb.eval.x86_64.django__django-10097,0.0,r2egym-qwen3-rl-100-steps-attempt-2,100,0,abs_step_limit,1432,4.006369215458579e-05,False,11075
slimshetty/swebench-verified:sweb.eval.x86_64.sympy__sympy-15349,0.0,r2egym-qwen3-rl-100-steps-attempt-2,43,2519,token_limit,3,0.1192029314092759,False,3
slimshetty/swebench-verified:sweb.eval.x86_64.pytest-dev__pytest-7205,1.0,r2egym-qwen3-rl-100-steps-attempt-3,43,1383,agent_max_step_limit,16,0.8354835391516132,True,16
slimshetty/swebench-verified:sweb.eval.x86_64.django__django-14053,0.0,r2egym-qwen3-rl-100-steps-attempt-2,93,4156,token_limit,6,0.7772998714925403,False,6
slimshetty/swebench-verified:sweb.eval.x86_64.sympy__sympy-19954,1.0,r2egym-qwen3-rl-100-steps-attempt-3,31,1446,agent,56,0.9046505267461572,True,57
slimshetty/swebench-verified:sweb.eval.x86_64.astropy__astropy-14598,0.0,r2egym-qwen3-rl-100-steps-attempt-2,57,1313,token_limit,0,0.0159063903414503,False,0
slimshetty/swebench-verified:sweb.eval.x86_64.matplotlib__matplotlib-25122,1.0,r2egym-qwen3-rl-100-steps-attempt-2,82,4258,token_limit,2476,0.8175744739711883,True,2422
slimshetty/swebench-verified:sweb.eval.x86_64.sympy__sympy-15976,1.0,r2egym-qwen3-rl-100-steps-attempt-3,14,1016,agent,37,0.8354835432479661,True,37
slimshetty/swebench-verified:sweb.eval.x86_64.django__django-13343,1.0,r2egym-qwen3-rl-100-steps-attempt-3,16,2463,agent,130,0.7981867825403177,True,131
slimshetty/swebench-verified:sweb.eval.x86_64.django__django-11490,0.0,r2egym-qwen3-rl-100-steps-attempt-3,20,2199,agent,22,0.8354835371034368,False,23
slimshetty/swebench-verified:sweb.eval.x86_64.django__django-11603,1.0,r2egym-qwen3-rl-100-steps-attempt-3,42,2601,agent_max_step_limit,58,0.8175744761936437,True,59
slimshetty/swebench-verified:sweb.eval.x86_64.sympy__sympy-23262,0.0,r2egym-qwen3-rl-100-steps-attempt-3,60,0,token_limit,61,3.120190019330501e-05,False,62
slimshetty/swebench-verified:sweb.eval.x86_64.pallets__flask-5014,1.0,r2egym-qwen3-rl-100-steps-attempt-3,16,444,agent,59,0.8519528019683105,True,59
slimshetty/swebench-verified:sweb.eval.x86_64.astropy__astropy-12907,1.0,r2egym-qwen3-rl-100-steps-attempt-3,22,2515,agent,13,0.893309411735131,True,11
slimshetty/swebench-verified:sweb.eval.x86_64.django__django-13821,1.0,r2egym-qwen3-rl-100-steps-attempt-3,40,2257,agent,14,0.7772998560157663,True,16
slimshetty/swebench-verified:sweb.eval.x86_64.psf__requests-1724,1.0,r2egym-qwen3-rl-100-steps-attempt-3,29,1532,agent,79,0.8354835432479661,True,86
slimshetty/swebench-verified:sweb.eval.x86_64.scikit-learn__scikit-learn-25931,1.0,r2egym-qwen3-rl-100-steps-attempt-3,33,895,agent,21,0.8354835411997897,True,21
slimshetty/swebench-verified:sweb.eval.x86_64.scikit-learn__scikit-learn-14053,1.0,r2egym-qwen3-rl-100-steps-attempt-3,37,2211,agent,5,0.7981867753392728,True,9
slimshetty/swebench-verified:sweb.eval.x86_64.django__django-11133,1.0,r2egym-qwen3-rl-100-steps-attempt-3,11,1064,agent,64,0.8670357683915538,True,64
slimshetty/swebench-verified:sweb.eval.x86_64.django__django-15278,0.0,r2egym-qwen3-rl-100-steps-attempt-3,44,0,agent_max_step_limit,138,0.0007096704352609,False,138
slimshetty/swebench-verified:sweb.eval.x86_64.pylint-dev__pylint-7080,0.0,r2egym-qwen3-rl-100-steps-attempt-3,52,623,agent_max_step_limit,4,0.7772998663336157,False,121
slimshetty/swebench-verified:sweb.eval.x86_64.astropy__astropy-8707,0.0,r2egym-qwen3-rl-100-steps-attempt-3,48,3518,agent_max_step_limit,4,0.8354835350552603,False,4
slimshetty/swebench-verified:sweb.eval.x86_64.sympy__sympy-19346,1.0,r2egym-qwen3-rl-100-steps-attempt-3,48,2561,agent_max_step_limit,40,0.7310585727705126,True,39
slimshetty/swebench-verified:sweb.eval.x86_64.scikit-learn__scikit-learn-14496,0.0,r2egym-qwen3-rl-100-steps-attempt-3,93,0,token_limit,39,4.539789018336815e-05,False,40
slimshetty/swebench-verified:sweb.eval.x86_64.django__django-13449,1.0,r2egym-qwen3-rl-100-steps-attempt-3,44,3715,agent_max_step_limit,46,0.4073334000459302,True,46
slimshetty/swebench-verified:sweb.eval.x86_64.sympy__sympy-24443,1.0,r2egym-qwen3-rl-100-steps-attempt-3,27,3526,agent,1,0.8670357701094303,True,2
slimshetty/swebench-verified:sweb.eval.x86_64.django__django-11299,1.0,r2egym-qwen3-rl-100-steps-attempt-3,48,2990,agent_max_step_limit,103,0.8175744828610095,True,103
slimshetty/swebench-verified:sweb.eval.x86_64.django__django-14140,0.0,r2egym-qwen3-rl-100-steps-attempt-3,31,2391,agent,199,0.5621765008857981,False,200
slimshetty/swebench-verified:sweb.eval.x86_64.sympy__sympy-16450,1.0,r2egym-qwen3-rl-100-steps-attempt-3,41,2617,max_step_limit,38,0.7772998663336157,True,40
slimshetty/swebench-verified:sweb.eval.x86_64.sympy__sympy-18199,0.0,r2egym-qwen3-rl-100-steps-attempt-3,41,1318,max_step_limit,113,0.8519528019683106,False,114
slimshetty/swebench-verified:sweb.eval.x86_64.sympy__sympy-14976,0.0,r2egym-qwen3-rl-100-steps-attempt-3,62,1725,token_limit,13,0.00970847465487,False,13
slimshetty/swebench-verified:sweb.eval.x86_64.django__django-17084,1.0,r2egym-qwen3-rl-100-steps-attempt-3,77,2718,token_limit,107,0.5926665999540698,True,107
slimshetty/swebench-verified:sweb.eval.x86_64.django__django-16612,0.0,r2egym-qwen3-rl-100-steps-attempt-3,100,2711,abs_step_limit,335,0.0011695100044993,False,333
slimshetty/swebench-verified:sweb.eval.x86_64.django__django-11551,1.0,r2egym-qwen3-rl-100-steps-attempt-3,43,4280,agent_max_step_limit,119,0.679178692681616,True,119
slimshetty/swebench-verified:sweb.eval.x86_64.django__django-12308,0.0,r2egym-qwen3-rl-100-steps-attempt-3,90,3828,token_limit,20,0.8807970701552504,False,21
slimshetty/swebench-verified:sweb.eval.x86_64.django__django-16560,0.0,r2egym-qwen3-rl-100-steps-attempt-3,100,6646,abs_step_limit,66,0.0420877271646682,False,69
slimshetty/swebench-verified:sweb.eval.x86_64.sympy__sympy-22456,1.0,r2egym-qwen3-rl-100-steps-attempt-3,88,857,token_limit,29,0.6513548714339144,True,30
slimshetty/swebench-verified:sweb.eval.x86_64.sphinx-doc__sphinx-7985,0.0,r2egym-qwen3-rl-100-steps-attempt-3,100,2539,abs_step_limit,3,0.1824255238063563,False,5
slimshetty/swebench-verified:sweb.eval.x86_64.sympy__sympy-18698,0.0,r2egym-qwen3-rl-100-steps-attempt-3,41,1553,max_step_limit,146,0.7981867849406659,False,145
slimshetty/swebench-verified:sweb.eval.x86_64.matplotlib__matplotlib-25775,0.0,r2egym-qwen3-rl-100-steps-attempt-3,86,1532,token_limit,5,0.0159063922657918,False,5
slimshetty/swebench-verified:sweb.eval.x86_64.django__django-14539,1.0,r2egym-qwen3-rl-100-steps-attempt-3,10,1327,agent,14,0.7549149923816048,True,16
slimshetty/swebench-verified:sweb.eval.x86_64.django__django-15022,1.0,r2egym-qwen3-rl-100-steps-attempt-3,77,3432,token_limit,56,0.7057850402140659,True,56
slimshetty/swebench-verified:sweb.eval.x86_64.django__django-16901,0.0,r2egym-qwen3-rl-100-steps-attempt-3,86,3353,token_limit,0,0.0028009266855345,False,0
slimshetty/swebench-verified:sweb.eval.x86_64.matplotlib__matplotlib-13989,1.0,r2egym-qwen3-rl-100-steps-attempt-3,48,2244,agent_max_step_limit,411,0.8670357529306639,True,412
slimshetty/swebench-verified:sweb.eval.x86_64.pydata__xarray-4629,1.0,r2egym-qwen3-rl-100-steps-attempt-3,28,505,agent,32,0.8670357683915538,True,32
slimshetty/swebench-verified:sweb.eval.x86_64.django__django-13089,1.0,r2egym-qwen3-rl-100-steps-attempt-3,36,3174,agent,352,0.7981867825403176,True,349
slimshetty/swebench-verified:sweb.eval.x86_64.django__django-11333,0.0,r2egym-qwen3-rl-100-steps-attempt-3,39,4347,agent,2,0.3486451421018059,False,2
slimshetty/swebench-verified:sweb.eval.x86_64.pydata__xarray-3677,1.0,r2egym-qwen3-rl-100-steps-attempt-3,52,2342,agent_max_step_limit,21,0.8807970826714614,True,22
slimshetty/swebench-verified:sweb.eval.x86_64.django__django-15561,1.0,r2egym-qwen3-rl-100-steps-attempt-3,100,2925,abs_step_limit,141,0.7772998714925403,True,141
slimshetty/swebench-verified:sweb.eval.x86_64.matplotlib__matplotlib-24870,0.0,r2egym-qwen3-rl-100-steps-attempt-3,39,1897,agent,65,0.8670357563664174,False,66
slimshetty/swebench-verified:sweb.eval.x86_64.sympy__sympy-13551,0.0,r2egym-qwen3-rl-100-steps-attempt-3,82,1214,token_limit,17,0.0008040857992118,False,17
slimshetty/swebench-verified:sweb.eval.x86_64.sphinx-doc__sphinx-9281,1.0,r2egym-qwen3-rl-100-steps-attempt-3,29,538,agent,38,0.8354835309589073,True,38
slimshetty/swebench-verified:sweb.eval.x86_64.sympy__sympy-11618,1.0,r2egym-qwen3-rl-100-steps-attempt-3,22,1006,agent,4,0.8933094131553264,True,4
slimshetty/swebench-verified:sweb.eval.x86_64.django__django-14011,0.0,r2egym-qwen3-rl-100-steps-attempt-3,53,2581,token_limit,2,0.8519528057272543,False,0
slimshetty/swebench-verified:sweb.eval.x86_64.django__django-12419,0.0,r2egym-qwen3-rl-100-steps-attempt-3,41,1096,max_step_limit,0,0.7549149868676283,False,0
slimshetty/swebench-verified:sweb.eval.x86_64.django__django-15277,1.0,r2egym-qwen3-rl-100-steps-attempt-3,20,689,agent,158,0.7310585903489891,True,159
slimshetty/swebench-verified:sweb.eval.x86_64.django__django-16333,1.0,r2egym-qwen3-rl-100-steps-attempt-3,100,4646,abs_step_limit,87,0.817574471748733,True,87
slimshetty/swebench-verified:sweb.eval.x86_64.django__django-14672,1.0,r2egym-qwen3-rl-100-steps-attempt-3,100,4725,abs_step_limit,0,0.8519528057272544,True,166
slimshetty/swebench-verified:sweb.eval.x86_64.scikit-learn__scikit-learn-26194,0.0,r2egym-qwen3-rl-100-steps-attempt-3,86,4263,token_limit,186,0.8670357546485407,False,186
slimshetty/swebench-verified:sweb.eval.x86_64.django__django-15499,1.0,r2egym-qwen3-rl-100-steps-attempt-3,21,2513,agent,35,0.8175744784160989,True,35
slimshetty/swebench-verified:sweb.eval.x86_64.django__django-14349,1.0,r2egym-qwen3-rl-100-steps-attempt-3,100,651,abs_step_limit,18,0.8519528057272543,True,19
slimshetty/swebench-verified:sweb.eval.x86_64.django__django-16116,1.0,r2egym-qwen3-rl-100-steps-attempt-3,100,2199,abs_step_limit,137,0.8354835350552603,True,138
slimshetty/swebench-verified:sweb.eval.x86_64.sympy__sympy-16597,0.0,r2egym-qwen3-rl-100-steps-attempt-3,54,2242,agent_max_step_limit,74,0.679178699175393,False,75
slimshetty/swebench-verified:sweb.eval.x86_64.sympy__sympy-12481,0.0,r2egym-qwen3-rl-100-steps-attempt-3,35,2841,token_limit,0,0.0035936022812902,False,0
slimshetty/swebench-verified:sweb.eval.x86_64.django__django-11211,0.0,r2egym-qwen3-rl-100-steps-attempt-3,80,3368,token_limit,70,0.2450850076183952,False,70
slimshetty/swebench-verified:sweb.eval.x86_64.django__django-11815,1.0,r2egym-qwen3-rl-100-steps-attempt-3,45,2055,agent_max_step_limit,44,0.8175744739711883,True,44
slimshetty/swebench-verified:sweb.eval.x86_64.django__django-16256,0.0,r2egym-qwen3-rl-100-steps-attempt-3,100,0,abs_step_limit,53,3.120192249712832e-05,False,53
slimshetty/swebench-verified:sweb.eval.x86_64.scikit-learn__scikit-learn-13124,0.0,r2egym-qwen3-rl-100-steps-attempt-3,31,1391,token_limit,60,5.1442213585014685e-05,False,61
slimshetty/swebench-verified:sweb.eval.x86_64.scikit-learn__scikit-learn-10908,1.0,r2egym-qwen3-rl-100-steps-attempt-3,44,1409,agent_max_step_limit,47,0.9046505293168444,True,48
slimshetty/swebench-verified:sweb.eval.x86_64.django__django-16662,1.0,r2egym-qwen3-rl-100-steps-attempt-3,100,4554,abs_step_limit,51,0.8354835289107309,True,43
slimshetty/swebench-verified:sweb.eval.x86_64.django__django-13933,1.0,r2egym-qwen3-rl-100-steps-attempt-3,35,3597,agent,19,0.7772998663336158,True,19
slimshetty/swebench-verified:sweb.eval.x86_64.pydata__xarray-4094,1.0,r2egym-qwen3-rl-100-steps-attempt-3,41,569,max_step_limit,862,0.7549149978955811,True,867
slimshetty/swebench-verified:sweb.eval.x86_64.django__django-13670,1.0,r2egym-qwen3-rl-100-steps-attempt-3,42,2846,agent_max_step_limit,17,0.8519528076067262,True,17
slimshetty/swebench-verified:sweb.eval.x86_64.sphinx-doc__sphinx-7454,0.0,r2egym-qwen3-rl-100-steps-attempt-3,100,2116,abs_step_limit,27,0.1192029329738023,False,28
slimshetty/swebench-verified:sweb.eval.x86_64.sympy__sympy-19783,0.0,r2egym-qwen3-rl-100-steps-attempt-3,100,0,abs_step_limit,9,2.430023492353693e-05,False,10
slimshetty/swebench-verified:sweb.eval.x86_64.psf__requests-2931,0.0,r2egym-qwen3-rl-100-steps-attempt-3,84,1780,token_limit,83,0.7549149978955811,False,84
slimshetty/swebench-verified:sweb.eval.x86_64.django__django-15098,0.0,r2egym-qwen3-rl-100-steps-attempt-3,100,4046,abs_step_limit,87,0.2689414155105029,False,88
slimshetty/swebench-verified:sweb.eval.x86_64.django__django-14351,0.0,r2egym-qwen3-rl-100-steps-attempt-3,42,822,agent_max_step_limit,58,0.348645142101806,False,58
slimshetty/swebench-verified:sweb.eval.x86_64.sympy__sympy-24066,0.0,r2egym-qwen3-rl-100-steps-attempt-3,65,3594,token_limit,0,0.0474258689701626,False,0
slimshetty/swebench-verified:sweb.eval.x86_64.django__django-15382,0.0,r2egym-qwen3-rl-100-steps-attempt-3,43,2973,token_limit,160,0.0534033352610665,False,160
slimshetty/swebench-verified:sweb.eval.x86_64.django__django-14373,1.0,r2egym-qwen3-rl-100-steps-attempt-3,12,1521,agent,19,0.8519527982093666,True,19
slimshetty/swebench-verified:sweb.eval.x86_64.pylint-dev__pylint-6903,1.0,r2egym-qwen3-rl-100-steps-attempt-3,100,3646,abs_step_limit,8,0.0330859781503504,True,8
slimshetty/swebench-verified:sweb.eval.x86_64.sympy__sympy-19637,1.0,r2egym-qwen3-rl-100-steps-attempt-3,12,710,agent,40,0.7772998508568416,True,41
slimshetty/swebench-verified:sweb.eval.x86_64.django__django-9296,1.0,r2egym-qwen3-rl-100-steps-attempt-3,100,1487,abs_step_limit,20,0.7772998714925403,True,20
slimshetty/swebench-verified:sweb.eval.x86_64.matplotlib__matplotlib-26342,0.0,r2egym-qwen3-rl-100-steps-attempt-3,48,0,token_limit,81,5.144219514537961e-05,False,81
slimshetty/swebench-verified:sweb.eval.x86_64.django__django-14155,0.0,r2egym-qwen3-rl-100-steps-attempt-3,77,4806,token_limit,89,0.7549149813536518,False,0
slimshetty/swebench-verified:sweb.eval.x86_64.scikit-learn__scikit-learn-14983,1.0,r2egym-qwen3-rl-100-steps-attempt-3,46,1850,agent_max_step_limit,105,0.7057850340255386,True,105
slimshetty/swebench-verified:sweb.eval.x86_64.scikit-learn__scikit-learn-25102,1.0,r2egym-qwen3-rl-100-steps-attempt-3,35,2709,agent,59,0.7549149868676283,True,59
slimshetty/swebench-verified:sweb.eval.x86_64.django__django-15467,1.0,r2egym-qwen3-rl-100-steps-attempt-3,40,2798,agent,62,0.8175744739711883,True,62
slimshetty/swebench-verified:sweb.eval.x86_64.django__django-12965,0.0,r2egym-qwen3-rl-100-steps-attempt-3,74,1505,token_limit,52,0.0007096704223819,False,52
slimshetty/swebench-verified:sweb.eval.x86_64.pydata__xarray-7233,1.0,r2egym-qwen3-rl-100-steps-attempt-3,41,1617,max_step_limit,189,0.9046505447409664,True,189
slimshetty/swebench-verified:sweb.eval.x86_64.sympy__sympy-15345,0.0,r2egym-qwen3-rl-100-steps-attempt-3,33,1949,agent,8,0.817574478416099,False,10
slimshetty/swebench-verified:sweb.eval.x86_64.pytest-dev__pytest-7432,1.0,r2egym-qwen3-rl-100-steps-attempt-3,70,1828,token_limit,77,0.8670357563664174,True,76
slimshetty/swebench-verified:sweb.eval.x86_64.django__django-15128,0.0,r2egym-qwen3-rl-100-steps-attempt-3,100,6250,abs_step_limit,272,0.5926665999540698,False,272
slimshetty/swebench-verified:sweb.eval.x86_64.pylint-dev__pylint-4604,0.0,r2egym-qwen3-rl-100-steps-attempt-3,65,2120,token_limit,0,0.0003353502250674,False,0
slimshetty/swebench-verified:sweb.eval.x86_64.sympy__sympy-14711,0.0,r2egym-qwen3-rl-100-steps-attempt-3,100,0,abs_step_limit,2,0.0001233945592763,False,3
slimshetty/swebench-verified:sweb.eval.x86_64.django__django-12663,0.0,r2egym-qwen3-rl-100-steps-attempt-3,81,3744,token_limit,135,0.6791786861878392,False,135
slimshetty/swebench-verified:sweb.eval.x86_64.django__django-10973,1.0,r2egym-qwen3-rl-100-steps-attempt-3,100,2611,abs_step_limit,0,0.7549149978955811,True,0
slimshetty/swebench-verified:sweb.eval.x86_64.django__django-11292,1.0,r2egym-qwen3-rl-100-steps-attempt-3,100,3351,abs_step_limit,31,0.7549149868676283,True,31
slimshetty/swebench-verified:sweb.eval.x86_64.sphinx-doc__sphinx-8548,0.0,r2egym-qwen3-rl-100-steps-attempt-3,94,3140,token_limit,5,0.4687906266262437,False,4
slimshetty/swebench-verified:sweb.eval.x86_64.django__django-13128,0.0,r2egym-qwen3-rl-100-steps-attempt-3,49,1691,token_limit,134,0.679178699175393,False,141
slimshetty/swebench-verified:sweb.eval.x86_64.django__django-14855,1.0,r2egym-qwen3-rl-100-steps-attempt-3,100,3883,abs_step_limit,325,0.7772998560157665,True,325
slimshetty/swebench-verified:sweb.eval.x86_64.matplotlib__matplotlib-23314,1.0,r2egym-qwen3-rl-100-steps-attempt-3,19,893,agent,862,0.7549149813536518,True,862
slimshetty/swebench-verified:sweb.eval.x86_64.sympy__sympy-20438,0.0,r2egym-qwen3-rl-100-steps-attempt-3,100,912,abs_step_limit,93,0.0024726233438497,False,94
slimshetty/swebench-verified:sweb.eval.x86_64.scikit-learn__scikit-learn-10844,1.0,r2egym-qwen3-rl-100-steps-attempt-3,24,633,agent,16,0.8670357546485407,True,17
slimshetty/swebench-verified:sweb.eval.x86_64.sympy__sympy-22914,1.0,r2egym-qwen3-rl-100-steps-attempt-3,42,2335,agent_max_step_limit,17,0.8519527944504227,True,18
slimshetty/swebench-verified:sweb.eval.x86_64.sphinx-doc__sphinx-8056,0.0,r2egym-qwen3-rl-100-steps-attempt-3,56,906,token_limit,40,0.0002611904318669,False,39
slimshetty/swebench-verified:sweb.eval.x86_64.django__django-11740,0.0,r2egym-qwen3-rl-100-steps-attempt-3,46,0,agent_max_step_limit,109,0.0008040860935123,False,109
slimshetty/swebench-verified:sweb.eval.x86_64.pytest-dev__pytest-10051,0.0,r2egym-qwen3-rl-100-steps-attempt-3,73,2915,token_limit,2,0.025957354890175,False,2
slimshetty/swebench-verified:sweb.eval.x86_64.django__django-14771,0.0,r2egym-qwen3-rl-100-steps-attempt-3,60,3689,token_limit,60,0.7549149758396752,False,60
slimshetty/swebench-verified:sweb.eval.x86_64.scikit-learn__scikit-learn-11578,1.0,r2egym-qwen3-rl-100-steps-attempt-3,79,2099,token_limit,93,0.867035752930664,True,0
slimshetty/swebench-verified:sweb.eval.x86_64.django__django-12273,0.0,r2egym-qwen3-rl-100-steps-attempt-3,100,1844,abs_step_limit,27,0.0028009274789189,False,27
slimshetty/swebench-verified:sweb.eval.x86_64.matplotlib__matplotlib-23412,0.0,r2egym-qwen3-rl-100-steps-attempt-3,100,0,abs_step_limit,46,4.539787938262061e-05,False,46
slimshetty/swebench-verified:sweb.eval.x86_64.psf__requests-1921,1.0,r2egym-qwen3-rl-100-steps-attempt-3,41,953,max_step_limit,107,0.7310585669110202,True,117
slimshetty/swebench-verified:sweb.eval.x86_64.matplotlib__matplotlib-24177,0.0,r2egym-qwen3-rl-100-steps-attempt-3,100,0,abs_step_limit,768,7.484620030608123e-05,False,768
slimshetty/swebench-verified:sweb.eval.x86_64.django__django-15104,1.0,r2egym-qwen3-rl-100-steps-attempt-3,100,2910,abs_step_limit,131,0.7772998508568417,True,131
slimshetty/swebench-verified:sweb.eval.x86_64.django__django-15987,1.0,r2egym-qwen3-rl-100-steps-attempt-3,55,4100,agent_max_step_limit,52,0.8354835452961427,True,53
slimshetty/swebench-verified:sweb.eval.x86_64.django__django-14034,0.0,r2egym-qwen3-rl-100-steps-attempt-3,57,3748,token_limit,12,0.0850990484875082,False,13
slimshetty/swebench-verified:sweb.eval.x86_64.sympy__sympy-19040,0.0,r2egym-qwen3-rl-100-steps-attempt-3,38,0,token_limit,148,8.481105108638249e-05,False,148
slimshetty/swebench-verified:sweb.eval.x86_64.pydata__xarray-4075,1.0,r2egym-qwen3-rl-100-steps-attempt-3,100,1121,abs_step_limit,958,0.9241418257242036,True,958
slimshetty/swebench-verified:sweb.eval.x86_64.django__django-12143,1.0,r2egym-qwen3-rl-100-steps-attempt-3,68,5172,token_limit,52,0.8519528057272543,True,52
slimshetty/swebench-verified:sweb.eval.x86_64.django__django-16502,0.0,r2egym-qwen3-rl-100-steps-attempt-3,33,0,token_limit,4,7.484623590792016e-05,False,4
slimshetty/swebench-verified:sweb.eval.x86_64.django__django-11477,0.0,r2egym-qwen3-rl-100-steps-attempt-3,100,2262,abs_step_limit,151,0.003172682151785,False,152
slimshetty/swebench-verified:sweb.eval.x86_64.scikit-learn__scikit-learn-13439,1.0,r2egym-qwen3-rl-100-steps-attempt-3,100,416,abs_step_limit,40,0.8807970826714614,True,41
slimshetty/swebench-verified:sweb.eval.x86_64.matplotlib__matplotlib-26291,0.0,r2egym-qwen3-rl-100-steps-attempt-3,41,1497,max_step_limit,47,0.5926665999540698,False,47
slimshetty/swebench-verified:sweb.eval.x86_64.sympy__sympy-23413,0.0,r2egym-qwen3-rl-100-steps-attempt-3,100,1674,abs_step_limit,2,0.0675466916088974,False,2
slimshetty/swebench-verified:sweb.eval.x86_64.sympy__sympy-20916,0.0,r2egym-qwen3-rl-100-steps-attempt-3,62,1262,agent_max_step_limit,1,0.6791787121629466,False,2
slimshetty/swebench-verified:sweb.eval.x86_64.django__django-16950,0.0,r2egym-qwen3-rl-100-steps-attempt-3,81,4362,agent_max_step_limit,3,0.182425521583901,False,3
slimshetty/swebench-verified:sweb.eval.x86_64.django__django-13568,0.0,r2egym-qwen3-rl-100-steps-attempt-3,100,2610,abs_step_limit,0,0.3775406617944891,False,0
slimshetty/swebench-verified:sweb.eval.x86_64.sympy__sympy-21930,0.0,r2egym-qwen3-rl-100-steps-attempt-3,43,1229,agent_max_step_limit,45,0.6224593312018545,False,48
slimshetty/swebench-verified:sweb.eval.x86_64.django__django-12713,1.0,r2egym-qwen3-rl-100-steps-attempt-3,23,4557,agent,58,0.8354835371034368,True,58
slimshetty/swebench-verified:sweb.eval.x86_64.django__django-11880,1.0,r2egym-qwen3-rl-100-steps-attempt-3,100,460,abs_step_limit,114,0.8807970826714614,True,114
slimshetty/swebench-verified:sweb.eval.x86_64.psf__requests-2317,1.0,r2egym-qwen3-rl-100-steps-attempt-3,100,1268,abs_step_limit,133,0.6224593312018546,True,0
slimshetty/swebench-verified:sweb.eval.x86_64.scikit-learn__scikit-learn-25973,0.0,r2egym-qwen3-rl-100-steps-attempt-3,100,1212,abs_step_limit,0,0.0001233946331106,False,0
slimshetty/swebench-verified:sweb.eval.x86_64.scikit-learn__scikit-learn-13496,1.0,r2egym-qwen3-rl-100-steps-attempt-3,95,908,token_limit,19,0.5621765008857982,True,19
slimshetty/swebench-verified:sweb.eval.x86_64.django__django-14752,1.0,r2egym-qwen3-rl-100-steps-attempt-3,67,5999,token_limit,15,0.7549149758396752,True,15
slimshetty/swebench-verified:sweb.eval.x86_64.scikit-learn__scikit-learn-13135,1.0,r2egym-qwen3-rl-100-steps-attempt-3,16,840,agent,33,0.880797076413356,True,34
slimshetty/swebench-verified:sweb.eval.x86_64.astropy__astropy-13236,0.0,r2egym-qwen3-rl-100-steps-attempt-3,57,2784,token_limit,644,0.0229773682792295,False,643
slimshetty/swebench-verified:sweb.eval.x86_64.django__django-13820,1.0,r2egym-qwen3-rl-100-steps-attempt-3,98,2887,token_limit,24,0.6224593312018546,True,25
slimshetty/swebench-verified:sweb.eval.x86_64.pydata__xarray-6938,0.0,r2egym-qwen3-rl-100-steps-attempt-3,31,1006,agent,430,0.5,False,430
slimshetty/swebench-verified:sweb.eval.x86_64.django__django-16877,0.0,r2egym-qwen3-rl-100-steps-attempt-3,100,1828,abs_step_limit,0,0.5926665999540698,False,0
slimshetty/swebench-verified:sweb.eval.x86_64.sympy__sympy-13798,0.0,r2egym-qwen3-rl-100-steps-attempt-3,100,1908,abs_step_limit,102,0.7310585727705126,False,104
slimshetty/swebench-verified:sweb.eval.x86_64.django__django-16819,0.0,r2egym-qwen3-rl-100-steps-attempt-3,100,3179,abs_step_limit,38,0.5,False,38
slimshetty/swebench-verified:sweb.eval.x86_64.django__django-13344,0.0,r2egym-qwen3-rl-100-steps-attempt-3,94,4711,token_limit,356,0.0028009274951768,False,356
slimshetty/swebench-verified:sweb.eval.x86_64.django__django-12406,0.0,r2egym-qwen3-rl-100-steps-attempt-3,47,1985,agent_max_step_limit,155,0.7772998560157665,False,155
slimshetty/swebench-verified:sweb.eval.x86_64.pytest-dev__pytest-7490,1.0,r2egym-qwen3-rl-100-steps-attempt-3,46,765,agent_max_step_limit,78,0.8354835411997897,True,78
slimshetty/swebench-verified:sweb.eval.x86_64.django__django-15957,0.0,r2egym-qwen3-rl-100-steps-attempt-3,69,1414,agent_max_step_limit,89,0.0021827169088291,False,89
slimshetty/swebench-verified:sweb.eval.x86_64.scikit-learn__scikit-learn-14710,0.0,r2egym-qwen3-rl-100-steps-attempt-3,100,931,abs_step_limit,0,0.0001233945742877,False,0
slimshetty/swebench-verified:sweb.eval.x86_64.django__django-12304,0.0,r2egym-qwen3-rl-100-steps-attempt-3,34,2051,token_limit,0,0.0017007223598477,False,0
slimshetty/swebench-verified:sweb.eval.x86_64.matplotlib__matplotlib-21568,0.0,r2egym-qwen3-rl-100-steps-attempt-3,41,1478,max_step_limit,73,0.7057850340255386,False,76
slimshetty/swebench-verified:sweb.eval.x86_64.sphinx-doc__sphinx-9711,1.0,r2egym-qwen3-rl-100-steps-attempt-3,64,2924,token_limit,0,0.4687906266262437,True,1687
slimshetty/swebench-verified:sweb.eval.x86_64.sympy__sympy-23950,0.0,r2egym-qwen3-rl-100-steps-attempt-3,62,0,token_limit,4,7.484623602717382e-05,False,5
slimshetty/swebench-verified:sweb.eval.x86_64.sphinx-doc__sphinx-8551,0.0,r2egym-qwen3-rl-100-steps-attempt-3,68,906,token_limit,32,0.0002034270683186,False,32
slimshetty/swebench-verified:sweb.eval.x86_64.sphinx-doc__sphinx-8721,1.0,r2egym-qwen3-rl-100-steps-attempt-3,89,4319,token_limit,3,0.0059110693624566,True,0
slimshetty/swebench-verified:sweb.eval.x86_64.pytest-dev__pytest-7236,0.0,r2egym-qwen3-rl-100-steps-attempt-3,69,1003,token_limit,0,0.0004305570722311,False,0
slimshetty/swebench-verified:sweb.eval.x86_64.matplotlib__matplotlib-25960,0.0,r2egym-qwen3-rl-100-steps-attempt-3,53,3493,token_limit,123,0.0075772411102846,False,123
slimshetty/swebench-verified:sweb.eval.x86_64.pydata__xarray-2905,1.0,r2egym-qwen3-rl-100-steps-attempt-3,46,1556,token_limit,364,0.8807970904940926,True,0
slimshetty/swebench-verified:sweb.eval.x86_64.django__django-14238,1.0,r2egym-qwen3-rl-100-steps-attempt-3,100,1513,abs_step_limit,39,0.8670357546485407,True,40
slimshetty/swebench-verified:sweb.eval.x86_64.sympy__sympy-20428,0.0,r2egym-qwen3-rl-100-steps-attempt-3,40,2373,agent,154,0.8354835350552604,False,154
slimshetty/swebench-verified:sweb.eval.x86_64.matplotlib__matplotlib-26113,1.0,r2egym-qwen3-rl-100-steps-attempt-3,100,2670,abs_step_limit,812,0.7310585727705127,True,812
slimshetty/swebench-verified:sweb.eval.x86_64.astropy__astropy-7671,0.0,r2egym-qwen3-rl-100-steps-attempt-3,31,2320,agent,0,0.7549149868676283,False,0
slimshetty/swebench-verified:sweb.eval.x86_64.matplotlib__matplotlib-14623,1.0,r2egym-qwen3-rl-100-steps-attempt-3,81,1263,token_limit,400,0.3208213073183839,True,401
slimshetty/swebench-verified:sweb.eval.x86_64.sphinx-doc__sphinx-8593,0.0,r2egym-qwen3-rl-100-steps-attempt-3,33,909,llm_query_error,1,0.0,False,3
slimshetty/swebench-verified:sweb.eval.x86_64.matplotlib__matplotlib-22865,0.0,r2egym-qwen3-rl-100-steps-attempt-3,100,3076,abs_step_limit,55,0.6224593312018546,False,54
slimshetty/swebench-verified:sweb.eval.x86_64.pydata__xarray-3095,0.0,r2egym-qwen3-rl-100-steps-attempt-3,60,562,token_limit,242,0.0075772429556766,False,231
slimshetty/swebench-verified:sweb.eval.x86_64.django__django-15563,0.0,r2egym-qwen3-rl-100-steps-attempt-3,77,3079,token_limit,28,0.3775406687981454,False,28
slimshetty/swebench-verified:sweb.eval.x86_64.scikit-learn__scikit-learn-12682,0.0,r2egym-qwen3-rl-100-steps-attempt-3,23,3640,agent,66,0.7772998508568416,False,66
slimshetty/swebench-verified:sweb.eval.x86_64.django__django-10880,0.0,r2egym-qwen3-rl-100-steps-attempt-3,100,469,abs_step_limit,54,0.8519527982093666,False,54
slimshetty/swebench-verified:sweb.eval.x86_64.sympy__sympy-20801,0.0,r2egym-qwen3-rl-100-steps-attempt-3,47,2173,token_limit,96,0.0600866463869804,False,96
slimshetty/swebench-verified:sweb.eval.x86_64.django__django-15731,1.0,r2egym-qwen3-rl-100-steps-attempt-3,51,2095,agent_max_step_limit,58,0.7549149978955811,True,57
slimshetty/swebench-verified:sweb.eval.x86_64.pydata__xarray-6599,1.0,r2egym-qwen3-rl-100-steps-attempt-3,30,3480,agent,264,0.5926665999540698,True,263
slimshetty/swebench-verified:sweb.eval.x86_64.django__django-16429,1.0,r2egym-qwen3-rl-100-steps-attempt-3,49,1239,token_limit,21,0.8519527963298947,True,17
slimshetty/swebench-verified:sweb.eval.x86_64.sphinx-doc__sphinx-7440,0.0,r2egym-qwen3-rl-100-steps-attempt-3,100,906,abs_step_limit,12,0.0003353500249477,False,13
slimshetty/swebench-verified:sweb.eval.x86_64.django__django-15127,0.0,r2egym-qwen3-rl-100-steps-attempt-3,97,3418,token_limit,1,0.8354835411997897,False,1
slimshetty/swebench-verified:sweb.eval.x86_64.django__django-14493,1.0,r2egym-qwen3-rl-100-steps-attempt-3,85,1626,token_limit,36,0.0758581742757964,True,36
slimshetty/swebench-verified:sweb.eval.x86_64.django__django-16938,0.0,r2egym-qwen3-rl-100-steps-attempt-3,76,3374,token_limit,65,0.8175744806385542,False,70
slimshetty/swebench-verified:sweb.eval.x86_64.pytest-dev__pytest-7571,1.0,r2egym-qwen3-rl-100-steps-attempt-3,42,801,agent_max_step_limit,14,0.8933093982432729,True,14
slimshetty/swebench-verified:sweb.eval.x86_64.django__django-16631,0.0,r2egym-qwen3-rl-100-steps-attempt-3,84,3996,token_limit,11,0.4073334000459302,False,11
slimshetty/swebench-verified:sweb.eval.x86_64.sphinx-doc__sphinx-11510,0.0,r2egym-qwen3-rl-100-steps-attempt-3,100,3233,abs_step_limit,7,0.8519528019683105,False,7
slimshetty/swebench-verified:sweb.eval.x86_64.django__django-15268,0.0,r2egym-qwen3-rl-100-steps-attempt-3,97,1161,token_limit,130,0.008577487005609,False,133
slimshetty/swebench-verified:sweb.eval.x86_64.sphinx-doc__sphinx-10449,0.0,r2egym-qwen3-rl-100-steps-attempt-3,64,2105,token_limit,28,0.0675466845698721,False,29
slimshetty/swebench-verified:sweb.eval.x86_64.django__django-16527,0.0,r2egym-qwen3-rl-100-steps-attempt-3,100,2301,abs_step_limit,6,0.0001088969347318,False,6
slimshetty/swebench-verified:sweb.eval.x86_64.django__django-13158,0.0,r2egym-qwen3-rl-100-steps-attempt-3,77,5333,token_limit,29,0.6513548646660542,False,29
slimshetty/swebench-verified:sweb.eval.x86_64.django__django-16595,1.0,r2egym-qwen3-rl-100-steps-attempt-3,56,1820,agent_max_step_limit,37,0.8175744828610095,True,37
slimshetty/swebench-verified:sweb.eval.x86_64.pytest-dev__pytest-7521,1.0,r2egym-qwen3-rl-100-steps-attempt-3,53,1222,agent_max_step_limit,125,0.8519527982093666,True,124
slimshetty/swebench-verified:sweb.eval.x86_64.scikit-learn__scikit-learn-14894,1.0,r2egym-qwen3-rl-100-steps-attempt-3,85,1177,token_limit,85,0.8933094039240554,True,85
slimshetty/swebench-verified:sweb.eval.x86_64.django__django-11790,0.0,r2egym-qwen3-rl-100-steps-attempt-3,90,1848,token_limit,0,0.7981867753392728,False,78
slimshetty/swebench-verified:sweb.eval.x86_64.matplotlib__matplotlib-26208,0.0,r2egym-qwen3-rl-100-steps-attempt-3,80,749,token_limit,813,0.0031726823130466,False,813
slimshetty/swebench-verified:sweb.eval.x86_64.django__django-14404,0.0,r2egym-qwen3-rl-100-steps-attempt-3,100,3442,abs_step_limit,323,0.0011695104102925,False,323
slimshetty/swebench-verified:sweb.eval.x86_64.django__django-11999,0.0,r2egym-qwen3-rl-100-steps-attempt-3,100,1112,abs_step_limit,30,0.0031726823329281,False,30
slimshetty/swebench-verified:sweb.eval.x86_64.sympy__sympy-12419,1.0,r2egym-qwen3-rl-100-steps-attempt-3,91,1830,token_limit,25,0.7057850278370112,True,26
slimshetty/swebench-verified:sweb.eval.x86_64.mwaskom__seaborn-3187,0.0,r2egym-qwen3-rl-100-steps-attempt-3,100,792,abs_step_limit,248,0.651354857898194,False,249
slimshetty/swebench-verified:sweb.eval.x86_64.django__django-15732,0.0,r2egym-qwen3-rl-100-steps-attempt-3,77,2279,token_limit,125,0.7772998611746911,False,124
slimshetty/swebench-verified:sweb.eval.x86_64.psf__requests-1766,1.0,r2egym-qwen3-rl-100-steps-attempt-3,37,1949,agent,79,0.8354835452961425,True,89
slimshetty/swebench-verified:sweb.eval.x86_64.astropy__astropy-14182,0.0,r2egym-qwen3-rl-100-steps-attempt-3,89,1563,token_limit,1,0.0330859800571802,False,1
slimshetty/swebench-verified:sweb.eval.x86_64.sympy__sympy-24562,1.0,r2egym-qwen3-rl-100-steps-attempt-3,26,1545,agent,105,0.8933094003735664,True,105
slimshetty/swebench-verified:sweb.eval.x86_64.django__django-13279,0.0,r2egym-qwen3-rl-100-steps-attempt-3,73,2824,token_limit,346,0.8354835330070838,False,346
slimshetty/swebench-verified:sweb.eval.x86_64.django__django-14170,0.0,r2egym-qwen3-rl-100-steps-attempt-3,41,1673,max_step_limit,67,0.679178699175393,False,73
slimshetty/swebench-verified:sweb.eval.x86_64.scikit-learn__scikit-learn-14087,0.0,r2egym-qwen3-rl-100-steps-attempt-3,46,2339,token_limit,0,0.0052201267430231,False,0
slimshetty/swebench-verified:sweb.eval.x86_64.pylint-dev__pylint-4661,0.0,r2egym-qwen3-rl-100-steps-attempt-3,82,1256,token_limit,0,0.798186768138228,False,50
slimshetty/swebench-verified:sweb.eval.x86_64.django__django-15572,1.0,r2egym-qwen3-rl-100-steps-attempt-3,40,3734,agent,10,0.7772998663336157,True,10
slimshetty/swebench-verified:sweb.eval.x86_64.django__django-11095,0.0,r2egym-qwen3-rl-100-steps-attempt-3,100,0,abs_step_limit,19,1.473898899664279e-05,False,19
slimshetty/swebench-verified:sweb.eval.x86_64.django__django-13794,0.0,r2egym-qwen3-rl-100-steps-attempt-3,100,1894,abs_step_limit,19,0.8519527944504227,False,19
slimshetty/swebench-verified:sweb.eval.x86_64.matplotlib__matplotlib-22871,0.0,r2egym-qwen3-rl-100-steps-attempt-3,100,1441,abs_step_limit,87,0.4073334000459302,False,88
slimshetty/swebench-verified:sweb.eval.x86_64.django__django-16801,1.0,r2egym-qwen3-rl-100-steps-attempt-3,42,7327,agent_max_step_limit,17,0.8670357718273068,True,17
slimshetty/swebench-verified:sweb.eval.x86_64.django__django-13837,0.0,r2egym-qwen3-rl-100-steps-attempt-3,48,3640,token_limit,57,0.0140636270045047,False,57
slimshetty/swebench-verified:sweb.eval.x86_64.astropy__astropy-13398,0.0,r2egym-qwen3-rl-100-steps-attempt-3,86,0,token_limit,68,2.430023782010365e-05,False,68
slimshetty/swebench-verified:sweb.eval.x86_64.django__django-11400,0.0,r2egym-qwen3-rl-100-steps-attempt-3,100,4626,abs_step_limit,58,0.679178692681616,False,58
slimshetty/swebench-verified:sweb.eval.x86_64.django__django-11087,0.0,r2egym-qwen3-rl-100-steps-attempt-3,44,0,token_limit,41,2.1444945846588504e-05,False,41
slimshetty/swebench-verified:sweb.eval.x86_64.scikit-learn__scikit-learn-12973,0.0,r2egym-qwen3-rl-100-steps-attempt-3,100,1691,abs_step_limit,32,0.651354857898194,False,30
slimshetty/swebench-verified:sweb.eval.x86_64.django__django-12155,1.0,r2egym-qwen3-rl-100-steps-attempt-3,100,3383,abs_step_limit,6,0.5621765008857981,True,7
slimshetty/swebench-verified:sweb.eval.x86_64.pytest-dev__pytest-8399,1.0,r2egym-qwen3-rl-100-steps-attempt-3,41,549,max_step_limit,59,0.8354835350552604,True,59
slimshetty/swebench-verified:sweb.eval.x86_64.django__django-16899,1.0,r2egym-qwen3-rl-100-steps-attempt-3,59,2580,agent_max_step_limit,54,0.3775406617944891,True,54
slimshetty/swebench-verified:sweb.eval.x86_64.sympy__sympy-13647,1.0,r2egym-qwen3-rl-100-steps-attempt-3,81,3075,token_limit,76,0.6513548782017745,True,76
slimshetty/swebench-verified:sweb.eval.x86_64.sphinx-doc__sphinx-9230,0.0,r2egym-qwen3-rl-100-steps-attempt-3,89,738,token_limit,44,0.1192029095059074,False,45
slimshetty/swebench-verified:sweb.eval.x86_64.scikit-learn__scikit-learn-25232,0.0,r2egym-qwen3-rl-100-steps-attempt-3,38,2528,agent,151,0.7310585727705126,False,151
slimshetty/swebench-verified:sweb.eval.x86_64.django__django-13786,1.0,r2egym-qwen3-rl-100-steps-attempt-3,100,3059,abs_step_limit,33,0.8519527982093666,True,34
slimshetty/swebench-verified:sweb.eval.x86_64.pydata__xarray-7393,0.0,r2egym-qwen3-rl-100-steps-attempt-3,66,1544,token_limit,70,0.0159063938110964,False,70
slimshetty/swebench-verified:sweb.eval.x86_64.sympy__sympy-15017,1.0,r2egym-qwen3-rl-100-steps-attempt-3,71,1584,token_limit,14,0.7981867705385763,True,14
slimshetty/swebench-verified:sweb.eval.x86_64.sympy__sympy-13615,1.0,r2egym-qwen3-rl-100-steps-attempt-3,28,1584,agent,70,0.8519528057272543,True,71
slimshetty/swebench-verified:sweb.eval.x86_64.django__django-14915,1.0,r2egym-qwen3-rl-100-steps-attempt-3,31,3180,agent,23,0.8670357683915538,True,23
slimshetty/swebench-verified:sweb.eval.x86_64.django__django-12774,0.0,r2egym-qwen3-rl-100-steps-attempt-3,56,4710,token_limit,39,0.8354835330070839,False,40
slimshetty/swebench-verified:sweb.eval.x86_64.sphinx-doc__sphinx-9367,1.0,r2egym-qwen3-rl-100-steps-attempt-3,13,580,agent,25,0.8670357666736772,True,25
slimshetty/swebench-verified:sweb.eval.x86_64.pytest-dev__pytest-5840,0.0,r2egym-qwen3-rl-100-steps-attempt-3,48,1330,token_limit,50,0.4378234991142019,False,51
slimshetty/swebench-verified:sweb.eval.x86_64.django__django-13112,0.0,r2egym-qwen3-rl-100-steps-attempt-3,49,0,token_limit,63,0.0001233945594631,False,63
slimshetty/swebench-verified:sweb.eval.x86_64.django__django-13516,0.0,r2egym-qwen3-rl-100-steps-attempt-3,100,826,abs_step_limit,43,0.0031726832047714,False,43
slimshetty/swebench-verified:sweb.eval.x86_64.django__django-13925,0.0,r2egym-qwen3-rl-100-steps-attempt-3,70,477,token_limit,24,0.5,False,22
slimshetty/swebench-verified:sweb.eval.x86_64.pylint-dev__pylint-6386,0.0,r2egym-qwen3-rl-100-steps-attempt-3,100,1912,abs_step_limit,7,0.7057850402140659,False,7
slimshetty/swebench-verified:sweb.eval.x86_64.sphinx-doc__sphinx-7462,0.0,r2egym-qwen3-rl-100-steps-attempt-3,50,2627,agent_max_step_limit,49,0.8175744828610095,False,50
slimshetty/swebench-verified:sweb.eval.x86_64.matplotlib__matplotlib-20859,1.0,r2egym-qwen3-rl-100-steps-attempt-3,58,3289,token_limit,88,0.8519528057272543,True,89
slimshetty/swebench-verified:sweb.eval.x86_64.matplotlib__matplotlib-24627,1.0,r2egym-qwen3-rl-100-steps-attempt-3,100,975,abs_step_limit,776,0.8933094017937621,True,776
slimshetty/swebench-verified:sweb.eval.x86_64.django__django-14608,0.0,r2egym-qwen3-rl-100-steps-attempt-3,46,3670,token_limit,391,0.2018132198600305,False,394
slimshetty/swebench-verified:sweb.eval.x86_64.django__django-11179,1.0,r2egym-qwen3-rl-100-steps-attempt-3,68,902,token_limit,40,0.7310585844894971,True,40
slimshetty/swebench-verified:sweb.eval.x86_64.django__django-16139,0.0,r2egym-qwen3-rl-100-steps-attempt-3,100,5623,abs_step_limit,0,0.8807970732843033,False,0
slimshetty/swebench-verified:sweb.eval.x86_64.sphinx-doc__sphinx-8475,1.0,r2egym-qwen3-rl-100-steps-attempt-3,100,1285,abs_step_limit,17,0.8354835411997897,True,17
slimshetty/swebench-verified:sweb.eval.x86_64.django__django-15695,0.0,r2egym-qwen3-rl-100-steps-attempt-3,82,8844,token_limit,123,0.7549149868676283,False,123
slimshetty/swebench-verified:sweb.eval.x86_64.sympy__sympy-24213,1.0,r2egym-qwen3-rl-100-steps-attempt-3,100,4034,abs_step_limit,31,0.880797068590724,True,31
slimshetty/swebench-verified:sweb.eval.x86_64.scikit-learn__scikit-learn-11310,1.0,r2egym-qwen3-rl-100-steps-attempt-3,17,1061,agent,50,0.8354835411997897,True,51
slimshetty/swebench-verified:sweb.eval.x86_64.django__django-14122,0.0,r2egym-qwen3-rl-100-steps-attempt-3,100,3669,abs_step_limit,26,0.4073334000459302,False,26
slimshetty/swebench-verified:sweb.eval.x86_64.django__django-16493,1.0,r2egym-qwen3-rl-100-steps-attempt-3,57,3014,agent_max_step_limit,91,0.7981867777396212,True,91
slimshetty/swebench-verified:sweb.eval.x86_64.scikit-learn__scikit-learn-14629,0.0,r2egym-qwen3-rl-100-steps-attempt-3,43,1874,agent_max_step_limit,26,0.6224593312018546,False,24
slimshetty/swebench-verified:sweb.eval.x86_64.sympy__sympy-22080,0.0,r2egym-qwen3-rl-100-steps-attempt-3,55,0,token_limit,91,9.610242620376576e-05,False,93
slimshetty/swebench-verified:sweb.eval.x86_64.sphinx-doc__sphinx-9591,0.0,r2egym-qwen3-rl-100-steps-attempt-3,72,4336,token_limit,42,0.679178699175393,False,43
slimshetty/swebench-verified:sweb.eval.x86_64.matplotlib__matplotlib-20676,0.0,r2egym-qwen3-rl-100-steps-attempt-3,54,0,token_limit,32,5.829127239415151e-05,False,32
slimshetty/swebench-verified:sweb.eval.x86_64.sympy__sympy-21847,1.0,r2egym-qwen3-rl-100-steps-attempt-3,27,2816,agent,9,0.8670357649558006,True,10
slimshetty/swebench-verified:sweb.eval.x86_64.django__django-13012,1.0,r2egym-qwen3-rl-100-steps-attempt-3,36,2639,agent,137,0.679178699175393,True,137
slimshetty/swebench-verified:sweb.eval.x86_64.django__django-14787,1.0,r2egym-qwen3-rl-100-steps-attempt-3,8,1506,agent,20,0.798186775339273,True,20
slimshetty/swebench-verified:sweb.eval.x86_64.sympy__sympy-15875,0.0,r2egym-qwen3-rl-100-steps-attempt-3,41,2588,token_limit,37,0.0229773674847391,False,37
slimshetty/swebench-verified:sweb.eval.x86_64.matplotlib__matplotlib-22719,1.0,r2egym-qwen3-rl-100-steps-attempt-3,100,2701,abs_step_limit,68,0.5312093733737563,True,64
slimshetty/swebench-verified:sweb.eval.x86_64.django__django-16485,1.0,r2egym-qwen3-rl-100-steps-attempt-3,97,1246,token_limit,9,0.8807970858005139,True,10
slimshetty/swebench-verified:sweb.eval.x86_64.sphinx-doc__sphinx-10673,0.0,r2egym-qwen3-rl-100-steps-attempt-3,39,5785,token_limit,9,0.0600866465973708,False,9
slimshetty/swebench-verified:sweb.eval.x86_64.django__django-15629,0.0,r2egym-qwen3-rl-100-steps-attempt-3,63,2051,agent_max_step_limit,115,0.5621765008857982,False,115
slimshetty/swebench-verified:sweb.eval.x86_64.django__django-15554,0.0,r2egym-qwen3-rl-100-steps-attempt-3,68,547,token_limit,19,0.3486451488696663,False,19
slimshetty/swebench-verified:sweb.eval.x86_64.django__django-14315,0.0,r2egym-qwen3-rl-100-steps-attempt-3,46,522,agent_max_step_limit,0,0.8670357512127872,False,10
slimshetty/swebench-verified:sweb.eval.x86_64.django__django-12050,1.0,r2egym-qwen3-rl-100-steps-attempt-3,41,5580,max_step_limit,10,0.8519528038477824,True,10
slimshetty/swebench-verified:sweb.eval.x86_64.sphinx-doc__sphinx-8621,0.0,r2egym-qwen3-rl-100-steps-attempt-3,100,1855,abs_step_limit,29,0.0179862063102636,False,29
slimshetty/swebench-verified:sweb.eval.x86_64.matplotlib__matplotlib-24149,1.0,r2egym-qwen3-rl-100-steps-attempt-3,90,731,token_limit,767,0.880797071719777,True,767
slimshetty/swebench-verified:sweb.eval.x86_64.django__django-17087,0.0,r2egym-qwen3-rl-100-steps-attempt-3,54,1986,agent_max_step_limit,47,0.7549149978955811,False,47
slimshetty/swebench-verified:sweb.eval.x86_64.sphinx-doc__sphinx-8638,0.0,r2egym-qwen3-rl-100-steps-attempt-3,82,638,token_limit,34,0.4687906266262437,False,34
slimshetty/swebench-verified:sweb.eval.x86_64.django__django-15161,0.0,r2egym-qwen3-rl-100-steps-attempt-3,70,0,token_limit,208,5.144223197188398e-05,False,210
slimshetty/swebench-verified:sweb.eval.x86_64.sympy__sympy-17139,1.0,r2egym-qwen3-rl-100-steps-attempt-3,22,1091,agent,67,0.7310585727705126,True,68
slimshetty/swebench-verified:sweb.eval.x86_64.sphinx-doc__sphinx-9258,0.0,r2egym-qwen3-rl-100-steps-attempt-3,100,0,abs_step_limit,45,3.1201926212712214e-05,False,45
slimshetty/swebench-verified:sweb.eval.x86_64.sphinx-doc__sphinx-9461,0.0,r2egym-qwen3-rl-100-steps-attempt-3,83,2868,token_limit,59,0.2450850131323717,False,61
slimshetty/swebench-verified:sweb.eval.x86_64.django__django-11820,0.0,r2egym-qwen3-rl-100-steps-attempt-3,100,3789,abs_step_limit,0,0.0046095715020705,False,0
slimshetty/swebench-verified:sweb.eval.x86_64.sphinx-doc__sphinx-7889,1.0,r2egym-qwen3-rl-100-steps-attempt-3,100,2391,abs_step_limit,5,0.7057850340255386,True,6
slimshetty/swebench-verified:sweb.eval.x86_64.django__django-10914,1.0,r2egym-qwen3-rl-100-steps-attempt-3,100,3073,abs_step_limit,98,0.8670357632379241,True,98
slimshetty/swebench-verified:sweb.eval.x86_64.sympy__sympy-20590,1.0,r2egym-qwen3-rl-100-steps-attempt-3,21,316,agent,21,0.7310585669110202,True,21
slimshetty/swebench-verified:sweb.eval.x86_64.sphinx-doc__sphinx-11445,0.0,r2egym-qwen3-rl-100-steps-attempt-3,100,1778,abs_step_limit,8,0.0019267345119918,False,7
slimshetty/swebench-verified:sweb.eval.x86_64.sympy__sympy-17318,0.0,r2egym-qwen3-rl-100-steps-attempt-3,11,709,agent,10,0.6224593312018546,False,10
slimshetty/swebench-verified:sweb.eval.x86_64.sympy__sympy-15599,0.0,r2egym-qwen3-rl-100-steps-attempt-3,43,1757,agent_max_step_limit,80,0.6224593312018545,False,80
slimshetty/swebench-verified:sweb.eval.x86_64.django__django-15930,0.0,r2egym-qwen3-rl-100-steps-attempt-3,82,2895,token_limit,88,0.0758581878559447,False,88
slimshetty/swebench-verified:sweb.eval.x86_64.django__django-14311,0.0,r2egym-qwen3-rl-100-steps-attempt-3,94,6264,agent_max_step_limit,56,0.8519527963298947,False,56
slimshetty/swebench-verified:sweb.eval.x86_64.django__django-12209,0.0,r2egym-qwen3-rl-100-steps-attempt-3,72,0,token_limit,0,1.300712380997554e-05,False,1
slimshetty/swebench-verified:sweb.eval.x86_64.django__django-13551,1.0,r2egym-qwen3-rl-100-steps-attempt-3,100,6565,abs_step_limit,56,0.8354835309589074,True,57
slimshetty/swebench-verified:sweb.eval.x86_64.scikit-learn__scikit-learn-12585,1.0,r2egym-qwen3-rl-100-steps-attempt-3,31,3950,agent,22,0.7057850278370111,True,22
slimshetty/swebench-verified:sweb.eval.x86_64.django__django-16569,1.0,r2egym-qwen3-rl-100-steps-attempt-3,97,2912,token_limit,111,0.0600866495428364,True,113
slimshetty/swebench-verified:sweb.eval.x86_64.sympy__sympy-18189,1.0,r2egym-qwen3-rl-100-steps-attempt-3,30,670,agent,41,0.8933094117351309,True,42
slimshetty/swebench-verified:sweb.eval.x86_64.django__django-11964,0.0,r2egym-qwen3-rl-100-steps-attempt-3,53,0,token_limit,15,0.0001088968825198,False,16
slimshetty/swebench-verified:sweb.eval.x86_64.sphinx-doc__sphinx-10435,0.0,r2egym-qwen3-rl-100-steps-attempt-3,21,1854,agent,74,0.8354835350552603,False,74
slimshetty/swebench-verified:sweb.eval.x86_64.sphinx-doc__sphinx-8269,1.0,r2egym-qwen3-rl-100-steps-attempt-3,100,4824,abs_step_limit,5,0.8933094074745443,True,5
slimshetty/swebench-verified:sweb.eval.x86_64.pytest-dev__pytest-10081,0.0,r2egym-qwen3-rl-100-steps-attempt-3,18,688,agent,62,0.817574478416099,False,61
slimshetty/swebench-verified:sweb.eval.x86_64.matplotlib__matplotlib-25287,1.0,r2egym-qwen3-rl-100-steps-attempt-3,40,1593,agent,786,0.8354835391516133,True,786
slimshetty/swebench-verified:sweb.eval.x86_64.pytest-dev__pytest-5631,1.0,r2egym-qwen3-rl-100-steps-attempt-3,100,1339,abs_step_limit,15,0.8354835411997897,True,15
slimshetty/swebench-verified:sweb.eval.x86_64.sphinx-doc__sphinx-10323,0.0,r2egym-qwen3-rl-100-steps-attempt-3,44,5447,token_limit,38,0.0373268914938844,False,38
slimshetty/swebench-verified:sweb.eval.x86_64.sympy__sympy-22714,0.0,r2egym-qwen3-rl-100-steps-attempt-3,45,971,agent_max_step_limit,0,0.3775406687981454,False,0
slimshetty/swebench-verified:sweb.eval.x86_64.astropy__astropy-14508,0.0,r2egym-qwen3-rl-100-steps-attempt-3,38,2344,token_limit,173,0.8354835371034368,False,173
slimshetty/swebench-verified:sweb.eval.x86_64.django__django-14534,0.0,r2egym-qwen3-rl-100-steps-attempt-3,87,3407,token_limit,118,0.7549149813536518,False,120
slimshetty/swebench-verified:sweb.eval.x86_64.sympy__sympy-16792,0.0,r2egym-qwen3-rl-100-steps-attempt-3,84,0,token_limit,54,4.539785776693042e-05,False,54
slimshetty/swebench-verified:sweb.eval.x86_64.django__django-14725,0.0,r2egym-qwen3-rl-100-steps-attempt-3,100,3651,abs_step_limit,64,0.1066905960759445,False,64
slimshetty/swebench-verified:sweb.eval.x86_64.django__django-11163,1.0,r2egym-qwen3-rl-100-steps-attempt-3,42,3550,agent_max_step_limit,141,0.7981867753392728,True,142
slimshetty/swebench-verified:sweb.eval.x86_64.django__django-16082,1.0,r2egym-qwen3-rl-100-steps-attempt-3,100,3699,abs_step_limit,170,0.7981867849406659,True,172
slimshetty/swebench-verified:sweb.eval.x86_64.django__django-10999,0.0,r2egym-qwen3-rl-100-steps-attempt-3,96,2146,token_limit,0,0.0001795279847471,False,0
slimshetty/swebench-verified:sweb.eval.x86_64.pytest-dev__pytest-5787,0.0,r2egym-qwen3-rl-100-steps-attempt-3,48,0,token_limit,123,5.1442213596242845e-05,False,123
slimshetty/swebench-verified:sweb.eval.x86_64.django__django-15741,1.0,r2egym-qwen3-rl-100-steps-attempt-3,41,1503,max_step_limit,104,0.8807970748488297,True,104
slimshetty/swebench-verified:sweb.eval.x86_64.sympy__sympy-14531,0.0,r2egym-qwen3-rl-100-steps-attempt-3,51,3293,agent_max_step_limit,78,0.3486451285660855,False,79
slimshetty/swebench-verified:sweb.eval.x86_64.sphinx-doc__sphinx-9658,0.0,r2egym-qwen3-rl-100-steps-attempt-3,100,444,abs_step_limit,24,0.2227001491431583,False,23
slimshetty/swebench-verified:sweb.eval.x86_64.django__django-15851,1.0,r2egym-qwen3-rl-100-steps-attempt-3,100,1139,abs_step_limit,8,0.8175744695262775,True,8
slimshetty/swebench-verified:sweb.eval.x86_64.sympy__sympy-13480,1.0,r2egym-qwen3-rl-100-steps-attempt-3,92,1224,token_limit,43,0.6224593312018545,True,44
slimshetty/swebench-verified:sweb.eval.x86_64.django__django-11728,0.0,r2egym-qwen3-rl-100-steps-attempt-3,72,1017,token_limit,43,0.007577242472443,False,45
slimshetty/swebench-verified:sweb.eval.x86_64.pytest-dev__pytest-6197,0.0,r2egym-qwen3-rl-100-steps-attempt-3,44,2256,agent_max_step_limit,2,0.5621765008857981,False,143
slimshetty/swebench-verified:sweb.eval.x86_64.django__django-16661,0.0,r2egym-qwen3-rl-100-steps-attempt-3,83,7265,token_limit,0,0.7549149868676283,False,0
slimshetty/swebench-verified:sweb.eval.x86_64.django__django-17029,1.0,r2egym-qwen3-rl-100-steps-attempt-3,100,2609,abs_step_limit,43,0.7981867705385762,True,43
slimshetty/swebench-verified:sweb.eval.x86_64.sympy__sympy-14248,0.0,r2egym-qwen3-rl-100-steps-attempt-3,73,5693,token_limit,0,0.0159063910703675,False,0
slimshetty/swebench-verified:sweb.eval.x86_64.django__django-14580,1.0,r2egym-qwen3-rl-100-steps-attempt-3,100,4131,abs_step_limit,49,0.8354835371034368,True,40
slimshetty/swebench-verified:sweb.eval.x86_64.matplotlib__matplotlib-20488,0.0,r2egym-qwen3-rl-100-steps-attempt-3,50,3627,token_limit,49,0.0019267345531837,False,50
slimshetty/swebench-verified:sweb.eval.x86_64.scikit-learn__scikit-learn-13328,1.0,r2egym-qwen3-rl-100-steps-attempt-3,16,1853,agent,9,0.904650541527608,True,9
slimshetty/swebench-verified:sweb.eval.x86_64.django__django-11555,1.0,r2egym-qwen3-rl-100-steps-attempt-3,87,3072,token_limit,26,0.7057850402140659,True,26
slimshetty/swebench-verified:sweb.eval.x86_64.django__django-16032,1.0,r2egym-qwen3-rl-100-steps-attempt-3,100,5261,abs_step_limit,77,0.651354857898194,True,77
slimshetty/swebench-verified:sweb.eval.x86_64.pydata__xarray-4966,1.0,r2egym-qwen3-rl-100-steps-attempt-3,61,7311,token_limit,21,0.8807970873650401,True,17
slimshetty/swebench-verified:sweb.eval.x86_64.sympy__sympy-18211,0.0,r2egym-qwen3-rl-100-steps-attempt-3,47,2069,agent_max_step_limit,54,0.731058584489497,False,54
slimshetty/swebench-verified:sweb.eval.x86_64.django__django-15280,0.0,r2egym-qwen3-rl-100-steps-attempt-3,100,0,abs_step_limit,85,0.000295957125155,False,85
slimshetty/swebench-verified:sweb.eval.x86_64.matplotlib__matplotlib-20826,0.0,r2egym-qwen3-rl-100-steps-attempt-3,100,2385,abs_step_limit,633,0.0052201268977829,False,633
slimshetty/swebench-verified:sweb.eval.x86_64.matplotlib__matplotlib-23299,0.0,r2egym-qwen3-rl-100-steps-attempt-3,30,526,token_limit,192,0.0046095732241741,False,192
slimshetty/swebench-verified:sweb.eval.x86_64.scikit-learn__scikit-learn-26323,1.0,r2egym-qwen3-rl-100-steps-attempt-3,100,2937,token_limit,188,0.8670357477770336,True,184
slimshetty/swebench-verified:sweb.eval.x86_64.sphinx-doc__sphinx-10466,0.0,r2egym-qwen3-rl-100-steps-attempt-3,100,1147,abs_step_limit,6,0.2450850241603248,False,6
slimshetty/swebench-verified:sweb.eval.x86_64.pytest-dev__pytest-5809,0.0,r2egym-qwen3-rl-100-steps-attempt-3,100,2665,abs_step_limit,0,0.0013250224913105,False,0
slimshetty/swebench-verified:sweb.eval.x86_64.pydata__xarray-4356,0.0,r2egym-qwen3-rl-100-steps-attempt-3,76,3798,token_limit,566,0.1192029298447494,False,550
slimshetty/swebench-verified:sweb.eval.x86_64.sphinx-doc__sphinx-7590,0.0,r2egym-qwen3-rl-100-steps-attempt-3,100,2719,abs_step_limit,24,0.8354835432479661,False,25
slimshetty/swebench-verified:sweb.eval.x86_64.pylint-dev__pylint-7277,1.0,r2egym-qwen3-rl-100-steps-attempt-3,21,1719,agent,122,0.7057850340255386,True,123
slimshetty/swebench-verified:sweb.eval.x86_64.sphinx-doc__sphinx-7748,0.0,r2egym-qwen3-rl-100-steps-attempt-3,64,5990,token_limit,8,0.3775406687981454,False,8
slimshetty/swebench-verified:sweb.eval.x86_64.django__django-13033,0.0,r2egym-qwen3-rl-100-steps-attempt-3,95,4270,token_limit,24,0.5312093733737563,False,24
slimshetty/swebench-verified:sweb.eval.x86_64.astropy__astropy-13453,0.0,r2egym-qwen3-rl-100-steps-attempt-3,60,0,token_limit,9,5.8291272379732106e-05,False,9
slimshetty/swebench-verified:sweb.eval.x86_64.django__django-12754,0.0,r2egym-qwen3-rl-100-steps-attempt-3,100,5862,abs_step_limit,112,0.4378234991142019,False,112
slimshetty/swebench-verified:sweb.eval.x86_64.sphinx-doc__sphinx-9698,1.0,r2egym-qwen3-rl-100-steps-attempt-3,58,693,token_limit,45,0.2450850241603249,True,45
slimshetty/swebench-verified:sweb.eval.x86_64.django__django-16100,1.0,r2egym-qwen3-rl-100-steps-attempt-3,100,5261,abs_step_limit,59,0.8519527963298947,True,59
slimshetty/swebench-verified:sweb.eval.x86_64.pylint-dev__pylint-4970,0.0,r2egym-qwen3-rl-100-steps-attempt-3,100,1500,abs_step_limit,17,0.8175744761936437,False,17
slimshetty/swebench-verified:sweb.eval.x86_64.astropy__astropy-7606,0.0,r2egym-qwen3-rl-100-steps-attempt-3,64,970,token_limit,0,0.1645164669929161,False,0
slimshetty/swebench-verified:sweb.eval.x86_64.sympy__sympy-24661,0.0,r2egym-qwen3-rl-100-steps-attempt-3,67,4889,token_limit,0,0.0001584361589118,False,0
slimshetty/swebench-verified:sweb.eval.x86_64.scikit-learn__scikit-learn-13779,1.0,r2egym-qwen3-rl-100-steps-attempt-3,9,638,agent,18,0.8670357494949105,True,18
slimshetty/swebench-verified:sweb.eval.x86_64.sympy__sympy-23824,1.0,r2egym-qwen3-rl-100-steps-attempt-3,24,591,agent,2,0.893309401793762,True,3
slimshetty/swebench-verified:sweb.eval.x86_64.pydata__xarray-4687,0.0,r2egym-qwen3-rl-100-steps-attempt-3,50,2269,agent_max_step_limit,1717,0.7549149923816048,False,1717
slimshetty/swebench-verified:sweb.eval.x86_64.matplotlib__matplotlib-24570,1.0,r2egym-qwen3-rl-100-steps-attempt-3,100,3547,abs_step_limit,267,0.622459324198198,True,263
slimshetty/swebench-verified:sweb.eval.x86_64.pytest-dev__pytest-7324,0.0,r2egym-qwen3-rl-100-steps-attempt-3,42,754,agent_max_step_limit,58,0.817574471748733,False,59
slimshetty/swebench-verified:sweb.eval.x86_64.django__django-13023,0.0,r2egym-qwen3-rl-100-steps-attempt-3,100,1487,abs_step_limit,9,0.8670357580842941,False,10
slimshetty/swebench-verified:sweb.eval.x86_64.django__django-11433,0.0,r2egym-qwen3-rl-100-steps-attempt-3,44,2943,agent_max_step_limit,138,0.7549149813536518,False,139
slimshetty/swebench-verified:sweb.eval.x86_64.pydata__xarray-6461,1.0,r2egym-qwen3-rl-100-steps-attempt-3,42,1579,agent_max_step_limit,247,0.4687906266262437,True,248
slimshetty/swebench-verified:sweb.eval.x86_64.django__django-13807,0.0,r2egym-qwen3-rl-100-steps-attempt-3,100,3431,token_limit,0,0.8933094110250333,False,0
slimshetty/swebench-verified:sweb.eval.x86_64.astropy__astropy-14096,0.0,r2egym-qwen3-rl-100-steps-attempt-3,67,2020,token_limit,0,0.0028009271114909,False,0
slimshetty/swebench-verified:sweb.eval.x86_64.sympy__sympy-19495,1.0,r2egym-qwen3-rl-100-steps-attempt-3,43,2617,agent_max_step_limit,8,0.8354835371034368,True,8
slimshetty/swebench-verified:sweb.eval.x86_64.sympy__sympy-12489,0.0,r2egym-qwen3-rl-100-steps-attempt-3,100,2214,abs_step_limit,8,0.0293122288434324,False,8
slimshetty/swebench-verified:sweb.eval.x86_64.django__django-13810,1.0,r2egym-qwen3-rl-100-steps-attempt-3,84,3243,token_limit,30,0.8933093961129794,True,32
slimshetty/swebench-verified:sweb.eval.x86_64.django__django-12325,0.0,r2egym-qwen3-rl-100-steps-attempt-3,100,3341,abs_step_limit,196,0.6791786926816161,False,196
slimshetty/swebench-verified:sweb.eval.x86_64.django__django-11532,0.0,r2egym-qwen3-rl-100-steps-attempt-3,100,1443,abs_step_limit,130,0.8519528019683106,False,148
slimshetty/swebench-verified:sweb.eval.x86_64.astropy__astropy-14369,0.0,r2egym-qwen3-rl-100-steps-attempt-3,63,841,token_limit,602,0.0017007221117927,False,602
slimshetty/swebench-verified:sweb.eval.x86_64.django__django-11066,1.0,r2egym-qwen3-rl-100-steps-attempt-3,100,3097,abs_step_limit,3,0.8519527982093666,True,3
slimshetty/swebench-verified:sweb.eval.x86_64.astropy__astropy-14539,1.0,r2egym-qwen3-rl-100-steps-attempt-3,26,2027,agent,46,0.9046505267461572,True,48
slimshetty/swebench-verified:sweb.eval.x86_64.sphinx-doc__sphinx-9320,1.0,r2egym-qwen3-rl-100-steps-attempt-3,78,4799,token_limit,9,0.8670357512127872,True,10
slimshetty/swebench-verified:sweb.eval.x86_64.sympy__sympy-13852,0.0,r2egym-qwen3-rl-100-steps-attempt-3,100,1759,abs_step_limit,4,0.6513548646660542,False,4
slimshetty/swebench-verified:sweb.eval.x86_64.scikit-learn__scikit-learn-13142,1.0,r2egym-qwen3-rl-100-steps-attempt-3,30,1089,agent,54,0.8807970873650403,True,54
slimshetty/swebench-verified:sweb.eval.x86_64.django__django-13406,0.0,r2egym-qwen3-rl-100-steps-attempt-3,82,2886,token_limit,32,0.6224593312018545,False,33
slimshetty/swebench-verified:sweb.eval.x86_64.django__django-14376,0.0,r2egym-qwen3-rl-100-steps-attempt-3,84,3323,token_limit,6,0.8519527944504227,False,9
slimshetty/swebench-verified:sweb.eval.x86_64.django__django-11951,1.0,r2egym-qwen3-rl-100-steps-attempt-3,94,3582,token_limit,21,0.817574478416099,True,21
slimshetty/swebench-verified:sweb.eval.x86_64.django__django-14434,0.0,r2egym-qwen3-rl-100-steps-attempt-3,67,3102,token_limit,115,0.0953494591150637,False,115
slimshetty/swebench-verified:sweb.eval.x86_64.astropy__astropy-8872,0.0,r2egym-qwen3-rl-100-steps-attempt-3,83,1372,token_limit,0,0.817574478416099,False,80
slimshetty/swebench-verified:sweb.eval.x86_64.django__django-11749,0.0,r2egym-qwen3-rl-100-steps-attempt-3,100,2284,abs_step_limit,0,0.0004305570789948,False,0
slimshetty/swebench-verified:sweb.eval.x86_64.astropy__astropy-14309,1.0,r2egym-qwen3-rl-100-steps-attempt-3,78,2266,token_limit,141,0.8519528038477824,True,141
slimshetty/swebench-verified:sweb.eval.x86_64.django__django-13315,0.0,r2egym-qwen3-rl-100-steps-attempt-3,100,2971,abs_step_limit,146,0.5,False,147
slimshetty/swebench-verified:sweb.eval.x86_64.django__django-15569,1.0,r2egym-qwen3-rl-100-steps-attempt-3,23,2672,agent,242,0.7310585669110203,True,243
slimshetty/swebench-verified:sweb.eval.x86_64.django__django-7530,1.0,r2egym-qwen3-rl-100-steps-attempt-3,100,0,abs_step_limit,59,0.0001233946036785,True,63
slimshetty/swebench-verified:sweb.eval.x86_64.matplotlib__matplotlib-23476,0.0,r2egym-qwen3-rl-100-steps-attempt-3,44,1070,agent_max_step_limit,104,0.7549149868676283,False,104
slimshetty/swebench-verified:sweb.eval.x86_64.django__django-16454,0.0,r2egym-qwen3-rl-100-steps-attempt-3,100,0,abs_step_limit,45,1.4738978452886064e-05,False,44
slimshetty/swebench-verified:sweb.eval.x86_64.django__django-15814,1.0,r2egym-qwen3-rl-100-steps-attempt-3,42,2645,agent_max_step_limit,29,0.9046505261034854,True,29
slimshetty/swebench-verified:sweb.eval.x86_64.django__django-16255,1.0,r2egym-qwen3-rl-100-steps-attempt-3,23,524,agent,36,0.880797071719777,True,36
slimshetty/swebench-verified:sweb.eval.x86_64.django__django-13028,1.0,r2egym-qwen3-rl-100-steps-attempt-3,55,4281,token_limit,276,0.7549149923816048,True,277
slimshetty/swebench-verified:sweb.eval.x86_64.pydata__xarray-3305,1.0,r2egym-qwen3-rl-100-steps-attempt-3,37,2264,agent,653,0.6791787121629466,True,665
slimshetty/swebench-verified:sweb.eval.x86_64.django__django-13212,0.0,r2egym-qwen3-rl-100-steps-attempt-3,42,4713,agent_max_step_limit,2,0.2689414155105029,False,2
slimshetty/swebench-verified:sweb.eval.x86_64.sympy__sympy-17655,0.0,r2egym-qwen3-rl-100-steps-attempt-3,25,1549,agent,9,0.6791787121629466,False,11
slimshetty/swebench-verified:sweb.eval.x86_64.pytest-dev__pytest-7982,1.0,r2egym-qwen3-rl-100-steps-attempt-3,100,3414,abs_step_limit,78,0.8519527944504227,True,78
slimshetty/swebench-verified:sweb.eval.x86_64.sympy__sympy-21596,0.0,r2egym-qwen3-rl-100-steps-attempt-3,37,1381,agent,46,0.8175744761936437,False,46
slimshetty/swebench-verified:sweb.eval.x86_64.sympy__sympy-13878,0.0,r2egym-qwen3-rl-100-steps-attempt-3,100,1040,abs_step_limit,19,0.0059110682077441,False,20
slimshetty/swebench-verified:sweb.eval.x86_64.scikit-learn__scikit-learn-25747,0.0,r2egym-qwen3-rl-100-steps-attempt-3,22,1620,agent,14,0.8354835432479661,False,14
slimshetty/swebench-verified:sweb.eval.x86_64.django__django-15315,1.0,r2egym-qwen3-rl-100-steps-attempt-3,44,2635,agent_max_step_limit,33,0.8175744695262775,True,32
slimshetty/swebench-verified:sweb.eval.x86_64.scikit-learn__scikit-learn-9288,1.0,r2egym-qwen3-rl-100-steps-attempt-3,54,3337,agent_max_step_limit,123,0.8933093946927837,True,123
slimshetty/swebench-verified:sweb.eval.x86_64.matplotlib__matplotlib-25332,0.0,r2egym-qwen3-rl-100-steps-attempt-3,36,2913,agent,181,0.8175744806385542,False,184
slimshetty/swebench-verified:sweb.eval.x86_64.sympy__sympy-16766,1.0,r2egym-qwen3-rl-100-steps-attempt-3,26,1705,agent,7,0.8354835371034369,True,9
slimshetty/swebench-verified:sweb.eval.x86_64.django__django-14089,1.0,r2egym-qwen3-rl-100-steps-attempt-3,21,433,agent,43,0.8670357580842941,True,43
slimshetty/swebench-verified:sweb.eval.x86_64.django__django-11119,0.0,r2egym-qwen3-rl-100-steps-attempt-3,93,3666,token_limit,0,0.0031726834956313,False,0
slimshetty/swebench-verified:sweb.eval.x86_64.astropy__astropy-13579,1.0,r2egym-qwen3-rl-100-steps-attempt-3,29,3833,agent,40,0.679178699175393,True,40
slimshetty/swebench-verified:sweb.eval.x86_64.sphinx-doc__sphinx-8120,1.0,r2egym-qwen3-rl-100-steps-attempt-3,96,2894,token_limit,44,0.6513548782017745,True,44
slimshetty/swebench-verified:sweb.eval.x86_64.matplotlib__matplotlib-24970,1.0,r2egym-qwen3-rl-100-steps-attempt-3,24,2849,agent,253,0.7057850278370112,True,251
slimshetty/swebench-verified:sweb.eval.x86_64.django__django-12741,0.0,r2egym-qwen3-rl-100-steps-attempt-3,62,3654,agent_max_step_limit,0,0.754914975839675,False,0
slimshetty/swebench-verified:sweb.eval.x86_64.django__django-13569,1.0,r2egym-qwen3-rl-100-steps-attempt-3,49,3585,agent_max_step_limit,66,0.7310585786300048,True,67
slimshetty/swebench-verified:sweb.eval.x86_64.django__django-15375,0.0,r2egym-qwen3-rl-100-steps-attempt-3,88,2211,token_limit,0,0.005220126423831,False,0
slimshetty/swebench-verified:sweb.eval.x86_64.django__django-11885,0.0,r2egym-qwen3-rl-100-steps-attempt-3,42,6992,agent_max_step_limit,41,0.8175744850834648,False,41
slimshetty/swebench-verified:sweb.eval.x86_64.astropy__astropy-7336,0.0,r2egym-qwen3-rl-100-steps-attempt-3,12,738,agent,0,0.7772998663336158,False,0
slimshetty/swebench-verified:sweb.eval.x86_64.django__django-12276,1.0,r2egym-qwen3-rl-100-steps-attempt-3,42,3289,agent_max_step_limit,117,0.7981867753392728,True,117
slimshetty/swebench-verified:sweb.eval.x86_64.django__django-15368,1.0,r2egym-qwen3-rl-100-steps-attempt-3,54,2335,agent_max_step_limit,29,0.6224593312018545,True,29
slimshetty/swebench-verified:sweb.eval.x86_64.django__django-12858,1.0,r2egym-qwen3-rl-100-steps-attempt-3,95,1950,token_limit,73,0.651354857898194,True,73
slimshetty/swebench-verified:sweb.eval.x86_64.django__django-14999,0.0,r2egym-qwen3-rl-100-steps-attempt-3,100,3130,abs_step_limit,113,0.7549149813536518,False,113
slimshetty/swebench-verified:sweb.eval.x86_64.django__django-16136,0.0,r2egym-qwen3-rl-100-steps-attempt-3,62,2706,token_limit,7,0.8354835371034368,False,8
slimshetty/swebench-verified:sweb.eval.x86_64.django__django-13121,0.0,r2egym-qwen3-rl-100-steps-attempt-3,100,0,abs_step_limit,168,6.605214451056634e-05,False,169
slimshetty/swebench-verified:sweb.eval.x86_64.django__django-14792,1.0,r2egym-qwen3-rl-100-steps-attempt-3,44,2085,agent_max_step_limit,23,0.5621765008857981,True,24
slimshetty/swebench-verified:sweb.eval.x86_64.django__django-15916,0.0,r2egym-qwen3-rl-100-steps-attempt-3,54,3635,token_limit,149,0.7981867777396212,False,149
slimshetty/swebench-verified:sweb.eval.x86_64.django__django-13401,0.0,r2egym-qwen3-rl-100-steps-attempt-3,57,4053,agent_max_step_limit,32,0.8519528057272544,False,32
slimshetty/swebench-verified:sweb.eval.x86_64.django__django-14765,1.0,r2egym-qwen3-rl-100-steps-attempt-3,44,639,agent_max_step_limit,64,0.8519528038477824,True,64
slimshetty/swebench-verified:sweb.eval.x86_64.pytest-dev__pytest-6202,1.0,r2egym-qwen3-rl-100-steps-attempt-3,99,397,token_limit,72,0.4073334000459302,True,73
slimshetty/swebench-verified:sweb.eval.x86_64.sympy__sympy-20154,0.0,r2egym-qwen3-rl-100-steps-attempt-3,22,3091,agent,40,0.5926665999540698,False,41
slimshetty/swebench-verified:sweb.eval.x86_64.sympy__sympy-24539,1.0,r2egym-qwen3-rl-100-steps-attempt-3,36,2708,agent,62,0.8519528057272544,True,63
slimshetty/swebench-verified:sweb.eval.x86_64.django__django-12039,0.0,r2egym-qwen3-rl-100-steps-attempt-3,69,2298,agent_max_step_limit,11,0.8354835432479661,False,10
slimshetty/swebench-verified:sweb.eval.x86_64.pydata__xarray-4695,1.0,r2egym-qwen3-rl-100-steps-attempt-3,41,1854,max_step_limit,875,0.9046505395995929,True,876
slimshetty/swebench-verified:sweb.eval.x86_64.sphinx-doc__sphinx-8595,1.0,r2egym-qwen3-rl-100-steps-attempt-3,38,965,agent,0,0.817574478416099,True,1469
slimshetty/swebench-verified:sweb.eval.x86_64.django__django-13417,1.0,r2egym-qwen3-rl-100-steps-attempt-3,100,1420,abs_step_limit,280,0.7057850340255386,True,280
slimshetty/swebench-verified:sweb.eval.x86_64.django__django-12262,1.0,r2egym-qwen3-rl-100-steps-attempt-3,29,3115,agent,18,0.8354835289107307,True,22
slimshetty/swebench-verified:sweb.eval.x86_64.django__django-15863,0.0,r2egym-qwen3-rl-100-steps-attempt-3,43,3422,agent_max_step_limit,7,0.817574478416099,False,9
slimshetty/swebench-verified:sweb.eval.x86_64.pylint-dev__pylint-8898,0.0,r2egym-qwen3-rl-100-steps-attempt-3,44,1365,token_limit,17,0.7981867753392728,False,15
slimshetty/swebench-verified:sweb.eval.x86_64.django__django-15973,0.0,r2egym-qwen3-rl-100-steps-attempt-3,55,0,token_limit,157,8.481101080610379e-05,False,157
slimshetty/swebench-verified:sweb.eval.x86_64.pytest-dev__pytest-10356,0.0,r2egym-qwen3-rl-100-steps-attempt-3,54,3890,token_limit,13,0.1192029220221175,False,76
slimshetty/swebench-verified:sweb.eval.x86_64.django__django-13741,1.0,r2egym-qwen3-rl-100-steps-attempt-3,100,6429,abs_step_limit,82,0.5,True,83
slimshetty/swebench-verified:sweb.eval.x86_64.sphinx-doc__sphinx-8459,0.0,r2egym-qwen3-rl-100-steps-attempt-3,41,1714,token_limit,0,0.0330859771969354,False,0
slimshetty/swebench-verified:sweb.eval.x86_64.sympy__sympy-13031,0.0,r2egym-qwen3-rl-100-steps-attempt-3,59,2377,token_limit,9,0.0330859799380034,False,9
slimshetty/swebench-verified:sweb.eval.x86_64.django__django-12708,1.0,r2egym-qwen3-rl-100-steps-attempt-3,53,754,token_limit,101,0.8354835371034368,True,101
slimshetty/swebench-verified:sweb.eval.x86_64.scikit-learn__scikit-learn-10297,1.0,r2egym-qwen3-rl-100-steps-attempt-3,100,3911,abs_step_limit,28,0.8354835452961425,True,29
slimshetty/swebench-verified:sweb.eval.x86_64.psf__requests-1142,1.0,r2egym-qwen3-rl-100-steps-attempt-3,45,1838,agent_max_step_limit,5,0.4687906266262437,True,6
slimshetty/swebench-verified:sweb.eval.x86_64.django__django-16145,1.0,r2egym-qwen3-rl-100-steps-attempt-3,100,3340,abs_step_limit,174,0.679178699175393,True,174
slimshetty/swebench-verified:sweb.eval.x86_64.sphinx-doc__sphinx-9229,0.0,r2egym-qwen3-rl-100-steps-attempt-3,93,2120,token_limit,13,0.1480471999111614,False,13
slimshetty/swebench-verified:sweb.eval.x86_64.sympy__sympy-12096,1.0,r2egym-qwen3-rl-100-steps-attempt-3,100,4542,abs_step_limit,43,0.8807970842359876,True,43
slimshetty/swebench-verified:sweb.eval.x86_64.sphinx-doc__sphinx-10614,0.0,r2egym-qwen3-rl-100-steps-attempt-3,65,5185,token_limit,5,0.1480471942727456,False,6
slimshetty/swebench-verified:sweb.eval.x86_64.django__django-13512,0.0,r2egym-qwen3-rl-100-steps-attempt-3,49,998,agent_max_step_limit,32,0.651354857898194,False,35
slimshetty/swebench-verified:sweb.eval.x86_64.sphinx-doc__sphinx-9673,0.0,r2egym-qwen3-rl-100-steps-attempt-3,100,3700,abs_step_limit,24,0.5621765008857981,False,24
slimshetty/swebench-verified:sweb.eval.x86_64.matplotlib__matplotlib-25311,1.0,r2egym-qwen3-rl-100-steps-attempt-3,76,4452,token_limit,181,0.9046505338155468,True,182
slimshetty/swebench-verified:sweb.eval.x86_64.django__django-11206,1.0,r2egym-qwen3-rl-100-steps-attempt-3,58,2065,token_limit,4,0.0259573561617217,True,5
slimshetty/swebench-verified:sweb.eval.x86_64.django__django-12125,0.0,r2egym-qwen3-rl-100-steps-attempt-3,50,0,token_limit,45,0.0001795280059148,False,46
slimshetty/swebench-verified:sweb.eval.x86_64.django__django-15103,0.0,r2egym-qwen3-rl-100-steps-attempt-3,100,0,abs_step_limit,17,8.9397005654763e-06,False,17
slimshetty/swebench-verified:sweb.eval.x86_64.django__django-11099,1.0,r2egym-qwen3-rl-100-steps-attempt-3,80,2935,token_limit,19,0.7981867873410141,True,22
slimshetty/swebench-verified:sweb.eval.x86_64.django__django-13809,1.0,r2egym-qwen3-rl-100-steps-attempt-3,50,2661,token_limit,245,0.7057850216484838,True,245
slimshetty/swebench-verified:sweb.eval.x86_64.django__django-16263,0.0,r2egym-qwen3-rl-100-steps-attempt-3,100,4453,abs_step_limit,98,0.3208212943308302,False,97
slimshetty/swebench-verified:sweb.eval.x86_64.sphinx-doc__sphinx-8265,0.0,r2egym-qwen3-rl-100-steps-attempt-3,50,906,token_limit,22,0.001926734855855,False,23
slimshetty/swebench-verified:sweb.eval.x86_64.sphinx-doc__sphinx-7757,0.0,r2egym-qwen3-rl-100-steps-attempt-3,32,1613,token_limit,33,0.0085774855641898,False,34
slimshetty/swebench-verified:sweb.eval.x86_64.sympy__sympy-18763,1.0,r2egym-qwen3-rl-100-steps-attempt-3,42,1175,agent_max_step_limit,141,0.8354835330070838,True,141
slimshetty/swebench-verified:sweb.eval.x86_64.django__django-12193,0.0,r2egym-qwen3-rl-100-steps-attempt-3,82,3585,agent_max_step_limit,11,0.8354835330070839,False,11
slimshetty/swebench-verified:sweb.eval.x86_64.sphinx-doc__sphinx-8035,0.0,r2egym-qwen3-rl-100-steps-attempt-3,42,3061,agent_max_step_limit,1,0.1645164588002102,False,1
slimshetty/swebench-verified:sweb.eval.x86_64.django__django-14500,0.0,r2egym-qwen3-rl-100-steps-attempt-3,100,2450,abs_step_limit,21,0.7981867849406659,False,21
slimshetty/swebench-verified:sweb.eval.x86_64.psf__requests-5414,0.0,r2egym-qwen3-rl-100-steps-attempt-3,78,0,token_limit,130,0.0002034270673952,False,129
slimshetty/swebench-verified:sweb.eval.x86_64.django__django-11276,1.0,r2egym-qwen3-rl-100-steps-attempt-3,46,2145,agent_max_step_limit,548,0.6224593312018545,True,554
slimshetty/swebench-verified:sweb.eval.x86_64.django__django-11265,0.0,r2egym-qwen3-rl-100-steps-attempt-3,60,5234,token_limit,30,0.8807970732843033,False,30
slimshetty/swebench-verified:sweb.eval.x86_64.matplotlib__matplotlib-24026,0.0,r2egym-qwen3-rl-100-steps-attempt-3,45,1236,agent_max_step_limit,764,0.7310585903489891,False,767
slimshetty/swebench-verified:sweb.eval.x86_64.django__django-13513,0.0,r2egym-qwen3-rl-100-steps-attempt-3,60,5822,token_limit,80,0.0052201249221777,False,80
slimshetty/swebench-verified:sweb.eval.x86_64.pydata__xarray-6721,0.0,r2egym-qwen3-rl-100-steps-attempt-3,78,1976,token_limit,0,0.0040701370363632,False,0
slimshetty/swebench-verified:sweb.eval.x86_64.django__django-14559,0.0,r2egym-qwen3-rl-100-steps-attempt-3,70,2600,token_limit,23,0.8807970811069351,False,25
slimshetty/swebench-verified:sweb.eval.x86_64.pydata__xarray-7229,0.0,r2egym-qwen3-rl-100-steps-attempt-3,44,943,agent_max_step_limit,267,0.7549149758396752,False,268
slimshetty/swebench-verified:sweb.eval.x86_64.django__django-14007,0.0,r2egym-qwen3-rl-100-steps-attempt-3,100,0,abs_step_limit,12,7.484620925718133e-05,False,12
slimshetty/swebench-verified:sweb.eval.x86_64.django__django-16667,0.0,r2egym-qwen3-rl-100-steps-attempt-3,32,2588,agent,24,0.867035752930664,False,26
slimshetty/swebench-verified:sweb.eval.x86_64.sympy__sympy-13877,0.0,r2egym-qwen3-rl-100-steps-attempt-3,42,1833,agent_max_step_limit,0,0.7549149868676284,False,111
slimshetty/swebench-verified:sweb.eval.x86_64.django__django-13297,0.0,r2egym-qwen3-rl-100-steps-attempt-3,49,3840,agent_max_step_limit,48,0.7772998560157665,False,48
slimshetty/swebench-verified:sweb.eval.x86_64.django__django-16315,0.0,r2egym-qwen3-rl-100-steps-attempt-3,83,3789,token_limit,42,0.2450850021044188,False,42
slimshetty/swebench-verified:sweb.eval.x86_64.django__django-11141,0.0,r2egym-qwen3-rl-100-steps-attempt-3,100,0,abs_step_limit,24,3.1201911346293e-05,False,24
slimshetty/swebench-verified:sweb.eval.x86_64.django__django-13590,1.0,r2egym-qwen3-rl-100-steps-attempt-3,69,3247,agent_max_step_limit,145,0.7772998611746911,True,146
slimshetty/swebench-verified:sweb.eval.x86_64.pydata__xarray-6992,0.0,r2egym-qwen3-rl-100-steps-attempt-3,45,1372,agent_max_step_limit,945,0.8519527963298946,False,948
slimshetty/swebench-verified:sweb.eval.x86_64.django__django-11138,0.0,r2egym-qwen3-rl-100-steps-attempt-3,100,3191,abs_step_limit,73,0.4378234991142018,False,73
slimshetty/swebench-verified:sweb.eval.x86_64.django__django-10097,0.0,r2egym-qwen3-rl-100-steps-attempt-3,100,0,abs_step_limit,1432,0.0001398220571892,False,0
slimshetty/swebench-verified:sweb.eval.x86_64.astropy__astropy-13977,0.0,r2egym-qwen3-rl-100-steps-attempt-3,20,1743,agent,318,0.8175744806385543,False,294
slimshetty/swebench-verified:sweb.eval.x86_64.astropy__astropy-14365,0.0,r2egym-qwen3-rl-100-steps-attempt-3,85,5422,token_limit,8,0.1066906031769227,False,8
slimshetty/swebench-verified:sweb.eval.x86_64.sympy__sympy-21612,0.0,r2egym-qwen3-rl-100-steps-attempt-3,62,0,token_limit,98,3.120191877064807e-05,False,99
slimshetty/swebench-verified:sweb.eval.x86_64.astropy__astropy-14995,1.0,r2egym-qwen3-rl-100-steps-attempt-3,31,2532,agent,179,0.8670357598021707,True,179
slimshetty/swebench-verified:sweb.eval.x86_64.sympy__sympy-13974,0.0,r2egym-qwen3-rl-100-steps-attempt-3,58,3734,token_limit,4,0.4073334000459302,False,5
slimshetty/swebench-verified:sweb.eval.x86_64.django__django-11239,0.0,r2egym-qwen3-rl-100-steps-attempt-3,27,1998,agent,5,0.1329642539408431,False,5
slimshetty/swebench-verified:sweb.eval.x86_64.django__django-11734,0.0,r2egym-qwen3-rl-100-steps-attempt-3,30,0,token_limit,275,6.605214448461604e-05,False,275
slimshetty/swebench-verified:sweb.eval.x86_64.astropy__astropy-13033,0.0,r2egym-qwen3-rl-100-steps-attempt-3,100,3196,abs_step_limit,20,0.7549149868676283,False,21
slimshetty/swebench-verified:sweb.eval.x86_64.pytest-dev__pytest-5262,0.0,r2egym-qwen3-rl-100-steps-attempt-3,42,2468,agent_max_step_limit,83,0.7549149758396752,False,84
slimshetty/swebench-verified:sweb.eval.x86_64.matplotlib__matplotlib-25479,0.0,r2egym-qwen3-rl-100-steps-attempt-3,54,5147,token_limit,263,0.8670357512127872,False,265
slimshetty/swebench-verified:sweb.eval.x86_64.psf__requests-6028,0.0,r2egym-qwen3-rl-100-steps-attempt-3,54,1748,token_limit,185,0.0059110679477971,False,185
slimshetty/swebench-verified:sweb.eval.x86_64.django__django-15380,0.0,r2egym-qwen3-rl-100-steps-attempt-3,72,2643,token_limit,133,0.7772998508568416,False,133
slimshetty/swebench-verified:sweb.eval.x86_64.pydata__xarray-6744,0.0,r2egym-qwen3-rl-100-steps-attempt-3,26,2354,agent,1801,0.7549149813536518,False,1788
slimshetty/swebench-verified:sweb.eval.x86_64.sphinx-doc__sphinx-9602,0.0,r2egym-qwen3-rl-100-steps-attempt-3,100,1902,abs_step_limit,45,0.2018132294614237,False,45
slimshetty/swebench-verified:sweb.eval.x86_64.scikit-learn__scikit-learn-14141,1.0,r2egym-qwen3-rl-100-steps-attempt-3,33,641,agent,2,0.679178686187839,True,3
slimshetty/swebench-verified:sweb.eval.x86_64.django__django-16642,0.0,r2egym-qwen3-rl-100-steps-attempt-3,23,1771,agent,21,0.8807970732843033,False,22
slimshetty/swebench-verified:sweb.eval.x86_64.django__django-14631,1.0,r2egym-qwen3-rl-100-steps-attempt-3,25,5667,agent,117,0.7310585727705127,True,117
slimshetty/swebench-verified:sweb.eval.x86_64.sympy__sympy-13372,0.0,r2egym-qwen3-rl-100-steps-attempt-3,82,1304,token_limit,0,0.0293122315993225,False,0
slimshetty/swebench-verified:sweb.eval.x86_64.django__django-15525,0.0,r2egym-qwen3-rl-100-steps-attempt-3,100,1977,abs_step_limit,53,0.6513548646660542,False,53
slimshetty/swebench-verified:sweb.eval.x86_64.django__django-13109,1.0,r2egym-qwen3-rl-100-steps-attempt-3,81,2485,token_limit,170,0.8670357580842941,True,169
slimshetty/swebench-verified:sweb.eval.x86_64.pydata__xarray-3993,0.0,r2egym-qwen3-rl-100-steps-attempt-3,60,3217,token_limit,2398,0.817574478416099,False,2404
slimshetty/swebench-verified:sweb.eval.x86_64.django__django-11451,1.0,r2egym-qwen3-rl-100-steps-attempt-3,100,2102,abs_step_limit,45,0.8175744739711883,True,48
slimshetty/swebench-verified:sweb.eval.x86_64.astropy__astropy-7166,0.0,r2egym-qwen3-rl-100-steps-attempt-3,24,4092,agent,0,0.7057850340255386,False,0
slimshetty/swebench-verified:sweb.eval.x86_64.pylint-dev__pylint-4551,0.0,r2egym-qwen3-rl-100-steps-attempt-3,100,1780,abs_step_limit,0,0.0373268882811708,False,4
slimshetty/swebench-verified:sweb.eval.x86_64.django__django-13410,1.0,r2egym-qwen3-rl-100-steps-attempt-3,43,2298,agent_max_step_limit,40,0.7310585786300049,True,40
slimshetty/swebench-verified:sweb.eval.x86_64.scikit-learn__scikit-learn-15100,1.0,r2egym-qwen3-rl-100-steps-attempt-3,94,1662,token_limit,93,0.8175744828610095,True,93
slimshetty/swebench-verified:sweb.eval.x86_64.mwaskom__seaborn-3069,0.0,r2egym-qwen3-rl-100-steps-attempt-3,60,2629,agent_max_step_limit,94,0.731058584489497,False,94
slimshetty/swebench-verified:sweb.eval.x86_64.django__django-11848,1.0,r2egym-qwen3-rl-100-steps-attempt-3,60,10336,token_limit,43,0.8670357701094303,True,45
slimshetty/swebench-verified:sweb.eval.x86_64.django__django-13658,1.0,r2egym-qwen3-rl-100-steps-attempt-3,97,2428,token_limit,181,0.7549149813536518,True,185
slimshetty/swebench-verified:sweb.eval.x86_64.sphinx-doc__sphinx-7910,1.0,r2egym-qwen3-rl-100-steps-attempt-3,52,3465,agent_max_step_limit,16,0.8670357718273068,True,16
slimshetty/swebench-verified:sweb.eval.x86_64.sympy__sympy-21379,0.0,r2egym-qwen3-rl-100-steps-attempt-3,91,2535,token_limit,0,0.0052201262545625,False,0
slimshetty/swebench-verified:sweb.eval.x86_64.django__django-14017,1.0,r2egym-qwen3-rl-100-steps-attempt-3,46,4518,agent_max_step_limit,147,0.5926665999540698,True,148
slimshetty/swebench-verified:sweb.eval.x86_64.django__django-11149,0.0,r2egym-qwen3-rl-100-steps-attempt-3,42,1541,agent_max_step_limit,46,0.2942149721629888,False,46
slimshetty/swebench-verified:sweb.eval.x86_64.pylint-dev__pylint-6528,0.0,r2egym-qwen3-rl-100-steps-attempt-3,93,0,token_limit,171,0.0001795279428531,False,166
slimshetty/swebench-verified:sweb.eval.x86_64.django__django-13363,1.0,r2egym-qwen3-rl-100-steps-attempt-3,100,6562,abs_step_limit,76,0.7310585727705126,True,77
slimshetty/swebench-verified:sweb.eval.x86_64.sympy__sympy-13091,0.0,r2egym-qwen3-rl-100-steps-attempt-3,100,1526,abs_step_limit,89,0.0850990380460446,False,90
slimshetty/swebench-verified:sweb.eval.x86_64.django__django-10554,0.0,r2egym-qwen3-rl-100-steps-attempt-3,66,2701,token_limit,23,0.5312093733737563,False,24
slimshetty/swebench-verified:sweb.eval.x86_64.matplotlib__matplotlib-26466,0.0,r2egym-qwen3-rl-100-steps-attempt-3,71,4838,token_limit,100,0.8354835432479661,False,103
slimshetty/swebench-verified:sweb.eval.x86_64.sympy__sympy-15809,1.0,r2egym-qwen3-rl-100-steps-attempt-3,46,546,token_limit,10,0.0109869442295477,True,10
slimshetty/swebench-verified:sweb.eval.x86_64.django__django-14053,1.0,r2egym-qwen3-rl-100-steps-attempt-3,52,3832,agent_max_step_limit,31,0.8519527963298946,True,32
slimshetty/swebench-verified:sweb.eval.x86_64.django__django-13346,0.0,r2egym-qwen3-rl-100-steps-attempt-3,64,4629,token_limit,65,0.7772998714925403,False,66
slimshetty/swebench-verified:sweb.eval.x86_64.sympy__sympy-13757,0.0,r2egym-qwen3-rl-100-steps-attempt-3,47,426,token_limit,166,0.0109869433794706,False,166
slimshetty/swebench-verified:sweb.eval.x86_64.matplotlib__matplotlib-24637,0.0,r2egym-qwen3-rl-100-steps-attempt-3,5,0,token_limit,29,0.0001584361599146,False,30
slimshetty/swebench-verified:sweb.eval.x86_64.pydata__xarray-3151,1.0,r2egym-qwen3-rl-100-steps-attempt-3,64,2082,token_limit,66,0.8933094067644466,True,66
slimshetty/swebench-verified:sweb.eval.x86_64.sympy__sympy-15349,1.0,r2egym-qwen3-rl-100-steps-attempt-3,40,2397,agent,3,0.8670357512127872,True,3
slimshetty/swebench-verified:sweb.eval.x86_64.django__django-15037,0.0,r2egym-qwen3-rl-100-steps-attempt-3,65,4862,agent_max_step_limit,13,0.3486451353339457,False,13
slimshetty/swebench-verified:sweb.eval.x86_64.django__django-15503,0.0,r2egym-qwen3-rl-100-steps-attempt-3,73,4410,token_limit,71,0.679178699175393,False,72
slimshetty/swebench-verified:sweb.eval.x86_64.django__django-13964,0.0,r2egym-qwen3-rl-100-steps-attempt-3,57,1346,token_limit,32,0.320821300824607,False,32
slimshetty/swebench-verified:sweb.eval.x86_64.sympy__sympy-23534,1.0,r2egym-qwen3-rl-100-steps-attempt-3,63,2011,token_limit,11,0.8519528057272543,True,12
slimshetty/swebench-verified:sweb.eval.x86_64.matplotlib__matplotlib-25122,0.0,r2egym-qwen3-rl-100-steps-attempt-3,26,1526,agent,2476,0.7310585669110203,False,2422
slimshetty/swebench-verified:sweb.eval.x86_64.django__django-15252,0.0,r2egym-qwen3-rl-100-steps-attempt-3,100,868,token_limit,0,0.5621765008857982,False,0
slimshetty/swebench-verified:sweb.eval.x86_64.sympy__sympy-16886,1.0,r2egym-qwen3-rl-100-steps-attempt-3,49,466,token_limit,42,0.5312093733737562,True,43
slimshetty/swebench-verified:sweb.eval.x86_64.psf__requests-2931,0.0,r2egym-qwen3-rl-64k-100-steps-1-attempt-2,25,893,agent,83,0.880797071719777,False,84
slimshetty/swebench-verified:sweb.eval.x86_64.django__django-13195,0.0,r2egym-qwen3-rl-100-steps-attempt-3,73,3244,token_limit,381,0.0075772401753329,False,382
slimshetty/swebench-verified:sweb.eval.x86_64.scikit-learn__scikit-learn-14496,1.0,r2egym-qwen3-rl-64k-100-steps-1-attempt-2,41,538,max_step_limit,39,0.8354835411997897,True,40
slimshetty/swebench-verified:sweb.eval.x86_64.astropy__astropy-14598,0.0,r2egym-qwen3-rl-100-steps-attempt-3,44,1396,token_limit,0,0.0085774857146676,False,0
slimshetty/swebench-verified:sweb.eval.x86_64.sympy__sympy-17630,0.0,r2egym-qwen3-rl-100-steps-attempt-3,68,599,token_limit,19,0.005220126622117,False,18
slimshetty/swebench-verified:sweb.eval.x86_64.django__django-11603,1.0,r2egym-qwen3-rl-64k-100-steps-1-attempt-2,25,2480,agent,58,0.8519528038477824,True,59
slimshetty/swebench-verified:sweb.eval.x86_64.django__django-13821,1.0,r2egym-qwen3-rl-64k-100-steps-1-attempt-2,41,1284,max_step_limit,14,0.7310585786300049,True,16
slimshetty/swebench-verified:sweb.eval.x86_64.scikit-learn__scikit-learn-25931,0.0,r2egym-qwen3-rl-64k-100-steps-1-attempt-2,22,923,agent,18,0.679178692681616,False,18
slimshetty/swebench-verified:sweb.eval.x86_64.django__django-12308,0.0,r2egym-qwen3-rl-64k-100-steps-1-attempt-2,48,4621,agent_max_step_limit,20,0.7981867849406659,False,21
slimshetty/swebench-verified:sweb.eval.x86_64.sympy__sympy-19954,1.0,r2egym-qwen3-rl-64k-100-steps-1-attempt-2,38,1479,agent,56,0.8933094003735663,True,57
slimshetty/swebench-verified:sweb.eval.x86_64.pylint-dev__pylint-7080,0.0,r2egym-qwen3-rl-64k-100-steps-1-attempt-2,38,730,agent,4,0.8354835330070839,False,121
slimshetty/swebench-verified:sweb.eval.x86_64.django__django-15278,1.0,r2egym-qwen3-rl-64k-100-steps-1-attempt-2,42,3707,agent_max_step_limit,138,0.7981867729389246,True,138
slimshetty/swebench-verified:sweb.eval.x86_64.scikit-learn__scikit-learn-26194,0.0,r2egym-qwen3-rl-64k-100-steps-1-attempt-2,41,1193,max_step_limit,186,0.8670357494949105,False,186
slimshetty/swebench-verified:sweb.eval.x86_64.psf__requests-1724,0.0,r2egym-qwen3-rl-64k-100-steps-1-attempt-2,33,906,agent,78,0.880797071719777,False,86
slimshetty/swebench-verified:sweb.eval.x86_64.django__django-11333,0.0,r2egym-qwen3-rl-64k-100-steps-1-attempt-2,61,1758,token_limit,2,0.7310585786300049,False,2
slimshetty/swebench-verified:sweb.eval.x86_64.django__django-16116,1.0,r2egym-qwen3-rl-64k-100-steps-1-attempt-2,37,3189,agent,137,0.7057850154599563,True,138
slimshetty/swebench-verified:sweb.eval.x86_64.sympy__sympy-14976,0.0,r2egym-qwen3-rl-64k-100-steps-1-attempt-2,86,1420,token_limit,13,0.7310585844894971,False,13
slimshetty/swebench-verified:sweb.eval.x86_64.astropy__astropy-8707,0.0,r2egym-qwen3-rl-64k-100-steps-1-attempt-2,53,1083,token_limit,4,0.7549149923816048,False,4
slimshetty/swebench-verified:sweb.eval.x86_64.pallets__flask-5014,1.0,r2egym-qwen3-rl-64k-100-steps-1-attempt-2,18,446,agent,59,0.8519528038477825,True,59
slimshetty/swebench-verified:sweb.eval.x86_64.matplotlib__matplotlib-25775,1.0,r2egym-qwen3-rl-64k-100-steps-1-attempt-2,100,2631,abs_step_limit,89,0.3775406687981454,True,92
slimshetty/swebench-verified:sweb.eval.x86_64.pytest-dev__pytest-7205,1.0,r2egym-qwen3-rl-64k-100-steps-1-attempt-2,100,1881,abs_step_limit,16,0.7549149978955811,True,0
slimshetty/swebench-verified:sweb.eval.x86_64.sphinx-doc__sphinx-7985,0.0,r2egym-qwen3-rl-64k-100-steps-1-attempt-2,100,2967,abs_step_limit,3,0.2942149721629887,False,5
slimshetty/swebench-verified:sweb.eval.x86_64.sympy__sympy-13551,1.0,r2egym-qwen3-rl-64k-100-steps-1-attempt-2,41,2919,max_step_limit,17,0.8175744673038222,True,18
slimshetty/swebench-verified:sweb.eval.x86_64.django__django-16901,0.0,r2egym-qwen3-rl-64k-100-steps-1-attempt-2,68,1471,token_limit,6,0.001032231103739,False,6
slimshetty/swebench-verified:sweb.eval.x86_64.django__django-11551,1.0,r2egym-qwen3-rl-64k-100-steps-1-attempt-2,100,4766,abs_step_limit,119,0.6224593312018546,True,119
slimshetty/swebench-verified:sweb.eval.x86_64.django__django-11299,0.0,r2egym-qwen3-rl-64k-100-steps-1-attempt-2,100,3863,abs_step_limit,103,0.8354835391516133,False,103
slimshetty/swebench-verified:sweb.eval.x86_64.sympy__sympy-18698,0.0,r2egym-qwen3-rl-64k-100-steps-1-attempt-2,100,0,abs_step_limit,147,0.0001398220734481,False,147
slimshetty/swebench-verified:sweb.eval.x86_64.sympy__sympy-19783,1.0,r2egym-qwen3-rl-64k-100-steps-1-attempt-2,100,1982,abs_step_limit,9,0.0675466963015814,True,10
slimshetty/swebench-verified:sweb.eval.x86_64.django__django-11133,1.0,r2egym-qwen3-rl-64k-100-steps-1-attempt-2,100,1037,abs_step_limit,64,0.8807970904940926,True,64
slimshetty/swebench-verified:sweb.eval.x86_64.sympy__sympy-24443,0.0,r2egym-qwen3-rl-64k-100-steps-1-attempt-2,40,1642,agent,0,0.6224593241981982,False,0
slimshetty/swebench-verified:sweb.eval.x86_64.django__django-16662,1.0,r2egym-qwen3-rl-64k-100-steps-1-attempt-2,100,3410,abs_step_limit,51,0.5312093733737563,True,52
slimshetty/swebench-verified:sweb.eval.x86_64.sphinx-doc__sphinx-7454,0.0,r2egym-qwen3-rl-64k-100-steps-1-attempt-2,100,2393,abs_step_limit,27,0.0330859782695272,False,28
slimshetty/swebench-verified:sweb.eval.x86_64.scikit-learn__scikit-learn-14053,1.0,r2egym-qwen3-rl-64k-100-steps-1-attempt-2,32,3058,agent,5,0.8175744695262777,True,8
slimshetty/swebench-verified:sweb.eval.x86_64.django__django-16560,0.0,r2egym-qwen3-rl-64k-100-steps-1-attempt-2,100,4205,abs_step_limit,65,0.0052201248254529,False,68
slimshetty/swebench-verified:sweb.eval.x86_64.sympy__sympy-23262,0.0,r2egym-qwen3-rl-64k-100-steps-1-attempt-2,39,0,token_limit,61,6.605217604545803e-05,False,62
slimshetty/swebench-verified:sweb.eval.x86_64.matplotlib__matplotlib-13989,1.0,r2egym-qwen3-rl-64k-100-steps-1-attempt-2,23,1123,agent,411,0.8933094067644466,True,411
slimshetty/swebench-verified:sweb.eval.x86_64.django__django-14672,1.0,r2egym-qwen3-rl-64k-100-steps-1-attempt-2,100,2549,abs_step_limit,0,0.8670357683915538,True,166
slimshetty/swebench-verified:sweb.eval.x86_64.sympy__sympy-18199,0.0,r2egym-qwen3-rl-64k-100-steps-1-attempt-2,71,1287,token_limit,113,0.6791787121629466,False,114
slimshetty/swebench-verified:sweb.eval.x86_64.django__django-16333,1.0,r2egym-qwen3-rl-64k-100-steps-1-attempt-2,100,6725,abs_step_limit,87,0.8354835350552603,True,87
slimshetty/swebench-verified:sweb.eval.x86_64.sympy__sympy-12481,1.0,r2egym-qwen3-rl-64k-100-steps-1-attempt-2,85,2290,token_limit,7,0.9046505402422644,True,7
slimshetty/swebench-verified:sweb.eval.x86_64.django__django-11490,1.0,r2egym-qwen3-rl-64k-100-steps-1-attempt-2,100,2116,abs_step_limit,23,0.5312093733737563,True,24
slimshetty/swebench-verified:sweb.eval.x86_64.pydata__xarray-3677,1.0,r2egym-qwen3-rl-64k-100-steps-1-attempt-2,36,1677,agent,21,0.8807970826714614,True,21
slimshetty/swebench-verified:sweb.eval.x86_64.sympy__sympy-14711,1.0,r2egym-qwen3-rl-64k-100-steps-1-attempt-2,36,842,agent,2,0.8807970748488297,True,3
slimshetty/swebench-verified:sweb.eval.x86_64.scikit-learn__scikit-learn-13124,0.0,r2egym-qwen3-rl-64k-100-steps-1-attempt-2,43,1660,token_limit,59,0.0124316503386583,False,60
slimshetty/swebench-verified:sweb.eval.x86_64.django__django-14140,0.0,r2egym-qwen3-rl-64k-100-steps-1-attempt-2,100,2447,abs_step_limit,199,0.8670357683915538,False,200
slimshetty/swebench-verified:sweb.eval.x86_64.django__django-11211,0.0,r2egym-qwen3-rl-64k-100-steps-1-attempt-2,62,4531,agent_max_step_limit,70,0.5621765008857981,False,70
slimshetty/swebench-verified:sweb.eval.x86_64.django__django-16612,0.0,r2egym-qwen3-rl-64k-100-steps-1-attempt-2,100,2520,abs_step_limit,335,0.8175744739711883,False,333
slimshetty/swebench-verified:sweb.eval.x86_64.django__django-17084,1.0,r2egym-qwen3-rl-64k-100-steps-1-attempt-2,100,3329,abs_step_limit,107,0.3208212943308302,True,107
slimshetty/swebench-verified:sweb.eval.x86_64.sympy__sympy-16597,0.0,r2egym-qwen3-rl-64k-100-steps-1-attempt-2,42,394,agent_max_step_limit,74,0.4687906266262437,False,75
slimshetty/swebench-verified:sweb.eval.x86_64.pylint-dev__pylint-6903,1.0,r2egym-qwen3-rl-64k-100-steps-1-attempt-2,71,3171,token_limit,8,0.8519527982093666,True,8
slimshetty/swebench-verified:sweb.eval.x86_64.django__django-13449,1.0,r2egym-qwen3-rl-64k-100-steps-1-attempt-2,52,2928,agent_max_step_limit,46,0.7772998611746911,True,46
slimshetty/swebench-verified:sweb.eval.x86_64.pydata__xarray-4629,1.0,r2egym-qwen3-rl-64k-100-steps-1-attempt-2,16,2367,agent,32,0.8519528000888386,True,32
slimshetty/swebench-verified:sweb.eval.x86_64.sympy__sympy-19040,0.0,r2egym-qwen3-rl-64k-100-steps-1-attempt-2,78,0,token_limit,148,7.48462181396708e-05,False,148
slimshetty/swebench-verified:sweb.eval.x86_64.django__django-13670,1.0,r2egym-qwen3-rl-64k-100-steps-1-attempt-2,23,2143,agent,17,0.8933094010836642,True,17
slimshetty/swebench-verified:sweb.eval.x86_64.django__django-13089,1.0,r2egym-qwen3-rl-64k-100-steps-1-attempt-2,100,2187,abs_step_limit,352,0.7772998611746912,True,349
slimshetty/swebench-verified:sweb.eval.x86_64.matplotlib__matplotlib-24870,0.0,r2egym-qwen3-rl-64k-100-steps-1-attempt-2,45,2457,agent_max_step_limit,65,0.8670357546485407,False,66
slimshetty/swebench-verified:sweb.eval.x86_64.django__django-15382,0.0,r2egym-qwen3-rl-64k-100-steps-1-attempt-2,73,2343,token_limit,161,0.1824255304737224,False,161
slimshetty/swebench-verified:sweb.eval.x86_64.django__django-12419,1.0,r2egym-qwen3-rl-64k-100-steps-1-attempt-2,30,2473,agent,0,0.651354857898194,True,0
slimshetty/swebench-verified:sweb.eval.x86_64.django__django-13820,1.0,r2egym-qwen3-rl-64k-100-steps-1-attempt-2,100,3459,abs_step_limit,24,0.8519527982093666,True,25
slimshetty/swebench-verified:sweb.eval.x86_64.sympy__sympy-15976,0.0,r2egym-qwen3-rl-64k-100-steps-1-attempt-2,44,3845,token_limit,37,0.0203323534168626,False,37
slimshetty/swebench-verified:sweb.eval.x86_64.astropy__astropy-12907,0.0,r2egym-qwen3-rl-64k-100-steps-1-attempt-2,57,2453,agent_max_step_limit,0,0.6513548646660542,False,0
slimshetty/swebench-verified:sweb.eval.x86_64.django__django-14034,0.0,r2egym-qwen3-rl-64k-100-steps-1-attempt-2,34,5660,agent,12,0.8933094067644466,False,12
slimshetty/swebench-verified:sweb.eval.x86_64.sympy__sympy-24066,0.0,r2egym-qwen3-rl-64k-100-steps-1-attempt-2,92,774,token_limit,25,0.0009110510495482,False,25
slimshetty/swebench-verified:sweb.eval.x86_64.django__django-16256,0.0,r2egym-qwen3-rl-64k-100-steps-1-attempt-2,73,0,token_limit,53,3.120190389923804e-05,False,53
slimshetty/swebench-verified:sweb.eval.x86_64.django__django-15022,1.0,r2egym-qwen3-rl-64k-100-steps-1-attempt-2,45,3725,token_limit,56,0.8175744739711883,True,56
slimshetty/swebench-verified:sweb.eval.x86_64.django__django-14011,0.0,r2egym-qwen3-rl-64k-100-steps-1-attempt-2,83,5481,token_limit,2,0.8670357477770337,False,0
slimshetty/swebench-verified:sweb.eval.x86_64.django__django-14752,1.0,r2egym-qwen3-rl-64k-100-steps-1-attempt-2,100,3373,abs_step_limit,15,0.7549149923816048,True,15
slimshetty/swebench-verified:sweb.eval.x86_64.django__django-11815,1.0,r2egym-qwen3-rl-64k-100-steps-1-attempt-2,100,3812,abs_step_limit,44,0.8354835330070839,True,44
slimshetty/swebench-verified:sweb.eval.x86_64.scikit-learn__scikit-learn-13439,1.0,r2egym-qwen3-rl-64k-100-steps-1-attempt-2,14,476,agent,40,0.8519528076067262,True,41
slimshetty/swebench-verified:sweb.eval.x86_64.sympy__sympy-22456,1.0,r2egym-qwen3-rl-64k-100-steps-1-attempt-2,73,1955,token_limit,29,0.4687906266262437,True,30
slimshetty/swebench-verified:sweb.eval.x86_64.pylint-dev__pylint-4604,0.0,r2egym-qwen3-rl-64k-100-steps-1-attempt-2,100,639,abs_step_limit,0,0.8354835391516132,False,20
slimshetty/swebench-verified:sweb.eval.x86_64.django__django-13343,0.0,r2egym-qwen3-rl-64k-100-steps-1-attempt-2,19,0,token_limit,130,0.0001795279842038,False,131
slimshetty/swebench-verified:sweb.eval.x86_64.sympy__sympy-20438,0.0,r2egym-qwen3-rl-64k-100-steps-1-attempt-2,60,2042,agent_max_step_limit,93,0.8175744739711883,False,94
slimshetty/swebench-verified:sweb.eval.x86_64.sympy__sympy-19346,1.0,r2egym-qwen3-rl-64k-100-steps-1-attempt-2,64,3595,token_limit,40,0.6791787121629466,True,39
slimshetty/swebench-verified:sweb.eval.x86_64.django__django-9296,1.0,r2egym-qwen3-rl-64k-100-steps-1-attempt-2,59,1734,agent_max_step_limit,20,0.7772998663336158,True,21
slimshetty/swebench-verified:sweb.eval.x86_64.django__django-13128,0.0,r2egym-qwen3-rl-64k-100-steps-1-attempt-2,65,4306,token_limit,134,0.6513548782017745,False,141
slimshetty/swebench-verified:sweb.eval.x86_64.django__django-10973,1.0,r2egym-qwen3-rl-64k-100-steps-1-attempt-2,13,3271,agent,0,0.7549149868676283,True,0
slimshetty/swebench-verified:sweb.eval.x86_64.django__django-15987,0.0,r2egym-qwen3-rl-64k-100-steps-1-attempt-2,41,1840,max_step_limit,52,0.8933094088947399,False,53
slimshetty/swebench-verified:sweb.eval.x86_64.django__django-14349,1.0,r2egym-qwen3-rl-64k-100-steps-1-attempt-2,100,1862,abs_step_limit,18,0.8670357598021707,True,19
slimshetty/swebench-verified:sweb.eval.x86_64.astropy__astropy-13236,0.0,r2egym-qwen3-rl-64k-100-steps-1-attempt-2,38,1801,agent,644,0.6791786861878392,False,643
slimshetty/swebench-verified:sweb.eval.x86_64.sympy__sympy-22914,1.0,r2egym-qwen3-rl-64k-100-steps-1-attempt-2,14,620,agent,17,0.8175744673038222,True,18
slimshetty/swebench-verified:sweb.eval.x86_64.django__django-14155,0.0,r2egym-qwen3-rl-64k-100-steps-1-attempt-2,69,1411,token_limit,89,0.0015011823122274,False,91
slimshetty/swebench-verified:sweb.eval.x86_64.django__django-15561,0.0,r2egym-qwen3-rl-64k-100-steps-1-attempt-2,5,0,token_limit,141,0.00029595702817,False,141
slimshetty/swebench-verified:sweb.eval.x86_64.sympy__sympy-16450,0.0,r2egym-qwen3-rl-64k-100-steps-1-attempt-2,100,0,abs_step_limit,38,3.120191133221797e-05,False,40
slimshetty/swebench-verified:sweb.eval.x86_64.scikit-learn__scikit-learn-10908,0.0,r2egym-qwen3-rl-64k-100-steps-1-attempt-2,64,2402,token_limit,46,0.0850990473273455,False,0
slimshetty/swebench-verified:sweb.eval.x86_64.pytest-dev__pytest-10051,0.0,r2egym-qwen3-rl-64k-100-steps-1-attempt-2,43,2960,agent_max_step_limit,15,0.8670357494949105,False,15
slimshetty/swebench-verified:sweb.eval.x86_64.django__django-15098,0.0,r2egym-qwen3-rl-64k-100-steps-1-attempt-2,67,3911,token_limit,87,0.5926665999540698,False,88
slimshetty/swebench-verified:sweb.eval.x86_64.sphinx-doc__sphinx-8548,0.0,r2egym-qwen3-rl-64k-100-steps-1-attempt-2,100,0,abs_step_limit,5,1.6701425819994037e-05,False,4
slimshetty/swebench-verified:sweb.eval.x86_64.sphinx-doc__sphinx-9281,1.0,r2egym-qwen3-rl-64k-100-steps-1-attempt-2,49,2025,token_limit,38,0.1645164690410926,True,39
slimshetty/swebench-verified:sweb.eval.x86_64.django__django-12965,0.0,r2egym-qwen3-rl-64k-100-steps-1-attempt-2,93,0,token_limit,52,8.481102071867501e-05,False,52
slimshetty/swebench-verified:sweb.eval.x86_64.django__django-14855,1.0,r2egym-qwen3-rl-64k-100-steps-1-attempt-2,100,3503,abs_step_limit,325,0.7772998508568417,True,325
slimshetty/swebench-verified:sweb.eval.x86_64.django__django-12273,0.0,r2egym-qwen3-rl-64k-100-steps-1-attempt-2,52,2444,token_limit,27,0.7310585727705126,False,27
slimshetty/swebench-verified:sweb.eval.x86_64.django__django-14373,1.0,r2egym-qwen3-rl-64k-100-steps-1-attempt-2,33,2669,agent,19,0.8807970842359877,True,19
slimshetty/swebench-verified:sweb.eval.x86_64.pydata__xarray-4075,1.0,r2egym-qwen3-rl-64k-100-steps-1-attempt-2,46,1361,agent_max_step_limit,958,0.8670357666736772,True,958
slimshetty/swebench-verified:sweb.eval.x86_64.django__django-15128,0.0,r2egym-qwen3-rl-64k-100-steps-1-attempt-2,82,4956,token_limit,282,0.4073334000459302,False,282
slimshetty/swebench-verified:sweb.eval.x86_64.matplotlib__matplotlib-23412,0.0,r2egym-qwen3-rl-64k-100-steps-1-attempt-2,100,0,abs_step_limit,46,2.1444945847446664e-05,False,46
slimshetty/swebench-verified:sweb.eval.x86_64.django__django-15277,1.0,r2egym-qwen3-rl-64k-100-steps-1-attempt-2,100,11876,abs_step_limit,158,0.0203323556058768,True,159
slimshetty/swebench-verified:sweb.eval.x86_64.django__django-13933,1.0,r2egym-qwen3-rl-64k-100-steps-1-attempt-2,54,5124,token_limit,19,0.6791786861878392,True,19
slimshetty/swebench-verified:sweb.eval.x86_64.pydata__xarray-4094,0.0,r2egym-qwen3-rl-64k-100-steps-1-attempt-2,66,1589,token_limit,0,0.0021827161086347,False,0
slimshetty/swebench-verified:sweb.eval.x86_64.matplotlib__matplotlib-26342,0.0,r2egym-qwen3-rl-64k-100-steps-1-attempt-2,86,0,token_limit,81,5.144223806615931e-05,False,81
slimshetty/swebench-verified:sweb.eval.x86_64.sympy__sympy-11618,0.0,r2egym-qwen3-rl-64k-100-steps-1-attempt-2,75,440,token_limit,4,0.000430557034066,False,4
slimshetty/swebench-verified:sweb.eval.x86_64.django__django-12663,0.0,r2egym-qwen3-rl-64k-100-steps-1-attempt-2,90,0,token_limit,135,2.430024650777264e-05,False,135
slimshetty/swebench-verified:sweb.eval.x86_64.sympy__sympy-20916,0.0,r2egym-qwen3-rl-64k-100-steps-1-attempt-2,34,1337,agent,1,0.8519528019683106,False,2
slimshetty/swebench-verified:sweb.eval.x86_64.django__django-14351,0.0,r2egym-qwen3-rl-64k-100-steps-1-attempt-2,100,2581,abs_step_limit,57,0.7549149868676283,False,57
slimshetty/swebench-verified:sweb.eval.x86_64.pydata__xarray-7233,1.0,r2egym-qwen3-rl-64k-100-steps-1-attempt-2,48,2252,agent_max_step_limit,189,0.8933094010836643,True,189
slimshetty/swebench-verified:sweb.eval.x86_64.django__django-11292,1.0,r2egym-qwen3-rl-64k-100-steps-1-attempt-2,68,2956,token_limit,31,0.7057850216484838,True,31
slimshetty/swebench-verified:sweb.eval.x86_64.django__django-11740,1.0,r2egym-qwen3-rl-64k-100-steps-1-attempt-2,61,6456,token_limit,109,0.7549149813536518,True,109
slimshetty/swebench-verified:sweb.eval.x86_64.django__django-15499,0.0,r2egym-qwen3-rl-64k-100-steps-1-attempt-2,90,0,token_limit,35,1.3007125357804606e-05,False,35
slimshetty/swebench-verified:sweb.eval.x86_64.django__django-16877,0.0,r2egym-qwen3-rl-64k-100-steps-1-attempt-2,30,2684,agent,0,0.7057850216484837,False,0
slimshetty/swebench-verified:sweb.eval.x86_64.django__django-15467,1.0,r2egym-qwen3-rl-64k-100-steps-1-attempt-2,82,2381,token_limit,62,0.8519527944504227,True,62
slimshetty/swebench-verified:sweb.eval.x86_64.sympy__sympy-19637,1.0,r2egym-qwen3-rl-64k-100-steps-1-attempt-2,33,1984,agent,40,0.8354835289107307,True,41
slimshetty/swebench-verified:sweb.eval.x86_64.sympy__sympy-21930,0.0,r2egym-qwen3-rl-64k-100-steps-1-attempt-2,26,1816,agent,45,0.8354835432479661,False,49
slimshetty/swebench-verified:sweb.eval.x86_64.scikit-learn__scikit-learn-25102,1.0,r2egym-qwen3-rl-64k-100-steps-1-attempt-2,61,5756,token_limit,59,0.3486451217982255,True,59
slimshetty/swebench-verified:sweb.eval.x86_64.scikit-learn__scikit-learn-14894,1.0,r2egym-qwen3-rl-64k-100-steps-1-attempt-2,11,2168,agent,85,0.8519528057272543,True,85
slimshetty/swebench-verified:sweb.eval.x86_64.matplotlib__matplotlib-24177,0.0,r2egym-qwen3-rl-64k-100-steps-1-attempt-2,43,2832,agent_max_step_limit,768,0.8933093968230773,False,768
slimshetty/swebench-verified:sweb.eval.x86_64.scikit-learn__scikit-learn-10844,1.0,r2egym-qwen3-rl-64k-100-steps-1-attempt-2,49,1216,agent_max_step_limit,16,0.7981867849406659,True,17
slimshetty/swebench-verified:sweb.eval.x86_64.matplotlib__matplotlib-23314,1.0,r2egym-qwen3-rl-64k-100-steps-1-attempt-2,53,1603,token_limit,862,0.4378234991142019,True,862
slimshetty/swebench-verified:sweb.eval.x86_64.scikit-learn__scikit-learn-14983,0.0,r2egym-qwen3-rl-64k-100-steps-1-attempt-2,46,598,token_limit,105,0.0675466986479235,False,105
slimshetty/swebench-verified:sweb.eval.x86_64.django__django-11880,1.0,r2egym-qwen3-rl-64k-100-steps-1-attempt-2,46,1850,token_limit,114,0.8354835371034368,True,114
slimshetty/swebench-verified:sweb.eval.x86_64.django__django-16938,0.0,r2egym-qwen3-rl-64k-100-steps-1-attempt-2,41,2974,max_step_limit,65,0.3775406687981454,False,88
slimshetty/swebench-verified:sweb.eval.x86_64.django__django-13568,0.0,r2egym-qwen3-rl-64k-100-steps-1-attempt-2,52,2092,agent_max_step_limit,12,0.6791787121629466,False,12
slimshetty/swebench-verified:sweb.eval.x86_64.sphinx-doc__sphinx-8056,0.0,r2egym-qwen3-rl-64k-100-steps-1-attempt-2,100,3405,abs_step_limit,38,0.009708476024823,False,38
slimshetty/swebench-verified:sweb.eval.x86_64.django__django-13344,0.0,r2egym-qwen3-rl-64k-100-steps-1-attempt-2,88,3479,token_limit,356,0.0011695100614789,False,356
slimshetty/swebench-verified:sweb.eval.x86_64.pytest-dev__pytest-7236,1.0,r2egym-qwen3-rl-64k-100-steps-1-attempt-2,43,2201,agent_max_step_limit,51,0.679178699175393,True,50
slimshetty/swebench-verified:sweb.eval.x86_64.django__django-14539,0.0,r2egym-qwen3-rl-64k-100-steps-1-attempt-2,67,4179,token_limit,14,0.0330859801763571,False,15
slimshetty/swebench-verified:sweb.eval.x86_64.django__django-15104,1.0,r2egym-qwen3-rl-64k-100-steps-1-attempt-2,89,4977,token_limit,131,0.8670357494949105,True,131
slimshetty/swebench-verified:sweb.eval.x86_64.scikit-learn__scikit-learn-13496,1.0,r2egym-qwen3-rl-64k-100-steps-1-attempt-2,43,2209,agent_max_step_limit,19,0.5312093733737563,True,19
slimshetty/swebench-verified:sweb.eval.x86_64.sphinx-doc__sphinx-9711,0.0,r2egym-qwen3-rl-64k-100-steps-1-attempt-2,100,340,abs_step_limit,0,0.0015011822282937,False,1687
slimshetty/swebench-verified:sweb.eval.x86_64.scikit-learn__scikit-learn-11578,1.0,r2egym-qwen3-rl-64k-100-steps-1-attempt-2,100,4266,abs_step_limit,93,0.7310585669110202,True,89
slimshetty/swebench-verified:sweb.eval.x86_64.matplotlib__matplotlib-26291,0.0,r2egym-qwen3-rl-64k-100-steps-1-attempt-2,45,3177,agent_max_step_limit,49,0.6224593312018546,False,49
slimshetty/swebench-verified:sweb.eval.x86_64.django__django-15957,0.0,r2egym-qwen3-rl-64k-100-steps-1-attempt-2,73,2178,token_limit,89,0.4073334000459302,False,89
slimshetty/swebench-verified:sweb.eval.x86_64.sympy__sympy-15345,0.0,r2egym-qwen3-rl-64k-100-steps-1-attempt-2,71,2704,token_limit,0,0.003172682424236,False,0
slimshetty/swebench-verified:sweb.eval.x86_64.astropy__astropy-14182,0.0,r2egym-qwen3-rl-64k-100-steps-1-attempt-2,16,812,agent,8,0.6791787056691698,False,8
slimshetty/swebench-verified:sweb.eval.x86_64.sympy__sympy-20428,0.0,r2egym-qwen3-rl-64k-100-steps-1-attempt-2,22,1826,agent,154,0.7981867729389246,False,154
slimshetty/swebench-verified:sweb.eval.x86_64.scikit-learn__scikit-learn-13135,1.0,r2egym-qwen3-rl-64k-100-steps-1-attempt-2,13,1251,agent,33,0.8807970873650403,True,34
slimshetty/swebench-verified:sweb.eval.x86_64.scikit-learn__scikit-learn-25973,1.0,r2egym-qwen3-rl-64k-100-steps-1-attempt-2,100,2494,abs_step_limit,72,0.9149009468718408,True,72
slimshetty/swebench-verified:sweb.eval.x86_64.scikit-learn__scikit-learn-14710,0.0,r2egym-qwen3-rl-64k-100-steps-1-attempt-2,100,2562,abs_step_limit,0,0.0009110510579194,False,0
slimshetty/swebench-verified:sweb.eval.x86_64.sympy__sympy-23950,0.0,r2egym-qwen3-rl-64k-100-steps-1-attempt-2,95,0,token_limit,4,4.0063701703217896e-05,False,5
slimshetty/swebench-verified:sweb.eval.x86_64.pytest-dev__pytest-7490,0.0,r2egym-qwen3-rl-64k-100-steps-1-attempt-2,41,1886,max_step_limit,77,0.8175744850834648,False,78
slimshetty/swebench-verified:sweb.eval.x86_64.matplotlib__matplotlib-22865,0.0,r2egym-qwen3-rl-64k-100-steps-1-attempt-2,39,1684,agent,57,0.7981867777396212,False,56
slimshetty/swebench-verified:sweb.eval.x86_64.matplotlib__matplotlib-14623,1.0,r2egym-qwen3-rl-64k-100-steps-1-attempt-2,44,1471,agent_max_step_limit,400,0.8354835432479661,True,401
slimshetty/swebench-verified:sweb.eval.x86_64.psf__requests-1921,0.0,r2egym-qwen3-rl-64k-100-steps-1-attempt-2,74,4632,token_limit,0,0.0019267347689937,False,0
slimshetty/swebench-verified:sweb.eval.x86_64.psf__requests-2317,1.0,r2egym-qwen3-rl-64k-100-steps-1-attempt-2,39,2482,agent,133,0.8519527963298947,True,0
slimshetty/swebench-verified:sweb.eval.x86_64.matplotlib__matplotlib-21568,0.0,r2egym-qwen3-rl-64k-100-steps-1-attempt-2,28,1364,agent,72,0.4073334000459302,False,73
slimshetty/swebench-verified:sweb.eval.x86_64.django__django-12304,0.0,r2egym-qwen3-rl-64k-100-steps-1-attempt-2,71,1955,token_limit,0,0.5926665999540698,False,0
slimshetty/swebench-verified:sweb.eval.x86_64.django__django-16950,0.0,r2egym-qwen3-rl-64k-100-steps-1-attempt-2,61,4594,token_limit,0,0.3486451285660856,False,0
slimshetty/swebench-verified:sweb.eval.x86_64.sympy__sympy-13798,0.0,r2egym-qwen3-rl-64k-100-steps-1-attempt-2,64,3592,agent_max_step_limit,102,0.7772998663336157,False,103
slimshetty/swebench-verified:sweb.eval.x86_64.django__django-12713,1.0,r2egym-qwen3-rl-64k-100-steps-1-attempt-2,40,4177,agent,58,0.8519528076067262,True,58
slimshetty/swebench-verified:sweb.eval.x86_64.scikit-learn__scikit-learn-12973,0.0,r2egym-qwen3-rl-64k-100-steps-1-attempt-2,20,976,agent,32,0.8670357701094303,False,30
slimshetty/swebench-verified:sweb.eval.x86_64.django__django-15563,0.0,r2egym-qwen3-rl-64k-100-steps-1-attempt-2,61,6440,token_limit,28,0.5,False,28
slimshetty/swebench-verified:sweb.eval.x86_64.django__django-14238,1.0,r2egym-qwen3-rl-64k-100-steps-1-attempt-2,53,3715,agent_max_step_limit,39,0.8807970748488297,True,40
slimshetty/swebench-verified:sweb.eval.x86_64.sphinx-doc__sphinx-8721,1.0,r2egym-qwen3-rl-64k-100-steps-1-attempt-2,86,3527,token_limit,3,0.3486451421018059,True,2
slimshetty/swebench-verified:sweb.eval.x86_64.django__django-15268,1.0,r2egym-qwen3-rl-64k-100-steps-1-attempt-2,70,3255,token_limit,130,0.5312093733737563,True,130
slimshetty/swebench-verified:sweb.eval.x86_64.matplotlib__matplotlib-25960,0.0,r2egym-qwen3-rl-64k-100-steps-1-attempt-2,59,2793,token_limit,131,0.8354835350552603,False,131
slimshetty/swebench-verified:sweb.eval.x86_64.django__django-12406,0.0,r2egym-qwen3-rl-64k-100-steps-1-attempt-2,100,3700,abs_step_limit,165,0.3775406687981454,False,165
slimshetty/swebench-verified:sweb.eval.x86_64.django__django-13158,0.0,r2egym-qwen3-rl-64k-100-steps-1-attempt-2,75,4618,token_limit,29,0.8519528038477825,False,29
slimshetty/swebench-verified:sweb.eval.x86_64.django__django-11477,0.0,r2egym-qwen3-rl-64k-100-steps-1-attempt-2,59,1932,token_limit,151,0.0001088969087748,False,153
slimshetty/swebench-verified:sweb.eval.x86_64.django__django-15127,0.0,r2egym-qwen3-rl-64k-100-steps-1-attempt-2,100,2143,abs_step_limit,1,0.7057850340255386,False,1
slimshetty/swebench-verified:sweb.eval.x86_64.sphinx-doc__sphinx-10449,1.0,r2egym-qwen3-rl-64k-100-steps-1-attempt-2,100,3304,abs_step_limit,30,0.8519528019683106,True,30
slimshetty/swebench-verified:sweb.eval.x86_64.sympy__sympy-20801,0.0,r2egym-qwen3-rl-64k-100-steps-1-attempt-2,50,1022,token_limit,96,0.0097084758009745,False,96
slimshetty/swebench-verified:sweb.eval.x86_64.pydata__xarray-2905,1.0,r2egym-qwen3-rl-64k-100-steps-1-attempt-2,49,2214,agent_max_step_limit,364,0.8670357718273068,True,366
slimshetty/swebench-verified:sweb.eval.x86_64.astropy__astropy-7671,0.0,r2egym-qwen3-rl-64k-100-steps-1-attempt-2,39,0,token_limit,0,3.5356254898252494e-05,False,0
slimshetty/swebench-verified:sweb.eval.x86_64.sphinx-doc__sphinx-8551,1.0,r2egym-qwen3-rl-64k-100-steps-1-attempt-2,41,668,max_step_limit,32,0.8670357718273068,True,32
slimshetty/swebench-verified:sweb.eval.x86_64.django__django-16502,0.0,r2egym-qwen3-rl-64k-100-steps-1-attempt-2,88,0,token_limit,4,2.4300252306390083e-05,False,4
slimshetty/swebench-verified:sweb.eval.x86_64.django__django-14404,0.0,r2egym-qwen3-rl-64k-100-steps-1-attempt-2,71,4206,token_limit,323,0.0600866478597131,False,323
slimshetty/swebench-verified:sweb.eval.x86_64.scikit-learn__scikit-learn-12682,0.0,r2egym-qwen3-rl-64k-100-steps-1-attempt-2,35,3607,agent,66,0.7981867729389246,False,66
slimshetty/swebench-verified:sweb.eval.x86_64.matplotlib__matplotlib-26113,0.0,r2egym-qwen3-rl-64k-100-steps-1-attempt-2,100,0,abs_step_limit,812,1.4738988994015443e-05,False,812
slimshetty/swebench-verified:sweb.eval.x86_64.django__django-13837,0.0,r2egym-qwen3-rl-64k-100-steps-1-attempt-2,21,2090,agent,57,0.3486451285660856,False,57
slimshetty/swebench-verified:sweb.eval.x86_64.sphinx-doc__sphinx-8593,0.0,r2egym-qwen3-rl-64k-100-steps-1-attempt-2,79,0,token_limit,1,3.535624225110421e-05,False,3
slimshetty/swebench-verified:sweb.eval.x86_64.django__django-12143,1.0,r2egym-qwen3-rl-64k-100-steps-1-attempt-2,99,5331,token_limit,52,0.8175744828610095,True,52
slimshetty/swebench-verified:sweb.eval.x86_64.django__django-14493,1.0,r2egym-qwen3-rl-64k-100-steps-1-attempt-2,71,1888,token_limit,36,0.7772998663336158,True,36
slimshetty/swebench-verified:sweb.eval.x86_64.django__django-13279,0.0,r2egym-qwen3-rl-64k-100-steps-1-attempt-2,67,2694,token_limit,0,0.1066905982062379,False,346
slimshetty/swebench-verified:sweb.eval.x86_64.django__django-16819,0.0,r2egym-qwen3-rl-64k-100-steps-1-attempt-2,100,9048,abs_step_limit,38,0.8175744761936437,False,38
slimshetty/swebench-verified:sweb.eval.x86_64.django__django-11999,1.0,r2egym-qwen3-rl-64k-100-steps-1-attempt-2,100,1423,abs_step_limit,30,0.8670357477770337,True,30
slimshetty/swebench-verified:sweb.eval.x86_64.pytest-dev__pytest-7432,0.0,r2egym-qwen3-rl-64k-100-steps-1-attempt-2,44,1781,token_limit,74,0.3486451353339457,False,74
slimshetty/swebench-verified:sweb.eval.x86_64.psf__requests-1766,1.0,r2egym-qwen3-rl-64k-100-steps-1-attempt-2,22,455,agent,79,0.8670357598021707,True,89
slimshetty/swebench-verified:sweb.eval.x86_64.sympy__sympy-15017,0.0,r2egym-qwen3-rl-64k-100-steps-1-attempt-2,100,0,abs_step_limit,14,3.535626754527668e-05,False,15
slimshetty/swebench-verified:sweb.eval.x86_64.sphinx-doc__sphinx-11510,0.0,r2egym-qwen3-rl-64k-100-steps-1-attempt-2,80,1730,token_limit,7,0.1645164567520338,False,7
slimshetty/swebench-verified:sweb.eval.x86_64.django__django-14608,0.0,r2egym-qwen3-rl-64k-100-steps-1-attempt-2,43,6881,agent_max_step_limit,392,0.8175744806385542,False,396
slimshetty/swebench-verified:sweb.eval.x86_64.astropy__astropy-13398,0.0,r2egym-qwen3-rl-64k-100-steps-1-attempt-2,43,2499,agent_max_step_limit,0,0.6513548511303336,False,0
slimshetty/swebench-verified:sweb.eval.x86_64.scikit-learn__scikit-learn-14087,0.0,r2egym-qwen3-rl-64k-100-steps-1-attempt-2,100,1463,token_limit,0,0.0003799844725225,False,0
slimshetty/swebench-verified:sweb.eval.x86_64.sphinx-doc__sphinx-9230,0.0,r2egym-qwen3-rl-64k-100-steps-1-attempt-2,100,1521,abs_step_limit,44,0.0953494681124683,False,45
slimshetty/swebench-verified:sweb.eval.x86_64.django__django-16527,1.0,r2egym-qwen3-rl-64k-100-steps-1-attempt-2,100,549,abs_step_limit,6,0.7772998663336158,True,6
slimshetty/swebench-verified:sweb.eval.x86_64.sphinx-doc__sphinx-7440,0.0,r2egym-qwen3-rl-64k-100-steps-1-attempt-2,100,0,abs_step_limit,12,0.000261190431183,False,13
slimshetty/swebench-verified:sweb.eval.x86_64.pydata__xarray-3095,0.0,r2egym-qwen3-rl-64k-100-steps-1-attempt-2,62,0,token_limit,253,0.0004305571816536,False,242
slimshetty/swebench-verified:sweb.eval.x86_64.django__django-11790,1.0,r2egym-qwen3-rl-64k-100-steps-1-attempt-2,33,2430,agent,77,0.731058584489497,True,79
slimshetty/swebench-verified:sweb.eval.x86_64.django__django-16595,1.0,r2egym-qwen3-rl-64k-100-steps-1-attempt-2,46,3824,agent_max_step_limit,37,0.817574478416099,True,37
slimshetty/swebench-verified:sweb.eval.x86_64.django__django-15732,0.0,r2egym-qwen3-rl-64k-100-steps-1-attempt-2,100,3395,abs_step_limit,125,0.7772998508568416,False,124
slimshetty/swebench-verified:sweb.eval.x86_64.sympy__sympy-23413,0.0,r2egym-qwen3-rl-64k-100-steps-1-attempt-2,44,2736,token_limit,2,0.0046095716430864,False,2
slimshetty/swebench-verified:sweb.eval.x86_64.matplotlib__matplotlib-22871,0.0,r2egym-qwen3-rl-64k-100-steps-1-attempt-2,100,1419,abs_step_limit,87,0.0675466981786551,False,88
slimshetty/swebench-verified:sweb.eval.x86_64.pytest-dev__pytest-5840,0.0,r2egym-qwen3-rl-64k-100-steps-1-attempt-2,100,704,abs_step_limit,51,0.0015011822221863,False,52
slimshetty/swebench-verified:sweb.eval.x86_64.pytest-dev__pytest-7521,1.0,r2egym-qwen3-rl-64k-100-steps-1-attempt-2,100,462,abs_step_limit,125,0.9046505376715775,True,124
slimshetty/swebench-verified:sweb.eval.x86_64.sympy__sympy-24562,0.0,r2egym-qwen3-rl-64k-100-steps-1-attempt-2,41,1403,max_step_limit,105,0.8933094039240554,False,106
slimshetty/swebench-verified:sweb.eval.x86_64.pydata__xarray-6599,1.0,r2egym-qwen3-rl-64k-100-steps-1-attempt-2,76,1415,token_limit,264,0.0024726235775812,True,263
slimshetty/swebench-verified:sweb.eval.x86_64.sphinx-doc__sphinx-8621,0.0,r2egym-qwen3-rl-64k-100-steps-1-attempt-2,38,4110,token_limit,31,0.8670357529306639,False,31
slimshetty/swebench-verified:sweb.eval.x86_64.django__django-16631,0.0,r2egym-qwen3-rl-64k-100-steps-1-attempt-2,70,6619,token_limit,12,0.7549149978955811,False,12
slimshetty/swebench-verified:sweb.eval.x86_64.django__django-15731,1.0,r2egym-qwen3-rl-64k-100-steps-1-attempt-2,100,3496,abs_step_limit,58,0.7057850340255386,True,57
slimshetty/swebench-verified:sweb.eval.x86_64.pydata__xarray-6938,0.0,r2egym-qwen3-rl-64k-100-steps-1-attempt-2,61,2031,agent_max_step_limit,430,0.5312093733737563,False,430
slimshetty/swebench-verified:sweb.eval.x86_64.sympy__sympy-15875,0.0,r2egym-qwen3-rl-64k-100-steps-1-attempt-2,65,1344,agent_max_step_limit,80,0.7981867873410141,False,81
slimshetty/swebench-verified:sweb.eval.x86_64.django__django-16139,1.0,r2egym-qwen3-rl-64k-100-steps-1-attempt-2,100,2594,abs_step_limit,86,0.7981867705385762,True,86
slimshetty/swebench-verified:sweb.eval.x86_64.django__django-13516,0.0,r2egym-qwen3-rl-64k-100-steps-1-attempt-2,94,530,token_limit,43,8.481102072978154e-05,False,43
slimshetty/swebench-verified:sweb.eval.x86_64.pylint-dev__pylint-6386,0.0,r2egym-qwen3-rl-64k-100-steps-1-attempt-2,42,520,agent_max_step_limit,0,0.182425521583901,False,0
slimshetty/swebench-verified:sweb.eval.x86_64.django__django-13794,0.0,r2egym-qwen3-rl-64k-100-steps-1-attempt-2,54,3210,agent_max_step_limit,24,0.2018132222603788,False,24
slimshetty/swebench-verified:sweb.eval.x86_64.django__django-11179,1.0,r2egym-qwen3-rl-64k-100-steps-1-attempt-2,16,1700,agent,40,0.7549149923816048,True,40
slimshetty/swebench-verified:sweb.eval.x86_64.matplotlib__matplotlib-24627,1.0,r2egym-qwen3-rl-64k-100-steps-1-attempt-2,30,1048,agent,776,0.8354835391516132,True,776
slimshetty/swebench-verified:sweb.eval.x86_64.sphinx-doc__sphinx-9591,0.0,r2egym-qwen3-rl-64k-100-steps-1-attempt-2,61,2596,agent_max_step_limit,44,0.8175744761936437,False,45
slimshetty/swebench-verified:sweb.eval.x86_64.sympy__sympy-12419,0.0,r2egym-qwen3-rl-64k-100-steps-1-attempt-2,84,1493,token_limit,25,0.0600866465973708,False,26
slimshetty/swebench-verified:sweb.eval.x86_64.matplotlib__matplotlib-26208,0.0,r2egym-qwen3-rl-64k-100-steps-1-attempt-2,35,0,token_limit,813,0.0001233945736737,False,813
slimshetty/swebench-verified:sweb.eval.x86_64.django__django-13786,1.0,r2egym-qwen3-rl-64k-100-steps-1-attempt-2,100,2109,abs_step_limit,33,0.6513548646660542,True,33
slimshetty/swebench-verified:sweb.eval.x86_64.sphinx-doc__sphinx-10673,1.0,r2egym-qwen3-rl-64k-100-steps-1-attempt-2,63,3418,agent_max_step_limit,9,0.348645142101806,True,9
slimshetty/swebench-verified:sweb.eval.x86_64.sphinx-doc__sphinx-8475,1.0,r2egym-qwen3-rl-64k-100-steps-1-attempt-2,24,4566,agent,17,0.8354835432479661,True,17
slimshetty/swebench-verified:sweb.eval.x86_64.django__django-12155,0.0,r2egym-qwen3-rl-64k-100-steps-1-attempt-2,100,1506,abs_step_limit,6,0.0004305571273682,False,7
slimshetty/swebench-verified:sweb.eval.x86_64.pytest-dev__pytest-7571,1.0,r2egym-qwen3-rl-64k-100-steps-1-attempt-2,88,1650,token_limit,14,0.8933093968230773,True,14
slimshetty/swebench-verified:sweb.eval.x86_64.mwaskom__seaborn-3187,0.0,r2egym-qwen3-rl-64k-100-steps-1-attempt-2,100,1916,abs_step_limit,248,0.7310585786300049,False,249
slimshetty/swebench-verified:sweb.eval.x86_64.django__django-11095,1.0,r2egym-qwen3-rl-64k-100-steps-1-attempt-2,100,3795,abs_step_limit,19,0.7981867801399694,True,19
slimshetty/swebench-verified:sweb.eval.x86_64.sympy__sympy-24213,1.0,r2egym-qwen3-rl-64k-100-steps-1-attempt-2,63,4679,agent_max_step_limit,31,0.851952809486198,True,31
slimshetty/swebench-verified:sweb.eval.x86_64.sphinx-doc__sphinx-10323,0.0,r2egym-qwen3-rl-64k-100-steps-1-attempt-2,66,1194,token_limit,38,0.0420877316703717,False,38
slimshetty/swebench-verified:sweb.eval.x86_64.sympy__sympy-13647,1.0,r2egym-qwen3-rl-64k-100-steps-1-attempt-2,39,1248,token_limit,76,0.5926665999540698,True,77
slimshetty/swebench-verified:sweb.eval.x86_64.pydata__xarray-7393,0.0,r2egym-qwen3-rl-64k-100-steps-1-attempt-2,49,803,token_limit,70,0.0330859787462347,False,70
slimshetty/swebench-verified:sweb.eval.x86_64.django__django-12774,0.0,r2egym-qwen3-rl-64k-100-steps-1-attempt-2,50,3688,agent_max_step_limit,39,0.7549149758396752,False,40
slimshetty/swebench-verified:sweb.eval.x86_64.django__django-10999,0.0,r2egym-qwen3-rl-64k-100-steps-1-attempt-2,28,1470,agent,5,0.4378234991142019,False,7
slimshetty/swebench-verified:sweb.eval.x86_64.pylint-dev__pylint-4661,0.0,r2egym-qwen3-rl-64k-100-steps-1-attempt-2,100,2055,abs_step_limit,0,0.5621765008857981,False,50
slimshetty/swebench-verified:sweb.eval.x86_64.scikit-learn__scikit-learn-25232,1.0,r2egym-qwen3-rl-64k-100-steps-1-attempt-2,32,3847,agent,214,0.2450850241603248,True,214
slimshetty/swebench-verified:sweb.eval.x86_64.django__django-10880,0.0,r2egym-qwen3-rl-64k-100-steps-1-attempt-2,100,2829,abs_step_limit,54,0.817574471748733,False,54
slimshetty/swebench-verified:sweb.eval.x86_64.sphinx-doc__sphinx-7889,0.0,r2egym-qwen3-rl-64k-100-steps-1-attempt-2,100,1202,abs_step_limit,5,0.8354835330070839,False,6
slimshetty/swebench-verified:sweb.eval.x86_64.django__django-11087,0.0,r2egym-qwen3-rl-64k-100-steps-1-attempt-2,100,0,abs_step_limit,41,8.481105113944702e-05,False,41
slimshetty/swebench-verified:sweb.eval.x86_64.django__django-14170,0.0,r2egym-qwen3-rl-64k-100-steps-1-attempt-2,57,3037,token_limit,67,0.7549149923816048,False,73
slimshetty/swebench-verified:sweb.eval.x86_64.pytest-dev__pytest-8399,1.0,r2egym-qwen3-rl-64k-100-steps-1-attempt-2,100,1522,abs_step_limit,59,0.7549149978955811,True,59
slimshetty/swebench-verified:sweb.eval.x86_64.django__django-11400,0.0,r2egym-qwen3-rl-64k-100-steps-1-attempt-2,100,6020,abs_step_limit,58,0.7549149923816048,False,58
slimshetty/swebench-verified:sweb.eval.x86_64.django__django-14915,0.0,r2egym-qwen3-rl-64k-100-steps-1-attempt-2,62,0,token_limit,23,7.484625378235853e-05,False,23
slimshetty/swebench-verified:sweb.eval.x86_64.matplotlib__matplotlib-20676,0.0,r2egym-qwen3-rl-64k-100-steps-1-attempt-2,100,1781,abs_step_limit,31,0.3486451488696663,False,31
slimshetty/swebench-verified:sweb.eval.x86_64.django__django-13925,0.0,r2egym-qwen3-rl-64k-100-steps-1-attempt-2,45,464,agent_max_step_limit,24,0.6513548646660543,False,22
slimshetty/swebench-verified:sweb.eval.x86_64.matplotlib__matplotlib-24149,1.0,r2egym-qwen3-rl-64k-100-steps-1-attempt-2,39,1140,agent,767,0.867035758084294,True,767
slimshetty/swebench-verified:sweb.eval.x86_64.django__django-16485,1.0,r2egym-qwen3-rl-64k-100-steps-1-attempt-2,32,3090,agent,9,0.8354835309589074,True,10
slimshetty/swebench-verified:sweb.eval.x86_64.django__django-13112,0.0,r2egym-qwen3-rl-64k-100-steps-1-attempt-2,100,0,abs_step_limit,63,0.0003353500250746,False,63
slimshetty/swebench-verified:sweb.eval.x86_64.matplotlib__matplotlib-20859,0.0,r2egym-qwen3-rl-64k-100-steps-1-attempt-2,100,747,abs_step_limit,0,0.0015011824458931,False,0
slimshetty/swebench-verified:sweb.eval.x86_64.django__django-14771,0.0,r2egym-qwen3-rl-64k-100-steps-1-attempt-2,100,6598,abs_step_limit,60,0.3775406687981454,False,60
slimshetty/swebench-verified:sweb.eval.x86_64.django__django-15572,1.0,r2egym-qwen3-rl-64k-100-steps-1-attempt-2,58,2759,token_limit,10,0.8519528019683105,True,10
slimshetty/swebench-verified:sweb.eval.x86_64.django__django-11964,0.0,r2egym-qwen3-rl-64k-100-steps-1-attempt-2,100,0,abs_step_limit,15,5.144221969276164e-05,False,16
slimshetty/swebench-verified:sweb.eval.x86_64.sympy__sympy-13615,0.0,r2egym-qwen3-rl-64k-100-steps-1-attempt-2,42,2356,token_limit,66,0.0229773685301212,False,66
slimshetty/swebench-verified:sweb.eval.x86_64.sphinx-doc__sphinx-9367,1.0,r2egym-qwen3-rl-64k-100-steps-1-attempt-2,48,580,agent_max_step_limit,25,0.8670357666736772,True,25
slimshetty/swebench-verified:sweb.eval.x86_64.django__django-15695,0.0,r2egym-qwen3-rl-64k-100-steps-1-attempt-2,93,3927,token_limit,123,0.7310585669110202,False,123
slimshetty/swebench-verified:sweb.eval.x86_64.django__django-12209,1.0,r2egym-qwen3-rl-64k-100-steps-1-attempt-2,31,2636,agent,0,0.817574471748733,True,1
slimshetty/swebench-verified:sweb.eval.x86_64.sphinx-doc__sphinx-7462,0.0,r2egym-qwen3-rl-64k-100-steps-1-attempt-2,56,3245,token_limit,49,0.0600866552233775,False,49
slimshetty/swebench-verified:sweb.eval.x86_64.django__django-11728,0.0,r2egym-qwen3-rl-64k-100-steps-1-attempt-2,73,0,token_limit,43,1.1478765384054893e-05,False,46
slimshetty/swebench-verified:sweb.eval.x86_64.sphinx-doc__sphinx-11445,1.0,r2egym-qwen3-rl-64k-100-steps-1-attempt-2,13,410,agent,8,0.851952809486198,True,7
slimshetty/swebench-verified:sweb.eval.x86_64.django__django-14122,1.0,r2egym-qwen3-rl-64k-100-steps-1-attempt-2,78,2648,token_limit,26,0.4687906266262437,True,26
slimshetty/swebench-verified:sweb.eval.x86_64.django__django-16899,1.0,r2egym-qwen3-rl-64k-100-steps-1-attempt-2,100,2052,abs_step_limit,54,0.6791787056691698,True,54
slimshetty/swebench-verified:sweb.eval.x86_64.django__django-13012,0.0,r2egym-qwen3-rl-64k-100-steps-1-attempt-2,55,0,token_limit,137,7.484622701235968e-05,False,137
slimshetty/swebench-verified:sweb.eval.x86_64.sympy__sympy-22080,0.0,r2egym-qwen3-rl-64k-100-steps-1-attempt-2,43,2144,agent_max_step_limit,90,0.8519528076067262,False,92
slimshetty/swebench-verified:sweb.eval.x86_64.django__django-16493,1.0,r2egym-qwen3-rl-64k-100-steps-1-attempt-2,100,1624,abs_step_limit,91,0.8807970779778824,True,91
slimshetty/swebench-verified:sweb.eval.x86_64.django__django-15554,0.0,r2egym-qwen3-rl-64k-100-steps-1-attempt-2,81,3076,token_limit,15,0.3486451488696663,False,15
slimshetty/swebench-verified:sweb.eval.x86_64.django__django-15161,0.0,r2egym-qwen3-rl-64k-100-steps-1-attempt-2,42,0,token_limit,208,2.144494074006641e-05,False,210
slimshetty/swebench-verified:sweb.eval.x86_64.django__django-16801,1.0,r2egym-qwen3-rl-64k-100-steps-1-attempt-2,69,4164,token_limit,17,0.8354835411997897,True,17
slimshetty/swebench-verified:sweb.eval.x86_64.django__django-14311,1.0,r2egym-qwen3-rl-64k-100-steps-1-attempt-2,44,1981,token_limit,59,0.2227001336663842,True,59
slimshetty/swebench-verified:sweb.eval.x86_64.pydata__xarray-4356,1.0,r2egym-qwen3-rl-64k-100-steps-1-attempt-2,22,925,agent,604,0.8670357563664174,True,580
slimshetty/swebench-verified:sweb.eval.x86_64.matplotlib__matplotlib-20488,0.0,r2egym-qwen3-rl-64k-100-steps-1-attempt-2,31,3174,agent,110,0.9046505286741726,False,110
slimshetty/swebench-verified:sweb.eval.x86_64.scikit-learn__scikit-learn-14629,0.0,r2egym-qwen3-rl-64k-100-steps-1-attempt-2,39,1358,token_limit,26,0.0179862117715561,False,24
slimshetty/swebench-verified:sweb.eval.x86_64.django__django-15629,0.0,r2egym-qwen3-rl-64k-100-steps-1-attempt-2,100,1414,abs_step_limit,115,0.5,False,115
slimshetty/swebench-verified:sweb.eval.x86_64.sphinx-doc__sphinx-9461,0.0,r2egym-qwen3-rl-64k-100-steps-1-attempt-2,60,2579,token_limit,59,0.6224593382055109,False,61
slimshetty/swebench-verified:sweb.eval.x86_64.matplotlib__matplotlib-22719,0.0,r2egym-qwen3-rl-64k-100-steps-1-attempt-2,97,2717,token_limit,0,0.003172682293165,False,0
slimshetty/swebench-verified:sweb.eval.x86_64.django__django-13551,0.0,r2egym-qwen3-rl-64k-100-steps-1-attempt-2,49,5724,agent_max_step_limit,56,0.8175744761936437,False,57
slimshetty/swebench-verified:sweb.eval.x86_64.django__django-11820,0.0,r2egym-qwen3-rl-64k-100-steps-1-attempt-2,33,3801,token_limit,61,0.182425528251267,False,61
slimshetty/swebench-verified:sweb.eval.x86_64.django__django-16429,0.0,r2egym-qwen3-rl-64k-100-steps-1-attempt-2,61,3595,token_limit,16,0.0019267342791678,False,16
slimshetty/swebench-verified:sweb.eval.x86_64.sphinx-doc__sphinx-8269,1.0,r2egym-qwen3-rl-64k-100-steps-1-attempt-2,100,4397,abs_step_limit,5,0.8933094167058151,True,5
slimshetty/swebench-verified:sweb.eval.x86_64.django__django-15930,0.0,r2egym-qwen3-rl-64k-100-steps-1-attempt-2,100,3978,abs_step_limit,87,0.6224593312018545,False,87
slimshetty/swebench-verified:sweb.eval.x86_64.sympy__sympy-17139,0.0,r2egym-qwen3-rl-64k-100-steps-1-attempt-2,33,1755,agent,67,0.8519528019683106,False,68
slimshetty/swebench-verified:sweb.eval.x86_64.django__django-16569,1.0,r2egym-qwen3-rl-64k-100-steps-1-attempt-2,100,1356,abs_step_limit,111,0.8933094074745443,True,113
slimshetty/swebench-verified:sweb.eval.x86_64.sphinx-doc__sphinx-8638,0.0,r2egym-qwen3-rl-64k-100-steps-1-attempt-2,100,3191,abs_step_limit,34,0.2942149783515163,False,34
slimshetty/swebench-verified:sweb.eval.x86_64.scikit-learn__scikit-learn-12585,1.0,r2egym-qwen3-rl-64k-100-steps-1-attempt-2,53,1504,agent_max_step_limit,22,0.8519528000888387,True,22
slimshetty/swebench-verified:sweb.eval.x86_64.sphinx-doc__sphinx-9258,0.0,r2egym-qwen3-rl-64k-100-steps-1-attempt-2,57,1875,token_limit,45,0.4378234991142019,False,45
slimshetty/swebench-verified:sweb.eval.x86_64.sympy__sympy-16792,0.0,r2egym-qwen3-rl-64k-100-steps-1-attempt-2,73,0,token_limit,54,3.120192621634449e-05,False,54
slimshetty/swebench-verified:sweb.eval.x86_64.sympy__sympy-20590,1.0,r2egym-qwen3-rl-64k-100-steps-1-attempt-2,41,478,max_step_limit,21,0.8175744828610095,True,21
slimshetty/swebench-verified:sweb.eval.x86_64.sympy__sympy-24661,1.0,r2egym-qwen3-rl-64k-100-steps-1-attempt-2,41,3547,max_step_limit,27,0.8175744784160989,True,27
slimshetty/swebench-verified:sweb.eval.x86_64.sympy__sympy-15599,0.0,r2egym-qwen3-rl-64k-100-steps-1-attempt-2,49,1532,agent_max_step_limit,80,0.8175744761936437,False,80
slimshetty/swebench-verified:sweb.eval.x86_64.django__django-14315,0.0,r2egym-qwen3-rl-64k-100-steps-1-attempt-2,100,1928,abs_step_limit,0,0.7772998611746912,False,10
slimshetty/swebench-verified:sweb.eval.x86_64.pytest-dev__pytest-5631,1.0,r2egym-qwen3-rl-64k-100-steps-1-attempt-2,36,4567,agent,15,0.8354835411997897,True,15
slimshetty/swebench-verified:sweb.eval.x86_64.pytest-dev__pytest-5809,1.0,r2egym-qwen3-rl-64k-100-steps-1-attempt-2,54,2136,token_limit,3,0.8354835411997897,True,3
slimshetty/swebench-verified:sweb.eval.x86_64.sympy__sympy-22714,1.0,r2egym-qwen3-rl-64k-100-steps-1-attempt-2,76,1488,token_limit,11,0.7981867825403176,True,11
slimshetty/swebench-verified:sweb.eval.x86_64.astropy__astropy-14508,1.0,r2egym-qwen3-rl-64k-100-steps-1-attempt-2,43,680,token_limit,174,0.817574478416099,True,174
slimshetty/swebench-verified:sweb.eval.x86_64.django__django-14787,0.0,r2egym-qwen3-rl-64k-100-steps-1-attempt-2,100,1628,abs_step_limit,17,0.8670357512127873,False,17
slimshetty/swebench-verified:sweb.eval.x86_64.matplotlib__matplotlib-25287,1.0,r2egym-qwen3-rl-64k-100-steps-1-attempt-2,27,2812,agent,786,0.7981867729389245,True,786
slimshetty/swebench-verified:sweb.eval.x86_64.sympy__sympy-17318,0.0,r2egym-qwen3-rl-64k-100-steps-1-attempt-2,26,1452,agent,10,0.7772998714925403,False,11
slimshetty/swebench-verified:sweb.eval.x86_64.matplotlib__matplotlib-23299,0.0,r2egym-qwen3-rl-64k-100-steps-1-attempt-2,100,1484,abs_step_limit,192,0.8670357512127872,False,192
slimshetty/swebench-verified:sweb.eval.x86_64.scikit-learn__scikit-learn-11310,1.0,r2egym-qwen3-rl-64k-100-steps-1-attempt-2,90,3030,token_limit,50,0.7549149868676284,True,51
slimshetty/swebench-verified:sweb.eval.x86_64.django__django-10914,1.0,r2egym-qwen3-rl-64k-100-steps-1-attempt-2,83,5595,token_limit,98,0.7057850340255386,True,98
slimshetty/swebench-verified:sweb.eval.x86_64.django__django-11163,1.0,r2egym-qwen3-rl-64k-100-steps-1-attempt-2,41,4532,max_step_limit,141,0.7549149868676283,True,142
slimshetty/swebench-verified:sweb.eval.x86_64.sympy__sympy-21847,1.0,r2egym-qwen3-rl-64k-100-steps-1-attempt-2,91,2545,token_limit,9,0.9046505338155468,True,10
slimshetty/swebench-verified:sweb.eval.x86_64.django__django-12754,0.0,r2egym-qwen3-rl-64k-100-steps-1-attempt-2,44,3862,agent_max_step_limit,108,0.7310585669110203,False,108
slimshetty/swebench-verified:sweb.eval.x86_64.django__django-11555,1.0,r2egym-qwen3-rl-64k-100-steps-1-attempt-2,100,3028,abs_step_limit,26,0.8354835411997897,True,26
slimshetty/swebench-verified:sweb.eval.x86_64.sympy__sympy-18189,1.0,r2egym-qwen3-rl-64k-100-steps-1-attempt-2,32,3609,agent,41,0.9046505383142494,True,42
slimshetty/swebench-verified:sweb.eval.x86_64.django__django-14725,0.0,r2egym-qwen3-rl-64k-100-steps-1-attempt-2,51,5024,agent_max_step_limit,64,0.5926665999540698,False,64
slimshetty/swebench-verified:sweb.eval.x86_64.sympy__sympy-13480,1.0,r2egym-qwen3-rl-64k-100-steps-1-attempt-2,100,594,abs_step_limit,43,0.1824255193614457,True,44
slimshetty/swebench-verified:sweb.eval.x86_64.astropy__astropy-14096,0.0,r2egym-qwen3-rl-64k-100-steps-1-attempt-2,55,983,token_limit,426,0.0075772407005866,False,426
slimshetty/swebench-verified:sweb.eval.x86_64.sphinx-doc__sphinx-7590,0.0,r2egym-qwen3-rl-64k-100-steps-1-attempt-2,33,906,token_limit,24,0.0002034270686145,False,25
slimshetty/swebench-verified:sweb.eval.x86_64.matplotlib__matplotlib-24570,1.0,r2egym-qwen3-rl-64k-100-steps-1-attempt-2,25,1767,agent,267,0.7310585786300049,True,263
slimshetty/swebench-verified:sweb.eval.x86_64.django__django-17029,1.0,r2egym-qwen3-rl-64k-100-steps-1-attempt-2,100,2077,abs_step_limit,43,0.8354835330070838,True,43
slimshetty/swebench-verified:sweb.eval.x86_64.django__django-14534,0.0,r2egym-qwen3-rl-64k-100-steps-1-attempt-2,80,2864,token_limit,118,0.8670357477770336,False,118
slimshetty/swebench-verified:sweb.eval.x86_64.sphinx-doc__sphinx-7748,0.0,r2egym-qwen3-rl-64k-100-steps-1-attempt-2,56,0,token_limit,12,2.144494840687132e-05,False,14
slimshetty/swebench-verified:sweb.eval.x86_64.astropy__astropy-7606,0.0,r2egym-qwen3-rl-64k-100-steps-1-attempt-2,40,1619,agent,0,0.8519528000888386,False,0
slimshetty/swebench-verified:sweb.eval.x86_64.pytest-dev__pytest-10081,0.0,r2egym-qwen3-rl-64k-100-steps-1-attempt-2,35,1678,agent,44,0.8354835432479661,False,43
slimshetty/swebench-verified:sweb.eval.x86_64.sympy__sympy-18211,0.0,r2egym-qwen3-rl-64k-100-steps-1-attempt-2,31,1774,agent,54,0.7981867825403176,False,54
slimshetty/swebench-verified:sweb.eval.x86_64.sympy__sympy-14531,1.0,r2egym-qwen3-rl-64k-100-steps-1-attempt-2,49,3417,token_limit,84,0.4687906266262437,True,85
slimshetty/swebench-verified:sweb.eval.x86_64.scikit-learn__scikit-learn-26323,1.0,r2egym-qwen3-rl-64k-100-steps-1-attempt-2,73,3196,token_limit,188,0.8670357683915538,True,188
slimshetty/swebench-verified:sweb.eval.x86_64.pydata__xarray-4966,1.0,r2egym-qwen3-rl-64k-100-steps-1-attempt-2,78,2044,token_limit,21,0.8175744850834648,True,17
slimshetty/swebench-verified:sweb.eval.x86_64.django__django-17087,0.0,r2egym-qwen3-rl-64k-100-steps-1-attempt-2,100,1647,abs_step_limit,53,0.0293122327122781,False,53
slimshetty/swebench-verified:sweb.eval.x86_64.django__django-16082,1.0,r2egym-qwen3-rl-64k-100-steps-1-attempt-2,76,3866,token_limit,170,0.8519528019683106,True,172
slimshetty/swebench-verified:sweb.eval.x86_64.matplotlib__matplotlib-20826,0.0,r2egym-qwen3-rl-64k-100-steps-1-attempt-2,45,830,agent_max_step_limit,673,0.2942149659744614,False,673
slimshetty/swebench-verified:sweb.eval.x86_64.django__django-15741,1.0,r2egym-qwen3-rl-64k-100-steps-1-attempt-2,86,938,token_limit,104,0.8519528057272543,True,104
slimshetty/swebench-verified:sweb.eval.x86_64.astropy__astropy-13453,1.0,r2egym-qwen3-rl-64k-100-steps-1-attempt-2,44,588,agent_max_step_limit,9,0.8519528038477824,True,9
slimshetty/swebench-verified:sweb.eval.x86_64.sympy__sympy-12489,0.0,r2egym-qwen3-rl-64k-100-steps-1-attempt-2,27,849,agent,8,0.8354835411997897,False,8
slimshetty/swebench-verified:sweb.eval.x86_64.pylint-dev__pylint-4970,0.0,r2egym-qwen3-rl-64k-100-steps-1-attempt-2,50,909,agent_max_step_limit,17,0.5621765008857981,False,17
slimshetty/swebench-verified:sweb.eval.x86_64.django__django-16100,1.0,r2egym-qwen3-rl-64k-100-steps-1-attempt-2,63,4221,token_limit,59,0.7772998663336157,True,59
slimshetty/swebench-verified:sweb.eval.x86_64.django__django-11951,0.0,r2egym-qwen3-rl-64k-100-steps-1-attempt-2,42,3129,agent_max_step_limit,0,0.5926665999540697,False,0
slimshetty/swebench-verified:sweb.eval.x86_64.django__django-13033,0.0,r2egym-qwen3-rl-64k-100-steps-1-attempt-2,84,1820,token_limit,26,0.5621765008857981,False,26
slimshetty/swebench-verified:sweb.eval.x86_64.django__django-16661,1.0,r2egym-qwen3-rl-64k-100-steps-1-attempt-2,43,2814,agent_max_step_limit,36,0.7057850340255386,True,36
slimshetty/swebench-verified:sweb.eval.x86_64.astropy__astropy-14309,1.0,r2egym-qwen3-rl-64k-100-steps-1-attempt-2,44,3884,agent_max_step_limit,141,0.8519528057272543,True,141
slimshetty/swebench-verified:sweb.eval.x86_64.sphinx-doc__sphinx-10435,0.0,r2egym-qwen3-rl-64k-100-steps-1-attempt-2,45,4052,agent_max_step_limit,74,0.4687906266262437,False,74
slimshetty/swebench-verified:sweb.eval.x86_64.scikit-learn__scikit-learn-13328,1.0,r2egym-qwen3-rl-64k-100-steps-1-attempt-2,22,1270,agent,9,0.8519528057272543,True,9
slimshetty/swebench-verified:sweb.eval.x86_64.sympy__sympy-14248,0.0,r2egym-qwen3-rl-64k-100-steps-1-attempt-2,52,2971,token_limit,429,0.0675466967708498,False,430
slimshetty/swebench-verified:sweb.eval.x86_64.pytest-dev__pytest-6197,0.0,r2egym-qwen3-rl-64k-100-steps-1-attempt-2,92,4963,token_limit,142,0.0097084781558613,False,142
slimshetty/swebench-verified:sweb.eval.x86_64.sympy__sympy-23824,1.0,r2egym-qwen3-rl-64k-100-steps-1-attempt-2,13,594,agent,2,0.867035763237924,True,3
slimshetty/swebench-verified:sweb.eval.x86_64.django__django-13406,1.0,r2egym-qwen3-rl-64k-100-steps-1-attempt-2,100,2029,abs_step_limit,32,0.731058584489497,True,33
slimshetty/swebench-verified:sweb.eval.x86_64.django__django-14580,1.0,r2egym-qwen3-rl-64k-100-steps-1-attempt-2,100,2806,abs_step_limit,49,0.5312093733737563,True,49
slimshetty/swebench-verified:sweb.eval.x86_64.django__django-15916,0.0,r2egym-qwen3-rl-64k-100-steps-1-attempt-2,28,2333,agent,149,0.7981867777396212,False,149
slimshetty/swebench-verified:sweb.eval.x86_64.django__django-14376,0.0,r2egym-qwen3-rl-64k-100-steps-1-attempt-2,74,2740,agent_max_step_limit,6,0.8519528057272543,False,9
slimshetty/swebench-verified:sweb.eval.x86_64.sphinx-doc__sphinx-8120,0.0,r2egym-qwen3-rl-64k-100-steps-1-attempt-2,100,3179,abs_step_limit,0,0.0035936033100687,False,0
slimshetty/swebench-verified:sweb.eval.x86_64.django__django-15280,0.0,r2egym-qwen3-rl-64k-100-steps-1-attempt-2,46,1818,token_limit,85,0.0002034270188095,False,85
slimshetty/swebench-verified:sweb.eval.x86_64.django__django-14434,0.0,r2egym-qwen3-rl-64k-100-steps-1-attempt-2,72,1960,agent_max_step_limit,0,0.8670357460591569,False,0
slimshetty/swebench-verified:sweb.eval.x86_64.django__django-16032,1.0,r2egym-qwen3-rl-64k-100-steps-1-attempt-2,89,4089,token_limit,77,0.5926665999540698,True,77
slimshetty/swebench-verified:sweb.eval.x86_64.sympy__sympy-12096,1.0,r2egym-qwen3-rl-64k-100-steps-1-attempt-2,40,2092,agent,43,0.8807970811069351,True,43
slimshetty/swebench-verified:sweb.eval.x86_64.django__django-13023,0.0,r2egym-qwen3-rl-64k-100-steps-1-attempt-2,29,4111,agent,9,0.7057850402140659,False,10
slimshetty/swebench-verified:sweb.eval.x86_64.django__django-11532,0.0,r2egym-qwen3-rl-64k-100-steps-1-attempt-2,50,1897,agent_max_step_limit,130,0.7772998560157665,False,148
slimshetty/swebench-verified:sweb.eval.x86_64.pytest-dev__pytest-7982,1.0,r2egym-qwen3-rl-64k-100-steps-1-attempt-2,40,497,token_limit,78,0.8670357666736772,True,78
slimshetty/swebench-verified:sweb.eval.x86_64.scikit-learn__scikit-learn-9288,1.0,r2egym-qwen3-rl-64k-100-steps-1-attempt-2,23,1281,agent,123,0.8354835391516132,True,123
slimshetty/swebench-verified:sweb.eval.x86_64.django__django-11119,1.0,r2egym-qwen3-rl-64k-100-steps-1-attempt-2,100,3374,abs_step_limit,7,0.8175744828610095,True,7
slimshetty/swebench-verified:sweb.eval.x86_64.scikit-learn__scikit-learn-13779,1.0,r2egym-qwen3-rl-64k-100-steps-1-attempt-2,39,3829,agent,18,0.8519528019683106,True,19
slimshetty/swebench-verified:sweb.eval.x86_64.django__django-11749,0.0,r2egym-qwen3-rl-64k-100-steps-1-attempt-2,100,3749,abs_step_limit,34,0.002472622745451,False,34
slimshetty/swebench-verified:sweb.eval.x86_64.matplotlib__matplotlib-23476,0.0,r2egym-qwen3-rl-64k-100-steps-1-attempt-2,66,1402,agent_max_step_limit,104,0.8670357563664174,False,105
slimshetty/swebench-verified:sweb.eval.x86_64.django__django-13569,1.0,r2egym-qwen3-rl-64k-100-steps-1-attempt-2,100,2561,abs_step_limit,66,0.8354835330070839,True,67
slimshetty/swebench-verified:sweb.eval.x86_64.pytest-dev__pytest-5787,0.0,r2egym-qwen3-rl-64k-100-steps-1-attempt-2,68,4308,token_limit,115,0.0850990537082405,False,115
slimshetty/swebench-verified:sweb.eval.x86_64.django__django-12050,1.0,r2egym-qwen3-rl-64k-100-steps-1-attempt-2,78,2664,token_limit,10,0.8175744695262775,True,10
slimshetty/swebench-verified:sweb.eval.x86_64.sphinx-doc__sphinx-9658,0.0,r2egym-qwen3-rl-64k-100-steps-1-attempt-2,90,1227,token_limit,23,0.7772998663336158,False,23
slimshetty/swebench-verified:sweb.eval.x86_64.pylint-dev__pylint-7277,1.0,r2egym-qwen3-rl-64k-100-steps-1-attempt-2,100,1374,abs_step_limit,122,0.8175744695262777,True,123
slimshetty/swebench-verified:sweb.eval.x86_64.scikit-learn__scikit-learn-13142,1.0,r2egym-qwen3-rl-64k-100-steps-1-attempt-2,20,1089,agent,54,0.8670357460591569,True,54
slimshetty/swebench-verified:sweb.eval.x86_64.astropy__astropy-14539,1.0,r2egym-qwen3-rl-64k-100-steps-1-attempt-2,14,882,agent,46,0.7549149813536518,True,48
slimshetty/swebench-verified:sweb.eval.x86_64.astropy__astropy-14369,0.0,r2egym-qwen3-rl-64k-100-steps-1-attempt-2,100,899,abs_step_limit,732,0.1066905875547713,False,729
slimshetty/swebench-verified:sweb.eval.x86_64.django__django-12325,0.0,r2egym-qwen3-rl-64k-100-steps-1-attempt-2,46,0,token_limit,201,8.4811051160426e-05,False,201
slimshetty/swebench-verified:sweb.eval.x86_64.django__django-14999,1.0,r2egym-qwen3-rl-64k-100-steps-1-attempt-2,100,4165,abs_step_limit,113,0.8354835371034368,True,113
slimshetty/swebench-verified:sweb.eval.x86_64.django__django-7530,1.0,r2egym-qwen3-rl-64k-100-steps-1-attempt-2,100,0,abs_step_limit,59,7.484620921144023e-05,True,63
slimshetty/swebench-verified:sweb.eval.x86_64.scikit-learn__scikit-learn-25747,0.0,r2egym-qwen3-rl-64k-100-steps-1-attempt-2,100,1620,abs_step_limit,14,0.9241418147556224,False,14
slimshetty/swebench-verified:sweb.eval.x86_64.django__django-11433,0.0,r2egym-qwen3-rl-64k-100-steps-1-attempt-2,100,2113,abs_step_limit,142,0.0040701385615371,False,142
slimshetty/swebench-verified:sweb.eval.x86_64.sympy__sympy-19495,0.0,r2egym-qwen3-rl-64k-100-steps-1-attempt-2,63,0,token_limit,8,7.484624476808677e-05,False,9
slimshetty/swebench-verified:sweb.eval.x86_64.django__django-13315,0.0,r2egym-qwen3-rl-64k-100-steps-1-attempt-2,100,5236,abs_step_limit,146,0.7981867849406659,False,147
slimshetty/swebench-verified:sweb.eval.x86_64.pytest-dev__pytest-6202,1.0,r2egym-qwen3-rl-64k-100-steps-1-attempt-2,44,916,agent_max_step_limit,72,0.8354835350552603,True,73
slimshetty/swebench-verified:sweb.eval.x86_64.django__django-15569,1.0,r2egym-qwen3-rl-64k-100-steps-1-attempt-2,36,489,agent,242,0.880797085800514,True,243
slimshetty/swebench-verified:sweb.eval.x86_64.pydata__xarray-3305,1.0,r2egym-qwen3-rl-64k-100-steps-1-attempt-2,46,1442,agent_max_step_limit,653,0.8354835309589074,True,665
slimshetty/swebench-verified:sweb.eval.x86_64.pydata__xarray-4687,0.0,r2egym-qwen3-rl-64k-100-steps-1-attempt-2,96,3094,token_limit,0,0.0001233946184044,False,0
slimshetty/swebench-verified:sweb.eval.x86_64.django__django-14792,0.0,r2egym-qwen3-rl-64k-100-steps-1-attempt-2,100,1763,abs_step_limit,23,0.7981867849406659,False,24
slimshetty/swebench-verified:sweb.eval.x86_64.django__django-15368,1.0,r2egym-qwen3-rl-64k-100-steps-1-attempt-2,100,2970,abs_step_limit,29,0.7981867801399695,True,29
slimshetty/swebench-verified:sweb.eval.x86_64.pydata__xarray-6461,1.0,r2egym-qwen3-rl-64k-100-steps-1-attempt-2,65,2853,token_limit,247,0.7981867705385762,True,0
slimshetty/swebench-verified:sweb.eval.x86_64.astropy__astropy-8872,0.0,r2egym-qwen3-rl-64k-100-steps-1-attempt-2,64,2351,token_limit,0,0.4073334000459302,False,81
slimshetty/swebench-verified:sweb.eval.x86_64.matplotlib__matplotlib-25332,1.0,r2egym-qwen3-rl-64k-100-steps-1-attempt-2,100,1802,abs_step_limit,181,0.6513548646660542,True,182
slimshetty/swebench-verified:sweb.eval.x86_64.sympy__sympy-17655,0.0,r2egym-qwen3-rl-64k-100-steps-1-attempt-2,100,1521,abs_step_limit,0,0.0001398220403526,False,0
slimshetty/swebench-verified:sweb.eval.x86_64.django__django-14089,1.0,r2egym-qwen3-rl-64k-100-steps-1-attempt-2,17,963,agent,43,0.8519528019683106,True,43
slimshetty/swebench-verified:sweb.eval.x86_64.django__django-12858,1.0,r2egym-qwen3-rl-64k-100-steps-1-attempt-2,53,3355,agent_max_step_limit,73,0.6513548511303336,True,73
slimshetty/swebench-verified:sweb.eval.x86_64.django__django-16255,1.0,r2egym-qwen3-rl-64k-100-steps-1-attempt-2,42,524,agent_max_step_limit,36,0.8519528057272543,True,36
slimshetty/swebench-verified:sweb.eval.x86_64.django__django-15851,1.0,r2egym-qwen3-rl-64k-100-steps-1-attempt-2,100,530,abs_step_limit,8,0.8354835391516133,True,8
slimshetty/swebench-verified:sweb.eval.x86_64.pytest-dev__pytest-7324,1.0,r2egym-qwen3-rl-64k-100-steps-1-attempt-2,56,3907,token_limit,58,0.4687906266262437,True,60
slimshetty/swebench-verified:sweb.eval.x86_64.sphinx-doc__sphinx-9320,0.0,r2egym-qwen3-rl-64k-100-steps-1-attempt-2,88,3615,token_limit,0,0.0004878572197675,False,0
slimshetty/swebench-verified:sweb.eval.x86_64.django__django-13417,0.0,r2egym-qwen3-rl-64k-100-steps-1-attempt-2,67,1314,token_limit,280,0.000709670335985,False,280
slimshetty/swebench-verified:sweb.eval.x86_64.django__django-15814,1.0,r2egym-qwen3-rl-64k-100-steps-1-attempt-2,36,3948,agent,29,0.8354835350552603,True,29
slimshetty/swebench-verified:sweb.eval.x86_64.django__django-16454,0.0,r2egym-qwen3-rl-64k-100-steps-1-attempt-2,42,4032,token_limit,0,0.002472623544273,False,0
slimshetty/swebench-verified:sweb.eval.x86_64.sphinx-doc__sphinx-10614,0.0,r2egym-qwen3-rl-64k-100-steps-1-attempt-2,71,3024,token_limit,5,0.7772998663336157,False,6
slimshetty/swebench-verified:sweb.eval.x86_64.sphinx-doc__sphinx-9698,1.0,r2egym-qwen3-rl-64k-100-steps-1-attempt-2,78,2346,token_limit,45,0.7310585669110203,True,45
slimshetty/swebench-verified:sweb.eval.x86_64.django__django-15375,0.0,r2egym-qwen3-rl-64k-100-steps-1-attempt-2,99,3209,token_limit,91,0.7549149868676283,False,91
slimshetty/swebench-verified:sweb.eval.x86_64.django__django-13028,1.0,r2egym-qwen3-rl-64k-100-steps-1-attempt-2,100,2593,abs_step_limit,276,0.3486451421018059,True,277
slimshetty/swebench-verified:sweb.eval.x86_64.sphinx-doc__sphinx-7757,1.0,r2egym-qwen3-rl-64k-100-steps-1-attempt-2,56,3779,token_limit,33,0.8175744695262777,True,34
slimshetty/swebench-verified:sweb.eval.x86_64.sympy__sympy-13878,1.0,r2egym-qwen3-rl-64k-100-steps-1-attempt-2,67,2138,token_limit,19,0.2942149845400437,True,20
slimshetty/swebench-verified:sweb.eval.x86_64.django__django-12276,0.0,r2egym-qwen3-rl-64k-100-steps-1-attempt-2,54,2096,agent_max_step_limit,116,0.5312093733737562,False,116
slimshetty/swebench-verified:sweb.eval.x86_64.sympy__sympy-16766,1.0,r2egym-qwen3-rl-64k-100-steps-1-attempt-2,41,2209,max_step_limit,7,0.8175744673038222,True,8
slimshetty/swebench-verified:sweb.eval.x86_64.sphinx-doc__sphinx-8595,1.0,r2egym-qwen3-rl-64k-100-steps-1-attempt-2,60,921,agent_max_step_limit,0,0.7772998611746912,True,1469
slimshetty/swebench-verified:sweb.eval.x86_64.django__django-16136,0.0,r2egym-qwen3-rl-64k-100-steps-1-attempt-2,100,3435,abs_step_limit,7,0.5312093733737562,False,8
slimshetty/swebench-verified:sweb.eval.x86_64.django__django-13401,1.0,r2egym-qwen3-rl-64k-100-steps-1-attempt-2,100,3184,abs_step_limit,32,0.7981867681382279,True,32
slimshetty/swebench-verified:sweb.eval.x86_64.django__django-13121,0.0,r2egym-qwen3-rl-64k-100-steps-1-attempt-2,22,5383,agent,168,0.7549149813536518,False,169
slimshetty/swebench-verified:sweb.eval.x86_64.sympy__sympy-21596,0.0,r2egym-qwen3-rl-64k-100-steps-1-attempt-2,77,3125,token_limit,38,0.0052201256451959,False,38
slimshetty/swebench-verified:sweb.eval.x86_64.sympy__sympy-20154,0.0,r2egym-qwen3-rl-64k-100-steps-1-attempt-2,16,501,agent,40,0.8354835330070839,False,42
slimshetty/swebench-verified:sweb.eval.x86_64.django__django-11206,1.0,r2egym-qwen3-rl-64k-100-steps-1-attempt-2,33,2500,agent,4,0.7772998663336158,True,5
slimshetty/swebench-verified:sweb.eval.x86_64.django__django-13212,0.0,r2egym-qwen3-rl-64k-100-steps-1-attempt-2,100,11690,abs_step_limit,1,0.3208212878370535,False,1
slimshetty/swebench-verified:sweb.eval.x86_64.sphinx-doc__sphinx-9673,0.0,r2egym-qwen3-rl-64k-100-steps-1-attempt-2,34,2062,agent,24,0.7981867801399694,False,25
slimshetty/swebench-verified:sweb.eval.x86_64.django__django-12708,1.0,r2egym-qwen3-rl-64k-100-steps-1-attempt-2,97,2539,token_limit,101,0.8354835371034368,True,101
slimshetty/swebench-verified:sweb.eval.x86_64.matplotlib__matplotlib-25311,0.0,r2egym-qwen3-rl-64k-100-steps-1-attempt-2,44,1679,agent_max_step_limit,181,0.7057850278370112,False,182
slimshetty/swebench-verified:sweb.eval.x86_64.sphinx-doc__sphinx-8459,0.0,r2egym-qwen3-rl-64k-100-steps-1-attempt-2,100,0,abs_step_limit,17,9.610244887645258e-05,False,17
slimshetty/swebench-verified:sweb.eval.x86_64.django__django-13807,0.0,r2egym-qwen3-rl-64k-100-steps-1-attempt-2,65,5536,token_limit,38,0.817574471748733,False,40
slimshetty/swebench-verified:sweb.eval.x86_64.sympy__sympy-13974,0.0,r2egym-qwen3-rl-64k-100-steps-1-attempt-2,68,1259,token_limit,4,0.0017007226711519,False,5
slimshetty/swebench-verified:sweb.eval.x86_64.django__django-16145,1.0,r2egym-qwen3-rl-64k-100-steps-1-attempt-2,82,2099,token_limit,174,0.8354835309589074,True,174
slimshetty/swebench-verified:sweb.eval.x86_64.django__django-12741,1.0,r2egym-qwen3-rl-64k-100-steps-1-attempt-2,85,5266,agent_max_step_limit,67,0.6224593312018545,True,66
slimshetty/swebench-verified:sweb.eval.x86_64.django__django-13810,1.0,r2egym-qwen3-rl-64k-100-steps-1-attempt-2,86,3197,token_limit,30,0.731058584489497,True,32
slimshetty/swebench-verified:sweb.eval.x86_64.django__django-12193,0.0,r2egym-qwen3-rl-64k-100-steps-1-attempt-2,44,1877,agent_max_step_limit,11,0.8519528000888387,False,11
slimshetty/swebench-verified:sweb.eval.x86_64.django__django-16315,0.0,r2egym-qwen3-rl-64k-100-steps-1-attempt-2,43,2114,agent_max_step_limit,42,0.8175744761936437,False,42
slimshetty/swebench-verified:sweb.eval.x86_64.pylint-dev__pylint-8898,0.0,r2egym-qwen3-rl-64k-100-steps-1-attempt-2,45,1347,agent_max_step_limit,0,0.132964247069336,False,0
slimshetty/swebench-verified:sweb.eval.x86_64.sympy__sympy-13877,0.0,r2egym-qwen3-rl-64k-100-steps-1-attempt-2,10,667,llm_query_error,110,0.4687906266262437,False,111
slimshetty/swebench-verified:sweb.eval.x86_64.sphinx-doc__sphinx-8265,0.0,r2egym-qwen3-rl-64k-100-steps-1-attempt-2,60,906,token_limit,22,0.0031726829529383,False,23
slimshetty/swebench-verified:sweb.eval.x86_64.django__django-11066,1.0,r2egym-qwen3-rl-64k-100-steps-1-attempt-2,60,9498,token_limit,3,0.8807970670261976,True,3
slimshetty/swebench-verified:sweb.eval.x86_64.django__django-13590,1.0,r2egym-qwen3-rl-64k-100-steps-1-attempt-2,23,4692,agent,145,0.8354835411997897,True,146
slimshetty/swebench-verified:sweb.eval.x86_64.scikit-learn__scikit-learn-10297,1.0,r2egym-qwen3-rl-64k-100-steps-1-attempt-2,46,2401,agent_max_step_limit,28,0.8354835411997897,True,28
slimshetty/swebench-verified:sweb.eval.x86_64.sympy__sympy-24539,1.0,r2egym-qwen3-rl-64k-100-steps-1-attempt-2,35,2462,agent,62,0.651354857898194,True,63
slimshetty/swebench-verified:sweb.eval.x86_64.django__django-11885,0.0,r2egym-qwen3-rl-64k-100-steps-1-attempt-2,100,3815,abs_step_limit,41,0.1645164669929161,False,41
slimshetty/swebench-verified:sweb.eval.x86_64.django__django-15315,1.0,r2egym-qwen3-rl-64k-100-steps-1-attempt-2,41,1833,max_step_limit,33,0.7057850216484838,True,32
slimshetty/swebench-verified:sweb.eval.x86_64.psf__requests-5414,0.0,r2egym-qwen3-rl-64k-100-steps-1-attempt-2,19,1942,agent,122,0.8354835371034368,False,121
slimshetty/swebench-verified:sweb.eval.x86_64.django__django-11265,0.0,r2egym-qwen3-rl-64k-100-steps-1-attempt-2,31,2865,agent,30,0.5926665999540698,False,30
slimshetty/swebench-verified:sweb.eval.x86_64.django__django-13513,0.0,r2egym-qwen3-rl-64k-100-steps-1-attempt-2,45,1998,agent_max_step_limit,83,0.3775406687981454,False,83
slimshetty/swebench-verified:sweb.eval.x86_64.django__django-13658,1.0,r2egym-qwen3-rl-64k-100-steps-1-attempt-2,71,885,token_limit,181,0.2018132150593341,True,185
slimshetty/swebench-verified:sweb.eval.x86_64.sphinx-doc__sphinx-9229,0.0,r2egym-qwen3-rl-64k-100-steps-1-attempt-2,62,1897,token_limit,0,0.01590638981663,False,0
slimshetty/swebench-verified:sweb.eval.x86_64.pytest-dev__pytest-10356,0.0,r2egym-qwen3-rl-64k-100-steps-1-attempt-2,29,4817,token_limit,79,0.6224593312018546,False,79
slimshetty/swebench-verified:sweb.eval.x86_64.django__django-12125,0.0,r2egym-qwen3-rl-64k-100-steps-1-attempt-2,50,0,token_limit,45,0.0002305067651599,False,46
slimshetty/swebench-verified:sweb.eval.x86_64.django__django-13512,0.0,r2egym-qwen3-rl-64k-100-steps-1-attempt-2,100,626,abs_step_limit,32,0.5926665999540698,False,35
slimshetty/swebench-verified:sweb.eval.x86_64.matplotlib__matplotlib-24026,1.0,r2egym-qwen3-rl-64k-100-steps-1-attempt-2,33,1330,agent,764,0.8519528000888387,True,767
slimshetty/swebench-verified:sweb.eval.x86_64.django__django-13741,0.0,r2egym-qwen3-rl-64k-100-steps-1-attempt-2,89,3930,agent_max_step_limit,0,0.8807970732843033,False,83
slimshetty/swebench-verified:sweb.eval.x86_64.django__django-12039,0.0,r2egym-qwen3-rl-64k-100-steps-1-attempt-2,82,6349,token_limit,11,0.7057850340255386,False,10
slimshetty/swebench-verified:sweb.eval.x86_64.pydata__xarray-6992,0.0,r2egym-qwen3-rl-64k-100-steps-1-attempt-2,11,603,agent,945,0.867035771827307,False,948
slimshetty/swebench-verified:sweb.eval.x86_64.django__django-15973,0.0,r2egym-qwen3-rl-64k-100-steps-1-attempt-2,100,0,abs_step_limit,157,0.0001088968956679,False,157
slimshetty/swebench-verified:sweb.eval.x86_64.psf__requests-1142,0.0,r2egym-qwen3-rl-64k-100-steps-1-attempt-2,46,3478,agent_max_step_limit,5,0.4378234991142019,False,24
slimshetty/swebench-verified:sweb.eval.x86_64.astropy__astropy-13579,0.0,r2egym-qwen3-rl-64k-100-steps-1-attempt-2,94,3125,token_limit,40,0.679178699175393,False,40
slimshetty/swebench-verified:sweb.eval.x86_64.django__django-12262,1.0,r2egym-qwen3-rl-64k-100-steps-1-attempt-2,78,3245,token_limit,18,0.8933094017937621,True,22
slimshetty/swebench-verified:sweb.eval.x86_64.matplotlib__matplotlib-25479,0.0,r2egym-qwen3-rl-64k-100-steps-1-attempt-2,42,570,agent_max_step_limit,263,0.8354835289107307,False,264
slimshetty/swebench-verified:sweb.eval.x86_64.sympy__sympy-13372,1.0,r2egym-qwen3-rl-64k-100-steps-1-attempt-2,39,774,agent,44,0.8670357598021707,True,45
slimshetty/swebench-verified:sweb.eval.x86_64.django__django-15863,1.0,r2egym-qwen3-rl-64k-100-steps-1-attempt-2,100,624,abs_step_limit,9,0.8519527963298947,True,10
slimshetty/swebench-verified:sweb.eval.x86_64.django__django-14765,1.0,r2egym-qwen3-rl-64k-100-steps-1-attempt-2,100,2337,abs_step_limit,64,0.8519528038477825,True,64
slimshetty/swebench-verified:sweb.eval.x86_64.astropy__astropy-7336,0.0,r2egym-qwen3-rl-64k-100-steps-1-attempt-2,100,2102,abs_step_limit,0,0.0028009275023302,False,0
slimshetty/swebench-verified:sweb.eval.x86_64.django__django-15103,0.0,r2egym-qwen3-rl-64k-100-steps-1-attempt-2,76,2905,token_limit,17,0.0059110694472814,False,17
slimshetty/swebench-verified:sweb.eval.x86_64.django__django-11099,1.0,r2egym-qwen3-rl-64k-100-steps-1-attempt-2,21,2207,agent,19,0.7772998714925403,True,22
slimshetty/swebench-verified:sweb.eval.x86_64.django__django-14559,1.0,r2egym-qwen3-rl-64k-100-steps-1-attempt-2,46,4679,agent_max_step_limit,23,0.8175744806385542,True,25
slimshetty/swebench-verified:sweb.eval.x86_64.sympy__sympy-15809,1.0,r2egym-qwen3-rl-64k-100-steps-1-attempt-2,26,587,agent,10,0.8175744850834649,True,10
slimshetty/swebench-verified:sweb.eval.x86_64.sympy__sympy-13031,0.0,r2egym-qwen3-rl-64k-100-steps-1-attempt-2,80,0,token_limit,9,0.0007096705051874,False,10
slimshetty/swebench-verified:sweb.eval.x86_64.sympy__sympy-21612,0.0,r2egym-qwen3-rl-64k-100-steps-1-attempt-2,93,0,token_limit,98,1.8925141461620395e-05,False,99
slimshetty/swebench-verified:sweb.eval.x86_64.pydata__xarray-7229,0.0,r2egym-qwen3-rl-64k-100-steps-1-attempt-2,54,1113,token_limit,280,0.1824255260288116,False,280
slimshetty/swebench-verified:sweb.eval.x86_64.astropy__astropy-7166,0.0,r2egym-qwen3-rl-64k-100-steps-1-attempt-2,20,2949,agent,0,0.8670357683915537,False,0
slimshetty/swebench-verified:sweb.eval.x86_64.matplotlib__matplotlib-26466,0.0,r2egym-qwen3-rl-64k-100-steps-1-attempt-2,31,1442,agent,100,0.8670357546485408,False,103
slimshetty/swebench-verified:sweb.eval.x86_64.matplotlib__matplotlib-24970,0.0,r2egym-qwen3-rl-64k-100-steps-1-attempt-2,49,2130,token_limit,253,0.0259573596467018,False,250
slimshetty/swebench-verified:sweb.eval.x86_64.sphinx-doc__sphinx-9602,0.0,r2egym-qwen3-rl-64k-100-steps-1-attempt-2,26,1775,agent,45,0.731058584489497,False,45
slimshetty/swebench-verified:sweb.eval.x86_64.astropy__astropy-13033,0.0,r2egym-qwen3-rl-64k-100-steps-1-attempt-2,70,3190,token_limit,0,0.0097084773858222,False,0
slimshetty/swebench-verified:sweb.eval.x86_64.django__django-16263,0.0,r2egym-qwen3-rl-64k-100-steps-1-attempt-2,47,841,token_limit,100,0.0019267342415578,False,99
slimshetty/swebench-verified:sweb.eval.x86_64.psf__requests-6028,0.0,r2egym-qwen3-rl-64k-100-steps-1-attempt-2,100,1420,abs_step_limit,185,0.3486451353339457,False,185
slimshetty/swebench-verified:sweb.eval.x86_64.pylint-dev__pylint-6528,0.0,r2egym-qwen3-rl-64k-100-steps-1-attempt-2,43,0,token_limit,171,4.0063706455673046e-05,False,166
slimshetty/swebench-verified:sweb.eval.x86_64.pydata__xarray-3151,1.0,r2egym-qwen3-rl-64k-100-steps-1-attempt-2,60,2485,agent_max_step_limit,66,0.9046505299595162,True,66
slimshetty/swebench-verified:sweb.eval.x86_64.sympy__sympy-16886,1.0,r2egym-qwen3-rl-64k-100-steps-1-attempt-2,19,1501,agent,42,0.7981867825403176,True,43
slimshetty/swebench-verified:sweb.eval.x86_64.matplotlib__matplotlib-24637,0.0,r2egym-qwen3-rl-64k-100-steps-1-attempt-2,82,823,token_limit,29,0.0075772410927762,False,30
slimshetty/swebench-verified:sweb.eval.x86_64.django__django-13809,0.0,r2egym-qwen3-rl-64k-100-steps-1-attempt-2,100,1096,abs_step_limit,233,0.0059110688671889,False,233
slimshetty/swebench-verified:sweb.eval.x86_64.django__django-11848,1.0,r2egym-qwen3-rl-64k-100-steps-1-attempt-2,90,2402,token_limit,43,0.7981867777396211,True,45
slimshetty/swebench-verified:sweb.eval.x86_64.django__django-14500,1.0,r2egym-qwen3-rl-64k-100-steps-1-attempt-2,89,6310,agent_max_step_limit,21,0.8175744828610095,True,21
slimshetty/swebench-verified:sweb.eval.x86_64.pydata__xarray-6721,0.0,r2egym-qwen3-rl-64k-100-steps-1-attempt-2,52,1127,agent_max_step_limit,1405,0.6513548714339145,False,1405
slimshetty/swebench-verified:sweb.eval.x86_64.sphinx-doc__sphinx-8035,0.0,r2egym-qwen3-rl-64k-100-steps-1-attempt-2,100,1471,abs_step_limit,2,0.0159063885045792,False,2
slimshetty/swebench-verified:sweb.eval.x86_64.astropy__astropy-14365,0.0,r2egym-qwen3-rl-64k-100-steps-1-attempt-2,77,5535,token_limit,8,0.1645164669929161,False,8
slimshetty/swebench-verified:sweb.eval.x86_64.django__django-11239,0.0,r2egym-qwen3-rl-64k-100-steps-1-attempt-2,26,1510,agent,5,0.8519527963298946,False,5
slimshetty/swebench-verified:sweb.eval.x86_64.scikit-learn__scikit-learn-14141,1.0,r2egym-qwen3-rl-64k-100-steps-1-attempt-2,23,1886,agent,2,0.8519527963298946,True,3
slimshetty/swebench-verified:sweb.eval.x86_64.django__django-13297,0.0,r2egym-qwen3-rl-64k-100-steps-1-attempt-2,100,4437,token_limit,0,0.3775406687981454,False,0
slimshetty/swebench-verified:sweb.eval.x86_64.django__django-16667,0.0,r2egym-qwen3-rl-64k-100-steps-1-attempt-2,42,3015,agent_max_step_limit,24,0.880797071719777,False,26
slimshetty/swebench-verified:sweb.eval.x86_64.mwaskom__seaborn-3069,0.0,r2egym-qwen3-rl-64k-100-steps-1-attempt-2,100,3075,abs_step_limit,94,0.095349466184453,False,94
slimshetty/swebench-verified:sweb.eval.x86_64.django__django-14017,1.0,r2egym-qwen3-rl-64k-100-steps-1-attempt-2,68,1947,token_limit,147,0.8354835330070839,True,148
slimshetty/swebench-verified:sweb.eval.x86_64.django__django-13195,0.0,r2egym-qwen3-rl-64k-100-steps-1-attempt-2,34,2415,agent,382,0.6224593312018546,False,385
slimshetty/swebench-verified:sweb.eval.x86_64.astropy__astropy-14995,0.0,r2egym-qwen3-rl-64k-100-steps-1-attempt-2,48,2617,agent_max_step_limit,178,0.8670357683915538,False,178
slimshetty/swebench-verified:sweb.eval.x86_64.sympy__sympy-13091,0.0,r2egym-qwen3-rl-64k-100-steps-1-attempt-2,89,1014,token_limit,87,0.3486451353339457,False,86
slimshetty/swebench-verified:sweb.eval.x86_64.django__django-15380,0.0,r2egym-qwen3-rl-64k-100-steps-1-attempt-2,100,3781,abs_step_limit,133,0.1645164649447396,False,133
slimshetty/swebench-verified:sweb.eval.x86_64.matplotlib__matplotlib-25122,1.0,r2egym-qwen3-rl-64k-100-steps-1-attempt-2,35,1650,agent,2476,0.2018132150593341,True,2422
slimshetty/swebench-verified:sweb.eval.x86_64.django__django-10554,0.0,r2egym-qwen3-rl-64k-100-steps-1-attempt-2,45,2349,agent_max_step_limit,5,0.3486451421018059,False,5
slimshetty/swebench-verified:sweb.eval.x86_64.pydata__xarray-3993,0.0,r2egym-qwen3-rl-64k-100-steps-1-attempt-2,24,1479,agent,2398,0.798186775339273,False,2400
slimshetty/swebench-verified:sweb.eval.x86_64.django__django-11734,0.0,r2egym-qwen3-rl-64k-100-steps-1-attempt-2,98,0,token_limit,275,4.006368255581968e-05,False,275
slimshetty/swebench-verified:sweb.eval.x86_64.django__django-14007,0.0,r2egym-qwen3-rl-64k-100-steps-1-attempt-2,72,5648,token_limit,0,0.042087725362387,False,0
slimshetty/swebench-verified:sweb.eval.x86_64.astropy__astropy-14598,0.0,r2egym-qwen3-rl-64k-100-steps-1-attempt-2,31,1647,agent,175,0.4687906266262437,False,175
slimshetty/swebench-verified:sweb.eval.x86_64.pydata__xarray-4695,0.0,r2egym-qwen3-rl-64k-100-steps-1-attempt-2,33,804,token_limit,875,0.0124316507045445,False,876
slimshetty/swebench-verified:sweb.eval.x86_64.django__django-16642,1.0,r2egym-qwen3-rl-64k-100-steps-1-attempt-2,37,6036,agent,21,0.8354835411997897,True,22
slimshetty/swebench-verified:sweb.eval.x86_64.django__django-14631,0.0,r2egym-qwen3-rl-64k-100-steps-1-attempt-2,42,4531,agent_max_step_limit,116,0.6791786926816161,False,116
slimshetty/swebench-verified:sweb.eval.x86_64.scikit-learn__scikit-learn-15100,1.0,r2egym-qwen3-rl-64k-100-steps-1-attempt-2,100,773,abs_step_limit,93,0.7549149978955811,True,93
slimshetty/swebench-verified:sweb.eval.x86_64.django__django-15037,1.0,r2egym-qwen3-rl-64k-100-steps-1-attempt-2,97,5298,agent_max_step_limit,14,0.7981867777396211,True,14
slimshetty/swebench-verified:sweb.eval.x86_64.django__django-13346,0.0,r2egym-qwen3-rl-64k-100-steps-1-attempt-2,73,1522,token_limit,0,0.0004878572241669,False,0
slimshetty/swebench-verified:sweb.eval.x86_64.astropy__astropy-13977,0.0,r2egym-qwen3-rl-64k-100-steps-1-attempt-2,41,575,max_step_limit,316,0.8670357683915538,False,292
slimshetty/swebench-verified:sweb.eval.x86_64.sphinx-doc__sphinx-10466,1.0,r2egym-qwen3-rl-64k-100-steps-1-attempt-2,100,679,abs_step_limit,6,0.2942149721629888,True,6
slimshetty/swebench-verified:sweb.eval.x86_64.django__django-13964,1.0,r2egym-qwen3-rl-64k-100-steps-1-attempt-2,52,690,token_limit,36,0.7310585903489892,True,36
slimshetty/swebench-verified:sweb.eval.x86_64.django__django-15525,0.0,r2egym-qwen3-rl-64k-100-steps-1-attempt-2,96,5568,token_limit,53,0.182425521583901,False,53
slimshetty/swebench-verified:sweb.eval.x86_64.django__django-11276,1.0,r2egym-qwen3-rl-64k-100-steps-1-attempt-2,58,3114,token_limit,548,0.3486451421018059,True,553
slimshetty/swebench-verified:sweb.eval.x86_64.django__django-13363,1.0,r2egym-qwen3-rl-64k-100-steps-1-attempt-2,100,4282,abs_step_limit,76,0.8354835432479661,True,77
slimshetty/swebench-verified:sweb.eval.x86_64.django__django-13109,1.0,r2egym-qwen3-rl-64k-100-steps-1-attempt-2,100,3397,abs_step_limit,170,0.7981867753392728,True,169
slimshetty/swebench-verified:sweb.eval.x86_64.pytest-dev__pytest-5262,1.0,r2egym-qwen3-rl-64k-100-steps-1-attempt-2,50,1280,agent_max_step_limit,108,0.754914997895581,True,108
slimshetty/swebench-verified:sweb.eval.x86_64.django__django-11138,0.0,r2egym-qwen3-rl-64k-100-steps-1-attempt-2,99,4195,token_limit,73,0.7549149923816048,False,73
slimshetty/swebench-verified:sweb.eval.x86_64.django__django-13410,1.0,r2egym-qwen3-rl-64k-100-steps-1-attempt-2,100,1699,abs_step_limit,40,0.8354835309589074,True,40
slimshetty/swebench-verified:sweb.eval.x86_64.sympy__sympy-21379,0.0,r2egym-qwen3-rl-64k-100-steps-1-attempt-2,53,789,agent_max_step_limit,91,0.7981867801399695,False,92
slimshetty/swebench-verified:sweb.eval.x86_64.sympy__sympy-18763,0.0,r2egym-qwen3-rl-64k-100-steps-1-attempt-2,9,0,token_limit,141,0.0001795280294673,False,142
slimshetty/swebench-verified:sweb.eval.x86_64.pydata__xarray-6744,0.0,r2egym-qwen3-rl-64k-100-steps-1-attempt-2,39,5324,token_limit,1811,0.3486451285660856,False,1790
slimshetty/swebench-verified:sweb.eval.x86_64.django__django-14053,0.0,r2egym-qwen3-rl-64k-100-steps-1-attempt-2,35,3422,agent,29,0.7549149813536518,False,31
slimshetty/swebench-verified:sweb.eval.x86_64.django__django-11451,0.0,r2egym-qwen3-rl-64k-100-steps-1-attempt-2,100,6512,abs_step_limit,0,0.0097084787468216,False,0
slimshetty/swebench-verified:sweb.eval.x86_64.django__django-11141,0.0,r2egym-qwen3-rl-64k-100-steps-1-attempt-2,84,741,token_limit,23,0.679178692681616,False,23
slimshetty/swebench-verified:sweb.eval.x86_64.pylint-dev__pylint-4551,0.0,r2egym-qwen3-rl-64k-100-steps-1-attempt-2,100,1581,abs_step_limit,0,0.5312093733737563,False,4
slimshetty/swebench-verified:sweb.eval.x86_64.django__django-11149,0.0,r2egym-qwen3-rl-64k-100-steps-1-attempt-2,98,6804,token_limit,43,0.7981867753392728,False,43
slimshetty/swebench-verified:sweb.eval.x86_64.sympy__sympy-15349,1.0,r2egym-qwen3-rl-64k-100-steps-1-attempt-2,63,2546,token_limit,3,0.9046505408849362,True,3
slimshetty/swebench-verified:sweb.eval.x86_64.django__django-15252,0.0,r2egym-qwen3-rl-64k-100-steps-1-attempt-2,63,3382,token_limit,34,0.8175744806385542,False,34
slimshetty/swebench-verified:sweb.eval.x86_64.sympy__sympy-13757,0.0,r2egym-qwen3-rl-64k-100-steps-1-attempt-2,41,1136,token_limit,164,0.6224593312018546,False,164
slimshetty/swebench-verified:sweb.eval.x86_64.django__django-15503,0.0,r2egym-qwen3-rl-64k-100-steps-1-attempt-2,34,3621,agent,62,0.3208213138121609,False,64
slimshetty/swebench-verified:sweb.eval.x86_64.sympy__sympy-17630,0.0,r2egym-qwen3-rl-64k-100-steps-1-attempt-2,54,2733,token_limit,0,0.0010322308930627,False,0
slimshetty/swebench-verified:sweb.eval.x86_64.sympy__sympy-23534,1.0,r2egym-qwen3-rl-64k-100-steps-1-attempt-2,76,2205,token_limit,11,0.8933094025038598,True,12
slimshetty/swebench-verified:sweb.eval.x86_64.pytest-dev__pytest-7205,1.0,r2egym-qwen3-32b-100-steps,14,596,agent,16,0.7981867849406659,True,16
slimshetty/swebench-verified:sweb.eval.x86_64.sympy__sympy-13852,0.0,r2egym-qwen3-rl-64k-100-steps-1-attempt-2,100,3442,abs_step_limit,4,0.095349472611171,False,4
slimshetty/swebench-verified:sweb.eval.x86_64.django__django-10097,1.0,r2egym-qwen3-rl-64k-100-steps-1-attempt-2,64,0,token_limit,1432,4.539786316234683e-05,True,0
slimshetty/swebench-verified:sweb.eval.x86_64.django__django-13821,1.0,r2egym-qwen3-32b-100-steps,9,1454,agent,14,0.8519527982093666,True,15
slimshetty/swebench-verified:sweb.eval.x86_64.sympy__sympy-19346,1.0,r2egym-qwen3-32b-100-steps,26,2139,agent,40,0.8519528019683106,True,39
slimshetty/swebench-verified:sweb.eval.x86_64.django__django-14672,1.0,r2egym-qwen3-32b-100-steps,21,1943,agent,0,0.7549149923816048,True,166
slimshetty/swebench-verified:sweb.eval.x86_64.pallets__flask-5014,1.0,r2egym-qwen3-32b-100-steps,7,499,agent,59,0.8807970826714614,True,59
slimshetty/swebench-verified:sweb.eval.x86_64.sympy__sympy-19954,1.0,r2egym-qwen3-32b-100-steps,8,704,agent,56,0.8519527982093666,True,57
slimshetty/swebench-verified:sweb.eval.x86_64.sympy__sympy-14976,1.0,r2egym-qwen3-32b-100-steps,28,603,agent,13,0.8175744850834648,True,13
slimshetty/swebench-verified:sweb.eval.x86_64.scikit-learn__scikit-learn-14053,1.0,r2egym-qwen3-32b-100-steps,13,836,agent,5,0.867035763237924,True,6
slimshetty/swebench-verified:sweb.eval.x86_64.scikit-learn__scikit-learn-14496,1.0,r2egym-qwen3-32b-100-steps,25,1015,agent,39,0.8519528000888386,True,40
slimshetty/swebench-verified:sweb.eval.x86_64.astropy__astropy-8707,0.0,r2egym-qwen3-32b-100-steps,21,1586,agent,4,0.8354835391516133,False,4
slimshetty/swebench-verified:sweb.eval.x86_64.django__django-16333,1.0,r2egym-qwen3-32b-100-steps,100,400,abs_step_limit,87,0.7772998663336158,True,87
slimshetty/swebench-verified:sweb.eval.x86_64.django__django-13089,1.0,r2egym-qwen3-32b-100-steps,14,3259,agent,352,0.8519528000888386,True,349
slimshetty/swebench-verified:sweb.eval.x86_64.sympy__sympy-22456,1.0,r2egym-qwen3-32b-100-steps,39,661,agent,29,0.8807970826714614,True,30
slimshetty/swebench-verified:sweb.eval.x86_64.psf__requests-2931,0.0,r2egym-qwen3-32b-100-steps,49,543,agent_max_step_limit,83,0.8354835309589073,False,84
slimshetty/swebench-verified:sweb.eval.x86_64.django__django-16901,1.0,r2egym-qwen3-32b-100-steps,32,2612,agent,6,0.867035771827307,True,6
slimshetty/swebench-verified:sweb.eval.x86_64.sphinx-doc__sphinx-7910,1.0,r2egym-qwen3-rl-64k-100-steps-1-attempt-2,75,3712,token_limit,16,0.7981867825403176,True,16
slimshetty/swebench-verified:sweb.eval.x86_64.django__django-13343,1.0,r2egym-qwen3-32b-100-steps,26,2727,agent,130,0.7549149978955811,True,131
slimshetty/swebench-verified:sweb.eval.x86_64.django__django-11490,0.0,r2egym-qwen3-32b-100-steps,53,745,llm_query_error,22,0.6791787121629466,False,23
slimshetty/swebench-verified:sweb.eval.x86_64.django__django-12308,0.0,r2egym-qwen3-32b-100-steps,15,1487,agent,20,0.7772998663336158,False,21
slimshetty/swebench-verified:sweb.eval.x86_64.sympy__sympy-18199,0.0,r2egym-qwen3-32b-100-steps,41,853,max_step_limit,113,0.9046505338155468,False,114
slimshetty/swebench-verified:sweb.eval.x86_64.sympy__sympy-24066,1.0,r2egym-qwen3-32b-100-steps,16,1507,agent,30,0.4687906266262437,True,30
slimshetty/swebench-verified:sweb.eval.x86_64.django__django-11133,1.0,r2egym-qwen3-32b-100-steps,18,1280,agent,64,0.8519528057272544,True,64
slimshetty/swebench-verified:sweb.eval.x86_64.scikit-learn__scikit-learn-13124,0.0,r2egym-qwen3-32b-100-steps,12,1408,agent,59,0.7057850216484838,False,60
slimshetty/swebench-verified:sweb.eval.x86_64.django__django-14539,1.0,r2egym-qwen3-32b-100-steps,7,1327,agent,14,0.7310585727705126,True,16
slimshetty/swebench-verified:sweb.eval.x86_64.sympy__sympy-23262,0.0,r2egym-qwen3-32b-100-steps,57,0,llm_query_error,61,2.4300246505474196e-05,False,62
slimshetty/swebench-verified:sweb.eval.x86_64.django__django-14349,1.0,r2egym-qwen3-32b-100-steps,8,693,agent,18,0.8519528094861981,True,19
slimshetty/swebench-verified:sweb.eval.x86_64.sphinx-doc__sphinx-7985,0.0,r2egym-qwen3-32b-100-steps,33,2863,agent,3,0.8354835350552604,False,5
slimshetty/swebench-verified:sweb.eval.x86_64.django__django-11603,1.0,r2egym-qwen3-32b-100-steps,41,635,max_step_limit,58,0.6791787056691698,True,59
slimshetty/swebench-verified:sweb.eval.x86_64.scikit-learn__scikit-learn-26194,0.0,r2egym-qwen3-32b-100-steps,25,1287,agent,186,0.8519527963298947,False,186
slimshetty/swebench-verified:sweb.eval.x86_64.sympy__sympy-16450,1.0,r2egym-qwen3-32b-100-steps,26,1703,agent,38,0.8933094067644466,True,40
slimshetty/swebench-verified:sweb.eval.x86_64.sympy__sympy-18698,0.0,r2egym-qwen3-32b-100-steps,8,974,agent,147,0.8933094096048377,False,147
slimshetty/swebench-verified:sweb.eval.x86_64.django__django-15278,0.0,r2egym-qwen3-32b-100-steps,98,0,llm_query_error,138,2.753569764115831e-05,False,138
slimshetty/swebench-verified:sweb.eval.x86_64.django__django-12419,1.0,r2egym-qwen3-32b-100-steps,17,819,agent,0,0.7549149923816048,True,0
slimshetty/swebench-verified:sweb.eval.x86_64.django__django-11333,0.0,r2egym-qwen3-32b-100-steps,43,2116,agent_max_step_limit,2,0.7310585786300049,False,2
slimshetty/swebench-verified:sweb.eval.x86_64.matplotlib__matplotlib-25775,0.0,r2egym-qwen3-32b-100-steps,63,1067,llm_query_error,5,0.0040701374006683,False,5
slimshetty/swebench-verified:sweb.eval.x86_64.pydata__xarray-4629,1.0,r2egym-qwen3-32b-100-steps,12,505,agent,32,0.7772998560157663,True,32
slimshetty/swebench-verified:sweb.eval.x86_64.sympy__sympy-24443,1.0,r2egym-qwen3-32b-100-steps,16,855,agent,1,0.7981867777396212,True,2
slimshetty/swebench-verified:sweb.eval.x86_64.sympy__sympy-12481,1.0,r2egym-qwen3-32b-100-steps,24,4081,agent,7,0.867035771827307,True,7
slimshetty/swebench-verified:sweb.eval.x86_64.matplotlib__matplotlib-13989,1.0,r2egym-qwen3-32b-100-steps,37,817,agent,411,0.8933094088947399,True,411
slimshetty/swebench-verified:sweb.eval.x86_64.sympy__sympy-16597,0.0,r2egym-qwen3-32b-100-steps,32,0,llm_query_error,74,1.6701423829123058e-05,False,77
slimshetty/swebench-verified:sweb.eval.x86_64.astropy__astropy-12907,0.0,r2egym-qwen3-32b-100-steps,20,1639,agent,13,0.7772998611746912,False,11
slimshetty/swebench-verified:sweb.eval.x86_64.django__django-16560,0.0,r2egym-qwen3-32b-100-steps,95,1518,llm_query_error,66,0.0015011823450331,False,69
slimshetty/swebench-verified:sweb.eval.x86_64.sympy__sympy-15976,0.0,r2egym-qwen3-32b-100-steps,29,2689,agent,37,0.2450850241603248,False,37
slimshetty/swebench-verified:sweb.eval.x86_64.django__django-12663,0.0,r2egym-qwen3-32b-100-steps,23,0,llm_query_error,135,3.1201922511884416e-05,False,135
slimshetty/swebench-verified:sweb.eval.x86_64.matplotlib__matplotlib-24870,0.0,r2egym-qwen3-32b-100-steps,30,1580,agent,65,0.8670357666736773,False,65
slimshetty/swebench-verified:sweb.eval.x86_64.scikit-learn__scikit-learn-25102,1.0,r2egym-qwen3-32b-100-steps,19,1389,agent,59,0.7057850278370112,True,59
slimshetty/swebench-verified:sweb.eval.x86_64.django__django-9296,1.0,r2egym-qwen3-32b-100-steps,8,499,agent,20,0.8519528019683106,True,20
slimshetty/swebench-verified:sweb.eval.x86_64.sympy__sympy-11618,1.0,r2egym-qwen3-32b-100-steps,14,1557,agent,4,0.7981867873410141,True,4
slimshetty/swebench-verified:sweb.eval.x86_64.django__django-16662,1.0,r2egym-qwen3-32b-100-steps,65,4174,agent_max_step_limit,51,0.679178699175393,True,52
slimshetty/swebench-verified:sweb.eval.x86_64.django__django-14034,0.0,r2egym-qwen3-32b-100-steps,14,1905,agent,12,0.8175744828610095,False,12
slimshetty/swebench-verified:sweb.eval.x86_64.pylint-dev__pylint-6903,1.0,r2egym-qwen3-32b-100-steps,48,2910,token_limit,8,0.2227001491431583,True,8
slimshetty/swebench-verified:sweb.eval.x86_64.django__django-15277,1.0,r2egym-qwen3-32b-100-steps,12,689,agent,158,0.7772998663336158,True,159
slimshetty/swebench-verified:sweb.eval.x86_64.django__django-11299,0.0,r2egym-qwen3-32b-100-steps,100,1824,abs_step_limit,103,0.679178699175393,False,103
slimshetty/swebench-verified:sweb.eval.x86_64.pytest-dev__pytest-10051,0.0,r2egym-qwen3-32b-100-steps,16,876,agent,14,0.817574478416099,False,14
slimshetty/swebench-verified:sweb.eval.x86_64.matplotlib__matplotlib-23412,1.0,r2egym-qwen3-32b-100-steps,47,1198,agent_max_step_limit,46,0.3775406687981454,True,46
slimshetty/swebench-verified:sweb.eval.x86_64.sympy__sympy-14711,0.0,r2egym-qwen3-32b-100-steps,39,949,agent,0,0.7772998560157663,False,0
slimshetty/swebench-verified:sweb.eval.x86_64.django__django-13449,0.0,r2egym-qwen3-32b-100-steps,100,0,abs_step_limit,46,3.5356246441695886e-05,False,46
slimshetty/swebench-verified:sweb.eval.x86_64.django__django-16116,0.0,r2egym-qwen3-32b-100-steps,100,2737,abs_step_limit,137,0.5926665999540698,False,137
slimshetty/swebench-verified:sweb.eval.x86_64.pydata__xarray-4094,0.0,r2egym-qwen3-32b-100-steps,41,552,max_step_limit,861,0.8175744761936437,False,865
slimshetty/swebench-verified:sweb.eval.x86_64.sympy__sympy-19783,0.0,r2egym-qwen3-32b-100-steps,100,388,abs_step_limit,0,0.0003799844807915,False,0
slimshetty/swebench-verified:sweb.eval.x86_64.scikit-learn__scikit-learn-25931,1.0,r2egym-qwen3-32b-100-steps,78,1212,token_limit,21,0.182425521583901,True,21
slimshetty/swebench-verified:sweb.eval.x86_64.django__django-13670,1.0,r2egym-qwen3-32b-100-steps,43,938,agent_max_step_limit,17,0.8354835411997897,True,17
slimshetty/swebench-verified:sweb.eval.x86_64.django__django-17084,0.0,r2egym-qwen3-32b-100-steps,66,4702,token_limit,101,0.053403335637704,False,101
slimshetty/swebench-verified:sweb.eval.x86_64.django__django-16612,1.0,r2egym-qwen3-32b-100-steps,100,2023,abs_step_limit,335,0.6513548646660542,True,333
slimshetty/swebench-verified:sweb.eval.x86_64.sympy__sympy-22914,1.0,r2egym-qwen3-32b-100-steps,9,663,agent,17,0.8670357580842941,True,18
slimshetty/swebench-verified:sweb.eval.x86_64.sphinx-doc__sphinx-8548,0.0,r2egym-qwen3-32b-100-steps,36,1578,agent,5,0.7981867801399695,False,4
slimshetty/swebench-verified:sweb.eval.x86_64.sympy__sympy-20438,0.0,r2egym-qwen3-32b-100-steps,70,0,llm_query_error,93,5.1442195178315546e-05,False,94
slimshetty/swebench-verified:sweb.eval.x86_64.django__django-15987,1.0,r2egym-qwen3-32b-100-steps,16,1437,agent,52,0.8670357649558006,True,53
slimshetty/swebench-verified:sweb.eval.x86_64.pydata__xarray-3677,1.0,r2egym-qwen3-32b-100-steps,18,1140,agent,21,0.7772998611746912,True,21
slimshetty/swebench-verified:sweb.eval.x86_64.scikit-learn__scikit-learn-13439,1.0,r2egym-qwen3-32b-100-steps,7,476,agent,40,0.8670357666736772,True,41
slimshetty/swebench-verified:sweb.eval.x86_64.scikit-learn__scikit-learn-10908,1.0,r2egym-qwen3-32b-100-steps,21,640,agent,47,0.8519527963298947,True,48
slimshetty/swebench-verified:sweb.eval.x86_64.django__django-15098,0.0,r2egym-qwen3-32b-100-steps,38,6036,llm_query_error,87,0.0011695100418964,False,88
slimshetty/swebench-verified:sweb.eval.x86_64.pylint-dev__pylint-7080,0.0,r2egym-qwen3-32b-100-steps,96,2314,token_limit,4,0.0293122293734112,False,121
slimshetty/swebench-verified:sweb.eval.x86_64.django__django-11815,1.0,r2egym-qwen3-32b-100-steps,100,2467,abs_step_limit,44,0.5312093733737563,True,44
slimshetty/swebench-verified:sweb.eval.x86_64.django__django-14855,1.0,r2egym-qwen3-32b-100-steps,100,3280,abs_step_limit,325,0.8175744850834648,True,325
slimshetty/swebench-verified:sweb.eval.x86_64.sphinx-doc__sphinx-7454,0.0,r2egym-qwen3-32b-100-steps,88,4533,llm_query_error,27,0.0046095730575188,False,28
slimshetty/swebench-verified:sweb.eval.x86_64.pytest-dev__pytest-7432,1.0,r2egym-qwen3-32b-100-steps,11,931,agent,77,0.8175744761936437,True,76
slimshetty/swebench-verified:sweb.eval.x86_64.sympy__sympy-19637,1.0,r2egym-qwen3-32b-100-steps,27,1323,agent,40,0.8807970732843033,True,41
slimshetty/swebench-verified:sweb.eval.x86_64.sphinx-doc__sphinx-9281,0.0,r2egym-qwen3-32b-100-steps,100,1864,abs_step_limit,38,0.679178699175393,False,38
slimshetty/swebench-verified:sweb.eval.x86_64.django__django-14373,1.0,r2egym-qwen3-32b-100-steps,16,903,agent,19,0.8670357494949105,True,19
slimshetty/swebench-verified:sweb.eval.x86_64.astropy__astropy-13236,0.0,r2egym-qwen3-32b-100-steps,9,944,agent,644,0.7981867705385763,False,643
slimshetty/swebench-verified:sweb.eval.x86_64.django__django-15561,0.0,r2egym-qwen3-32b-100-steps,91,3752,llm_query_error,141,0.7057850154599562,False,141
slimshetty/swebench-verified:sweb.eval.x86_64.django__django-15499,0.0,r2egym-qwen3-32b-100-steps,61,699,agent_max_step_limit,35,0.4687906266262437,False,35
slimshetty/swebench-verified:sweb.eval.x86_64.django__django-15104,1.0,r2egym-qwen3-32b-100-steps,12,2914,agent,131,0.8354835330070839,True,131
slimshetty/swebench-verified:sweb.eval.x86_64.django__django-11292,1.0,r2egym-qwen3-32b-100-steps,100,2917,abs_step_limit,31,0.5926665999540698,True,31
slimshetty/swebench-verified:sweb.eval.x86_64.pydata__xarray-7233,1.0,r2egym-qwen3-32b-100-steps,13,583,agent,189,0.8175744806385542,True,189
slimshetty/swebench-verified:sweb.eval.x86_64.sphinx-doc__sphinx-9711,1.0,r2egym-qwen3-32b-100-steps,32,1875,agent,0,0.8175744739711883,True,1687
slimshetty/swebench-verified:sweb.eval.x86_64.django__django-15467,1.0,r2egym-qwen3-32b-100-steps,11,2235,agent,62,0.8175744739711883,True,62
slimshetty/swebench-verified:sweb.eval.x86_64.django__django-11551,1.0,r2egym-qwen3-32b-100-steps,100,4591,abs_step_limit,119,0.8354835371034368,True,119
slimshetty/swebench-verified:sweb.eval.x86_64.psf__requests-1724,1.0,r2egym-qwen3-32b-100-steps,64,0,token_limit,79,0.000123394559192,True,86
slimshetty/swebench-verified:sweb.eval.x86_64.django__django-14752,0.0,r2egym-qwen3-32b-100-steps,92,936,llm_query_error,0,0.0001795279863457,False,0
slimshetty/swebench-verified:sweb.eval.x86_64.sympy__sympy-13551,0.0,r2egym-qwen3-32b-100-steps,84,1538,token_limit,11,0.0005527786571832,False,11
slimshetty/swebench-verified:sweb.eval.x86_64.django__django-13820,1.0,r2egym-qwen3-32b-100-steps,100,3974,abs_step_limit,24,0.7981867681382279,True,25
slimshetty/swebench-verified:sweb.eval.x86_64.django__django-12965,0.0,r2egym-qwen3-32b-100-steps,100,3269,abs_step_limit,50,0.2689414155105029,False,50
slimshetty/swebench-verified:sweb.eval.x86_64.django__django-14155,0.0,r2egym-qwen3-32b-100-steps,76,1911,llm_query_error,89,0.5312093733737563,False,91
slimshetty/swebench-verified:sweb.eval.x86_64.django__django-10973,0.0,r2egym-qwen3-32b-100-steps,16,3064,agent,0,0.7981867777396211,False,0
slimshetty/swebench-verified:sweb.eval.x86_64.matplotlib__matplotlib-26342,0.0,r2egym-qwen3-32b-100-steps,40,0,llm_query_error,81,1.3007133113372426e-05,False,81
slimshetty/swebench-verified:sweb.eval.x86_64.sphinx-doc__sphinx-8056,0.0,r2egym-qwen3-32b-100-steps,46,1311,llm_query_error,27,0.0124316505216014,False,27
slimshetty/swebench-verified:sweb.eval.x86_64.sphinx-doc__sphinx-8721,1.0,r2egym-qwen3-32b-100-steps,10,634,agent,3,0.7310585727705126,True,2
slimshetty/swebench-verified:sweb.eval.x86_64.django__django-14351,0.0,r2egym-qwen3-32b-100-steps,66,0,token_limit,58,6.60521365779487e-05,False,58
slimshetty/swebench-verified:sweb.eval.x86_64.django__django-16256,0.0,r2egym-qwen3-32b-100-steps,69,0,llm_query_error,53,5.829129315427943e-05,False,53
slimshetty/swebench-verified:sweb.eval.x86_64.scikit-learn__scikit-learn-10844,1.0,r2egym-qwen3-32b-100-steps,11,1123,agent,16,0.8807970701552505,True,17
slimshetty/swebench-verified:sweb.eval.x86_64.django__django-15957,0.0,r2egym-qwen3-32b-100-steps,24,0,llm_query_error,89,3.1201903922734266e-05,False,89
slimshetty/swebench-verified:sweb.eval.x86_64.django__django-12273,0.0,r2egym-qwen3-32b-100-steps,39,2714,agent,27,0.7057850216484838,False,27
slimshetty/swebench-verified:sweb.eval.x86_64.django__django-13933,0.0,r2egym-qwen3-32b-100-steps,97,2393,token_limit,19,0.817574471748733,False,19
slimshetty/swebench-verified:sweb.eval.x86_64.pydata__xarray-4075,1.0,r2egym-qwen3-32b-100-steps,52,580,agent_max_step_limit,958,0.8354835432479661,True,958
slimshetty/swebench-verified:sweb.eval.x86_64.django__django-13128,1.0,r2egym-qwen3-32b-100-steps,60,3498,token_limit,134,0.5621765008857981,True,141
slimshetty/swebench-verified:sweb.eval.x86_64.pylint-dev__pylint-4604,0.0,r2egym-qwen3-32b-100-steps,100,1299,abs_step_limit,0,0.0008040859233296,False,15
slimshetty/swebench-verified:sweb.eval.x86_64.matplotlib__matplotlib-25960,0.0,r2egym-qwen3-32b-100-steps,40,1628,agent,131,0.880797085800514,False,131
slimshetty/swebench-verified:sweb.eval.x86_64.django__django-16950,0.0,r2egym-qwen3-32b-100-steps,75,0,llm_query_error,3,8.481108148371828e-05,False,3
slimshetty/swebench-verified:sweb.eval.x86_64.scikit-learn__scikit-learn-14983,0.0,r2egym-qwen3-32b-100-steps,29,1577,agent,105,0.8175744761936437,False,105
slimshetty/swebench-verified:sweb.eval.x86_64.django__django-14771,0.0,r2egym-qwen3-32b-100-steps,88,2113,token_limit,60,0.7310585727705126,False,60
slimshetty/swebench-verified:sweb.eval.x86_64.matplotlib__matplotlib-26291,0.0,r2egym-qwen3-32b-100-steps,45,664,agent_max_step_limit,49,0.8175744673038222,False,49
slimshetty/swebench-verified:sweb.eval.x86_64.django__django-11211,0.0,r2egym-qwen3-32b-100-steps,53,0,llm_query_error,76,0.0001233945446761,False,76
slimshetty/swebench-verified:sweb.eval.x86_64.django__django-14493,1.0,r2egym-qwen3-32b-100-steps,9,533,agent,36,0.817574478416099,True,36
slimshetty/swebench-verified:sweb.eval.x86_64.psf__requests-2317,1.0,r2egym-qwen3-32b-100-steps,12,805,agent,133,0.5926665999540698,True,0
slimshetty/swebench-verified:sweb.eval.x86_64.scikit-learn__scikit-learn-14894,1.0,r2egym-qwen3-32b-100-steps,21,1150,agent,85,0.6791787056691698,True,85
slimshetty/swebench-verified:sweb.eval.x86_64.django__django-11880,1.0,r2egym-qwen3-32b-100-steps,26,2293,agent,114,0.8670357701094303,True,114
slimshetty/swebench-verified:sweb.eval.x86_64.django__django-15127,0.0,r2egym-qwen3-32b-100-steps,13,1398,agent,1,0.8354835452961425,False,1
slimshetty/swebench-verified:sweb.eval.x86_64.sympy__sympy-19040,0.0,r2egym-qwen3-32b-100-steps,33,0,token_limit,148,8.481108125294925e-05,False,148
slimshetty/swebench-verified:sweb.eval.x86_64.scikit-learn__scikit-learn-13496,0.0,r2egym-qwen3-32b-100-steps,100,0,abs_step_limit,19,1.4738988997768796e-05,False,19
slimshetty/swebench-verified:sweb.eval.x86_64.django__django-16877,0.0,r2egym-qwen3-32b-100-steps,100,2397,abs_step_limit,0,0.7981867681382279,False,0
slimshetty/swebench-verified:sweb.eval.x86_64.django__django-15382,0.0,r2egym-qwen3-32b-100-steps,19,1007,token_limit,160,0.0159063926739854,False,160
slimshetty/swebench-verified:sweb.eval.x86_64.scikit-learn__scikit-learn-14710,0.0,r2egym-qwen3-32b-100-steps,13,951,agent,0,0.8354835350552604,False,0
slimshetty/swebench-verified:sweb.eval.x86_64.django__django-12713,1.0,r2egym-qwen3-32b-100-steps,17,3427,agent,58,0.8670357701094303,True,58
slimshetty/swebench-verified:sweb.eval.x86_64.sphinx-doc__sphinx-10449,1.0,r2egym-qwen3-32b-100-steps,29,743,agent,30,0.8519528019683106,True,30
slimshetty/swebench-verified:sweb.eval.x86_64.django__django-14238,1.0,r2egym-qwen3-32b-100-steps,12,1372,agent,39,0.798186775339273,True,40
slimshetty/swebench-verified:sweb.eval.x86_64.sympy__sympy-13798,0.0,r2egym-qwen3-32b-100-steps,15,1885,agent,102,0.7981867753392728,False,104
slimshetty/swebench-verified:sweb.eval.x86_64.matplotlib__matplotlib-24177,0.0,r2egym-qwen3-32b-100-steps,91,632,token_limit,768,0.0066928518406247,False,768
slimshetty/swebench-verified:sweb.eval.x86_64.matplotlib__matplotlib-21568,0.0,r2egym-qwen3-32b-100-steps,21,1169,agent,69,0.2689414330889797,False,0
slimshetty/swebench-verified:sweb.eval.x86_64.pydata__xarray-6938,0.0,r2egym-qwen3-32b-100-steps,22,1037,token_limit,430,0.0024726233817521,False,430
slimshetty/swebench-verified:sweb.eval.x86_64.matplotlib__matplotlib-14623,0.0,r2egym-qwen3-32b-100-steps,48,480,llm_query_error,400,0.0028009273534081,False,401
slimshetty/swebench-verified:sweb.eval.x86_64.django__django-16938,0.0,r2egym-qwen3-32b-100-steps,78,2543,token_limit,65,0.5621765008857982,False,88
slimshetty/swebench-verified:sweb.eval.x86_64.django__django-16502,0.0,r2egym-qwen3-32b-100-steps,47,0,llm_query_error,4,1.3007128460797747e-05,False,4
slimshetty/swebench-verified:sweb.eval.x86_64.scikit-learn__scikit-learn-13135,1.0,r2egym-qwen3-32b-100-steps,13,1340,agent,33,0.8670357649558007,True,34
slimshetty/swebench-verified:sweb.eval.x86_64.matplotlib__matplotlib-23314,1.0,r2egym-qwen3-32b-100-steps,100,1072,abs_step_limit,862,0.6224593312018546,True,862
slimshetty/swebench-verified:sweb.eval.x86_64.pytest-dev__pytest-7236,0.0,r2egym-qwen3-32b-100-steps,62,385,llm_query_error,51,0.0019267345079622,False,50
slimshetty/swebench-verified:sweb.eval.x86_64.django__django-13568,0.0,r2egym-qwen3-32b-100-steps,100,3309,abs_step_limit,11,0.6513548511303336,False,11
slimshetty/swebench-verified:sweb.eval.x86_64.sympy__sympy-15017,1.0,r2egym-qwen3-32b-100-steps,36,1547,agent,14,0.880797071719777,True,14
slimshetty/swebench-verified:sweb.eval.x86_64.scikit-learn__scikit-learn-12973,1.0,r2egym-qwen3-32b-100-steps,12,1391,agent,32,0.8354835391516133,True,30
slimshetty/swebench-verified:sweb.eval.x86_64.matplotlib__matplotlib-26113,1.0,r2egym-qwen3-32b-100-steps,37,1737,agent,812,0.8175744761936437,True,812
slimshetty/swebench-verified:sweb.eval.x86_64.django__django-11477,0.0,r2egym-qwen3-32b-100-steps,100,2436,abs_step_limit,151,0.0013250223255542,False,153
slimshetty/swebench-verified:sweb.eval.x86_64.django__django-12406,0.0,r2egym-qwen3-32b-100-steps,66,1896,agent_max_step_limit,155,0.7310585903489892,False,155
slimshetty/swebench-verified:sweb.eval.x86_64.sphinx-doc__sphinx-8551,0.0,r2egym-qwen3-32b-100-steps,17,834,agent,31,0.8175744739711883,False,31
slimshetty/swebench-verified:sweb.eval.x86_64.django__django-14011,0.0,r2egym-qwen3-32b-100-steps,96,3985,token_limit,2,0.8175744695262775,False,19
slimshetty/swebench-verified:sweb.eval.x86_64.django__django-11740,1.0,r2egym-qwen3-32b-100-steps,64,4763,token_limit,109,0.3208213008246071,True,109
slimshetty/swebench-verified:sweb.eval.x86_64.pydata__xarray-2905,1.0,r2egym-qwen3-32b-100-steps,19,589,agent,364,0.7772998714925403,True,365
slimshetty/swebench-verified:sweb.eval.x86_64.scikit-learn__scikit-learn-25973,0.0,r2egym-qwen3-32b-100-steps,52,0,token_limit,72,0.000158436290879,False,72
slimshetty/swebench-verified:sweb.eval.x86_64.pydata__xarray-3095,0.0,r2egym-qwen3-32b-100-steps,48,1489,agent_max_step_limit,249,0.5621765008857981,False,238
slimshetty/swebench-verified:sweb.eval.x86_64.astropy__astropy-7671,0.0,r2egym-qwen3-32b-100-steps,22,1420,agent,0,0.8354835432479661,False,0
slimshetty/swebench-verified:sweb.eval.x86_64.django__django-15268,0.0,r2egym-qwen3-32b-100-steps,69,4093,agent_max_step_limit,126,0.3775406687981454,False,127
slimshetty/swebench-verified:sweb.eval.x86_64.django__django-15022,0.0,r2egym-qwen3-32b-100-steps,96,5017,llm_query_error,56,0.651354857898194,False,56
slimshetty/swebench-verified:sweb.eval.x86_64.astropy__astropy-14182,0.0,r2egym-qwen3-32b-100-steps,100,1192,abs_step_limit,9,0.0953494732538427,False,9
slimshetty/swebench-verified:sweb.eval.x86_64.django__django-14140,0.0,r2egym-qwen3-32b-100-steps,14,1455,token_limit,199,0.0675466859776771,False,200
slimshetty/swebench-verified:sweb.eval.x86_64.django__django-15128,0.0,r2egym-qwen3-32b-100-steps,20,1012,token_limit,282,0.0021827163373341,False,282
slimshetty/swebench-verified:sweb.eval.x86_64.sphinx-doc__sphinx-8475,1.0,r2egym-qwen3-32b-100-steps,13,1072,agent,17,0.8519528038477825,True,17
slimshetty/swebench-verified:sweb.eval.x86_64.django__django-14608,1.0,r2egym-qwen3-32b-100-steps,20,1735,agent,394,0.8519527982093666,True,397
slimshetty/swebench-verified:sweb.eval.x86_64.django__django-12304,0.0,r2egym-qwen3-32b-100-steps,41,1632,token_limit,0,0.679178699175393,False,0
slimshetty/swebench-verified:sweb.eval.x86_64.scikit-learn__scikit-learn-12682,0.0,r2egym-qwen3-32b-100-steps,27,3267,agent,66,0.7772998663336158,False,66
slimshetty/swebench-verified:sweb.eval.x86_64.sympy__sympy-20801,0.0,r2egym-qwen3-32b-100-steps,46,393,token_limit,96,0.0109869424281938,False,96
slimshetty/swebench-verified:sweb.eval.x86_64.pydata__xarray-6599,0.0,r2egym-qwen3-32b-100-steps,28,3051,agent,261,0.5621765008857982,False,261
slimshetty/swebench-verified:sweb.eval.x86_64.django__django-13344,0.0,r2egym-qwen3-32b-100-steps,81,2138,token_limit,356,0.679178699175393,False,356
slimshetty/swebench-verified:sweb.eval.x86_64.django__django-11999,1.0,r2egym-qwen3-32b-100-steps,40,2296,agent,30,0.8519528038477824,True,30
slimshetty/swebench-verified:sweb.eval.x86_64.astropy__astropy-13398,0.0,r2egym-qwen3-32b-100-steps,47,0,llm_query_error,68,2.4300240718880756e-05,False,68
slimshetty/swebench-verified:sweb.eval.x86_64.django__django-15731,1.0,r2egym-qwen3-32b-100-steps,34,1866,agent,58,0.817574478416099,True,57
slimshetty/swebench-verified:sweb.eval.x86_64.sympy__sympy-15345,0.0,r2egym-qwen3-32b-100-steps,74,0,llm_query_error,8,7.48462538226543e-05,False,9
slimshetty/swebench-verified:sweb.eval.x86_64.django__django-16429,1.0,r2egym-qwen3-32b-100-steps,10,395,agent,21,0.8933094060543488,True,17
slimshetty/swebench-verified:sweb.eval.x86_64.sympy__sympy-23950,0.0,r2egym-qwen3-32b-100-steps,45,284,token_limit,4,0.0031726832703069,False,5
slimshetty/swebench-verified:sweb.eval.x86_64.django__django-13279,1.0,r2egym-qwen3-32b-100-steps,18,1724,agent,346,0.7549149868676284,True,346
slimshetty/swebench-verified:sweb.eval.x86_64.sympy__sympy-15875,1.0,r2egym-qwen3-32b-100-steps,33,1868,agent,80,0.8354835411997897,True,81
slimshetty/swebench-verified:sweb.eval.x86_64.sympy__sympy-24562,0.0,r2egym-qwen3-32b-100-steps,19,969,agent,105,0.8670357598021707,False,105
slimshetty/swebench-verified:sweb.eval.x86_64.sphinx-doc__sphinx-8593,0.0,r2egym-qwen3-32b-100-steps,45,1094,llm_query_error,1,0.0,False,3
slimshetty/swebench-verified:sweb.eval.x86_64.scikit-learn__scikit-learn-11578,1.0,r2egym-qwen3-32b-100-steps,100,4123,abs_step_limit,93,0.7549149758396752,True,89
slimshetty/swebench-verified:sweb.eval.x86_64.django__django-13158,0.0,r2egym-qwen3-32b-100-steps,64,2242,token_limit,29,0.0005527787160326,False,29
slimshetty/swebench-verified:sweb.eval.x86_64.matplotlib__matplotlib-22871,0.0,r2egym-qwen3-32b-100-steps,23,1479,agent,87,0.8670357460591569,False,88
slimshetty/swebench-verified:sweb.eval.x86_64.sphinx-doc__sphinx-7440,0.0,r2egym-qwen3-32b-100-steps,100,906,abs_step_limit,12,0.0002305067687683,False,13
slimshetty/swebench-verified:sweb.eval.x86_64.mwaskom__seaborn-3187,0.0,r2egym-qwen3-32b-100-steps,31,1644,agent,248,0.6224593312018546,False,249
slimshetty/swebench-verified:sweb.eval.x86_64.sympy__sympy-20916,0.0,r2egym-qwen3-32b-100-steps,19,0,token_limit,1,8.481106085025434e-05,False,2
slimshetty/swebench-verified:sweb.eval.x86_64.django__django-13794,0.0,r2egym-qwen3-32b-100-steps,18,1274,agent,19,0.8354835371034368,False,19
slimshetty/swebench-verified:sweb.eval.x86_64.psf__requests-1921,1.0,r2egym-qwen3-32b-100-steps,86,1913,token_limit,107,0.0675466869162138,True,117
slimshetty/swebench-verified:sweb.eval.x86_64.sphinx-doc__sphinx-9591,0.0,r2egym-qwen3-32b-100-steps,63,2624,llm_query_error,44,0.0028009264156538,False,45
slimshetty/swebench-verified:sweb.eval.x86_64.psf__requests-1766,1.0,r2egym-qwen3-32b-100-steps,15,955,agent,79,0.8519528076067262,True,89
slimshetty/swebench-verified:sweb.eval.x86_64.matplotlib__matplotlib-26208,0.0,r2egym-qwen3-32b-100-steps,44,676,token_limit,813,0.0040701386710174,False,813
slimshetty/swebench-verified:sweb.eval.x86_64.sympy__sympy-13647,1.0,r2egym-qwen3-32b-100-steps,12,533,agent,76,0.7549149923816048,True,77
slimshetty/swebench-verified:sweb.eval.x86_64.django__django-10999,0.0,r2egym-qwen3-32b-100-steps,8,497,agent,10,0.8175744739711883,False,12
slimshetty/swebench-verified:sweb.eval.x86_64.django__django-16819,1.0,r2egym-qwen3-32b-100-steps,96,4574,llm_query_error,38,0.6791787056691698,True,38
slimshetty/swebench-verified:sweb.eval.x86_64.pytest-dev__pytest-7521,1.0,r2egym-qwen3-32b-100-steps,37,462,agent,125,0.8670357701094304,True,124
slimshetty/swebench-verified:sweb.eval.x86_64.django__django-12155,1.0,r2egym-qwen3-32b-100-steps,42,1459,agent_max_step_limit,6,0.7057850216484838,True,7
slimshetty/swebench-verified:sweb.eval.x86_64.sympy__sympy-23413,0.0,r2egym-qwen3-32b-100-steps,79,1977,token_limit,2,0.0040701371911457,False,2
slimshetty/swebench-verified:sweb.eval.x86_64.django__django-16631,0.0,r2egym-qwen3-32b-100-steps,88,5722,llm_query_error,11,0.4378234991142019,False,11
slimshetty/swebench-verified:sweb.eval.x86_64.django__django-14404,0.0,r2egym-qwen3-32b-100-steps,100,1527,abs_step_limit,323,0.0001795279637466,False,323
slimshetty/swebench-verified:sweb.eval.x86_64.sympy__sympy-24213,1.0,r2egym-qwen3-32b-100-steps,19,734,agent,31,0.8807970748488297,True,31
slimshetty/swebench-verified:sweb.eval.x86_64.django__django-13837,0.0,r2egym-qwen3-32b-100-steps,100,2036,abs_step_limit,52,0.0675466864469454,False,50
slimshetty/swebench-verified:sweb.eval.x86_64.matplotlib__matplotlib-22865,0.0,r2egym-qwen3-32b-100-steps,70,4920,llm_query_error,0,0.004070137600753,False,0
slimshetty/swebench-verified:sweb.eval.x86_64.django__django-15695,0.0,r2egym-qwen3-32b-100-steps,31,3675,agent,123,0.798186768138228,False,123
slimshetty/swebench-verified:sweb.eval.x86_64.django__django-14170,0.0,r2egym-qwen3-32b-100-steps,25,2373,agent,67,0.7772998508568417,False,73
slimshetty/swebench-verified:sweb.eval.x86_64.django__django-15563,0.0,r2egym-qwen3-32b-100-steps,75,0,token_limit,29,7.48462447495725e-05,False,29
slimshetty/swebench-verified:sweb.eval.x86_64.pytest-dev__pytest-8399,1.0,r2egym-qwen3-32b-100-steps,24,551,agent,59,0.7981867801399694,True,59
slimshetty/swebench-verified:sweb.eval.x86_64.matplotlib__matplotlib-20676,1.0,r2egym-qwen3-32b-100-steps,15,1332,agent,32,0.8354835330070839,True,32
slimshetty/swebench-verified:sweb.eval.x86_64.sphinx-doc__sphinx-7889,0.0,r2egym-qwen3-32b-100-steps,15,1831,agent,5,0.7981867705385762,False,6
slimshetty/swebench-verified:sweb.eval.x86_64.django__django-15732,0.0,r2egym-qwen3-32b-100-steps,100,2860,abs_step_limit,125,0.0004305570309346,False,124
slimshetty/swebench-verified:sweb.eval.x86_64.django__django-12143,1.0,r2egym-qwen3-32b-100-steps,28,2335,token_limit,52,0.705785040214066,True,52
slimshetty/swebench-verified:sweb.eval.x86_64.pylint-dev__pylint-6386,0.0,r2egym-qwen3-32b-100-steps,49,0,llm_query_error,7,2.144495351784208e-05,False,7
slimshetty/swebench-verified:sweb.eval.x86_64.django__django-11790,0.0,r2egym-qwen3-32b-100-steps,100,1690,abs_step_limit,77,0.2450850076183952,False,79
slimshetty/swebench-verified:sweb.eval.x86_64.django__django-11095,1.0,r2egym-qwen3-32b-100-steps,100,2293,abs_step_limit,19,0.7772998663336158,True,19
slimshetty/swebench-verified:sweb.eval.x86_64.sphinx-doc__sphinx-7462,0.0,r2egym-qwen3-32b-100-steps,63,1209,agent_max_step_limit,49,0.0850990525480777,False,50
slimshetty/swebench-verified:sweb.eval.x86_64.django__django-11820,0.0,r2egym-qwen3-32b-100-steps,26,1904,agent,61,0.7549149923816048,False,61
slimshetty/swebench-verified:sweb.eval.x86_64.scikit-learn__scikit-learn-14629,0.0,r2egym-qwen3-32b-100-steps,11,775,agent,26,0.8807970889295664,False,24
slimshetty/swebench-verified:sweb.eval.x86_64.pytest-dev__pytest-7490,0.0,r2egym-qwen3-32b-100-steps,23,310,token_limit,78,0.0075772412258405,False,78
slimshetty/swebench-verified:sweb.eval.x86_64.pydata__xarray-7393,0.0,r2egym-qwen3-32b-100-steps,72,1744,token_limit,71,0.0075772417055723,False,71
slimshetty/swebench-verified:sweb.eval.x86_64.sphinx-doc__sphinx-9367,1.0,r2egym-qwen3-32b-100-steps,10,925,agent,25,0.8175744828610095,True,25
slimshetty/swebench-verified:sweb.eval.x86_64.django__django-16801,1.0,r2egym-qwen3-32b-100-steps,45,2733,agent_max_step_limit,17,0.4687906266262437,True,17
slimshetty/swebench-verified:sweb.eval.x86_64.pytest-dev__pytest-7571,1.0,r2egym-qwen3-32b-100-steps,38,606,agent,14,0.7549149868676284,True,14
slimshetty/swebench-verified:sweb.eval.x86_64.matplotlib__matplotlib-22719,1.0,r2egym-qwen3-32b-100-steps,19,681,agent,68,0.8670357477770337,True,64
slimshetty/swebench-verified:sweb.eval.x86_64.matplotlib__matplotlib-20859,1.0,r2egym-qwen3-32b-100-steps,25,1203,agent,88,0.8519527982093666,True,88
slimshetty/swebench-verified:sweb.eval.x86_64.sympy__sympy-20428,0.0,r2egym-qwen3-32b-100-steps,67,918,token_limit,154,0.0066928503082321,False,154
slimshetty/swebench-verified:sweb.eval.x86_64.sympy__sympy-21930,0.0,r2egym-qwen3-32b-100-steps,4,0,token_limit,45,8.481102061624818e-05,False,50
slimshetty/swebench-verified:sweb.eval.x86_64.django__django-16569,1.0,r2egym-qwen3-32b-100-steps,9,664,agent,111,0.8670357598021707,True,113
slimshetty/swebench-verified:sweb.eval.x86_64.matplotlib__matplotlib-24627,0.0,r2egym-qwen3-32b-100-steps,60,1402,agent_max_step_limit,776,0.798186768138228,False,776
slimshetty/swebench-verified:sweb.eval.x86_64.scikit-learn__scikit-learn-14087,0.0,r2egym-qwen3-32b-100-steps,29,1497,token_limit,160,0.0035936033592567,False,160
slimshetty/swebench-verified:sweb.eval.x86_64.django__django-13786,1.0,r2egym-qwen3-32b-100-steps,37,2360,agent,33,0.679178699175393,True,33
slimshetty/swebench-verified:sweb.eval.x86_64.django__django-10914,1.0,r2egym-qwen3-32b-100-steps,14,1890,agent,98,0.7772998611746912,True,98
slimshetty/swebench-verified:sweb.eval.x86_64.django__django-16139,1.0,r2egym-qwen3-32b-100-steps,100,3278,abs_step_limit,86,0.7772998508568417,True,86
slimshetty/swebench-verified:sweb.eval.x86_64.django__django-10880,1.0,r2egym-qwen3-32b-100-steps,87,2762,token_limit,55,0.8354835289107307,True,55
slimshetty/swebench-verified:sweb.eval.x86_64.django__django-11087,0.0,r2egym-qwen3-32b-100-steps,100,0,abs_step_limit,41,0.0002959571668836,False,41
slimshetty/swebench-verified:sweb.eval.x86_64.django__django-12774,0.0,r2egym-qwen3-32b-100-steps,42,2496,agent_max_step_limit,39,0.7310585727705126,False,40
slimshetty/swebench-verified:sweb.eval.x86_64.django__django-16661,1.0,r2egym-qwen3-32b-100-steps,45,2074,agent_max_step_limit,36,0.8670357580842941,True,36
slimshetty/swebench-verified:sweb.eval.x86_64.django__django-14122,0.0,r2egym-qwen3-32b-100-steps,36,3967,agent,26,0.7057850340255386,False,26
slimshetty/swebench-verified:sweb.eval.x86_64.django__django-16899,1.0,r2egym-qwen3-32b-100-steps,100,2551,abs_step_limit,54,0.679178699175393,True,54
slimshetty/swebench-verified:sweb.eval.x86_64.django__django-13551,0.0,r2egym-qwen3-32b-100-steps,18,2560,agent,56,0.8175744739711883,False,57
slimshetty/swebench-verified:sweb.eval.x86_64.sympy__sympy-12419,0.0,r2egym-qwen3-32b-100-steps,45,2009,token_limit,25,0.1645164669929161,False,26
slimshetty/swebench-verified:sweb.eval.x86_64.django__django-13925,0.0,r2egym-qwen3-32b-100-steps,45,0,llm_query_error,24,3.5356254902111115e-05,False,22
slimshetty/swebench-verified:sweb.eval.x86_64.django__django-12209,1.0,r2egym-qwen3-32b-100-steps,14,2222,agent,0,0.8670357563664174,True,1
slimshetty/swebench-verified:sweb.eval.x86_64.pytest-dev__pytest-5840,0.0,r2egym-qwen3-32b-100-steps,53,0,token_limit,51,9.61023800487697e-05,False,52
slimshetty/swebench-verified:sweb.eval.x86_64.scikit-learn__scikit-learn-25232,1.0,r2egym-qwen3-32b-100-steps,26,2267,agent,214,0.7549149868676283,True,214
slimshetty/swebench-verified:sweb.eval.x86_64.matplotlib__matplotlib-24149,1.0,r2egym-qwen3-32b-100-steps,22,1132,agent,767,0.8519528057272543,True,767
slimshetty/swebench-verified:sweb.eval.x86_64.django__django-16485,1.0,r2egym-qwen3-32b-100-steps,19,958,agent,9,0.7310585786300049,True,10
slimshetty/swebench-verified:sweb.eval.x86_64.django__django-13112,0.0,r2egym-qwen3-32b-100-steps,100,0,abs_step_limit,63,0.000911051283834,False,63
slimshetty/swebench-verified:sweb.eval.x86_64.sympy__sympy-15599,0.0,r2egym-qwen3-32b-100-steps,10,1053,agent,80,0.8354835452961425,False,80
slimshetty/swebench-verified:sweb.eval.x86_64.astropy__astropy-14508,0.0,r2egym-qwen3-32b-100-steps,11,2040,agent,173,0.8670357580842941,False,173
slimshetty/swebench-verified:sweb.eval.x86_64.sphinx-doc__sphinx-10466,0.0,r2egym-qwen3-32b-100-steps,56,679,llm_query_error,6,0.679178699175393,False,6
slimshetty/swebench-verified:sweb.eval.x86_64.sphinx-doc__sphinx-9461,0.0,r2egym-qwen3-32b-100-steps,97,1048,llm_query_error,59,0.0330859807722415,False,61
slimshetty/swebench-verified:sweb.eval.x86_64.django__django-12050,1.0,r2egym-qwen3-32b-100-steps,12,1619,agent,10,0.8807970779778824,True,10
slimshetty/swebench-verified:sweb.eval.x86_64.django__django-13516,0.0,r2egym-qwen3-32b-100-steps,100,3723,abs_step_limit,40,0.0534033282932747,False,43
slimshetty/swebench-verified:sweb.eval.x86_64.sphinx-doc__sphinx-9258,0.0,r2egym-qwen3-32b-100-steps,100,912,abs_step_limit,45,0.0002305066306628,False,45
slimshetty/swebench-verified:sweb.eval.x86_64.django__django-16493,1.0,r2egym-qwen3-32b-100-steps,39,1020,agent,91,0.0097084768754475,True,91
slimshetty/swebench-verified:sweb.eval.x86_64.sphinx-doc__sphinx-9230,0.0,r2egym-qwen3-32b-100-steps,42,731,token_limit,44,0.0179862072643447,False,45
slimshetty/swebench-verified:sweb.eval.x86_64.scikit-learn__scikit-learn-12585,1.0,r2egym-qwen3-32b-100-steps,9,697,agent,22,0.7549149868676283,True,22
slimshetty/swebench-verified:sweb.eval.x86_64.scikit-learn__scikit-learn-11310,0.0,r2egym-qwen3-32b-100-steps,27,0,llm_query_error,50,1.892515274546026e-05,False,51
slimshetty/swebench-verified:sweb.eval.x86_64.django__django-11555,0.0,r2egym-qwen3-32b-100-steps,31,2247,agent,26,0.6513548646660542,False,26
slimshetty/swebench-verified:sweb.eval.x86_64.sympy__sympy-21847,1.0,r2egym-qwen3-32b-100-steps,29,2119,agent,9,0.8807970811069351,True,10
slimshetty/swebench-verified:sweb.eval.x86_64.sympy__sympy-13480,1.0,r2egym-qwen3-32b-100-steps,13,594,agent,43,0.8354835391516133,True,44
slimshetty/swebench-verified:sweb.eval.x86_64.django__django-14315,0.0,r2egym-qwen3-32b-100-steps,28,1273,agent,0,0.8807970732843033,False,8
slimshetty/swebench-verified:sweb.eval.x86_64.django__django-14915,0.0,r2egym-qwen3-32b-100-steps,100,2551,abs_step_limit,23,7.484623594113693e-05,False,23
slimshetty/swebench-verified:sweb.eval.x86_64.sympy__sympy-24661,1.0,r2egym-qwen3-32b-100-steps,25,1914,agent,27,0.8175744761936437,True,27
slimshetty/swebench-verified:sweb.eval.x86_64.sphinx-doc__sphinx-11510,0.0,r2egym-qwen3-32b-100-steps,1,0,token_limit,7,0.0002611904252248,False,7
slimshetty/swebench-verified:sweb.eval.x86_64.sphinx-doc__sphinx-8621,0.0,r2egym-qwen3-32b-100-steps,45,1058,token_limit,31,0.2227001388253088,False,31
slimshetty/swebench-verified:sweb.eval.x86_64.pydata__xarray-4966,1.0,r2egym-qwen3-32b-100-steps,23,1021,agent,21,0.8807970889295663,True,17
slimshetty/swebench-verified:sweb.eval.x86_64.django__django-14787,1.0,r2egym-qwen3-32b-100-steps,15,1463,agent,20,0.817574471748733,True,20
slimshetty/swebench-verified:sweb.eval.x86_64.django__django-11400,0.0,r2egym-qwen3-32b-100-steps,100,5353,abs_step_limit,58,0.7981867729389246,False,58
slimshetty/swebench-verified:sweb.eval.x86_64.django__django-15280,0.0,r2egym-qwen3-32b-100-steps,60,0,llm_query_error,85,0.0001233945299699,False,85
slimshetty/swebench-verified:sweb.eval.x86_64.pydata__xarray-4356,1.0,r2egym-qwen3-32b-100-steps,11,844,agent,604,0.8175744828610095,True,580
slimshetty/swebench-verified:sweb.eval.x86_64.django__django-15161,0.0,r2egym-qwen3-32b-100-steps,79,953,agent_max_step_limit,208,0.5621765008857982,False,210
slimshetty/swebench-verified:sweb.eval.x86_64.django__django-14534,0.0,r2egym-qwen3-32b-100-steps,24,1364,agent,118,0.7057850278370112,False,119
slimshetty/swebench-verified:sweb.eval.x86_64.django__django-16527,1.0,r2egym-qwen3-32b-100-steps,63,6087,token_limit,6,0.7772998611746911,True,6
slimshetty/swebench-verified:sweb.eval.x86_64.sympy__sympy-22080,0.0,r2egym-qwen3-32b-100-steps,38,1116,token_limit,91,0.2227001439842335,False,93
slimshetty/swebench-verified:sweb.eval.x86_64.sympy__sympy-18189,1.0,r2egym-qwen3-32b-100-steps,18,670,agent,41,0.851952809486198,True,42
slimshetty/swebench-verified:sweb.eval.x86_64.sphinx-doc__sphinx-10673,0.0,r2egym-qwen3-32b-100-steps,34,4118,token_limit,5,0.0059110698878234,False,5
slimshetty/swebench-verified:sweb.eval.x86_64.scikit-learn__scikit-learn-26323,1.0,r2egym-qwen3-32b-100-steps,12,625,agent,188,0.8807970748488297,True,188
slimshetty/swebench-verified:sweb.eval.x86_64.django__django-11179,1.0,r2egym-qwen3-32b-100-steps,75,3363,agent_max_step_limit,40,0.798186787341014,True,40
slimshetty/swebench-verified:sweb.eval.x86_64.astropy__astropy-7606,0.0,r2egym-qwen3-32b-100-steps,6,970,agent,0,0.8519528038477824,False,0
slimshetty/swebench-verified:sweb.eval.x86_64.django__django-11163,1.0,r2egym-qwen3-32b-100-steps,12,570,agent,141,0.8354835330070839,True,142
slimshetty/swebench-verified:sweb.eval.x86_64.django__django-17029,1.0,r2egym-qwen3-32b-100-steps,35,2555,agent,43,0.8670357683915538,True,43
slimshetty/swebench-verified:sweb.eval.x86_64.django__django-15554,0.0,r2egym-qwen3-32b-100-steps,87,0,llm_query_error,41,1.8925150486764003e-05,False,41
slimshetty/swebench-verified:sweb.eval.x86_64.pytest-dev__pytest-10081,1.0,r2egym-qwen3-32b-100-steps,17,1156,agent,63,0.8670357512127872,True,62
slimshetty/swebench-verified:sweb.eval.x86_64.django__django-11728,0.0,r2egym-qwen3-32b-100-steps,10,1019,token_limit,43,0.0179862062444649,False,45
slimshetty/swebench-verified:sweb.eval.x86_64.django__django-15930,0.0,r2egym-qwen3-32b-100-steps,100,1405,abs_step_limit,88,0.0004878570505187,False,88
slimshetty/swebench-verified:sweb.eval.x86_64.sphinx-doc__sphinx-10323,0.0,r2egym-qwen3-32b-100-steps,94,2942,token_limit,38,0.6513548646660542,False,38
slimshetty/swebench-verified:sweb.eval.x86_64.pylint-dev__pylint-4661,0.0,r2egym-qwen3-32b-100-steps,88,1900,token_limit,0,0.4073334000459302,False,50
slimshetty/swebench-verified:sweb.eval.x86_64.sphinx-doc__sphinx-8638,0.0,r2egym-qwen3-32b-100-steps,41,906,token_limit,34,0.0002034269715617,False,34
slimshetty/swebench-verified:sweb.eval.x86_64.sympy__sympy-13615,0.0,r2egym-qwen3-32b-100-steps,63,0,llm_query_error,70,2.7535691083329963e-05,False,71
slimshetty/swebench-verified:sweb.eval.x86_64.django__django-15629,0.0,r2egym-qwen3-32b-100-steps,62,2288,llm_query_error,115,0.1329642522229663,False,115
slimshetty/swebench-verified:sweb.eval.x86_64.django__django-16082,0.0,r2egym-qwen3-32b-100-steps,57,1581,agent_max_step_limit,170,0.3486451285660856,False,172
slimshetty/swebench-verified:sweb.eval.x86_64.sphinx-doc__sphinx-8269,1.0,r2egym-qwen3-32b-100-steps,56,1753,agent_max_step_limit,5,0.8519527944504227,True,5
slimshetty/swebench-verified:sweb.eval.x86_64.astropy__astropy-14309,1.0,r2egym-qwen3-32b-100-steps,12,549,agent,141,0.8354835432479661,True,141
slimshetty/swebench-verified:sweb.eval.x86_64.matplotlib__matplotlib-20826,0.0,r2egym-qwen3-32b-100-steps,35,1663,agent,673,0.5,False,673
slimshetty/swebench-verified:sweb.eval.x86_64.sphinx-doc__sphinx-11445,0.0,r2egym-qwen3-32b-100-steps,98,1228,token_limit,8,0.0006263342939741,False,7
slimshetty/swebench-verified:sweb.eval.x86_64.sympy__sympy-17318,0.0,r2egym-qwen3-32b-100-steps,41,1243,max_step_limit,1,0.2450850076183952,False,1
slimshetty/swebench-verified:sweb.eval.x86_64.pytest-dev__pytest-5787,0.0,r2egym-qwen3-32b-100-steps,59,0,llm_query_error,123,3.5356250681935664e-05,False,123
slimshetty/swebench-verified:sweb.eval.x86_64.sympy__sympy-16792,0.0,r2egym-qwen3-32b-100-steps,74,0,llm_query_error,54,3.5356267541418054e-05,False,54
slimshetty/swebench-verified:sweb.eval.x86_64.django__django-15851,1.0,r2egym-qwen3-32b-100-steps,70,2408,agent_max_step_limit,8,0.7310585844894971,True,8
slimshetty/swebench-verified:sweb.eval.x86_64.django__django-13033,0.0,r2egym-qwen3-32b-100-steps,67,1248,llm_query_error,26,0.000179528005685,False,26
slimshetty/swebench-verified:sweb.eval.x86_64.astropy__astropy-14096,0.0,r2egym-qwen3-32b-100-steps,62,1339,llm_query_error,426,0.0059110700246377,False,426
slimshetty/swebench-verified:sweb.eval.x86_64.pytest-dev__pytest-6197,0.0,r2egym-qwen3-32b-100-steps,100,1104,abs_step_limit,144,0.7981867777396212,False,144
slimshetty/swebench-verified:sweb.eval.x86_64.django__django-14999,1.0,r2egym-qwen3-32b-100-steps,16,715,agent,113,0.8175744695262777,True,113
slimshetty/swebench-verified:sweb.eval.x86_64.pytest-dev__pytest-5631,0.0,r2egym-qwen3-32b-100-steps,51,1382,agent_max_step_limit,15,0.5312093733737563,False,0
slimshetty/swebench-verified:sweb.eval.x86_64.sphinx-doc__sphinx-9698,1.0,r2egym-qwen3-32b-100-steps,36,1574,agent,45,0.5,True,45
slimshetty/swebench-verified:sweb.eval.x86_64.sympy__sympy-14531,1.0,r2egym-qwen3-32b-100-steps,100,1912,abs_step_limit,84,0.8670357666736772,True,85
slimshetty/swebench-verified:sweb.eval.x86_64.django__django-13012,0.0,r2egym-qwen3-32b-100-steps,100,0,abs_step_limit,137,5.144223809160982e-05,False,137
slimshetty/swebench-verified:sweb.eval.x86_64.django__django-11119,1.0,r2egym-qwen3-32b-100-steps,17,1138,agent,7,0.7981867801399694,True,7
slimshetty/swebench-verified:sweb.eval.x86_64.sympy__sympy-18211,0.0,r2egym-qwen3-32b-100-steps,34,983,agent,52,0.8670357512127873,False,52
slimshetty/swebench-verified:sweb.eval.x86_64.django__django-13406,0.0,r2egym-qwen3-32b-100-steps,100,2261,abs_step_limit,32,0.0006263340720144,False,33
slimshetty/swebench-verified:sweb.eval.x86_64.scikit-learn__scikit-learn-13328,1.0,r2egym-qwen3-32b-100-steps,13,637,agent,9,0.8519528019683105,True,9
slimshetty/swebench-verified:sweb.eval.x86_64.django__django-11951,1.0,r2egym-qwen3-32b-100-steps,42,2227,agent_max_step_limit,21,0.7549149813536518,True,21
slimshetty/swebench-verified:sweb.eval.x86_64.sphinx-doc__sphinx-8120,1.0,r2egym-qwen3-32b-100-steps,45,712,llm_query_error,44,0.5621765008857982,True,44
slimshetty/swebench-verified:sweb.eval.x86_64.django__django-14311,0.0,r2egym-qwen3-32b-100-steps,100,5204,abs_step_limit,56,0.731058584489497,False,56
slimshetty/swebench-verified:sweb.eval.x86_64.sympy__sympy-12489,0.0,r2egym-qwen3-32b-100-steps,29,2508,agent,8,0.8519528057272543,False,8
slimshetty/swebench-verified:sweb.eval.x86_64.pylint-dev__pylint-7277,1.0,r2egym-qwen3-32b-100-steps,14,1219,agent,122,0.7772998560157665,True,123
slimshetty/swebench-verified:sweb.eval.x86_64.sphinx-doc__sphinx-7590,0.0,r2egym-qwen3-32b-100-steps,100,2634,abs_step_limit,0,0.0140636256614934,False,0
slimshetty/swebench-verified:sweb.eval.x86_64.matplotlib__matplotlib-24570,1.0,r2egym-qwen3-32b-100-steps,16,1589,agent,267,0.6791786861878392,True,263
slimshetty/swebench-verified:sweb.eval.x86_64.astropy__astropy-13453,1.0,r2egym-qwen3-32b-100-steps,45,714,agent_max_step_limit,9,0.8670357477770336,True,9
slimshetty/swebench-verified:sweb.eval.x86_64.django__django-11964,1.0,r2egym-qwen3-32b-100-steps,98,3865,token_limit,15,0.6513548511303338,True,16
slimshetty/swebench-verified:sweb.eval.x86_64.django__django-13023,0.0,r2egym-qwen3-32b-100-steps,17,1518,agent,9,0.8354835371034368,False,10
slimshetty/swebench-verified:sweb.eval.x86_64.sympy__sympy-22714,0.0,r2egym-qwen3-32b-100-steps,22,276,token_limit,11,0.0035936017410566,False,11
slimshetty/swebench-verified:sweb.eval.x86_64.sphinx-doc__sphinx-7748,0.0,r2egym-qwen3-32b-100-steps,100,4288,abs_step_limit,11,0.2450850186463482,False,12
slimshetty/swebench-verified:sweb.eval.x86_64.django__django-16595,1.0,r2egym-qwen3-32b-100-steps,18,1791,token_limit,37,0.2689414330889797,True,37
slimshetty/swebench-verified:sweb.eval.x86_64.django__django-13569,0.0,r2egym-qwen3-32b-100-steps,100,0,abs_step_limit,66,0.0002959571318199,False,67
slimshetty/swebench-verified:sweb.eval.x86_64.sympy__sympy-23824,1.0,r2egym-qwen3-32b-100-steps,9,594,agent,2,0.9241418246795768,True,3
slimshetty/swebench-verified:sweb.eval.x86_64.django__django-13028,0.0,r2egym-qwen3-32b-100-steps,19,2827,agent,276,0.7772998508568416,False,277
slimshetty/swebench-verified:sweb.eval.x86_64.matplotlib__matplotlib-25287,1.0,r2egym-qwen3-32b-100-steps,100,1614,abs_step_limit,786,0.1480471942727457,True,786
slimshetty/swebench-verified:sweb.eval.x86_64.sympy__sympy-12096,1.0,r2egym-qwen3-32b-100-steps,12,1469,agent,43,0.8670357615200474,True,43
slimshetty/swebench-verified:sweb.eval.x86_64.django__django-15572,0.0,r2egym-qwen3-32b-100-steps,4,0,token_limit,10,0.0001398220888586,False,10
slimshetty/swebench-verified:sweb.eval.x86_64.sphinx-doc__sphinx-9320,1.0,r2egym-qwen3-32b-100-steps,28,2053,agent,9,0.8670357615200474,True,9
slimshetty/swebench-verified:sweb.eval.x86_64.astropy__astropy-8872,0.0,r2egym-qwen3-32b-100-steps,7,739,agent,0,0.798186768138228,False,0
slimshetty/swebench-verified:sweb.eval.x86_64.sympy__sympy-14248,0.0,r2egym-qwen3-32b-100-steps,81,3321,llm_query_error,433,0.5,False,434
slimshetty/swebench-verified:sweb.eval.x86_64.sympy__sympy-19495,1.0,r2egym-qwen3-32b-100-steps,33,1086,agent,8,0.9149009619539554,True,8
slimshetty/swebench-verified:sweb.eval.x86_64.django__django-12754,0.0,r2egym-qwen3-32b-100-steps,86,4341,llm_query_error,104,0.731058584489497,False,104
slimshetty/swebench-verified:sweb.eval.x86_64.django__django-15741,1.0,r2egym-qwen3-32b-100-steps,67,1383,agent_max_step_limit,104,0.3208212943308302,True,104
slimshetty/swebench-verified:sweb.eval.x86_64.django__django-11532,0.0,r2egym-qwen3-32b-100-steps,33,1660,agent,130,0.7981867729389246,False,148
slimshetty/swebench-verified:sweb.eval.x86_64.django__django-14434,1.0,r2egym-qwen3-32b-100-steps,46,1765,agent_max_step_limit,133,0.8519528000888387,True,133
slimshetty/swebench-verified:sweb.eval.x86_64.sphinx-doc__sphinx-10435,0.0,r2egym-qwen3-32b-100-steps,100,3600,abs_step_limit,73,0.6224593382055109,False,73
slimshetty/swebench-verified:sweb.eval.x86_64.django__django-13810,1.0,r2egym-qwen3-32b-100-steps,31,2788,llm_query_error,30,0.0,True,32
slimshetty/swebench-verified:sweb.eval.x86_64.django__django-17087,0.0,r2egym-qwen3-32b-100-steps,78,3429,token_limit,53,0.0040701370778902,False,53
slimshetty/swebench-verified:sweb.eval.x86_64.pytest-dev__pytest-5809,1.0,r2egym-qwen3-32b-100-steps,100,1891,abs_step_limit,3,0.7310585727705126,True,3
slimshetty/swebench-verified:sweb.eval.x86_64.scikit-learn__scikit-learn-9288,1.0,r2egym-qwen3-32b-100-steps,12,1154,agent,123,0.8933094025038598,True,123
slimshetty/swebench-verified:sweb.eval.x86_64.sphinx-doc__sphinx-9658,1.0,r2egym-qwen3-32b-100-steps,100,1481,abs_step_limit,24,0.0420877270144781,True,23
slimshetty/swebench-verified:sweb.eval.x86_64.django__django-14580,1.0,r2egym-qwen3-32b-100-steps,100,2699,abs_step_limit,49,0.7310585727705127,True,49
slimshetty/swebench-verified:sweb.eval.x86_64.pydata__xarray-6461,1.0,r2egym-qwen3-32b-100-steps,24,1005,agent,247,0.8175744850834648,True,248
slimshetty/swebench-verified:sweb.eval.x86_64.django__django-16255,1.0,r2egym-qwen3-32b-100-steps,7,524,agent,36,0.880797085800514,True,36
slimshetty/swebench-verified:sweb.eval.x86_64.django__django-14725,0.0,r2egym-qwen3-32b-100-steps,48,5643,token_limit,64,0.0420877247616266,False,64
slimshetty/swebench-verified:sweb.eval.x86_64.pylint-dev__pylint-4970,0.0,r2egym-qwen3-32b-100-steps,100,586,abs_step_limit,17,0.7772998508568416,False,17
slimshetty/swebench-verified:sweb.eval.x86_64.sympy__sympy-13974,1.0,r2egym-qwen3-32b-100-steps,20,650,agent,4,0.8519528000888386,True,5
slimshetty/swebench-verified:sweb.eval.x86_64.django__django-13315,0.0,r2egym-qwen3-32b-100-steps,41,1746,max_step_limit,146,0.0019267345182601,False,147
slimshetty/swebench-verified:sweb.eval.x86_64.scikit-learn__scikit-learn-25747,0.0,r2egym-qwen3-32b-100-steps,17,1620,agent,14,0.8807970826714614,False,14
slimshetty/swebench-verified:sweb.eval.x86_64.sympy__sympy-20590,0.0,r2egym-qwen3-32b-100-steps,41,0,token_limit,21,0.0001584361770905,False,21
slimshetty/swebench-verified:sweb.eval.x86_64.astropy__astropy-14539,1.0,r2egym-qwen3-32b-100-steps,15,846,agent,46,0.7549149923816048,True,48
slimshetty/swebench-verified:sweb.eval.x86_64.astropy__astropy-13579,1.0,r2egym-qwen3-32b-100-steps,27,1918,agent,40,0.8807970701552505,True,40
slimshetty/swebench-verified:sweb.eval.x86_64.django__django-16100,1.0,r2egym-qwen3-32b-100-steps,76,5704,llm_query_error,59,0.8807970795424087,True,59
slimshetty/swebench-verified:sweb.eval.x86_64.sphinx-doc__sphinx-8265,0.0,r2egym-qwen3-32b-100-steps,100,906,abs_step_limit,22,0.0013250225560108,False,23
slimshetty/swebench-verified:sweb.eval.x86_64.matplotlib__matplotlib-20488,0.0,r2egym-qwen3-32b-100-steps,36,990,token_limit,110,0.3775406687981454,False,111
slimshetty/swebench-verified:sweb.eval.x86_64.django__django-12708,1.0,r2egym-qwen3-32b-100-steps,34,2219,agent,101,0.8354835411997897,True,101
slimshetty/swebench-verified:sweb.eval.x86_64.pytest-dev__pytest-7324,0.0,r2egym-qwen3-32b-100-steps,86,0,llm_query_error,58,2.753568779580163e-05,False,58
slimshetty/swebench-verified:sweb.eval.x86_64.pydata__xarray-3305,1.0,r2egym-qwen3-32b-100-steps,22,475,agent,653,0.9046505376715775,True,665
slimshetty/swebench-verified:sweb.eval.x86_64.django__django-14089,1.0,r2egym-qwen3-32b-100-steps,39,935,agent,43,0.8670357701094303,True,43
slimshetty/swebench-verified:sweb.eval.x86_64.django__django-14376,0.0,r2egym-qwen3-32b-100-steps,100,2603,abs_step_limit,6,0.7981867825403177,False,9
slimshetty/swebench-verified:sweb.eval.x86_64.django__django-13807,0.0,r2egym-qwen3-32b-100-steps,100,1108,abs_step_limit,38,0.5621765008857981,False,40
slimshetty/swebench-verified:sweb.eval.x86_64.matplotlib__matplotlib-25332,1.0,r2egym-qwen3-32b-100-steps,28,1928,agent,181,0.8670357598021707,True,182
slimshetty/swebench-verified:sweb.eval.x86_64.django__django-12325,0.0,r2egym-qwen3-32b-100-steps,100,0,abs_step_limit,201,2.7535694358938284e-05,False,201
slimshetty/swebench-verified:sweb.eval.x86_64.matplotlib__matplotlib-24970,1.0,r2egym-qwen3-32b-100-steps,18,1022,agent,253,0.7057850402140659,True,250
slimshetty/swebench-verified:sweb.eval.x86_64.matplotlib__matplotlib-23476,0.0,r2egym-qwen3-32b-100-steps,100,0,abs_step_limit,104,0.0001584362351304,False,104
slimshetty/swebench-verified:sweb.eval.x86_64.django__django-13401,1.0,r2egym-qwen3-32b-100-steps,26,1316,agent,32,0.8519528019683106,True,32
slimshetty/swebench-verified:sweb.eval.x86_64.django__django-11206,1.0,r2egym-qwen3-32b-100-steps,15,1933,agent,4,0.7549149923816048,True,6
slimshetty/swebench-verified:sweb.eval.x86_64.sympy__sympy-16766,1.0,r2egym-qwen3-32b-100-steps,15,848,agent,7,0.8175744806385542,True,8
slimshetty/swebench-verified:sweb.eval.x86_64.sympy__sympy-24539,1.0,r2egym-qwen3-32b-100-steps,23,1063,agent,62,0.9046505428129514,True,63
slimshetty/swebench-verified:sweb.eval.x86_64.django__django-16454,0.0,r2egym-qwen3-32b-100-steps,26,1651,agent,44,0.7057850278370112,False,44
slimshetty/swebench-verified:sweb.eval.x86_64.django__django-15814,1.0,r2egym-qwen3-32b-100-steps,29,2008,agent,29,0.817574478416099,True,29
slimshetty/swebench-verified:sweb.eval.x86_64.django__django-15569,1.0,r2egym-qwen3-32b-100-steps,41,1259,max_step_limit,242,0.8519528076067262,True,243
slimshetty/swebench-verified:sweb.eval.x86_64.django__django-15315,1.0,r2egym-qwen3-32b-100-steps,22,1404,agent,33,0.7549149868676284,True,32
slimshetty/swebench-verified:sweb.eval.x86_64.pydata__xarray-4687,0.0,r2egym-qwen3-32b-100-steps,94,0,token_limit,1717,0.000123394574268,False,1717
slimshetty/swebench-verified:sweb.eval.x86_64.astropy__astropy-14369,0.0,r2egym-qwen3-32b-100-steps,57,1511,token_limit,0,0.0004878571579773,False,0
slimshetty/swebench-verified:sweb.eval.x86_64.django__django-15375,0.0,r2egym-qwen3-32b-100-steps,70,0,token_limit,95,4.00636778258121e-05,False,94
slimshetty/swebench-verified:sweb.eval.x86_64.django__django-15368,1.0,r2egym-qwen3-32b-100-steps,43,2676,agent_max_step_limit,29,0.7981867729389246,True,29
slimshetty/swebench-verified:sweb.eval.x86_64.django__django-11749,0.0,r2egym-qwen3-32b-100-steps,76,794,token_limit,34,0.0007096705221118,False,34
slimshetty/swebench-verified:sweb.eval.x86_64.scikit-learn__scikit-learn-10297,1.0,r2egym-qwen3-32b-100-steps,19,1493,agent,28,0.7981867801399695,True,28
slimshetty/swebench-verified:sweb.eval.x86_64.django__django-12741,0.0,r2egym-qwen3-32b-100-steps,38,904,llm_query_error,64,0.7772998611746912,False,64
slimshetty/swebench-verified:sweb.eval.x86_64.sympy__sympy-17139,0.0,r2egym-qwen3-32b-100-steps,61,915,token_limit,67,0.8670357649558006,False,68
slimshetty/swebench-verified:sweb.eval.x86_64.sphinx-doc__sphinx-7757,0.0,r2egym-qwen3-32b-100-steps,100,295,abs_step_limit,33,0.0085774867759323,False,34
slimshetty/swebench-verified:sweb.eval.x86_64.django__django-13121,0.0,r2egym-qwen3-32b-100-steps,40,0,llm_query_error,168,2.144495607718964e-05,False,169
slimshetty/swebench-verified:sweb.eval.x86_64.django__django-13212,0.0,r2egym-qwen3-32b-100-steps,60,7130,agent_max_step_limit,2,0.6513548714339145,False,2
slimshetty/swebench-verified:sweb.eval.x86_64.django__django-13658,1.0,r2egym-qwen3-32b-100-steps,31,2912,agent,181,0.8807970811069351,True,185
slimshetty/swebench-verified:sweb.eval.x86_64.matplotlib__matplotlib-25311,0.0,r2egym-qwen3-32b-100-steps,55,1529,agent_max_step_limit,181,0.7772998560157665,False,182
slimshetty/swebench-verified:sweb.eval.x86_64.django__django-11885,0.0,r2egym-qwen3-32b-100-steps,42,3401,agent_max_step_limit,41,0.8175744695262775,False,41
slimshetty/swebench-verified:sweb.eval.x86_64.django__django-11433,0.0,r2egym-qwen3-32b-100-steps,75,1703,llm_query_error,142,0.0004878570990823,False,142
slimshetty/swebench-verified:sweb.eval.x86_64.django__django-13741,1.0,r2egym-qwen3-32b-100-steps,26,2304,agent,82,0.651354857898194,True,83
slimshetty/swebench-verified:sweb.eval.x86_64.astropy__astropy-7336,0.0,r2egym-qwen3-32b-100-steps,9,789,agent,0,0.8519527982093668,False,0
slimshetty/swebench-verified:sweb.eval.x86_64.django__django-13417,0.0,r2egym-qwen3-32b-100-steps,77,0,llm_query_error,280,2.753570419988976e-05,False,280
slimshetty/swebench-verified:sweb.eval.x86_64.sympy__sympy-21596,0.0,r2egym-qwen3-32b-100-steps,100,1715,abs_step_limit,0,0.0031726828137673,False,0
slimshetty/swebench-verified:sweb.eval.x86_64.pytest-dev__pytest-6202,1.0,r2egym-qwen3-32b-100-steps,100,397,abs_step_limit,72,0.0758581742757964,True,73
slimshetty/swebench-verified:sweb.eval.x86_64.django__django-13590,1.0,r2egym-qwen3-32b-100-steps,8,927,agent,145,0.8933094074745443,True,146
slimshetty/swebench-verified:sweb.eval.x86_64.django__django-14765,1.0,r2egym-qwen3-32b-100-steps,14,2263,agent,64,0.6791786926816161,True,64
slimshetty/swebench-verified:sweb.eval.x86_64.pydata__xarray-4695,1.0,r2egym-qwen3-32b-100-steps,16,578,agent,875,0.8807970904940926,True,876
slimshetty/swebench-verified:sweb.eval.x86_64.astropy__astropy-13033,0.0,r2egym-qwen3-32b-100-steps,17,1401,agent,19,0.8519528000888386,False,19
slimshetty/swebench-verified:sweb.eval.x86_64.pylint-dev__pylint-8898,0.0,r2egym-qwen3-32b-100-steps,100,698,abs_step_limit,16,0.182425521583901,False,15
slimshetty/swebench-verified:sweb.eval.x86_64.matplotlib__matplotlib-23299,0.0,r2egym-qwen3-32b-100-steps,1,687,token_limit,192,0.0007096704634131,False,192
slimshetty/swebench-verified:sweb.eval.x86_64.django__django-16032,0.0,r2egym-qwen3-32b-100-steps,6,0,token_limit,77,5.144220119623503e-05,False,77
slimshetty/swebench-verified:sweb.eval.x86_64.django__django-12193,1.0,r2egym-qwen3-32b-100-steps,44,3531,agent_max_step_limit,11,0.8175744828610095,True,11
slimshetty/swebench-verified:sweb.eval.x86_64.sympy__sympy-13877,0.0,r2egym-qwen3-32b-100-steps,10,695,llm_query_error,110,0.5312093733737562,False,111
slimshetty/swebench-verified:sweb.eval.x86_64.sphinx-doc__sphinx-8595,1.0,r2egym-qwen3-32b-100-steps,67,2360,token_limit,0,0.5,True,1469
slimshetty/swebench-verified:sweb.eval.x86_64.django__django-7530,1.0,r2egym-qwen3-32b-100-steps,100,0,abs_step_limit,59,2.1444948402034417e-05,True,63
slimshetty/swebench-verified:sweb.eval.x86_64.django__django-11099,1.0,r2egym-qwen3-32b-100-steps,21,2579,agent,19,0.7772998663336158,True,22
slimshetty/swebench-verified:sweb.eval.x86_64.scikit-learn__scikit-learn-15100,1.0,r2egym-qwen3-32b-100-steps,100,687,abs_step_limit,93,0.5312093733737563,True,93
slimshetty/swebench-verified:sweb.eval.x86_64.django__django-13513,0.0,r2egym-qwen3-32b-100-steps,39,1958,agent,83,0.0203323511907467,False,83
slimshetty/swebench-verified:sweb.eval.x86_64.sympy__sympy-13878,0.0,r2egym-qwen3-32b-100-steps,69,2097,token_limit,19,0.0097084758009745,False,20
slimshetty/swebench-verified:sweb.eval.x86_64.django__django-15863,1.0,r2egym-qwen3-32b-100-steps,9,624,agent,9,0.817574478416099,True,10
slimshetty/swebench-verified:sweb.eval.x86_64.django__django-16315,1.0,r2egym-qwen3-32b-100-steps,35,2293,agent,42,0.7549149868676283,True,42
slimshetty/swebench-verified:sweb.eval.x86_64.psf__requests-5414,0.0,r2egym-qwen3-32b-100-steps,13,1049,agent,122,0.8807970858005139,False,121
slimshetty/swebench-verified:sweb.eval.x86_64.pydata__xarray-6992,0.0,r2egym-qwen3-32b-100-steps,11,574,agent,945,0.7057850216484838,False,948
slimshetty/swebench-verified:sweb.eval.x86_64.django__django-16145,0.0,r2egym-qwen3-32b-100-steps,100,4108,abs_step_limit,170,0.3486451353339457,False,170
slimshetty/swebench-verified:sweb.eval.x86_64.django__django-12276,0.0,r2egym-qwen3-32b-100-steps,100,0,abs_step_limit,117,3.120192251631124e-05,False,117
slimshetty/swebench-verified:sweb.eval.x86_64.sympy__sympy-17655,0.0,r2egym-qwen3-32b-100-steps,84,1309,llm_query_error,9,0.0006263341488914,False,11
slimshetty/swebench-verified:sweb.eval.x86_64.sphinx-doc__sphinx-8459,0.0,r2egym-qwen3-32b-100-steps,98,2983,token_limit,0,0.0005527785829943,False,0
slimshetty/swebench-verified:sweb.eval.x86_64.astropy__astropy-14995,1.0,r2egym-qwen3-32b-100-steps,8,609,agent,179,0.9046505357435622,True,179
slimshetty/swebench-verified:sweb.eval.x86_64.django__django-11066,1.0,r2egym-qwen3-32b-100-steps,72,3925,llm_query_error,3,0.7981867729389246,True,3
slimshetty/swebench-verified:sweb.eval.x86_64.django__django-11265,1.0,r2egym-qwen3-32b-100-steps,34,2365,agent,30,0.798186775339273,True,30
slimshetty/swebench-verified:sweb.eval.x86_64.matplotlib__matplotlib-24637,1.0,r2egym-qwen3-32b-100-steps,28,1837,agent,29,0.8354835330070839,True,30
slimshetty/swebench-verified:sweb.eval.x86_64.django__django-15103,1.0,r2egym-qwen3-32b-100-steps,100,2259,abs_step_limit,17,0.8175744739711883,True,17
slimshetty/swebench-verified:sweb.eval.x86_64.sympy__sympy-18763,1.0,r2egym-qwen3-32b-100-steps,37,983,agent,141,0.8354835350552604,True,141
slimshetty/swebench-verified:sweb.eval.x86_64.django__django-15916,0.0,r2egym-qwen3-32b-100-steps,100,2667,abs_step_limit,149,0.7057850402140659,False,149
slimshetty/swebench-verified:sweb.eval.x86_64.astropy__astropy-7166,0.0,r2egym-qwen3-32b-100-steps,7,533,agent,0,0.8933093989533708,False,0
slimshetty/swebench-verified:sweb.eval.x86_64.psf__requests-6028,0.0,r2egym-qwen3-32b-100-steps,39,1436,agent,185,0.8175744784160989,False,185
slimshetty/swebench-verified:sweb.eval.x86_64.pydata__xarray-6721,1.0,r2egym-qwen3-32b-100-steps,25,2041,agent,1405,0.5,True,1405
slimshetty/swebench-verified:sweb.eval.x86_64.django__django-11276,1.0,r2egym-qwen3-32b-100-steps,15,1433,agent,548,0.5312093733737563,True,553
slimshetty/swebench-verified:sweb.eval.x86_64.scikit-learn__scikit-learn-13142,0.0,r2egym-qwen3-32b-100-steps,42,1228,token_limit,54,0.002800926667976,False,54
slimshetty/swebench-verified:sweb.eval.x86_64.sphinx-doc__sphinx-9673,0.0,r2egym-qwen3-32b-100-steps,100,802,abs_step_limit,24,0.1480471942727456,False,25
slimshetty/swebench-verified:sweb.eval.x86_64.sphinx-doc__sphinx-10614,0.0,r2egym-qwen3-32b-100-steps,35,2399,token_limit,5,0.0330859820831871,False,6
slimshetty/swebench-verified:sweb.eval.x86_64.sympy__sympy-13372,1.0,r2egym-qwen3-32b-100-steps,100,774,abs_step_limit,44,0.8354835350552603,True,45
slimshetty/swebench-verified:sweb.eval.x86_64.django__django-11848,0.0,r2egym-qwen3-32b-100-steps,42,1211,agent_max_step_limit,43,0.5312093733737563,False,45
slimshetty/swebench-verified:sweb.eval.x86_64.sympy__sympy-16886,1.0,r2egym-qwen3-32b-100-steps,13,1637,agent,42,0.8933093989533708,True,43
slimshetty/swebench-verified:sweb.eval.x86_64.django__django-14792,0.0,r2egym-qwen3-32b-100-steps,100,2152,abs_step_limit,23,0.8354835391516133,False,24
slimshetty/swebench-verified:sweb.eval.x86_64.django__django-16136,0.0,r2egym-qwen3-32b-100-steps,20,0,token_limit,7,0.0001233946327821,False,8
slimshetty/swebench-verified:sweb.eval.x86_64.django__django-12039,0.0,r2egym-qwen3-32b-100-steps,100,3147,token_limit,0,0.00062633414441,False,0
slimshetty/swebench-verified:sweb.eval.x86_64.django__django-11138,0.0,r2egym-qwen3-32b-100-steps,24,2863,agent,73,0.5926665999540698,False,73
slimshetty/swebench-verified:sweb.eval.x86_64.astropy__astropy-13977,0.0,r2egym-qwen3-32b-100-steps,7,792,agent,318,0.8354835411997897,False,294
slimshetty/swebench-verified:sweb.eval.x86_64.django__django-12125,0.0,r2egym-qwen3-32b-100-steps,23,0,token_limit,45,0.0001233945297599,False,46
slimshetty/swebench-verified:sweb.eval.x86_64.sphinx-doc__sphinx-9602,0.0,r2egym-qwen3-32b-100-steps,67,1016,llm_query_error,45,0.2018132246607271,False,45
slimshetty/swebench-verified:sweb.eval.x86_64.matplotlib__matplotlib-24026,0.0,r2egym-qwen3-32b-100-steps,48,1297,agent_max_step_limit,764,0.6224593312018546,False,767
slimshetty/swebench-verified:sweb.eval.x86_64.django__django-12262,0.0,r2egym-qwen3-32b-100-steps,100,0,abs_step_limit,18,2.753570092478113e-05,False,22
slimshetty/swebench-verified:sweb.eval.x86_64.django__django-10554,0.0,r2egym-qwen3-32b-100-steps,100,516,abs_step_limit,23,0.0019267346973556,False,24
slimshetty/swebench-verified:sweb.eval.x86_64.scikit-learn__scikit-learn-14141,1.0,r2egym-qwen3-32b-100-steps,8,354,agent,2,0.880797071719777,True,3
slimshetty/swebench-verified:sweb.eval.x86_64.django__django-11451,1.0,r2egym-qwen3-32b-100-steps,21,2001,agent,45,0.7772998714925403,True,48
slimshetty/swebench-verified:sweb.eval.x86_64.pytest-dev__pytest-10356,0.0,r2egym-qwen3-32b-100-steps,24,2678,token_limit,65,0.1480472036701053,False,65
slimshetty/swebench-verified:sweb.eval.x86_64.django__django-16667,0.0,r2egym-qwen3-32b-100-steps,14,635,agent,24,0.7549149923816048,False,26
slimshetty/swebench-verified:sweb.eval.x86_64.psf__requests-1142,0.0,r2egym-qwen3-32b-100-steps,100,42908,abs_step_limit,5,0.0002959570613049,False,5
slimshetty/swebench-verified:sweb.eval.x86_64.pytest-dev__pytest-5262,0.0,r2egym-qwen3-32b-100-steps,26,583,agent,107,0.7549149978955811,False,107
slimshetty/swebench-verified:sweb.eval.x86_64.matplotlib__matplotlib-26466,0.0,r2egym-qwen3-32b-100-steps,47,1295,agent_max_step_limit,100,0.679178699175393,False,103
slimshetty/swebench-verified:sweb.eval.x86_64.sympy__sympy-13091,0.0,r2egym-qwen3-32b-100-steps,37,1275,agent,88,0.5621765008857981,False,93
slimshetty/swebench-verified:sweb.eval.x86_64.django__django-16263,0.0,r2egym-qwen3-32b-100-steps,42,0,token_limit,100,5.8291251569143705e-05,False,99
slimshetty/swebench-verified:sweb.eval.x86_64.scikit-learn__scikit-learn-13779,0.0,r2egym-qwen3-32b-100-steps,8,0,token_limit,18,0.0002611903942942,False,18
slimshetty/swebench-verified:sweb.eval.x86_64.django__django-12858,0.0,r2egym-qwen3-32b-100-steps,69,3355,token_limit,69,0.0373268909584321,False,69
slimshetty/swebench-verified:sweb.eval.x86_64.django__django-13809,0.0,r2egym-qwen3-32b-100-steps,89,3580,llm_query_error,232,0.0474258758703056,False,232
slimshetty/swebench-verified:sweb.eval.x86_64.matplotlib__matplotlib-25479,0.0,r2egym-qwen3-32b-100-steps,54,2292,llm_query_error,263,0.0021827160193862,False,264
slimshetty/swebench-verified:sweb.eval.x86_64.django__django-13109,1.0,r2egym-qwen3-32b-100-steps,16,2650,agent,170,0.7772998611746911,True,169
slimshetty/swebench-verified:sweb.eval.x86_64.sympy__sympy-15349,1.0,r2egym-qwen3-32b-100-steps,8,479,agent,3,0.8670357615200474,True,3
slimshetty/swebench-verified:sweb.eval.x86_64.django__django-15973,0.0,r2egym-qwen3-32b-100-steps,100,3206,abs_step_limit,157,0.003172683368242,False,157
slimshetty/swebench-verified:sweb.eval.x86_64.mwaskom__seaborn-3069,0.0,r2egym-qwen3-32b-100-steps,58,2225,agent_max_step_limit,94,0.6791787056691698,False,94
slimshetty/swebench-verified:sweb.eval.x86_64.django__django-15252,0.0,r2egym-qwen3-32b-100-steps,44,2117,agent_max_step_limit,34,0.8519528019683106,False,34
slimshetty/swebench-verified:sweb.eval.x86_64.django__django-13363,1.0,r2egym-qwen3-32b-100-steps,43,3244,agent_max_step_limit,76,0.7772998611746911,True,77
slimshetty/swebench-verified:sweb.eval.x86_64.django__django-14017,0.0,r2egym-qwen3-32b-100-steps,21,2853,agent,147,0.7549149813536518,False,148
slimshetty/swebench-verified:sweb.eval.x86_64.sympy__sympy-15809,0.0,r2egym-qwen3-32b-100-steps,100,0,abs_step_limit,10,3.5356259102608094e-05,False,12
slimshetty/swebench-verified:sweb.eval.x86_64.django__django-11141,0.0,r2egym-qwen3-32b-100-steps,100,2524,abs_step_limit,23,0.5,False,23
slimshetty/swebench-verified:sweb.eval.x86_64.django__django-13297,0.0,r2egym-qwen3-32b-100-steps,100,2586,abs_step_limit,50,0.1480471961522175,False,50
slimshetty/swebench-verified:sweb.eval.x86_64.django__django-16642,0.0,r2egym-qwen3-32b-100-steps,19,1681,agent,21,0.7549149813536518,False,22
slimshetty/swebench-verified:sweb.eval.x86_64.pydata__xarray-3993,0.0,r2egym-qwen3-32b-100-steps,13,1479,agent,2398,0.7772998560157665,False,2400
slimshetty/swebench-verified:sweb.eval.x86_64.django__django-13410,1.0,r2egym-qwen3-32b-100-steps,12,755,agent,40,0.8670357683915538,True,40
slimshetty/swebench-verified:sweb.eval.x86_64.pydata__xarray-7229,0.0,r2egym-qwen3-32b-100-steps,25,372,token_limit,280,0.0040701384388437,False,281
slimshetty/swebench-verified:sweb.eval.x86_64.django__django-15525,0.0,r2egym-qwen3-32b-100-steps,100,0,abs_step_limit,53,8.481105100987086e-05,False,53
slimshetty/swebench-verified:sweb.eval.x86_64.django__django-13964,0.0,r2egym-qwen3-32b-100-steps,42,0,llm_query_error,36,8.481106129821764e-05,False,36
slimshetty/swebench-verified:sweb.eval.x86_64.sympy__sympy-13852,0.0,r2egym-qwen3-32b-100-steps,12,1818,token_limit,4,0.0953494578297202,False,4
slimshetty/swebench-verified:sweb.eval.x86_64.pytest-dev__pytest-7982,1.0,r2egym-qwen3-32b-100-steps,92,1585,token_limit,78,0.7772998663336158,True,78
slimshetty/swebench-verified:sweb.eval.x86_64.astropy__astropy-14365,0.0,r2egym-qwen3-32b-100-steps,69,1839,token_limit,3,0.0600866562753297,False,3
slimshetty/swebench-verified:sweb.eval.x86_64.django__django-14631,0.0,r2egym-qwen3-32b-100-steps,41,3912,max_step_limit,116,0.7981867729389246,False,116
slimshetty/swebench-verified:sweb.eval.x86_64.pydata__xarray-6744,0.0,r2egym-qwen3-32b-100-steps,18,1394,agent,1794,0.8354835432479661,False,1786
slimshetty/swebench-verified:sweb.eval.x86_64.django__django-14559,1.0,r2egym-qwen3-32b-100-steps,100,2457,abs_step_limit,23,0.6224593382055109,True,25
slimshetty/swebench-verified:sweb.eval.x86_64.sympy__sympy-20154,0.0,r2egym-qwen3-32b-100-steps,18,898,token_limit,40,0.1066905903951623,False,42
slimshetty/swebench-verified:sweb.eval.x86_64.matplotlib__matplotlib-25122,1.0,r2egym-qwen3-32b-100-steps,42,1821,agent_max_step_limit,2476,0.4687906266262437,True,2422
slimshetty/swebench-verified:sweb.eval.x86_64.django__django-14500,0.0,r2egym-qwen3-32b-100-steps,100,0,abs_step_limit,21,8.481102091427321e-05,False,21
slimshetty/swebench-verified:sweb.eval.x86_64.django__django-13346,0.0,r2egym-qwen3-32b-100-steps,76,3401,token_limit,65,0.5926665999540698,False,66
slimshetty/swebench-verified:sweb.eval.x86_64.django__django-13512,0.0,r2egym-qwen3-32b-100-steps,64,4153,llm_query_error,32,0.7310585903489892,False,35
slimshetty/swebench-verified:sweb.eval.x86_64.django__django-14007,0.0,r2egym-qwen3-32b-100-steps,47,4372,token_limit,0,0.0953494610430789,False,0
slimshetty/swebench-verified:sweb.eval.x86_64.sphinx-doc__sphinx-8035,0.0,r2egym-qwen3-32b-100-steps,75,2058,llm_query_error,1,0.4073334000459302,False,1
slimshetty/swebench-verified:sweb.eval.x86_64.sympy__sympy-21379,1.0,r2egym-qwen3-32b-100-steps,100,1519,abs_step_limit,91,0.4687906266262437,True,92
slimshetty/swebench-verified:sweb.eval.x86_64.sympy__sympy-17630,0.0,r2egym-qwen3-32b-100-steps,47,1979,agent_max_step_limit,19,0.8354835391516133,False,18
slimshetty/swebench-verified:sweb.eval.x86_64.sympy__sympy-21612,0.0,r2egym-qwen3-32b-100-steps,22,312,token_limit,98,0.0011695101721745,False,99
slimshetty/swebench-verified:sweb.eval.x86_64.pylint-dev__pylint-4551,0.0,r2egym-qwen3-32b-100-steps,63,2660,llm_query_error,0,0.0085774849781183,False,4
slimshetty/swebench-verified:sweb.eval.x86_64.sympy__sympy-13031,0.0,r2egym-qwen3-32b-100-steps,55,1190,token_limit,9,0.0675466850391404,False,10
slimshetty/swebench-verified:sweb.eval.x86_64.django__django-11734,0.0,r2egym-qwen3-32b-100-steps,15,0,token_limit,275,0.0001398220719549,False,275
slimshetty/swebench-verified:sweb.eval.x86_64.sphinx-doc__sphinx-7910,1.0,r2egym-qwen3-32b-100-steps,100,1193,abs_step_limit,16,0.5621765008857981,True,16
slimshetty/swebench-verified:sweb.eval.x86_64.sympy__sympy-13757,0.0,r2egym-qwen3-32b-100-steps,75,0,token_limit,166,0.0001088968693987,False,166
slimshetty/swebench-verified:sweb.eval.x86_64.astropy__astropy-14598,0.0,r2egym-qwen3-32b-100-steps,72,1489,token_limit,174,0.7057850216484838,False,174
slimshetty/swebench-verified:sweb.eval.x86_64.sympy__sympy-23534,0.0,r2egym-qwen3-32b-100-steps,8,284,token_limit,11,0.0024726232726391,False,12
slimshetty/swebench-verified:sweb.eval.x86_64.django__django-13195,0.0,r2egym-qwen3-32b-100-steps,100,3225,abs_step_limit,381,0.7772998714925403,False,383
slimshetty/swebench-verified:sweb.eval.x86_64.django__django-11149,1.0,r2egym-qwen3-32b-100-steps,30,8018,token_limit,46,0.4378234991142019,True,46
slimshetty/swebench-verified:sweb.eval.x86_64.django__django-11239,0.0,r2egym-qwen3-32b-100-steps,53,0,token_limit,5,2.430023781789361e-05,False,5
slimshetty/swebench-verified:sweb.eval.x86_64.pydata__xarray-3151,1.0,r2egym-qwen3-32b-100-steps,93,1523,llm_query_error,66,0.8670357598021707,True,66
slimshetty/swebench-verified:sweb.eval.x86_64.django__django-15380,0.0,r2egym-qwen3-32b-100-steps,5,0,token_limit,133,0.0001233946172859,False,133
slimshetty/swebench-verified:sweb.eval.x86_64.scikit-learn__scikit-learn-14053,1.0,r2egym-qwen3-rl-100-steps-attempt-6,18,2219,agent,5,0.8807970701552505,True,6
slimshetty/swebench-verified:sweb.eval.x86_64.pylint-dev__pylint-6528,0.0,r2egym-qwen3-32b-100-steps,100,3339,abs_step_limit,0,0.0046095731728955,False,0
slimshetty/swebench-verified:sweb.eval.x86_64.django__django-10097,0.0,r2egym-qwen3-32b-100-steps,76,0,token_limit,1432,1.4738980206290928e-05,False,11075
slimshetty/swebench-verified:sweb.eval.x86_64.django__django-15037,0.0,r2egym-qwen3-32b-100-steps,98,3682,llm_query_error,13,0.0109869440069085,False,13
slimshetty/swebench-verified:sweb.eval.x86_64.pallets__flask-5014,1.0,r2egym-qwen3-rl-100-steps-attempt-6,13,443,agent,59,0.8933094060543487,True,59
slimshetty/swebench-verified:sweb.eval.x86_64.sympy__sympy-19954,1.0,r2egym-qwen3-rl-100-steps-attempt-6,13,1375,agent,56,0.8519527944504227,True,57
slimshetty/swebench-verified:sweb.eval.x86_64.django__django-13821,1.0,r2egym-qwen3-rl-100-steps-attempt-6,41,1397,max_step_limit,14,0.7549149868676283,True,15
slimshetty/swebench-verified:sweb.eval.x86_64.django__django-14053,0.0,r2egym-qwen3-32b-100-steps,41,1355,token_limit,31,0.0003353501849869,False,32
slimshetty/swebench-verified:sweb.eval.x86_64.django__django-16901,0.0,r2egym-qwen3-rl-100-steps-attempt-6,48,1718,token_limit,0,0.5926665999540698,False,0
slimshetty/swebench-verified:sweb.eval.x86_64.django__django-11603,1.0,r2egym-qwen3-rl-100-steps-attempt-6,43,2657,agent_max_step_limit,58,0.8354835432479661,True,59
slimshetty/swebench-verified:sweb.eval.x86_64.django__django-15503,0.0,r2egym-qwen3-32b-100-steps,98,2202,token_limit,62,0.7057850216484838,False,65
slimshetty/swebench-verified:sweb.eval.x86_64.sympy__sympy-23262,0.0,r2egym-qwen3-rl-100-steps-attempt-6,38,0,token_limit,61,2.4300243620398656e-05,False,62
slimshetty/swebench-verified:sweb.eval.x86_64.django__django-15278,0.0,r2egym-qwen3-rl-100-steps-attempt-6,64,0,token_limit,138,4.006369214496663e-05,False,138
slimshetty/swebench-verified:sweb.eval.x86_64.sympy__sympy-19346,1.0,r2egym-qwen3-rl-100-steps-attempt-6,35,3168,agent,40,0.798186787341014,True,39
slimshetty/swebench-verified:sweb.eval.x86_64.psf__requests-2931,0.0,r2egym-qwen3-rl-100-steps-attempt-6,44,543,token_limit,83,0.8354835411997897,False,84
slimshetty/swebench-verified:sweb.eval.x86_64.scikit-learn__scikit-learn-14496,1.0,r2egym-qwen3-rl-100-steps-attempt-6,30,2719,agent,39,0.6513548646660542,True,40
slimshetty/swebench-verified:sweb.eval.x86_64.sympy__sympy-18199,0.0,r2egym-qwen3-rl-100-steps-attempt-6,42,2130,agent_max_step_limit,113,0.867035763237924,False,114
slimshetty/swebench-verified:sweb.eval.x86_64.django__django-11490,0.0,r2egym-qwen3-rl-100-steps-attempt-6,42,2449,agent_max_step_limit,22,0.8175744739711884,False,23
slimshetty/swebench-verified:sweb.eval.x86_64.pytest-dev__pytest-7205,1.0,r2egym-qwen3-rl-100-steps-attempt-6,41,1311,max_step_limit,16,0.7772998663336158,True,16
slimshetty/swebench-verified:sweb.eval.x86_64.sympy__sympy-14976,0.0,r2egym-qwen3-rl-100-steps-attempt-6,100,0,abs_step_limit,13,4.5397890237206746e-05,False,13
slimshetty/swebench-verified:sweb.eval.x86_64.pylint-dev__pylint-6903,1.0,r2egym-qwen3-rl-100-steps-attempt-6,42,906,agent_max_step_limit,8,0.817574471748733,True,8
slimshetty/swebench-verified:sweb.eval.x86_64.sphinx-doc__sphinx-9229,0.0,r2egym-qwen3-32b-100-steps,67,3259,llm_query_error,13,0.0002305066303542,False,13
slimshetty/swebench-verified:sweb.eval.x86_64.django__django-13089,1.0,r2egym-qwen3-rl-100-steps-attempt-6,30,3538,agent,352,0.7772998663336158,True,349
slimshetty/swebench-verified:sweb.eval.x86_64.django__django-16662,1.0,r2egym-qwen3-rl-100-steps-attempt-6,40,4135,agent,51,0.8175744828610095,True,43
slimshetty/swebench-verified:sweb.eval.x86_64.django__django-14672,1.0,r2egym-qwen3-rl-100-steps-attempt-6,100,3048,abs_step_limit,0,0.8354835432479661,True,166
slimshetty/swebench-verified:sweb.eval.x86_64.django__django-14752,1.0,r2egym-qwen3-rl-100-steps-attempt-6,77,3529,token_limit,15,0.5621765008857981,True,15
slimshetty/swebench-verified:sweb.eval.x86_64.django__django-15561,1.0,r2egym-qwen3-rl-100-steps-attempt-6,88,2439,agent_max_step_limit,141,0.7772998560157665,True,141
slimshetty/swebench-verified:sweb.eval.x86_64.scikit-learn__scikit-learn-13124,0.0,r2egym-qwen3-rl-100-steps-attempt-6,14,3135,agent,59,0.5926665999540698,False,60
slimshetty/swebench-verified:sweb.eval.x86_64.django__django-11815,0.0,r2egym-qwen3-rl-100-steps-attempt-6,52,0,token_limit,44,5.144220744171262e-05,False,46
slimshetty/swebench-verified:sweb.eval.x86_64.sphinx-doc__sphinx-7454,0.0,r2egym-qwen3-rl-100-steps-attempt-6,98,2450,token_limit,27,0.020332353157149,False,28
slimshetty/swebench-verified:sweb.eval.x86_64.django__django-12308,0.0,r2egym-qwen3-rl-100-steps-attempt-6,76,9986,token_limit,20,0.7772998663336157,False,21
slimshetty/swebench-verified:sweb.eval.x86_64.psf__requests-1724,0.0,r2egym-qwen3-rl-100-steps-attempt-6,43,3383,agent_max_step_limit,77,0.8807970779778824,False,87
slimshetty/swebench-verified:sweb.eval.x86_64.sympy__sympy-24443,1.0,r2egym-qwen3-rl-100-steps-attempt-6,25,653,agent,1,0.8354835350552604,True,2
slimshetty/swebench-verified:sweb.eval.x86_64.django__django-15382,1.0,r2egym-qwen3-rl-100-steps-attempt-6,46,3421,agent_max_step_limit,161,0.7772998611746911,True,161
slimshetty/swebench-verified:sweb.eval.x86_64.sympy__sympy-16597,0.0,r2egym-qwen3-rl-100-steps-attempt-6,39,394,token_limit,74,0.8670357460591569,False,75
slimshetty/swebench-verified:sweb.eval.x86_64.django__django-13343,1.0,r2egym-qwen3-rl-100-steps-attempt-6,38,2278,agent,130,0.5926665999540698,True,131
slimshetty/swebench-verified:sweb.eval.x86_64.sympy__sympy-13551,0.0,r2egym-qwen3-rl-100-steps-attempt-6,100,1696,abs_step_limit,14,0.0017007228025914,False,14
slimshetty/swebench-verified:sweb.eval.x86_64.scikit-learn__scikit-learn-25931,0.0,r2egym-qwen3-rl-100-steps-attempt-6,57,0,token_limit,21,8.481105112834048e-05,False,21
slimshetty/swebench-verified:sweb.eval.x86_64.pydata__xarray-4629,1.0,r2egym-qwen3-rl-100-steps-attempt-6,13,505,agent,32,0.8807970701552504,True,32
slimshetty/swebench-verified:sweb.eval.x86_64.django__django-16116,1.0,r2egym-qwen3-rl-100-steps-attempt-6,89,1798,token_limit,137,0.651354857898194,True,138
slimshetty/swebench-verified:sweb.eval.x86_64.sympy__sympy-18698,0.0,r2egym-qwen3-rl-100-steps-attempt-6,100,1224,abs_step_limit,147,0.0420877252121969,False,147
slimshetty/swebench-verified:sweb.eval.x86_64.django__django-14011,0.0,r2egym-qwen3-rl-100-steps-attempt-6,36,2291,agent,2,0.7981867801399694,False,0
slimshetty/swebench-verified:sweb.eval.x86_64.sphinx-doc__sphinx-7985,0.0,r2egym-qwen3-rl-100-steps-attempt-6,100,2600,abs_step_limit,3,0.0140636243701364,False,5
slimshetty/swebench-verified:sweb.eval.x86_64.pydata__xarray-3677,1.0,r2egym-qwen3-rl-100-steps-attempt-6,24,1474,agent,21,0.9046505338155468,True,21
slimshetty/swebench-verified:sweb.eval.x86_64.django__django-13449,1.0,r2egym-qwen3-rl-100-steps-attempt-6,100,4834,abs_step_limit,46,0.8519528000888387,True,0
slimshetty/swebench-verified:sweb.eval.x86_64.sympy__sympy-22456,1.0,r2egym-qwen3-rl-100-steps-attempt-6,100,871,abs_step_limit,29,0.0097084753890932,True,30
slimshetty/swebench-verified:sweb.eval.x86_64.django__django-14140,0.0,r2egym-qwen3-rl-100-steps-attempt-6,30,6048,agent,199,0.7981867753392728,False,200
slimshetty/swebench-verified:sweb.eval.x86_64.pylint-dev__pylint-7080,0.0,r2egym-qwen3-rl-100-steps-attempt-6,100,1471,abs_step_limit,4,0.7549149923816048,False,121
slimshetty/swebench-verified:sweb.eval.x86_64.django__django-16333,1.0,r2egym-qwen3-rl-100-steps-attempt-6,90,4207,token_limit,87,0.8933094174159127,True,87
slimshetty/swebench-verified:sweb.eval.x86_64.sympy__sympy-16450,1.0,r2egym-qwen3-rl-100-steps-attempt-6,100,783,abs_step_limit,38,0.8807970904940926,True,40
slimshetty/swebench-verified:sweb.eval.x86_64.sympy__sympy-15976,1.0,r2egym-qwen3-rl-100-steps-attempt-6,39,10481,agent,37,0.7981867801399695,True,38
slimshetty/swebench-verified:sweb.eval.x86_64.django__django-17084,0.0,r2egym-qwen3-rl-100-steps-attempt-6,64,3317,token_limit,107,0.7772998663336158,False,107
slimshetty/swebench-verified:sweb.eval.x86_64.django__django-15022,1.0,r2egym-qwen3-rl-100-steps-attempt-6,65,9041,token_limit,56,0.7549149868676283,True,56
slimshetty/swebench-verified:sweb.eval.x86_64.django__django-11133,1.0,r2egym-qwen3-rl-100-steps-attempt-6,100,1688,abs_step_limit,64,0.8519528038477825,True,64
slimshetty/swebench-verified:sweb.eval.x86_64.sympy__sympy-24066,1.0,r2egym-qwen3-rl-100-steps-attempt-6,66,1704,token_limit,30,0.8175744695262775,True,30
slimshetty/swebench-verified:sweb.eval.x86_64.django__django-14155,0.0,r2egym-qwen3-rl-100-steps-attempt-6,42,2421,agent_max_step_limit,89,0.6513548511303336,False,91
slimshetty/swebench-verified:sweb.eval.x86_64.sympy__sympy-11618,1.0,r2egym-qwen3-rl-100-steps-attempt-6,26,828,agent,4,0.8807970873650401,True,4
slimshetty/swebench-verified:sweb.eval.x86_64.sympy__sympy-20438,0.0,r2egym-qwen3-rl-100-steps-attempt-6,40,0,token_limit,93,5.829127931249693e-05,False,94
slimshetty/swebench-verified:sweb.eval.x86_64.django__django-16612,1.0,r2egym-qwen3-rl-100-steps-attempt-6,100,4096,abs_step_limit,335,0.7981867729389246,True,333
slimshetty/swebench-verified:sweb.eval.x86_64.matplotlib__matplotlib-24870,0.0,r2egym-qwen3-rl-100-steps-attempt-6,24,1231,agent,65,0.8175744739711884,False,65
slimshetty/swebench-verified:sweb.eval.x86_64.matplotlib__matplotlib-25775,0.0,r2egym-qwen3-rl-100-steps-attempt-6,100,494,abs_step_limit,89,0.0017007227741293,False,92
slimshetty/swebench-verified:sweb.eval.x86_64.sympy__sympy-19783,0.0,r2egym-qwen3-rl-100-steps-attempt-6,100,574,abs_step_limit,0,0.0001795280081115,False,0
slimshetty/swebench-verified:sweb.eval.x86_64.django__django-11551,1.0,r2egym-qwen3-rl-100-steps-attempt-6,80,3812,token_limit,119,0.8175744828610095,True,119
slimshetty/swebench-verified:sweb.eval.x86_64.astropy__astropy-12907,0.0,r2egym-qwen3-rl-100-steps-attempt-6,33,0,token_limit,13,0.0002611903341354,False,11
slimshetty/swebench-verified:sweb.eval.x86_64.django__django-16256,0.0,r2egym-qwen3-rl-100-steps-attempt-6,46,0,token_limit,53,1.473898899256772e-05,False,53
slimshetty/swebench-verified:sweb.eval.x86_64.sphinx-doc__sphinx-8548,0.0,r2egym-qwen3-rl-100-steps-attempt-6,68,2374,token_limit,5,0.8807970717197768,False,4
slimshetty/swebench-verified:sweb.eval.x86_64.django__django-12419,0.0,r2egym-qwen3-rl-100-steps-attempt-6,23,3770,agent,0,0.7057850278370112,False,0
slimshetty/swebench-verified:sweb.eval.x86_64.matplotlib__matplotlib-13989,1.0,r2egym-qwen3-rl-100-steps-attempt-6,80,930,token_limit,411,0.9149009578933864,True,411
slimshetty/swebench-verified:sweb.eval.x86_64.astropy__astropy-8707,0.0,r2egym-qwen3-rl-100-steps-attempt-6,100,796,abs_step_limit,4,0.1480471980316894,False,4
slimshetty/swebench-verified:sweb.eval.x86_64.django__django-13670,1.0,r2egym-qwen3-rl-100-steps-attempt-6,53,3187,agent_max_step_limit,17,0.7981867729389246,True,18
slimshetty/swebench-verified:sweb.eval.x86_64.django__django-16560,0.0,r2egym-qwen3-rl-100-steps-attempt-6,100,6846,abs_step_limit,66,0.0675466845698721,False,69
slimshetty/swebench-verified:sweb.eval.x86_64.django__django-13128,0.0,r2egym-qwen3-rl-100-steps-attempt-6,100,2721,abs_step_limit,134,0.4687906266262437,False,141
slimshetty/swebench-verified:sweb.eval.x86_64.scikit-learn__scikit-learn-13439,1.0,r2egym-qwen3-rl-100-steps-attempt-6,25,1079,agent,40,0.7981867825403176,True,42
slimshetty/swebench-verified:sweb.eval.x86_64.sympy__sympy-19040,0.0,r2egym-qwen3-rl-100-steps-attempt-6,59,732,agent_max_step_limit,148,0.7549149923816048,False,148
slimshetty/swebench-verified:sweb.eval.x86_64.scikit-learn__scikit-learn-26194,0.0,r2egym-qwen3-rl-100-steps-attempt-6,27,996,agent,186,0.5,False,186
slimshetty/swebench-verified:sweb.eval.x86_64.sympy__sympy-14711,0.0,r2egym-qwen3-rl-100-steps-attempt-6,100,0,abs_step_limit,2,7.48462358997521e-05,False,3
slimshetty/swebench-verified:sweb.eval.x86_64.django__django-14771,0.0,r2egym-qwen3-rl-100-steps-attempt-6,100,2356,token_limit,60,0.0124316513677133,False,60
slimshetty/swebench-verified:sweb.eval.x86_64.pylint-dev__pylint-4604,0.0,r2egym-qwen3-rl-100-steps-attempt-6,61,1638,agent_max_step_limit,0,0.798186775339273,False,20
slimshetty/swebench-verified:sweb.eval.x86_64.scikit-learn__scikit-learn-10908,0.0,r2egym-qwen3-rl-100-steps-attempt-6,45,2478,agent_max_step_limit,47,0.8670357649558006,False,48
slimshetty/swebench-verified:sweb.eval.x86_64.django__django-15098,0.0,r2egym-qwen3-rl-100-steps-attempt-6,62,6366,token_limit,84,0.8519527982093666,False,86
slimshetty/swebench-verified:sweb.eval.x86_64.django__django-11211,0.0,r2egym-qwen3-rl-100-steps-attempt-6,82,3801,token_limit,71,0.6513548646660543,False,71
slimshetty/swebench-verified:sweb.eval.x86_64.django__django-14373,1.0,r2egym-qwen3-rl-100-steps-attempt-6,27,2671,agent,19,0.8670357512127872,True,20
slimshetty/swebench-verified:sweb.eval.x86_64.django__django-12663,0.0,r2egym-qwen3-rl-100-steps-attempt-6,96,3337,token_limit,135,0.5926665999540698,False,135
slimshetty/swebench-verified:sweb.eval.x86_64.django__django-15499,1.0,r2egym-qwen3-rl-100-steps-attempt-6,100,937,abs_step_limit,35,0.8933094117351309,True,35
slimshetty/swebench-verified:sweb.eval.x86_64.astropy__astropy-13236,0.0,r2egym-qwen3-rl-100-steps-attempt-6,41,1712,max_step_limit,644,0.7772998560157665,False,643
slimshetty/swebench-verified:sweb.eval.x86_64.django__django-11299,1.0,r2egym-qwen3-rl-100-steps-attempt-6,83,3320,token_limit,103,0.8175744761936437,True,103
slimshetty/swebench-verified:sweb.eval.x86_64.django__django-9296,1.0,r2egym-qwen3-rl-100-steps-attempt-6,83,2540,agent_max_step_limit,20,0.798186775339273,True,20
slimshetty/swebench-verified:sweb.eval.x86_64.scikit-learn__scikit-learn-14983,0.0,r2egym-qwen3-rl-100-steps-attempt-6,21,3918,agent,105,0.798186787341014,False,105
slimshetty/swebench-verified:sweb.eval.x86_64.sympy__sympy-12481,1.0,r2egym-qwen3-rl-100-steps-attempt-6,46,3323,token_limit,7,0.679178686187839,True,7
slimshetty/swebench-verified:sweb.eval.x86_64.django__django-15987,0.0,r2egym-qwen3-rl-100-steps-attempt-6,43,1845,agent_max_step_limit,52,0.7549149813536518,False,53
slimshetty/swebench-verified:sweb.eval.x86_64.pytest-dev__pytest-10051,0.0,r2egym-qwen3-rl-100-steps-attempt-6,77,1357,token_limit,0,0.0059110685579886,False,0
slimshetty/swebench-verified:sweb.eval.x86_64.django__django-12273,0.0,r2egym-qwen3-rl-100-steps-attempt-6,46,0,token_limit,27,4.539786314219866e-05,False,27
slimshetty/swebench-verified:sweb.eval.x86_64.sympy__sympy-22914,1.0,r2egym-qwen3-rl-100-steps-attempt-6,30,1789,agent,17,0.7981867729389246,True,18
slimshetty/swebench-verified:sweb.eval.x86_64.pydata__xarray-4094,0.0,r2egym-qwen3-rl-100-steps-attempt-6,46,654,agent_max_step_limit,862,0.6513548511303336,False,867
slimshetty/swebench-verified:sweb.eval.x86_64.django__django-14034,0.0,r2egym-qwen3-rl-100-steps-attempt-6,100,1943,abs_step_limit,12,0.8354835350552604,False,12
slimshetty/swebench-verified:sweb.eval.x86_64.scikit-learn__scikit-learn-25102,1.0,r2egym-qwen3-rl-100-steps-attempt-6,71,1920,token_limit,59,0.8519528038477824,True,59
slimshetty/swebench-verified:sweb.eval.x86_64.django__django-16877,0.0,r2egym-qwen3-rl-100-steps-attempt-6,35,4025,agent,0,0.6224593382055109,False,0
slimshetty/swebench-verified:sweb.eval.x86_64.scikit-learn__scikit-learn-10844,1.0,r2egym-qwen3-rl-100-steps-attempt-6,10,633,agent,16,0.8519528076067261,True,17
slimshetty/swebench-verified:sweb.eval.x86_64.django__django-15128,0.0,r2egym-qwen3-rl-100-steps-attempt-6,97,5314,token_limit,282,0.5926665999540697,False,282
slimshetty/swebench-verified:sweb.eval.x86_64.matplotlib__matplotlib-26342,0.0,r2egym-qwen3-rl-100-steps-attempt-6,41,0,token_limit,81,4.006368734849818e-05,False,81
slimshetty/swebench-verified:sweb.eval.x86_64.django__django-15467,1.0,r2egym-qwen3-rl-100-steps-attempt-6,68,2443,token_limit,62,0.8519527982093666,True,62
slimshetty/swebench-verified:sweb.eval.x86_64.django__django-14351,0.0,r2egym-qwen3-rl-100-steps-attempt-6,74,3226,agent_max_step_limit,58,0.5926665999540698,False,58
slimshetty/swebench-verified:sweb.eval.x86_64.django__django-11333,0.0,r2egym-qwen3-rl-100-steps-attempt-6,100,1393,token_limit,2,0.0024726237182796,False,2
slimshetty/swebench-verified:sweb.eval.x86_64.django__django-11292,0.0,r2egym-qwen3-rl-100-steps-attempt-6,82,3257,token_limit,31,0.817574478416099,False,31
slimshetty/swebench-verified:sweb.eval.x86_64.sphinx-doc__sphinx-8056,0.0,r2egym-qwen3-rl-100-steps-attempt-6,89,2130,token_limit,38,0.3486451353339457,False,38
slimshetty/swebench-verified:sweb.eval.x86_64.scikit-learn__scikit-learn-13496,1.0,r2egym-qwen3-rl-100-steps-attempt-6,35,2980,agent,19,0.6224593241981982,True,19
slimshetty/swebench-verified:sweb.eval.x86_64.django__django-16938,0.0,r2egym-qwen3-rl-100-steps-attempt-6,41,0,token_limit,65,8.4811020824804e-05,False,88
slimshetty/swebench-verified:sweb.eval.x86_64.scikit-learn__scikit-learn-14710,0.0,r2egym-qwen3-rl-100-steps-attempt-6,37,3086,agent,0,0.880797071719777,False,0
slimshetty/swebench-verified:sweb.eval.x86_64.django__django-12143,1.0,r2egym-qwen3-rl-100-steps-attempt-6,61,715,token_limit,52,0.880797068590724,True,52
slimshetty/swebench-verified:sweb.eval.x86_64.sympy__sympy-20916,0.0,r2egym-qwen3-rl-100-steps-attempt-6,26,905,agent,1,0.7310585727705126,False,2
slimshetty/swebench-verified:sweb.eval.x86_64.sympy__sympy-21930,0.0,r2egym-qwen3-rl-100-steps-attempt-6,46,2328,agent_max_step_limit,45,0.7549149923816048,False,49
slimshetty/swebench-verified:sweb.eval.x86_64.pydata__xarray-7233,1.0,r2egym-qwen3-rl-100-steps-attempt-6,16,578,agent,189,0.8519528057272543,True,189
slimshetty/swebench-verified:sweb.eval.x86_64.matplotlib__matplotlib-23412,0.0,r2egym-qwen3-rl-100-steps-attempt-6,100,1101,abs_step_limit,46,0.0534033301764616,False,46
slimshetty/swebench-verified:sweb.eval.x86_64.django__django-11880,1.0,r2egym-qwen3-rl-100-steps-attempt-6,17,1499,agent,114,0.8354835432479661,True,114
slimshetty/swebench-verified:sweb.eval.x86_64.matplotlib__matplotlib-26291,0.0,r2egym-qwen3-rl-100-steps-attempt-6,17,1435,agent,49,0.8175744761936437,False,49
slimshetty/swebench-verified:sweb.eval.x86_64.matplotlib__matplotlib-25960,0.0,r2egym-qwen3-rl-100-steps-attempt-6,73,0,token_limit,137,4.5397863198349305e-05,False,137
slimshetty/swebench-verified:sweb.eval.x86_64.django__django-12304,0.0,r2egym-qwen3-rl-100-steps-attempt-6,97,1930,token_limit,0,0.0293122330302655,False,0
slimshetty/swebench-verified:sweb.eval.x86_64.django__django-13820,0.0,r2egym-qwen3-rl-100-steps-attempt-6,100,5234,abs_step_limit,0,0.0203323551977555,False,0
slimshetty/swebench-verified:sweb.eval.x86_64.matplotlib__matplotlib-24177,0.0,r2egym-qwen3-rl-100-steps-attempt-6,76,2421,token_limit,768,0.8354835330070839,False,768
slimshetty/swebench-verified:sweb.eval.x86_64.django__django-11740,0.0,r2egym-qwen3-rl-100-steps-attempt-6,100,3478,abs_step_limit,107,0.5926665999540698,False,107
slimshetty/swebench-verified:sweb.eval.x86_64.sphinx-doc__sphinx-10449,0.0,r2egym-qwen3-rl-100-steps-attempt-6,49,0,token_limit,30,4.5397874009662535e-05,False,31
slimshetty/swebench-verified:sweb.eval.x86_64.scikit-learn__scikit-learn-11578,1.0,r2egym-qwen3-rl-100-steps-attempt-6,43,4508,agent_max_step_limit,93,0.7981867825403176,True,89
slimshetty/swebench-verified:sweb.eval.x86_64.sympy__sympy-23950,0.0,r2egym-qwen3-rl-100-steps-attempt-6,73,0,token_limit,4,3.535626333641835e-05,False,5
slimshetty/swebench-verified:sweb.eval.x86_64.psf__requests-2317,1.0,r2egym-qwen3-rl-100-steps-attempt-6,42,3107,agent_max_step_limit,133,0.8354835330070838,True,0
slimshetty/swebench-verified:sweb.eval.x86_64.django__django-10973,0.0,r2egym-qwen3-rl-100-steps-attempt-6,88,5114,token_limit,0,0.8519527944504227,False,0
slimshetty/swebench-verified:sweb.eval.x86_64.scikit-learn__scikit-learn-25973,0.0,r2egym-qwen3-rl-100-steps-attempt-6,37,1913,agent,72,0.6791786861878392,False,72
slimshetty/swebench-verified:sweb.eval.x86_64.django__django-16819,1.0,r2egym-qwen3-rl-100-steps-attempt-6,50,1306,agent_max_step_limit,38,0.3486451421018059,True,38
slimshetty/swebench-verified:sweb.eval.x86_64.sphinx-doc__sphinx-9711,0.0,r2egym-qwen3-rl-100-steps-attempt-6,100,1047,abs_step_limit,0,0.0003799844352899,False,0
slimshetty/swebench-verified:sweb.eval.x86_64.django__django-15277,1.0,r2egym-qwen3-rl-100-steps-attempt-6,73,691,token_limit,158,0.0474258751971208,True,159
slimshetty/swebench-verified:sweb.eval.x86_64.pydata__xarray-3095,0.0,r2egym-qwen3-rl-100-steps-attempt-6,37,0,token_limit,253,0.0001398221229368,False,242
slimshetty/swebench-verified:sweb.eval.x86_64.django__django-12965,0.0,r2egym-qwen3-rl-100-steps-attempt-6,41,0,token_limit,52,5.829129326115268e-05,False,52
slimshetty/swebench-verified:sweb.eval.x86_64.sympy__sympy-19637,0.0,r2egym-qwen3-rl-100-steps-attempt-6,53,2723,agent_max_step_limit,40,0.8354835350552604,False,40
slimshetty/swebench-verified:sweb.eval.x86_64.pytest-dev__pytest-7432,0.0,r2egym-qwen3-rl-100-steps-attempt-6,78,2648,token_limit,76,0.798186784940666,False,75
slimshetty/swebench-verified:sweb.eval.x86_64.sphinx-doc__sphinx-9281,0.0,r2egym-qwen3-rl-100-steps-attempt-6,90,4032,token_limit,38,0.106690601756727,False,38
slimshetty/swebench-verified:sweb.eval.x86_64.django__django-14855,1.0,r2egym-qwen3-rl-100-steps-attempt-6,85,4754,token_limit,325,0.8175744695262775,True,325
slimshetty/swebench-verified:sweb.eval.x86_64.pydata__xarray-4075,1.0,r2egym-qwen3-rl-100-steps-attempt-6,92,1166,token_limit,958,0.9046505248181418,True,958
slimshetty/swebench-verified:sweb.eval.x86_64.django__django-14349,0.0,r2egym-qwen3-rl-100-steps-attempt-6,26,972,token_limit,17,0.0124316530256355,False,18
slimshetty/swebench-verified:sweb.eval.x86_64.sympy__sympy-15345,0.0,r2egym-qwen3-rl-100-steps-attempt-6,35,572,token_limit,8,0.0259573587519095,False,9
slimshetty/swebench-verified:sweb.eval.x86_64.scikit-learn__scikit-learn-14894,1.0,r2egym-qwen3-rl-100-steps-attempt-6,34,2457,agent,85,0.8175744739711883,True,85
slimshetty/swebench-verified:sweb.eval.x86_64.sphinx-doc__sphinx-8721,1.0,r2egym-qwen3-rl-100-steps-attempt-6,100,2340,abs_step_limit,3,0.6224593312018546,True,2
slimshetty/swebench-verified:sweb.eval.x86_64.sympy__sympy-20801,0.0,r2egym-qwen3-rl-100-steps-attempt-6,56,365,token_limit,96,0.0758581747981098,False,96
slimshetty/swebench-verified:sweb.eval.x86_64.sympy__sympy-20428,0.0,r2egym-qwen3-rl-100-steps-attempt-6,30,2099,agent,132,0.6513548782017745,False,132
slimshetty/swebench-verified:sweb.eval.x86_64.django__django-13933,0.0,r2egym-qwen3-rl-100-steps-attempt-6,80,3683,token_limit,19,0.7549149868676283,False,19
slimshetty/swebench-verified:sweb.eval.x86_64.matplotlib__matplotlib-14623,1.0,r2egym-qwen3-rl-100-steps-attempt-6,60,1248,agent_max_step_limit,400,0.8175744806385542,True,401
slimshetty/swebench-verified:sweb.eval.x86_64.django__django-13568,0.0,r2egym-qwen3-rl-100-steps-attempt-6,100,2893,token_limit,12,0.8670357494949105,False,12
slimshetty/swebench-verified:sweb.eval.x86_64.scikit-learn__scikit-learn-13135,1.0,r2egym-qwen3-rl-100-steps-attempt-6,19,2285,agent,33,0.8807970748488297,True,34
slimshetty/swebench-verified:sweb.eval.x86_64.matplotlib__matplotlib-23314,1.0,r2egym-qwen3-rl-100-steps-attempt-6,86,2173,token_limit,862,0.8519527982093666,True,862
slimshetty/swebench-verified:sweb.eval.x86_64.django__django-16502,0.0,r2egym-qwen3-rl-100-steps-attempt-6,58,0,token_limit,4,1.3007128460797747e-05,False,4
slimshetty/swebench-verified:sweb.eval.x86_64.matplotlib__matplotlib-26208,0.0,r2egym-qwen3-rl-100-steps-attempt-6,39,676,token_limit,813,0.005911069088828,False,813
slimshetty/swebench-verified:sweb.eval.x86_64.django__django-15957,0.0,r2egym-qwen3-rl-100-steps-attempt-6,96,3241,token_limit,89,0.2227001285074596,False,89
slimshetty/swebench-verified:sweb.eval.x86_64.django__django-14539,1.0,r2egym-qwen3-rl-100-steps-attempt-6,13,1663,token_limit,14,0.4687906266262437,True,16
slimshetty/swebench-verified:sweb.eval.x86_64.django__django-13158,0.0,r2egym-qwen3-rl-100-steps-attempt-6,64,3141,token_limit,29,0.037326886273225,False,29
slimshetty/swebench-verified:sweb.eval.x86_64.pytest-dev__pytest-7490,1.0,r2egym-qwen3-rl-100-steps-attempt-6,96,1388,token_limit,78,0.8933093996634687,True,78
slimshetty/swebench-verified:sweb.eval.x86_64.pydata__xarray-6938,0.0,r2egym-qwen3-rl-100-steps-attempt-6,45,4355,agent_max_step_limit,430,0.9046505254608136,False,430
slimshetty/swebench-verified:sweb.eval.x86_64.django__django-15104,1.0,r2egym-qwen3-rl-100-steps-attempt-6,61,3031,token_limit,131,0.7981867801399695,True,131
slimshetty/swebench-verified:sweb.eval.x86_64.matplotlib__matplotlib-26113,1.0,r2egym-qwen3-rl-100-steps-attempt-6,58,1232,token_limit,812,0.7981867849406659,True,812
slimshetty/swebench-verified:sweb.eval.x86_64.django__django-16527,1.0,r2egym-qwen3-rl-100-steps-attempt-6,48,2077,agent_max_step_limit,6,0.5312093733737563,True,6
slimshetty/swebench-verified:sweb.eval.x86_64.django__django-11477,0.0,r2egym-qwen3-rl-100-steps-attempt-6,100,5159,abs_step_limit,151,0.0259573563971933,False,153
slimshetty/swebench-verified:sweb.eval.x86_64.sympy__sympy-23413,0.0,r2egym-qwen3-rl-100-steps-attempt-6,41,1094,token_limit,2,3.535625066945945e-05,False,2
slimshetty/swebench-verified:sweb.eval.x86_64.django__django-16950,0.0,r2egym-qwen3-rl-100-steps-attempt-6,13,0,token_limit,3,8.481102045828875e-05,False,3
slimshetty/swebench-verified:sweb.eval.x86_64.sphinx-doc__sphinx-8551,0.0,r2egym-qwen3-rl-100-steps-attempt-6,34,4755,agent,32,0.8354835371034368,False,32
slimshetty/swebench-verified:sweb.eval.x86_64.scikit-learn__scikit-learn-12682,0.0,r2egym-qwen3-rl-100-steps-attempt-6,19,2471,agent,66,0.7981867825403176,False,66
slimshetty/swebench-verified:sweb.eval.x86_64.matplotlib__matplotlib-22865,0.0,r2egym-qwen3-rl-100-steps-attempt-6,100,3013,abs_step_limit,57,0.8933094131553264,False,57
slimshetty/swebench-verified:sweb.eval.x86_64.django__django-13344,0.0,r2egym-qwen3-rl-100-steps-attempt-6,52,2424,token_limit,356,0.2942149597859341,False,356
slimshetty/swebench-verified:sweb.eval.x86_64.pydata__xarray-6599,1.0,r2egym-qwen3-rl-100-steps-attempt-6,19,1291,agent,264,0.4073334000459302,True,263
slimshetty/swebench-verified:sweb.eval.x86_64.pytest-dev__pytest-7521,1.0,r2egym-qwen3-rl-100-steps-attempt-6,23,462,agent,125,0.8807970811069351,True,124
slimshetty/swebench-verified:sweb.eval.x86_64.pydata__xarray-2905,1.0,r2egym-qwen3-rl-100-steps-attempt-6,41,1928,max_step_limit,364,0.8519528000888387,True,365
slimshetty/swebench-verified:sweb.eval.x86_64.django__django-11999,1.0,r2egym-qwen3-rl-100-steps-attempt-6,29,1507,agent,30,0.7772998611746912,True,30
slimshetty/swebench-verified:sweb.eval.x86_64.django__django-12406,0.0,r2egym-qwen3-rl-100-steps-attempt-6,100,4981,abs_step_limit,165,0.7549149813536518,False,165
slimshetty/swebench-verified:sweb.eval.x86_64.django__django-15268,0.0,r2egym-qwen3-rl-100-steps-attempt-6,74,4227,token_limit,129,0.3486451285660856,False,129
slimshetty/swebench-verified:sweb.eval.x86_64.astropy__astropy-7671,0.0,r2egym-qwen3-rl-100-steps-attempt-6,42,3708,agent_max_step_limit,0,0.7549149813536518,False,0
slimshetty/swebench-verified:sweb.eval.x86_64.django__django-15127,0.0,r2egym-qwen3-rl-100-steps-attempt-6,100,3640,abs_step_limit,1,0.8354835432479661,False,1
slimshetty/swebench-verified:sweb.eval.x86_64.django__django-12713,1.0,r2egym-qwen3-rl-100-steps-attempt-6,64,3373,token_limit,58,0.8175744695262775,True,58
slimshetty/swebench-verified:sweb.eval.x86_64.astropy__astropy-13398,0.0,r2egym-qwen3-rl-100-steps-attempt-6,43,3008,agent_max_step_limit,61,0.4073334000459302,False,61
slimshetty/swebench-verified:sweb.eval.x86_64.django__django-10880,0.0,r2egym-qwen3-rl-100-steps-attempt-6,99,2448,token_limit,54,0.7549149978955811,False,54
slimshetty/swebench-verified:sweb.eval.x86_64.django__django-13279,0.0,r2egym-qwen3-rl-100-steps-attempt-6,75,4069,agent_max_step_limit,346,0.5,False,346
slimshetty/swebench-verified:sweb.eval.x86_64.sympy__sympy-13647,1.0,r2egym-qwen3-rl-100-steps-attempt-6,25,2355,agent,76,0.8519528094861981,True,77
slimshetty/swebench-verified:sweb.eval.x86_64.sympy__sympy-12419,1.0,r2egym-qwen3-rl-100-steps-attempt-6,82,2231,agent_max_step_limit,25,0.6513548511303338,True,26
slimshetty/swebench-verified:sweb.eval.x86_64.sphinx-doc__sphinx-8475,1.0,r2egym-qwen3-rl-100-steps-attempt-6,24,2933,agent,17,0.8519527963298947,True,17
slimshetty/swebench-verified:sweb.eval.x86_64.scikit-learn__scikit-learn-12973,1.0,r2egym-qwen3-rl-100-steps-attempt-6,19,1936,agent,32,0.7549149813536518,True,30
slimshetty/swebench-verified:sweb.eval.x86_64.psf__requests-1921,0.0,r2egym-qwen3-rl-100-steps-attempt-6,37,0,token_limit,107,0.0001795280275736,False,117
slimshetty/swebench-verified:sweb.eval.x86_64.sphinx-doc__sphinx-7440,0.0,r2egym-qwen3-rl-100-steps-attempt-6,100,906,abs_step_limit,12,0.0003799845668863,False,13
slimshetty/swebench-verified:sweb.eval.x86_64.pytest-dev__pytest-5840,0.0,r2egym-qwen3-rl-100-steps-attempt-6,46,691,agent_max_step_limit,50,0.5621765008857981,False,51
slimshetty/swebench-verified:sweb.eval.x86_64.django__django-14608,1.0,r2egym-qwen3-rl-100-steps-attempt-6,62,2478,agent_max_step_limit,394,0.7772998663336158,True,397
slimshetty/swebench-verified:sweb.eval.x86_64.django__django-13837,1.0,r2egym-qwen3-rl-100-steps-attempt-6,61,3636,agent_max_step_limit,57,0.6791787121629466,True,55
slimshetty/swebench-verified:sweb.eval.x86_64.sympy__sympy-13798,0.0,r2egym-qwen3-rl-100-steps-attempt-6,54,3254,token_limit,1,0.0046095731130706,False,1
slimshetty/swebench-verified:sweb.eval.x86_64.matplotlib__matplotlib-21568,0.0,r2egym-qwen3-rl-100-steps-attempt-6,72,1221,token_limit,69,0.0293122336132423,False,69
slimshetty/swebench-verified:sweb.eval.x86_64.django__django-16595,1.0,r2egym-qwen3-rl-100-steps-attempt-6,48,759,agent_max_step_limit,37,0.8933094067644466,True,37
slimshetty/swebench-verified:sweb.eval.x86_64.django__django-14493,0.0,r2egym-qwen3-rl-100-steps-attempt-6,94,2715,token_limit,3,0.0330859773161123,False,3
slimshetty/swebench-verified:sweb.eval.x86_64.django__django-15563,0.0,r2egym-qwen3-rl-100-steps-attempt-6,70,3492,token_limit,29,0.0534033277283186,False,29
slimshetty/swebench-verified:sweb.eval.x86_64.django__django-14238,1.0,r2egym-qwen3-rl-100-steps-attempt-6,100,1762,abs_step_limit,39,0.8175744828610095,True,40
slimshetty/swebench-verified:sweb.eval.x86_64.pytest-dev__pytest-7236,1.0,r2egym-qwen3-rl-100-steps-attempt-6,53,1782,token_limit,51,0.0075772427035547,True,50
slimshetty/swebench-verified:sweb.eval.x86_64.astropy__astropy-14182,0.0,r2egym-qwen3-rl-100-steps-attempt-6,33,898,token_limit,8,0.2450850186463482,False,8
slimshetty/swebench-verified:sweb.eval.x86_64.mwaskom__seaborn-3187,0.0,r2egym-qwen3-rl-100-steps-attempt-6,100,1376,abs_step_limit,248,0.0229773682374142,False,249
slimshetty/swebench-verified:sweb.eval.x86_64.sphinx-doc__sphinx-8593,0.0,r2egym-qwen3-rl-100-steps-attempt-6,99,2154,token_limit,1,0.6224593312018545,False,3
slimshetty/swebench-verified:sweb.eval.x86_64.sympy__sympy-24213,1.0,r2egym-qwen3-rl-100-steps-attempt-6,21,2089,agent,31,0.8354835330070839,True,31
slimshetty/swebench-verified:sweb.eval.x86_64.sphinx-doc__sphinx-8621,1.0,r2egym-qwen3-rl-100-steps-attempt-6,50,2323,token_limit,31,0.8670357718273068,True,33
slimshetty/swebench-verified:sweb.eval.x86_64.django__django-16631,0.0,r2egym-qwen3-rl-100-steps-attempt-6,100,4016,abs_step_limit,12,0.5,False,12
slimshetty/swebench-verified:sweb.eval.x86_64.django__django-15572,1.0,r2egym-qwen3-rl-100-steps-attempt-6,43,2379,agent_max_step_limit,10,0.4073334000459302,True,10
slimshetty/swebench-verified:sweb.eval.x86_64.matplotlib__matplotlib-22871,0.0,r2egym-qwen3-rl-100-steps-attempt-6,100,1399,abs_step_limit,87,0.5621765008857981,False,88
slimshetty/swebench-verified:sweb.eval.x86_64.django__django-15732,0.0,r2egym-qwen3-rl-100-steps-attempt-6,78,5114,agent_max_step_limit,125,0.8354835350552604,False,124
slimshetty/swebench-verified:sweb.eval.x86_64.django__django-11790,0.0,r2egym-qwen3-rl-100-steps-attempt-6,100,1798,abs_step_limit,77,0.4687906266262437,False,78
slimshetty/swebench-verified:sweb.eval.x86_64.django__django-11400,0.0,r2egym-qwen3-rl-100-steps-attempt-6,84,1471,token_limit,58,0.7981867753392728,False,58
slimshetty/swebench-verified:sweb.eval.x86_64.sympy__sympy-15017,0.0,r2egym-qwen3-rl-100-steps-attempt-6,75,2056,token_limit,12,0.2227001439842335,False,12
slimshetty/swebench-verified:sweb.eval.x86_64.django__django-11095,1.0,r2egym-qwen3-rl-100-steps-attempt-6,77,7175,token_limit,19,0.6224593241981982,True,19
slimshetty/swebench-verified:sweb.eval.x86_64.django__django-14170,0.0,r2egym-qwen3-rl-100-steps-attempt-6,100,0,abs_step_limit,76,7.484625387601897e-05,False,78
slimshetty/swebench-verified:sweb.eval.x86_64.psf__requests-1766,0.0,r2egym-qwen3-rl-100-steps-attempt-6,54,20419,agent_max_step_limit,78,0.7772998560157665,False,89
slimshetty/swebench-verified:sweb.eval.x86_64.django__django-14404,0.0,r2egym-qwen3-rl-100-steps-attempt-6,50,3717,token_limit,0,0.0179862107187767,False,0
slimshetty/swebench-verified:sweb.eval.x86_64.sphinx-doc__sphinx-10673,0.0,r2egym-qwen3-rl-100-steps-attempt-6,100,2261,abs_step_limit,9,0.3208213073183839,False,9
slimshetty/swebench-verified:sweb.eval.x86_64.django__django-13786,1.0,r2egym-qwen3-rl-100-steps-attempt-6,68,995,token_limit,33,0.8354835309589073,True,33
slimshetty/swebench-verified:sweb.eval.x86_64.matplotlib__matplotlib-20676,0.0,r2egym-qwen3-rl-100-steps-attempt-6,62,0,token_limit,32,4.539785234310904e-05,False,32
slimshetty/swebench-verified:sweb.eval.x86_64.sphinx-doc__sphinx-9230,0.0,r2egym-qwen3-rl-100-steps-attempt-6,100,2738,abs_step_limit,43,0.5312093733737562,False,44
slimshetty/swebench-verified:sweb.eval.x86_64.sympy__sympy-24562,1.0,r2egym-qwen3-rl-100-steps-attempt-6,63,2229,token_limit,105,0.7549149923816048,True,105
slimshetty/swebench-verified:sweb.eval.x86_64.sphinx-doc__sphinx-9258,0.0,r2egym-qwen3-rl-100-steps-attempt-6,42,1798,agent_max_step_limit,45,0.7549149758396752,False,45
slimshetty/swebench-verified:sweb.eval.x86_64.matplotlib__matplotlib-24627,1.0,r2egym-qwen3-rl-100-steps-attempt-6,41,976,max_step_limit,776,0.8807970904940926,True,776
slimshetty/swebench-verified:sweb.eval.x86_64.pytest-dev__pytest-8399,1.0,r2egym-qwen3-rl-100-steps-attempt-6,96,1390,token_limit,59,0.8933094067644466,True,59
slimshetty/swebench-verified:sweb.eval.x86_64.sphinx-doc__sphinx-11510,0.0,r2egym-qwen3-rl-100-steps-attempt-6,24,0,token_limit,7,0.0001398220725977,False,7
slimshetty/swebench-verified:sweb.eval.x86_64.sphinx-doc__sphinx-9461,0.0,r2egym-qwen3-rl-100-steps-attempt-6,56,2724,agent_max_step_limit,59,0.7549149868676283,False,61
slimshetty/swebench-verified:sweb.eval.x86_64.django__django-13516,0.0,r2egym-qwen3-rl-100-steps-attempt-6,63,2435,agent_max_step_limit,43,0.7057850402140659,False,43
slimshetty/swebench-verified:sweb.eval.x86_64.pylint-dev__pylint-4661,0.0,r2egym-qwen3-rl-100-steps-attempt-6,40,6096,agent,0,0.7772998714925403,False,51
slimshetty/swebench-verified:sweb.eval.x86_64.sphinx-doc__sphinx-9367,1.0,r2egym-qwen3-rl-100-steps-attempt-6,18,2124,agent,25,0.8519528076067262,True,25
slimshetty/swebench-verified:sweb.eval.x86_64.pytest-dev__pytest-7571,1.0,r2egym-qwen3-rl-100-steps-attempt-6,100,872,abs_step_limit,14,0.8670357563664174,True,14
slimshetty/swebench-verified:sweb.eval.x86_64.django__django-16429,1.0,r2egym-qwen3-rl-100-steps-attempt-6,78,1644,token_limit,21,0.8670357477770336,True,17
slimshetty/swebench-verified:sweb.eval.x86_64.sphinx-doc__sphinx-10466,1.0,r2egym-qwen3-rl-100-steps-attempt-6,62,679,agent_max_step_limit,6,0.8354835350552604,True,6
slimshetty/swebench-verified:sweb.eval.x86_64.django__django-11820,0.0,r2egym-qwen3-rl-100-steps-attempt-6,100,1668,abs_step_limit,61,0.5,False,61
slimshetty/swebench-verified:sweb.eval.x86_64.django__django-16485,1.0,r2egym-qwen3-rl-100-steps-attempt-6,100,1652,abs_step_limit,9,0.8175744806385543,True,10
slimshetty/swebench-verified:sweb.eval.x86_64.sphinx-doc__sphinx-9591,0.0,r2egym-qwen3-rl-100-steps-attempt-6,47,942,token_limit,44,0.0001584362160458,False,45
slimshetty/swebench-verified:sweb.eval.x86_64.sphinx-doc__sphinx-10323,0.0,r2egym-qwen3-rl-100-steps-attempt-6,100,1568,abs_step_limit,38,0.5,False,38
slimshetty/swebench-verified:sweb.eval.x86_64.django__django-15629,0.0,r2egym-qwen3-rl-100-steps-attempt-6,48,0,token_limit,115,4.006369692540368e-05,False,115
slimshetty/swebench-verified:sweb.eval.x86_64.django__django-15731,0.0,r2egym-qwen3-rl-100-steps-attempt-6,100,790,abs_step_limit,0,0.0015011823247913,False,0
slimshetty/swebench-verified:sweb.eval.x86_64.django__django-11179,1.0,r2egym-qwen3-rl-100-steps-attempt-6,54,1120,agent_max_step_limit,40,0.7772998663336157,True,40
slimshetty/swebench-verified:sweb.eval.x86_64.scikit-learn__scikit-learn-14629,0.0,r2egym-qwen3-rl-100-steps-attempt-6,41,2605,max_step_limit,26,0.5312093733737563,False,24
slimshetty/swebench-verified:sweb.eval.x86_64.django__django-15695,0.0,r2egym-qwen3-rl-100-steps-attempt-6,96,5713,token_limit,123,0.5621765008857981,False,123
slimshetty/swebench-verified:sweb.eval.x86_64.pydata__xarray-7393,1.0,r2egym-qwen3-rl-100-steps-attempt-6,46,1173,token_limit,71,0.5,True,71
slimshetty/swebench-verified:sweb.eval.x86_64.sphinx-doc__sphinx-8638,0.0,r2egym-qwen3-rl-100-steps-attempt-6,66,906,token_limit,34,0.0005527785958254,False,34
slimshetty/swebench-verified:sweb.eval.x86_64.scikit-learn__scikit-learn-14087,0.0,r2egym-qwen3-rl-100-steps-attempt-6,63,2201,token_limit,170,0.0013250227139106,False,170
slimshetty/swebench-verified:sweb.eval.x86_64.matplotlib__matplotlib-20859,1.0,r2egym-qwen3-rl-100-steps-attempt-6,89,1184,token_limit,88,0.9046505280315008,True,88
slimshetty/swebench-verified:sweb.eval.x86_64.django__django-14122,1.0,r2egym-qwen3-rl-100-steps-attempt-6,71,2534,agent_max_step_limit,26,0.8175744806385543,True,26
slimshetty/swebench-verified:sweb.eval.x86_64.scikit-learn__scikit-learn-25232,1.0,r2egym-qwen3-rl-100-steps-attempt-6,100,2111,abs_step_limit,214,0.7057850340255386,True,214
slimshetty/swebench-verified:sweb.eval.x86_64.django__django-13925,0.0,r2egym-qwen3-rl-100-steps-attempt-6,59,447,token_limit,24,0.0097084746817319,False,22
slimshetty/swebench-verified:sweb.eval.x86_64.scikit-learn__scikit-learn-11310,1.0,r2egym-qwen3-rl-100-steps-attempt-6,26,1049,agent,50,0.7549149813536518,True,51
slimshetty/swebench-verified:sweb.eval.x86_64.sphinx-doc__sphinx-7462,0.0,r2egym-qwen3-rl-100-steps-attempt-6,100,2037,abs_step_limit,0,0.7549149813536518,False,0
slimshetty/swebench-verified:sweb.eval.x86_64.sympy__sympy-21847,1.0,r2egym-qwen3-rl-100-steps-attempt-6,29,3152,agent,9,0.8933093954028816,True,10
slimshetty/swebench-verified:sweb.eval.x86_64.django__django-12209,0.0,r2egym-qwen3-rl-100-steps-attempt-6,37,0,token_limit,0,0.0001398220233878,False,1
slimshetty/swebench-verified:sweb.eval.x86_64.pylint-dev__pylint-6386,0.0,r2egym-qwen3-rl-100-steps-attempt-6,100,512,abs_step_limit,7,0.0035936020653635,False,7
slimshetty/swebench-verified:sweb.eval.x86_64.django__django-15161,0.0,r2egym-qwen3-rl-100-steps-attempt-6,45,0,token_limit,208,1.6701427813417103e-05,False,210
slimshetty/swebench-verified:sweb.eval.x86_64.django__django-14915,0.0,r2egym-qwen3-rl-100-steps-attempt-6,84,0,token_limit,23,5.144223809946954e-05,False,23
slimshetty/swebench-verified:sweb.eval.x86_64.django__django-16801,1.0,r2egym-qwen3-rl-100-steps-attempt-6,100,3397,abs_step_limit,17,0.8519528000888386,True,17
slimshetty/swebench-verified:sweb.eval.x86_64.django__django-11087,0.0,r2egym-qwen3-rl-100-steps-attempt-6,70,4554,token_limit,40,0.6224593312018545,False,40
slimshetty/swebench-verified:sweb.eval.x86_64.django__django-16569,1.0,r2egym-qwen3-rl-100-steps-attempt-6,24,2961,agent,111,0.8175744761936437,True,113
slimshetty/swebench-verified:sweb.eval.x86_64.sympy__sympy-15875,1.0,r2egym-qwen3-rl-100-steps-attempt-6,49,401,token_limit,80,0.8519527944504227,True,81
slimshetty/swebench-verified:sweb.eval.x86_64.django__django-15554,0.0,r2egym-qwen3-rl-100-steps-attempt-6,100,0,abs_step_limit,41,8.481107143601051e-05,False,41
slimshetty/swebench-verified:sweb.eval.x86_64.sympy__sympy-22080,0.0,r2egym-qwen3-rl-100-steps-attempt-6,30,0,token_limit,91,0.0001584362146719,False,93
slimshetty/swebench-verified:sweb.eval.x86_64.django__django-13794,0.0,r2egym-qwen3-rl-100-steps-attempt-6,92,2146,token_limit,19,0.8670357701094303,False,19
slimshetty/swebench-verified:sweb.eval.x86_64.scikit-learn__scikit-learn-12585,1.0,r2egym-qwen3-rl-100-steps-attempt-6,12,555,agent,22,0.8519528038477824,True,22
slimshetty/swebench-verified:sweb.eval.x86_64.django__django-14311,0.0,r2egym-qwen3-rl-100-steps-attempt-6,100,2767,abs_step_limit,56,0.7772998663336157,False,56
slimshetty/swebench-verified:sweb.eval.x86_64.django__django-12155,1.0,r2egym-qwen3-rl-100-steps-attempt-6,100,3853,abs_step_limit,6,0.5621765008857981,True,7
slimshetty/swebench-verified:sweb.eval.x86_64.sympy__sympy-13615,0.0,r2egym-qwen3-rl-100-steps-attempt-6,54,2331,token_limit,64,0.0040701380084728,False,64
slimshetty/swebench-verified:sweb.eval.x86_64.django__django-16899,0.0,r2egym-qwen3-rl-100-steps-attempt-6,97,2626,token_limit,54,0.8670357615200474,False,54
slimshetty/swebench-verified:sweb.eval.x86_64.django__django-16493,1.0,r2egym-qwen3-rl-100-steps-attempt-6,100,1863,abs_step_limit,91,0.8670357529306639,True,91
slimshetty/swebench-verified:sweb.eval.x86_64.sympy__sympy-15599,0.0,r2egym-qwen3-rl-100-steps-attempt-6,56,743,token_limit,80,0.8354835391516132,False,80
slimshetty/swebench-verified:sweb.eval.x86_64.django__django-13112,0.0,r2egym-qwen3-rl-100-steps-attempt-6,100,598,abs_step_limit,63,0.0330859820831871,False,63
slimshetty/swebench-verified:sweb.eval.x86_64.django__django-17029,1.0,r2egym-qwen3-rl-100-steps-attempt-6,15,1561,agent,43,0.8175744806385543,True,43
slimshetty/swebench-verified:sweb.eval.x86_64.sympy__sympy-24661,1.0,r2egym-qwen3-rl-100-steps-attempt-6,20,2414,agent,27,0.817574478416099,True,27
slimshetty/swebench-verified:sweb.eval.x86_64.pydata__xarray-4356,1.0,r2egym-qwen3-rl-100-steps-attempt-6,100,885,abs_step_limit,604,0.7772998611746911,True,580
slimshetty/swebench-verified:sweb.eval.x86_64.sympy__sympy-13480,1.0,r2egym-qwen3-rl-100-steps-attempt-6,15,594,agent,43,0.8519527982093666,True,44
slimshetty/swebench-verified:sweb.eval.x86_64.astropy__astropy-14508,1.0,r2egym-qwen3-rl-100-steps-attempt-6,41,1439,max_step_limit,174,0.6791787056691698,True,174
slimshetty/swebench-verified:sweb.eval.x86_64.django__django-15930,0.0,r2egym-qwen3-rl-100-steps-attempt-6,60,0,token_limit,88,2.430025227686393e-05,False,88
slimshetty/swebench-verified:sweb.eval.x86_64.django__django-16661,1.0,r2egym-qwen3-rl-100-steps-attempt-6,83,5468,token_limit,36,0.7981867825403177,True,36
slimshetty/swebench-verified:sweb.eval.x86_64.django__django-11964,0.0,r2egym-qwen3-rl-100-steps-attempt-6,100,0,abs_step_limit,15,9.610244912256048e-05,False,16
slimshetty/swebench-verified:sweb.eval.x86_64.matplotlib__matplotlib-24149,1.0,r2egym-qwen3-rl-100-steps-attempt-6,100,1669,abs_step_limit,767,0.7981867873410141,True,767
slimshetty/swebench-verified:sweb.eval.x86_64.sympy__sympy-17318,0.0,r2egym-qwen3-rl-100-steps-attempt-6,23,1620,agent,10,0.7981867681382279,False,10
slimshetty/swebench-verified:sweb.eval.x86_64.sympy__sympy-20590,1.0,r2egym-qwen3-rl-100-steps-attempt-6,45,1062,agent_max_step_limit,21,0.8354835391516133,True,21
slimshetty/swebench-verified:sweb.eval.x86_64.sphinx-doc__sphinx-7889,1.0,r2egym-qwen3-rl-100-steps-attempt-6,57,1530,token_limit,5,0.0850990531281591,True,6
slimshetty/swebench-verified:sweb.eval.x86_64.pytest-dev__pytest-5631,1.0,r2egym-qwen3-rl-100-steps-attempt-6,100,1158,abs_step_limit,15,0.8354835411997897,True,15
slimshetty/swebench-verified:sweb.eval.x86_64.django__django-14534,0.0,r2egym-qwen3-rl-100-steps-attempt-6,28,1259,agent,118,0.8354835289107307,False,118
slimshetty/swebench-verified:sweb.eval.x86_64.django__django-14315,0.0,r2egym-qwen3-rl-100-steps-attempt-6,47,3484,agent_max_step_limit,0,0.7981867777396212,False,0
slimshetty/swebench-verified:sweb.eval.x86_64.django__django-10914,1.0,r2egym-qwen3-rl-100-steps-attempt-6,74,5585,token_limit,98,0.7549149978955811,True,98
slimshetty/swebench-verified:sweb.eval.x86_64.matplotlib__matplotlib-22719,1.0,r2egym-qwen3-rl-100-steps-attempt-6,100,3516,abs_step_limit,68,0.8670357615200474,True,64
slimshetty/swebench-verified:sweb.eval.x86_64.django__django-16139,1.0,r2egym-qwen3-rl-100-steps-attempt-6,100,3192,abs_step_limit,86,0.8670357649558006,True,86
slimshetty/swebench-verified:sweb.eval.x86_64.django__django-12050,1.0,r2egym-qwen3-rl-100-steps-attempt-6,100,2177,abs_step_limit,10,0.8175744739711883,True,10
slimshetty/swebench-verified:sweb.eval.x86_64.pytest-dev__pytest-5809,1.0,r2egym-qwen3-rl-100-steps-attempt-6,100,1392,abs_step_limit,3,0.6513548782017745,True,3
slimshetty/swebench-verified:sweb.eval.x86_64.matplotlib__matplotlib-23299,0.0,r2egym-qwen3-rl-100-steps-attempt-6,100,677,abs_step_limit,192,0.7549149813536518,False,192
slimshetty/swebench-verified:sweb.eval.x86_64.sympy__sympy-14531,1.0,r2egym-qwen3-rl-100-steps-attempt-6,100,2203,abs_step_limit,84,0.8670357477770336,True,85
slimshetty/swebench-verified:sweb.eval.x86_64.sympy__sympy-17139,0.0,r2egym-qwen3-rl-100-steps-attempt-6,61,817,agent_max_step_limit,67,0.8175744739711884,False,68
slimshetty/swebench-verified:sweb.eval.x86_64.django__django-16032,1.0,r2egym-qwen3-rl-100-steps-attempt-6,41,2681,max_step_limit,77,0.7549149813536518,True,77
slimshetty/swebench-verified:sweb.eval.x86_64.matplotlib__matplotlib-25287,1.0,r2egym-qwen3-rl-100-steps-attempt-6,42,2251,agent_max_step_limit,786,0.8354835309589074,True,786
slimshetty/swebench-verified:sweb.eval.x86_64.django__django-14580,1.0,r2egym-qwen3-rl-100-steps-attempt-6,42,1406,agent_max_step_limit,49,0.6791786926816161,True,49
slimshetty/swebench-verified:sweb.eval.x86_64.astropy__astropy-14309,1.0,r2egym-qwen3-rl-100-steps-attempt-6,13,927,agent,141,0.8933094167058151,True,141
slimshetty/swebench-verified:sweb.eval.x86_64.django__django-11728,0.0,r2egym-qwen3-rl-100-steps-attempt-6,32,1795,token_limit,43,0.0229773724607581,False,45
slimshetty/swebench-verified:sweb.eval.x86_64.astropy__astropy-7606,0.0,r2egym-qwen3-rl-100-steps-attempt-6,37,970,agent,0,0.8670357598021707,False,0
slimshetty/swebench-verified:sweb.eval.x86_64.django__django-13012,0.0,r2egym-qwen3-rl-100-steps-attempt-6,100,2937,abs_step_limit,137,0.7310585903489891,False,137
slimshetty/swebench-verified:sweb.eval.x86_64.django__django-11163,1.0,r2egym-qwen3-rl-100-steps-attempt-6,100,2240,abs_step_limit,141,0.8175744695262777,True,142
slimshetty/swebench-verified:sweb.eval.x86_64.django__django-12754,0.0,r2egym-qwen3-rl-100-steps-attempt-6,100,1949,abs_step_limit,112,0.2018132294614237,False,112
slimshetty/swebench-verified:sweb.eval.x86_64.django__django-14725,0.0,r2egym-qwen3-rl-100-steps-attempt-6,96,3504,token_limit,28,0.001501182147501,False,28
slimshetty/swebench-verified:sweb.eval.x86_64.django__django-13028,0.0,r2egym-qwen3-rl-100-steps-attempt-6,50,0,token_limit,276,6.605213668174985e-05,False,277
slimshetty/swebench-verified:sweb.eval.x86_64.sympy__sympy-22714,0.0,r2egym-qwen3-rl-100-steps-attempt-6,37,281,token_limit,11,0.0052201249511952,False,11
slimshetty/swebench-verified:sweb.eval.x86_64.django__django-14787,0.0,r2egym-qwen3-rl-100-steps-attempt-6,48,3291,agent_max_step_limit,17,0.6791787056691697,False,17
slimshetty/swebench-verified:sweb.eval.x86_64.scikit-learn__scikit-learn-13328,1.0,r2egym-qwen3-rl-100-steps-attempt-6,12,637,agent,9,0.9149009561531424,True,9
slimshetty/swebench-verified:sweb.eval.x86_64.django__django-15280,0.0,r2egym-qwen3-rl-100-steps-attempt-6,59,2598,token_limit,84,0.2689414213699951,False,84
slimshetty/swebench-verified:sweb.eval.x86_64.django__django-12774,0.0,r2egym-qwen3-rl-100-steps-attempt-6,84,2485,token_limit,38,0.7981867825403177,False,38
slimshetty/swebench-verified:sweb.eval.x86_64.sympy__sympy-18189,1.0,r2egym-qwen3-rl-100-steps-attempt-6,53,2590,agent_max_step_limit,41,0.9241418199787564,True,42
slimshetty/swebench-verified:sweb.eval.x86_64.sphinx-doc__sphinx-8269,1.0,r2egym-qwen3-rl-100-steps-attempt-6,62,5864,token_limit,5,0.8807970779778824,True,5
slimshetty/swebench-verified:sweb.eval.x86_64.django__django-13406,1.0,r2egym-qwen3-rl-100-steps-attempt-6,61,2184,token_limit,32,0.8807970701552505,True,33
slimshetty/swebench-verified:sweb.eval.x86_64.django__django-11555,0.0,r2egym-qwen3-rl-100-steps-attempt-6,100,2406,abs_step_limit,26,0.0600866518571309,False,26
slimshetty/swebench-verified:sweb.eval.x86_64.sphinx-doc__sphinx-9658,0.0,r2egym-qwen3-rl-100-steps-attempt-6,100,942,abs_step_limit,24,0.0003353501859821,False,23
slimshetty/swebench-verified:sweb.eval.x86_64.sympy__sympy-12489,0.0,r2egym-qwen3-rl-100-steps-attempt-6,45,2353,agent_max_step_limit,3,0.7549149813536518,False,3
slimshetty/swebench-verified:sweb.eval.x86_64.django__django-17087,0.0,r2egym-qwen3-rl-100-steps-attempt-6,58,0,token_limit,53,5.8291265411767815e-05,False,53
slimshetty/swebench-verified:sweb.eval.x86_64.django__django-14376,0.0,r2egym-qwen3-rl-100-steps-attempt-6,84,4456,agent_max_step_limit,6,0.8519528019683105,False,9
slimshetty/swebench-verified:sweb.eval.x86_64.matplotlib__matplotlib-20488,0.0,r2egym-qwen3-rl-100-steps-attempt-6,49,3439,token_limit,49,0.0140636295226513,False,50
slimshetty/swebench-verified:sweb.eval.x86_64.sympy__sympy-16792,0.0,r2egym-qwen3-rl-100-steps-attempt-6,100,0,abs_step_limit,54,2.753568451218037e-05,False,54
slimshetty/swebench-verified:sweb.eval.x86_64.django__django-10999,0.0,r2egym-qwen3-rl-100-steps-attempt-6,7,497,token_limit,10,0.2450850186463482,False,12
slimshetty/swebench-verified:sweb.eval.x86_64.pytest-dev__pytest-10081,1.0,r2egym-qwen3-rl-100-steps-attempt-6,100,1450,abs_step_limit,63,0.7310585669110203,True,62
slimshetty/swebench-verified:sweb.eval.x86_64.sympy__sympy-14248,0.0,r2egym-qwen3-rl-100-steps-attempt-6,64,2665,agent_max_step_limit,433,0.3486451285660856,False,434
slimshetty/swebench-verified:sweb.eval.x86_64.django__django-13033,0.0,r2egym-qwen3-rl-100-steps-attempt-6,41,0,token_limit,26,0.0001088969080855,False,26
slimshetty/swebench-verified:sweb.eval.x86_64.scikit-learn__scikit-learn-13779,1.0,r2egym-qwen3-rl-100-steps-attempt-6,19,1574,agent,18,0.8670357615200474,True,18
slimshetty/swebench-verified:sweb.eval.x86_64.django__django-16082,1.0,r2egym-qwen3-rl-100-steps-attempt-6,100,3267,abs_step_limit,170,0.8519528038477824,True,172
slimshetty/swebench-verified:sweb.eval.x86_64.matplotlib__matplotlib-20826,0.0,r2egym-qwen3-rl-100-steps-attempt-6,77,2231,agent_max_step_limit,669,0.5926665999540698,False,669
slimshetty/swebench-verified:sweb.eval.x86_64.pydata__xarray-4966,1.0,r2egym-qwen3-rl-100-steps-attempt-6,51,1608,token_limit,21,0.0850990363058007,True,17
slimshetty/swebench-verified:sweb.eval.x86_64.sphinx-doc__sphinx-7590,0.0,r2egym-qwen3-rl-100-steps-attempt-6,43,2183,agent_max_step_limit,24,0.7057850340255386,False,25
slimshetty/swebench-verified:sweb.eval.x86_64.matplotlib__matplotlib-24570,1.0,r2egym-qwen3-rl-100-steps-attempt-6,44,1048,agent_max_step_limit,267,0.7057850278370112,True,263
slimshetty/swebench-verified:sweb.eval.x86_64.sphinx-doc__sphinx-7748,0.0,r2egym-qwen3-rl-100-steps-attempt-6,74,6266,token_limit,10,0.5621765008857982,False,10
slimshetty/swebench-verified:sweb.eval.x86_64.sphinx-doc__sphinx-9698,1.0,r2egym-qwen3-rl-100-steps-attempt-6,55,2342,token_limit,45,0.8670357615200474,True,45
slimshetty/swebench-verified:sweb.eval.x86_64.scikit-learn__scikit-learn-26323,1.0,r2egym-qwen3-rl-100-steps-attempt-6,80,2117,token_limit,188,0.8670357512127872,True,0
slimshetty/swebench-verified:sweb.eval.x86_64.astropy__astropy-14539,1.0,r2egym-qwen3-rl-100-steps-attempt-6,24,1027,agent,46,0.9046505312448598,True,48
slimshetty/swebench-verified:sweb.eval.x86_64.pylint-dev__pylint-4970,0.0,r2egym-qwen3-rl-100-steps-attempt-6,100,690,abs_step_limit,17,0.0002959572365289,False,17
slimshetty/swebench-verified:sweb.eval.x86_64.django__django-16100,1.0,r2egym-qwen3-rl-100-steps-attempt-6,100,5242,abs_step_limit,59,0.8175744828610095,True,59
slimshetty/swebench-verified:sweb.eval.x86_64.django__django-12325,0.0,r2egym-qwen3-rl-100-steps-attempt-6,52,0,token_limit,201,5.8291258453558646e-05,False,201
slimshetty/swebench-verified:sweb.eval.x86_64.pytest-dev__pytest-6197,0.0,r2egym-qwen3-rl-100-steps-attempt-6,37,1294,token_limit,140,0.4687906266262437,False,140
slimshetty/swebench-verified:sweb.eval.x86_64.astropy__astropy-14096,0.0,r2egym-qwen3-rl-100-steps-attempt-6,27,1571,token_limit,426,0.0109869430252718,False,426
slimshetty/swebench-verified:sweb.eval.x86_64.sympy__sympy-23824,0.0,r2egym-qwen3-rl-100-steps-attempt-6,31,638,agent,0,0.8670357546485408,False,1
slimshetty/swebench-verified:sweb.eval.x86_64.sympy__sympy-18211,0.0,r2egym-qwen3-rl-100-steps-attempt-6,53,1324,agent_max_step_limit,53,0.6224593312018546,False,53
slimshetty/swebench-verified:sweb.eval.x86_64.sympy__sympy-12096,1.0,r2egym-qwen3-rl-100-steps-attempt-6,17,658,agent,43,0.7981867825403177,True,43
slimshetty/swebench-verified:sweb.eval.x86_64.pylint-dev__pylint-7277,1.0,r2egym-qwen3-rl-100-steps-attempt-6,35,5963,agent,122,0.7981867825403177,True,123
slimshetty/swebench-verified:sweb.eval.x86_64.django__django-16454,0.0,r2egym-qwen3-rl-100-steps-attempt-6,31,3696,agent,44,0.7772998714925403,False,44
slimshetty/swebench-verified:sweb.eval.x86_64.django__django-15741,0.0,r2egym-qwen3-rl-100-steps-attempt-6,100,3714,abs_step_limit,103,0.8354835391516133,False,103
slimshetty/swebench-verified:sweb.eval.x86_64.django__django-11066,1.0,r2egym-qwen3-rl-100-steps-attempt-6,30,2763,agent,3,0.8175744806385542,True,3
slimshetty/swebench-verified:sweb.eval.x86_64.django__django-13807,0.0,r2egym-qwen3-rl-100-steps-attempt-6,48,3805,token_limit,38,0.8175744828610095,False,40
slimshetty/swebench-verified:sweb.eval.x86_64.django__django-13551,0.0,r2egym-qwen3-rl-100-steps-attempt-6,83,6770,token_limit,56,0.7772998560157663,False,57
slimshetty/swebench-verified:sweb.eval.x86_64.django__django-11433,0.0,r2egym-qwen3-rl-100-steps-attempt-6,40,2692,agent,138,0.7772998663336157,False,139
slimshetty/swebench-verified:sweb.eval.x86_64.scikit-learn__scikit-learn-9288,1.0,r2egym-qwen3-rl-100-steps-attempt-6,26,3895,agent,123,0.8807970904940926,True,123
slimshetty/swebench-verified:sweb.eval.x86_64.django__django-11749,1.0,r2egym-qwen3-rl-100-steps-attempt-6,43,3356,agent_max_step_limit,34,0.7057850402140659,True,34
slimshetty/swebench-verified:sweb.eval.x86_64.django__django-11532,0.0,r2egym-qwen3-rl-100-steps-attempt-6,100,1691,abs_step_limit,0,0.0011695100758938,False,0
slimshetty/swebench-verified:sweb.eval.x86_64.astropy__astropy-14369,0.0,r2egym-qwen3-rl-100-steps-attempt-6,72,1034,token_limit,732,0.0005527786611386,False,729
slimshetty/swebench-verified:sweb.eval.x86_64.pytest-dev__pytest-5787,0.0,r2egym-qwen3-rl-100-steps-attempt-6,68,5440,token_limit,0,0.0109869417197963,False,120
slimshetty/swebench-verified:sweb.eval.x86_64.django__django-15916,0.0,r2egym-qwen3-rl-100-steps-attempt-6,66,4076,token_limit,0,0.6224593312018546,False,0
slimshetty/swebench-verified:sweb.eval.x86_64.sympy__sympy-13852,0.0,r2egym-qwen3-rl-100-steps-attempt-6,22,879,agent,4,0.679178692681616,False,4
slimshetty/swebench-verified:sweb.eval.x86_64.django__django-13569,1.0,r2egym-qwen3-rl-100-steps-attempt-6,100,2273,abs_step_limit,66,0.7981867681382279,True,67
slimshetty/swebench-verified:sweb.eval.x86_64.sphinx-doc__sphinx-8120,1.0,r2egym-qwen3-rl-100-steps-attempt-6,66,3826,token_limit,44,0.1824255149165352,True,44
slimshetty/swebench-verified:sweb.eval.x86_64.django__django-13023,0.0,r2egym-qwen3-rl-100-steps-attempt-6,84,2039,token_limit,0,0.2942149597859341,False,0
slimshetty/swebench-verified:sweb.eval.x86_64.django__django-16136,0.0,r2egym-qwen3-rl-100-steps-attempt-6,100,3397,abs_step_limit,7,0.731058584489497,False,8
slimshetty/swebench-verified:sweb.eval.x86_64.django__django-15851,1.0,r2egym-qwen3-rl-100-steps-attempt-6,73,530,token_limit,8,0.8175744761936437,True,8
slimshetty/swebench-verified:sweb.eval.x86_64.sympy__sympy-13878,0.0,r2egym-qwen3-rl-100-steps-attempt-6,89,5310,token_limit,19,0.5312093733737563,False,20
slimshetty/swebench-verified:sweb.eval.x86_64.matplotlib__matplotlib-24970,1.0,r2egym-qwen3-rl-100-steps-attempt-6,30,520,agent,253,0.8807970811069351,True,250
slimshetty/swebench-verified:sweb.eval.x86_64.django__django-15569,1.0,r2egym-qwen3-rl-100-steps-attempt-6,41,489,max_step_limit,242,0.8807970795424088,True,243
slimshetty/swebench-verified:sweb.eval.x86_64.pydata__xarray-6461,0.0,r2egym-qwen3-rl-100-steps-attempt-6,85,2508,token_limit,0,0.0085774845742041,False,0
slimshetty/swebench-verified:sweb.eval.x86_64.scikit-learn__scikit-learn-25747,0.0,r2egym-qwen3-rl-100-steps-attempt-6,17,1790,agent,14,0.8354835330070839,False,14
slimshetty/swebench-verified:sweb.eval.x86_64.sphinx-doc__sphinx-10614,0.0,r2egym-qwen3-rl-100-steps-attempt-6,100,1375,abs_step_limit,5,0.6224593312018546,False,6
slimshetty/swebench-verified:sweb.eval.x86_64.django__django-13315,1.0,r2egym-qwen3-rl-100-steps-attempt-6,100,5528,token_limit,146,0.679178692681616,True,147
slimshetty/swebench-verified:sweb.eval.x86_64.sympy__sympy-17655,1.0,r2egym-qwen3-rl-100-steps-attempt-6,45,1506,agent_max_step_limit,9,0.7772998663336158,True,11
slimshetty/swebench-verified:sweb.eval.x86_64.django__django-12741,1.0,r2egym-qwen3-rl-100-steps-attempt-6,43,1514,token_limit,67,0.5312093733737563,True,67
slimshetty/swebench-verified:sweb.eval.x86_64.sphinx-doc__sphinx-10435,0.0,r2egym-qwen3-rl-100-steps-attempt-6,56,501,token_limit,74,0.0203323556429787,False,74
slimshetty/swebench-verified:sweb.eval.x86_64.sphinx-doc__sphinx-8265,0.0,r2egym-qwen3-rl-100-steps-attempt-6,93,2585,token_limit,21,0.0534033288582307,False,21
slimshetty/swebench-verified:sweb.eval.x86_64.django__django-12708,1.0,r2egym-qwen3-rl-100-steps-attempt-6,51,2887,agent_max_step_limit,101,0.7772998714925403,True,101
slimshetty/swebench-verified:sweb.eval.x86_64.pydata__xarray-3305,1.0,r2egym-qwen3-rl-100-steps-attempt-6,49,2998,agent_max_step_limit,653,0.8933094110250333,True,665
slimshetty/swebench-verified:sweb.eval.x86_64.django__django-13401,1.0,r2egym-qwen3-rl-100-steps-attempt-6,14,2298,agent,32,0.7772998611746912,True,32
slimshetty/swebench-verified:sweb.eval.x86_64.pytest-dev__pytest-7324,1.0,r2egym-qwen3-rl-100-steps-attempt-6,79,2093,token_limit,58,0.5926665999540698,True,60
slimshetty/swebench-verified:sweb.eval.x86_64.sphinx-doc__sphinx-8459,1.0,r2egym-qwen3-rl-100-steps-attempt-6,100,2370,abs_step_limit,17,0.7057850216484838,True,17
slimshetty/swebench-verified:sweb.eval.x86_64.django__django-15814,1.0,r2egym-qwen3-rl-100-steps-attempt-6,60,2726,agent_max_step_limit,29,0.8354835289107307,True,29
slimshetty/swebench-verified:sweb.eval.x86_64.django__django-11951,1.0,r2egym-qwen3-rl-100-steps-attempt-6,76,3738,token_limit,21,0.1480471961522175,True,21
slimshetty/swebench-verified:sweb.eval.x86_64.sympy__sympy-16766,0.0,r2egym-qwen3-rl-100-steps-attempt-6,33,1587,agent,7,0.6513548511303336,False,8
slimshetty/swebench-verified:sweb.eval.x86_64.django__django-13417,1.0,r2egym-qwen3-rl-100-steps-attempt-6,84,1756,agent_max_step_limit,280,0.7981867825403176,True,280
slimshetty/swebench-verified:sweb.eval.x86_64.django__django-14089,1.0,r2egym-qwen3-rl-100-steps-attempt-6,29,396,agent,43,0.8519528094861981,True,43
slimshetty/swebench-verified:sweb.eval.x86_64.pytest-dev__pytest-10356,0.0,r2egym-qwen3-rl-100-steps-attempt-6,82,1078,token_limit,79,0.5,False,79
slimshetty/swebench-verified:sweb.eval.x86_64.pytest-dev__pytest-7982,1.0,r2egym-qwen3-rl-100-steps-attempt-6,66,2745,token_limit,78,0.9046505447409664,True,78
slimshetty/swebench-verified:sweb.eval.x86_64.django__django-11119,1.0,r2egym-qwen3-rl-100-steps-attempt-6,81,1263,token_limit,7,0.7549149758396752,True,7
slimshetty/swebench-verified:sweb.eval.x86_64.sympy__sympy-21596,0.0,r2egym-qwen3-rl-100-steps-attempt-6,73,1561,token_limit,36,0.0109869447153061,False,37
slimshetty/swebench-verified:sweb.eval.x86_64.sphinx-doc__sphinx-11445,1.0,r2egym-qwen3-rl-100-steps-attempt-6,41,2521,token_limit,8,0.7549149813536518,True,7
slimshetty/swebench-verified:sweb.eval.x86_64.pytest-dev__pytest-6202,1.0,r2egym-qwen3-rl-100-steps-attempt-6,100,1368,abs_step_limit,72,0.8354835432479661,True,73
slimshetty/swebench-verified:sweb.eval.x86_64.sphinx-doc__sphinx-7757,1.0,r2egym-qwen3-rl-100-steps-attempt-6,60,4240,token_limit,33,0.8670357494949105,True,35
slimshetty/swebench-verified:sweb.eval.x86_64.sympy__sympy-19495,1.0,r2egym-qwen3-rl-100-steps-attempt-6,67,4636,agent_max_step_limit,8,0.5926665999540698,True,8
slimshetty/swebench-verified:sweb.eval.x86_64.django__django-13212,0.0,r2egym-qwen3-rl-100-steps-attempt-6,77,8881,agent_max_step_limit,1,0.3775406758018018,False,1
slimshetty/swebench-verified:sweb.eval.x86_64.django__django-13810,0.0,r2egym-qwen3-rl-100-steps-attempt-6,100,0,abs_step_limit,30,0.0008040860842058,False,32
slimshetty/swebench-verified:sweb.eval.x86_64.django__django-14434,0.0,r2egym-qwen3-rl-100-steps-attempt-6,66,0,token_limit,133,3.120191505506507e-05,False,133
slimshetty/swebench-verified:sweb.eval.x86_64.django__django-15375,0.0,r2egym-qwen3-rl-100-steps-attempt-6,100,4877,abs_step_limit,85,0.2450850186463482,False,85
slimshetty/swebench-verified:sweb.eval.x86_64.scikit-learn__scikit-learn-13142,0.0,r2egym-qwen3-rl-100-steps-attempt-6,47,3246,token_limit,10,0.0097084781558613,False,10
slimshetty/swebench-verified:sweb.eval.x86_64.pydata__xarray-4687,0.0,r2egym-qwen3-rl-100-steps-attempt-6,100,1366,abs_step_limit,0,0.0010322308776972,False,0
slimshetty/swebench-verified:sweb.eval.x86_64.sympy__sympy-20154,1.0,r2egym-qwen3-rl-100-steps-attempt-6,41,1653,max_step_limit,40,0.867035752930664,True,42
slimshetty/swebench-verified:sweb.eval.x86_64.django__django-7530,1.0,r2egym-qwen3-rl-100-steps-attempt-6,100,0,abs_step_limit,59,2.4300232027942982e-05,True,63
slimshetty/swebench-verified:sweb.eval.x86_64.django__django-14999,1.0,r2egym-qwen3-rl-100-steps-attempt-6,91,3080,token_limit,113,0.7549149868676283,True,113
slimshetty/swebench-verified:sweb.eval.x86_64.django__django-15368,0.0,r2egym-qwen3-rl-100-steps-attempt-6,54,938,token_limit,29,0.0011695100858211,False,29
slimshetty/swebench-verified:sweb.eval.x86_64.django__django-14792,0.0,r2egym-qwen3-rl-100-steps-attempt-6,44,3708,agent_max_step_limit,23,0.7772998663336157,False,24
slimshetty/swebench-verified:sweb.eval.x86_64.django__django-12858,1.0,r2egym-qwen3-rl-100-steps-attempt-6,100,2019,abs_step_limit,73,0.5926665999540698,True,73
slimshetty/swebench-verified:sweb.eval.x86_64.django__django-16255,1.0,r2egym-qwen3-rl-100-steps-attempt-6,100,795,abs_step_limit,36,0.8670357529306639,True,36
slimshetty/swebench-verified:sweb.eval.x86_64.astropy__astropy-13453,0.0,r2egym-qwen3-rl-100-steps-attempt-6,47,421,token_limit,2,0.0059110692584777,False,2
slimshetty/swebench-verified:sweb.eval.x86_64.scikit-learn__scikit-learn-10297,1.0,r2egym-qwen3-rl-100-steps-attempt-6,44,2782,agent_max_step_limit,28,0.8354835432479661,True,29
slimshetty/swebench-verified:sweb.eval.x86_64.django__django-15315,1.0,r2egym-qwen3-rl-100-steps-attempt-6,64,1487,token_limit,33,0.8519528038477824,True,32
slimshetty/swebench-verified:sweb.eval.x86_64.sphinx-doc__sphinx-9320,1.0,r2egym-qwen3-rl-100-steps-attempt-6,100,3265,abs_step_limit,9,0.0021827164316536,True,9
slimshetty/swebench-verified:sweb.eval.x86_64.django__django-14765,1.0,r2egym-qwen3-rl-100-steps-attempt-6,17,824,agent,64,0.7981867777396211,True,64
slimshetty/swebench-verified:sweb.eval.x86_64.django__django-15103,1.0,r2egym-qwen3-rl-100-steps-attempt-6,41,3193,max_step_limit,17,0.817574478416099,True,17
slimshetty/swebench-verified:sweb.eval.x86_64.django__django-13741,1.0,r2egym-qwen3-rl-100-steps-attempt-6,72,1433,token_limit,82,0.8519528019683105,True,83
slimshetty/swebench-verified:sweb.eval.x86_64.matplotlib__matplotlib-25332,0.0,r2egym-qwen3-rl-100-steps-attempt-6,73,1591,agent_max_step_limit,181,0.7772998611746912,False,183
slimshetty/swebench-verified:sweb.eval.x86_64.astropy__astropy-8872,0.0,r2egym-qwen3-rl-100-steps-attempt-6,28,1448,token_limit,0,0.0600866510155692,False,81
slimshetty/swebench-verified:sweb.eval.x86_64.sphinx-doc__sphinx-9673,0.0,r2egym-qwen3-rl-100-steps-attempt-6,100,3824,abs_step_limit,24,0.1480471961522175,False,25
slimshetty/swebench-verified:sweb.eval.x86_64.sphinx-doc__sphinx-8595,1.0,r2egym-qwen3-rl-100-steps-attempt-6,83,2763,token_limit,0,0.7549149868676283,True,1469
slimshetty/swebench-verified:sweb.eval.x86_64.django__django-13513,0.0,r2egym-qwen3-rl-100-steps-attempt-6,41,2620,max_step_limit,83,0.0140636238277666,False,83
slimshetty/swebench-verified:sweb.eval.x86_64.pydata__xarray-7229,0.0,r2egym-qwen3-rl-100-steps-attempt-6,46,0,token_limit,280,0.0004878572247913,False,281
slimshetty/swebench-verified:sweb.eval.x86_64.django__django-12039,0.0,r2egym-qwen3-rl-100-steps-attempt-6,100,2114,abs_step_limit,11,0.7057850340255386,False,10
slimshetty/swebench-verified:sweb.eval.x86_64.sympy__sympy-13031,0.0,r2egym-qwen3-rl-100-steps-attempt-6,43,1153,agent_max_step_limit,9,0.1329642316084462,False,10
slimshetty/swebench-verified:sweb.eval.x86_64.matplotlib__matplotlib-25311,0.0,r2egym-qwen3-rl-100-steps-attempt-6,97,2785,token_limit,181,0.8354835391516133,False,182
slimshetty/swebench-verified:sweb.eval.x86_64.sympy__sympy-13974,0.0,r2egym-qwen3-rl-100-steps-attempt-6,72,3364,token_limit,3,0.0159063945400138,False,3
slimshetty/swebench-verified:sweb.eval.x86_64.django__django-11206,1.0,r2egym-qwen3-rl-100-steps-attempt-6,44,3159,token_limit,4,0.0600866562753297,True,5
slimshetty/swebench-verified:sweb.eval.x86_64.psf__requests-5414,1.0,r2egym-qwen3-rl-100-steps-attempt-6,31,1961,agent,130,0.7549149813536518,True,130
slimshetty/swebench-verified:sweb.eval.x86_64.django__django-11734,0.0,r2egym-qwen3-rl-100-steps-attempt-6,32,0,token_limit,275,3.535626332702904e-05,False,275
slimshetty/swebench-verified:sweb.eval.x86_64.django__django-15973,0.0,r2egym-qwen3-rl-100-steps-attempt-6,42,0,token_limit,157,4.006368258380272e-05,False,157
slimshetty/swebench-verified:sweb.eval.x86_64.astropy__astropy-13579,0.0,r2egym-qwen3-rl-100-steps-attempt-6,58,4117,token_limit,40,0.5312093733737562,False,40
slimshetty/swebench-verified:sweb.eval.x86_64.sympy__sympy-24539,1.0,r2egym-qwen3-rl-100-steps-attempt-6,100,1423,abs_step_limit,62,0.7057850278370111,True,63
slimshetty/swebench-verified:sweb.eval.x86_64.psf__requests-1142,1.0,r2egym-qwen3-rl-100-steps-attempt-6,52,22876,agent_max_step_limit,5,0.5926665999540698,True,5
slimshetty/swebench-verified:sweb.eval.x86_64.django__django-16145,1.0,r2egym-qwen3-rl-100-steps-attempt-6,60,2269,token_limit,174,0.7981867705385762,True,174
slimshetty/swebench-verified:sweb.eval.x86_64.django__django-13590,1.0,r2egym-qwen3-rl-100-steps-attempt-6,41,4104,max_step_limit,145,0.8175744673038222,True,146
slimshetty/swebench-verified:sweb.eval.x86_64.matplotlib__matplotlib-23476,0.0,r2egym-qwen3-rl-100-steps-attempt-6,59,0,token_limit,104,3.12019075927991e-05,False,104
slimshetty/swebench-verified:sweb.eval.x86_64.django__django-13297,0.0,r2egym-qwen3-rl-100-steps-attempt-6,27,4018,agent,50,0.7772998560157665,False,50
slimshetty/swebench-verified:sweb.eval.x86_64.django__django-11848,0.0,r2egym-qwen3-rl-100-steps-attempt-6,36,1779,agent,43,0.7057850154599563,False,45
slimshetty/swebench-verified:sweb.eval.x86_64.astropy__astropy-7336,0.0,r2egym-qwen3-rl-100-steps-attempt-6,15,784,agent,0,0.754914975839675,False,0
slimshetty/swebench-verified:sweb.eval.x86_64.sympy__sympy-21612,0.0,r2egym-qwen3-rl-100-steps-attempt-6,100,10274,abs_step_limit,98,0.0010322312288243,False,99
slimshetty/swebench-verified:sweb.eval.x86_64.django__django-12276,0.0,r2egym-qwen3-rl-100-steps-attempt-6,100,0,token_limit,117,1.1478773595970265e-05,False,117
slimshetty/swebench-verified:sweb.eval.x86_64.pydata__xarray-4695,1.0,r2egym-qwen3-rl-100-steps-attempt-6,100,578,abs_step_limit,875,0.8670357460591569,True,876
slimshetty/swebench-verified:sweb.eval.x86_64.django__django-14500,0.0,r2egym-qwen3-rl-100-steps-attempt-6,100,2845,abs_step_limit,21,0.817574478416099,False,21
slimshetty/swebench-verified:sweb.eval.x86_64.sphinx-doc__sphinx-9229,0.0,r2egym-qwen3-rl-100-steps-attempt-6,100,1933,abs_step_limit,13,0.5926665999540698,False,13
slimshetty/swebench-verified:sweb.eval.x86_64.django__django-13121,0.0,r2egym-qwen3-rl-100-steps-attempt-6,100,730,abs_step_limit,168,0.0004305570222545,False,169
slimshetty/swebench-verified:sweb.eval.x86_64.django__django-11276,0.0,r2egym-qwen3-rl-100-steps-attempt-6,84,907,token_limit,276,0.0015011821304002,False,282
slimshetty/swebench-verified:sweb.eval.x86_64.astropy__astropy-14995,1.0,r2egym-qwen3-rl-100-steps-attempt-6,18,609,agent,179,0.8933094060543488,True,179
slimshetty/swebench-verified:sweb.eval.x86_64.sympy__sympy-16886,1.0,r2egym-qwen3-rl-100-steps-attempt-6,28,466,agent,42,0.8519527982093666,True,43
slimshetty/swebench-verified:sweb.eval.x86_64.astropy__astropy-7166,0.0,r2egym-qwen3-rl-100-steps-attempt-6,16,534,agent,0,0.8670357460591569,False,0
slimshetty/swebench-verified:sweb.eval.x86_64.django__django-11138,0.0,r2egym-qwen3-rl-100-steps-attempt-6,28,3679,agent,73,0.8175744850834648,False,73
slimshetty/swebench-verified:sweb.eval.x86_64.django__django-15863,1.0,r2egym-qwen3-rl-100-steps-attempt-6,100,1122,abs_step_limit,9,0.8670357701094303,True,10
slimshetty/swebench-verified:sweb.eval.x86_64.psf__requests-6028,0.0,r2egym-qwen3-rl-100-steps-attempt-6,84,2657,token_limit,185,0.4687906266262437,False,185
slimshetty/swebench-verified:sweb.eval.x86_64.django__django-11099,0.0,r2egym-qwen3-rl-100-steps-attempt-6,100,5593,abs_step_limit,0,0.7057850278370112,False,0
slimshetty/swebench-verified:sweb.eval.x86_64.django__django-16667,0.0,r2egym-qwen3-rl-100-steps-attempt-6,21,4021,agent,24,0.8670357735451834,False,26
slimshetty/swebench-verified:sweb.eval.x86_64.pydata__xarray-3151,1.0,r2egym-qwen3-rl-100-steps-attempt-6,41,757,max_step_limit,66,0.8933094145755219,True,66
slimshetty/swebench-verified:sweb.eval.x86_64.django__django-12125,0.0,r2egym-qwen3-rl-100-steps-attempt-6,100,2575,abs_step_limit,43,0.4687906266262437,False,43
slimshetty/swebench-verified:sweb.eval.x86_64.pylint-dev__pylint-8898,0.0,r2egym-qwen3-rl-100-steps-attempt-6,35,4559,token_limit,17,0.1066906045971184,False,16
slimshetty/swebench-verified:sweb.eval.x86_64.pydata__xarray-6992,0.0,r2egym-qwen3-rl-100-steps-attempt-6,33,1281,agent,945,0.8519527963298947,False,948
slimshetty/swebench-verified:sweb.eval.x86_64.django__django-13809,1.0,r2egym-qwen3-rl-100-steps-attempt-6,100,2863,abs_step_limit,245,0.8354835330070838,True,245
slimshetty/swebench-verified:sweb.eval.x86_64.django__django-16263,0.0,r2egym-qwen3-rl-100-steps-attempt-6,43,0,token_limit,100,3.535623804803683e-05,False,99
slimshetty/swebench-verified:sweb.eval.x86_64.matplotlib__matplotlib-24026,1.0,r2egym-qwen3-rl-100-steps-attempt-6,41,1972,max_step_limit,764,0.3486451421018059,True,767
slimshetty/swebench-verified:sweb.eval.x86_64.sphinx-doc__sphinx-8035,0.0,r2egym-qwen3-rl-100-steps-attempt-6,49,5141,agent_max_step_limit,2,0.7057850402140659,False,2
slimshetty/swebench-verified:sweb.eval.x86_64.django__django-13512,0.0,r2egym-qwen3-rl-100-steps-attempt-6,100,662,abs_step_limit,32,0.6224593312018545,False,35
slimshetty/swebench-verified:sweb.eval.x86_64.sympy__sympy-13877,0.0,r2egym-qwen3-rl-100-steps-attempt-6,43,868,agent_max_step_limit,0,0.6224593312018546,False,111
slimshetty/swebench-verified:sweb.eval.x86_64.django__django-16315,0.0,r2egym-qwen3-rl-100-steps-attempt-6,40,2255,agent,42,0.0017007221376853,False,42
slimshetty/swebench-verified:sweb.eval.x86_64.django__django-15525,0.0,r2egym-qwen3-rl-100-steps-attempt-6,100,0,abs_step_limit,53,5.829127234919691e-05,False,53
slimshetty/swebench-verified:sweb.eval.x86_64.sympy__sympy-13372,1.0,r2egym-qwen3-rl-100-steps-attempt-6,100,854,abs_step_limit,44,0.8807970795424088,True,45
slimshetty/swebench-verified:sweb.eval.x86_64.astropy__astropy-13033,0.0,r2egym-qwen3-rl-100-steps-attempt-6,36,2711,agent,20,0.6513548782017745,False,21
slimshetty/swebench-verified:sweb.eval.x86_64.pydata__xarray-6721,0.0,r2egym-qwen3-rl-100-steps-attempt-6,82,1380,token_limit,1190,0.2227001336663842,False,1190
slimshetty/swebench-verified:sweb.eval.x86_64.django__django-11885,0.0,r2egym-qwen3-rl-100-steps-attempt-6,50,3464,token_limit,43,0.651354857898194,False,43
slimshetty/swebench-verified:sweb.eval.x86_64.sympy__sympy-15809,0.0,r2egym-qwen3-rl-100-steps-attempt-6,66,563,token_limit,10,0.7310585669110203,False,10
slimshetty/swebench-verified:sweb.eval.x86_64.django__django-14559,1.0,r2egym-qwen3-rl-100-steps-attempt-6,89,5929,token_limit,23,0.8670357580842941,True,25
slimshetty/swebench-verified:sweb.eval.x86_64.scikit-learn__scikit-learn-15100,1.0,r2egym-qwen3-rl-100-steps-attempt-6,100,1641,abs_step_limit,93,0.7981867729389246,True,93
slimshetty/swebench-verified:sweb.eval.x86_64.sympy__sympy-18763,0.0,r2egym-qwen3-rl-100-steps-attempt-6,63,2978,token_limit,141,0.1329642436335826,False,142
slimshetty/swebench-verified:sweb.eval.x86_64.sympy__sympy-13091,0.0,r2egym-qwen3-rl-100-steps-attempt-6,100,2854,abs_step_limit,87,0.3775406687981454,False,86
slimshetty/swebench-verified:sweb.eval.x86_64.sympy__sympy-21379,0.0,r2egym-qwen3-rl-100-steps-attempt-6,57,0,token_limit,91,9.61024489421746e-05,False,92
slimshetty/swebench-verified:sweb.eval.x86_64.matplotlib__matplotlib-25479,0.0,r2egym-qwen3-rl-100-steps-attempt-6,33,510,agent,263,0.8175744739711883,False,264
slimshetty/swebench-verified:sweb.eval.x86_64.django__django-12193,0.0,r2egym-qwen3-rl-100-steps-attempt-6,100,2027,abs_step_limit,11,0.7981867729389246,False,11
slimshetty/swebench-verified:sweb.eval.x86_64.django__django-13195,0.0,r2egym-qwen3-rl-100-steps-attempt-6,74,1796,token_limit,382,0.1066906045971184,False,385
slimshetty/swebench-verified:sweb.eval.x86_64.django__django-14007,0.0,r2egym-qwen3-rl-100-steps-attempt-6,80,3056,token_limit,0,0.7057850278370112,False,0
slimshetty/swebench-verified:sweb.eval.x86_64.django__django-11265,1.0,r2egym-qwen3-rl-100-steps-attempt-6,40,6109,agent,30,0.7310585727705127,True,30
slimshetty/swebench-verified:sweb.eval.x86_64.django__django-15380,1.0,r2egym-qwen3-rl-100-steps-attempt-6,59,1340,token_limit,133,0.0203323519327853,True,133
slimshetty/swebench-verified:sweb.eval.x86_64.matplotlib__matplotlib-24637,0.0,r2egym-qwen3-rl-100-steps-attempt-6,100,0,abs_step_limit,29,2.430024071781994e-05,False,30
slimshetty/swebench-verified:sweb.eval.x86_64.mwaskom__seaborn-3069,0.0,r2egym-qwen3-rl-100-steps-attempt-6,40,2452,agent,93,0.5312093733737563,False,93
slimshetty/swebench-verified:sweb.eval.x86_64.pytest-dev__pytest-5262,1.0,r2egym-qwen3-rl-100-steps-attempt-6,64,978,token_limit,108,0.6513548511303336,True,108
slimshetty/swebench-verified:sweb.eval.x86_64.matplotlib__matplotlib-26466,0.0,r2egym-qwen3-rl-100-steps-attempt-6,100,1997,abs_step_limit,100,0.8670357494949105,False,103
slimshetty/swebench-verified:sweb.eval.x86_64.matplotlib__matplotlib-25122,1.0,r2egym-qwen3-rl-100-steps-attempt-6,22,1206,token_limit,2476,0.4687906266262437,True,2422
slimshetty/swebench-verified:sweb.eval.x86_64.pylint-dev__pylint-6528,1.0,r2egym-qwen3-rl-100-steps-attempt-6,88,3960,token_limit,171,0.0675466930167026,True,166
slimshetty/swebench-verified:sweb.eval.x86_64.django__django-12262,1.0,r2egym-qwen3-rl-100-steps-attempt-6,40,2108,token_limit,18,0.7772998714925403,True,22
slimshetty/swebench-verified:sweb.eval.x86_64.django__django-16642,0.0,r2egym-qwen3-rl-100-steps-attempt-6,37,4451,agent,21,0.6224593312018546,False,0
slimshetty/swebench-verified:sweb.eval.x86_64.django__django-14017,0.0,r2egym-qwen3-rl-100-steps-attempt-6,70,2753,token_limit,147,0.8519528038477825,False,148
slimshetty/swebench-verified:sweb.eval.x86_64.pydata__xarray-3993,0.0,r2egym-qwen3-rl-100-steps-attempt-6,63,0,token_limit,2394,1.6701415867221242e-05,False,2404
slimshetty/swebench-verified:sweb.eval.x86_64.django__django-13109,1.0,r2egym-qwen3-rl-100-steps-attempt-6,84,2474,token_limit,170,0.8519527963298947,True,169
slimshetty/swebench-verified:sweb.eval.x86_64.astropy__astropy-14598,0.0,r2egym-qwen3-rl-100-steps-attempt-6,43,1278,agent_max_step_limit,175,0.8519528000888386,False,175
slimshetty/swebench-verified:sweb.eval.x86_64.sympy__sympy-17630,0.0,r2egym-qwen3-rl-100-steps-attempt-6,42,1380,agent_max_step_limit,19,0.8175744695262777,False,18
slimshetty/swebench-verified:sweb.eval.x86_64.django__django-13346,0.0,r2egym-qwen3-rl-100-steps-attempt-6,67,1432,token_limit,0,0.0002959571314324,False,0
slimshetty/swebench-verified:sweb.eval.x86_64.django__django-11239,0.0,r2egym-qwen3-rl-100-steps-attempt-6,100,2498,abs_step_limit,0,0.0011695100682784,False,0
slimshetty/swebench-verified:sweb.eval.x86_64.django__django-14631,0.0,r2egym-qwen3-rl-100-steps-attempt-6,66,3278,token_limit,116,0.5,False,116
slimshetty/swebench-verified:sweb.eval.x86_64.pydata__xarray-6744,0.0,r2egym-qwen3-rl-100-steps-attempt-6,46,1542,token_limit,1786,0.0109869440676283,False,1786
slimshetty/swebench-verified:sweb.eval.x86_64.scikit-learn__scikit-learn-14141,1.0,r2egym-qwen3-rl-100-steps-attempt-6,100,1139,abs_step_limit,2,0.0293122291614197,True,0
slimshetty/swebench-verified:sweb.eval.x86_64.astropy__astropy-14365,0.0,r2egym-qwen3-rl-100-steps-attempt-6,27,885,token_limit,1,0.0011695104748876,False,1
slimshetty/swebench-verified:sweb.eval.x86_64.sympy__sympy-15349,0.0,r2egym-qwen3-rl-100-steps-attempt-6,41,459,max_step_limit,3,0.8354835391516132,False,3
slimshetty/swebench-verified:sweb.eval.x86_64.sphinx-doc__sphinx-9602,0.0,r2egym-qwen3-rl-100-steps-attempt-6,100,2915,abs_step_limit,45,0.5926665999540698,False,45
slimshetty/swebench-verified:sweb.eval.x86_64.django__django-11149,0.0,r2egym-qwen3-rl-100-steps-attempt-6,80,4785,token_limit,45,0.5,False,45
slimshetty/swebench-verified:sweb.eval.x86_64.astropy__astropy-13977,0.0,r2egym-qwen3-rl-100-steps-attempt-6,30,0,token_limit,322,0.0001088969083501,False,294
slimshetty/swebench-verified:sweb.eval.x86_64.django__django-13363,0.0,r2egym-qwen3-rl-100-steps-attempt-6,46,4116,agent_max_step_limit,73,0.3486451421018059,False,74
slimshetty/swebench-verified:sweb.eval.x86_64.sphinx-doc__sphinx-7910,1.0,r2egym-qwen3-rl-100-steps-attempt-6,100,2301,abs_step_limit,16,0.2689414213699951,True,16
slimshetty/swebench-verified:sweb.eval.x86_64.django__django-15252,0.0,r2egym-qwen3-rl-100-steps-attempt-6,66,6155,token_limit,34,0.7772998611746911,False,14
slimshetty/swebench-verified:sweb.eval.x86_64.django__django-15037,0.0,r2egym-qwen3-rl-100-steps-attempt-6,100,4290,abs_step_limit,13,0.5,False,13
slimshetty/swebench-verified:sweb.eval.x86_64.sympy__sympy-13757,0.0,r2egym-qwen3-rl-100-steps-attempt-6,51,0,token_limit,166,8.481108119248035e-05,False,166
slimshetty/swebench-verified:sweb.eval.x86_64.django__django-10554,0.0,r2egym-qwen3-rl-100-steps-attempt-6,44,0,token_limit,23,0.0001088968822837,False,24
slimshetty/swebench-verified:sweb.eval.x86_64.django__django-13964,0.0,r2egym-qwen3-rl-100-steps-attempt-6,100,3671,abs_step_limit,33,0.2450850021044189,False,33
slimshetty/swebench-verified:sweb.eval.x86_64.django__django-11141,0.0,r2egym-qwen3-rl-100-steps-attempt-6,76,5499,token_limit,23,0.7772998714925403,False,23
slimshetty/swebench-verified:sweb.eval.x86_64.django__django-11451,1.0,r2egym-qwen3-rl-100-steps-attempt-6,100,2012,abs_step_limit,45,0.7057850340255386,True,48
slimshetty/swebench-verified:sweb.eval.x86_64.django__django-13410,1.0,r2egym-qwen3-rl-100-steps-attempt-6,64,1893,token_limit,40,0.7981867849406659,True,40
slimshetty/swebench-verified:sweb.eval.x86_64.psf__requests-2931,0.0,r2egym-qwen3-rl-100-steps-1-attempt-5,25,1163,agent,83,0.817574471748733,False,84
slimshetty/swebench-verified:sweb.eval.x86_64.pylint-dev__pylint-4551,0.0,r2egym-qwen3-rl-100-steps-attempt-6,86,5204,token_limit,0,0.0035936032458742,False,4
slimshetty/swebench-verified:sweb.eval.x86_64.django__django-12308,0.0,r2egym-qwen3-rl-100-steps-1-attempt-5,46,598,agent_max_step_limit,20,0.8933094046341533,False,21
slimshetty/swebench-verified:sweb.eval.x86_64.django__django-15503,0.0,r2egym-qwen3-rl-100-steps-attempt-6,42,2166,token_limit,62,0.7057850278370112,False,65
slimshetty/swebench-verified:sweb.eval.x86_64.django__django-10097,0.0,r2egym-qwen3-rl-100-steps-attempt-6,100,0,abs_step_limit,1432,4.006371125185228e-05,False,11075
slimshetty/swebench-verified:sweb.eval.x86_64.django__django-14053,0.0,r2egym-qwen3-rl-100-steps-attempt-6,74,2938,token_limit,3,0.00317268218713,False,3
slimshetty/swebench-verified:sweb.eval.x86_64.sympy__sympy-23534,0.0,r2egym-qwen3-rl-100-steps-attempt-6,27,1344,token_limit,8,0.003593602578919,False,8
slimshetty/swebench-verified:sweb.eval.x86_64.django__django-13821,1.0,r2egym-qwen3-rl-100-steps-1-attempt-5,46,636,agent_max_step_limit,14,0.2689414213699951,True,15
slimshetty/swebench-verified:sweb.eval.x86_64.sympy__sympy-19954,1.0,r2egym-qwen3-rl-100-steps-1-attempt-5,31,1875,agent,56,0.8807970889295664,True,57
slimshetty/swebench-verified:sweb.eval.x86_64.sympy__sympy-22456,1.0,r2egym-qwen3-rl-100-steps-1-attempt-5,31,726,agent,29,0.8175744717487329,True,30
slimshetty/swebench-verified:sweb.eval.x86_64.sympy__sympy-14976,1.0,r2egym-qwen3-rl-100-steps-1-attempt-5,45,1464,agent_max_step_limit,13,0.8519527982093666,True,13
slimshetty/swebench-verified:sweb.eval.x86_64.django__django-15278,1.0,r2egym-qwen3-rl-100-steps-1-attempt-5,24,2467,agent,138,0.7981867849406659,True,138
slimshetty/swebench-verified:sweb.eval.x86_64.django__django-13658,1.0,r2egym-qwen3-rl-100-steps-attempt-6,63,2847,token_limit,181,0.0085774857938664,True,185
slimshetty/swebench-verified:sweb.eval.x86_64.sympy__sympy-24443,1.0,r2egym-qwen3-rl-100-steps-1-attempt-5,23,3404,agent,1,0.8519528038477825,True,2
slimshetty/swebench-verified:sweb.eval.x86_64.psf__requests-1724,1.0,r2egym-qwen3-rl-100-steps-1-attempt-5,36,1609,agent,79,0.7549149868676284,True,85
slimshetty/swebench-verified:sweb.eval.x86_64.sympy__sympy-19783,1.0,r2egym-qwen3-rl-100-steps-1-attempt-5,45,1701,agent_max_step_limit,9,0.7981867873410141,True,10
slimshetty/swebench-verified:sweb.eval.x86_64.django__django-11603,1.0,r2egym-qwen3-rl-100-steps-1-attempt-5,100,1142,abs_step_limit,58,0.880797071719777,True,59
slimshetty/swebench-verified:sweb.eval.x86_64.astropy__astropy-8707,0.0,r2egym-qwen3-rl-100-steps-1-attempt-5,50,1150,token_limit,4,0.817574471748733,False,4
slimshetty/swebench-verified:sweb.eval.x86_64.sympy__sympy-18199,0.0,r2egym-qwen3-rl-100-steps-1-attempt-5,29,2327,agent,113,0.8807970732843033,False,114
slimshetty/swebench-verified:sweb.eval.x86_64.django__django-14672,1.0,r2egym-qwen3-rl-100-steps-1-attempt-5,11,2108,agent,0,0.8670357649558007,True,166
slimshetty/swebench-verified:sweb.eval.x86_64.django__django-11551,1.0,r2egym-qwen3-rl-100-steps-1-attempt-5,34,4025,agent,119,0.6791787056691698,True,119
slimshetty/swebench-verified:sweb.eval.x86_64.matplotlib__matplotlib-25775,1.0,r2egym-qwen3-rl-100-steps-1-attempt-5,47,2660,agent_max_step_limit,89,0.5621765008857981,True,92
slimshetty/swebench-verified:sweb.eval.x86_64.django__django-11299,0.0,r2egym-qwen3-rl-100-steps-1-attempt-5,45,3434,agent_max_step_limit,101,0.8175744828610095,False,100
slimshetty/swebench-verified:sweb.eval.x86_64.django__django-15382,1.0,r2egym-qwen3-rl-100-steps-1-attempt-5,48,2124,agent_max_step_limit,161,0.7772998611746912,True,161
slimshetty/swebench-verified:sweb.eval.x86_64.django__django-16662,1.0,r2egym-qwen3-rl-100-steps-1-attempt-5,42,3966,agent_max_step_limit,51,0.8175744828610095,True,52
slimshetty/swebench-verified:sweb.eval.x86_64.pallets__flask-5014,1.0,r2egym-qwen3-rl-100-steps-1-attempt-5,17,434,agent,59,0.8670357580842941,True,59
slimshetty/swebench-verified:sweb.eval.x86_64.sympy__sympy-15976,0.0,r2egym-qwen3-rl-100-steps-1-attempt-5,42,1442,agent_max_step_limit,37,0.4687906266262437,False,38
slimshetty/swebench-verified:sweb.eval.x86_64.sympy__sympy-13551,0.0,r2egym-qwen3-rl-100-steps-1-attempt-5,91,1591,token_limit,0,0.0015011820230838,False,0
slimshetty/swebench-verified:sweb.eval.x86_64.django__django-16901,1.0,r2egym-qwen3-rl-100-steps-1-attempt-5,44,2674,agent_max_step_limit,6,0.1645164567520338,True,6
slimshetty/swebench-verified:sweb.eval.x86_64.pytest-dev__pytest-7205,1.0,r2egym-qwen3-rl-100-steps-1-attempt-5,44,1775,agent_max_step_limit,16,0.8175744761936437,True,17
slimshetty/swebench-verified:sweb.eval.x86_64.django__django-16560,0.0,r2egym-qwen3-rl-100-steps-1-attempt-5,100,1385,abs_step_limit,66,0.0109869411935582,False,69
slimshetty/swebench-verified:sweb.eval.x86_64.scikit-learn__scikit-learn-25931,0.0,r2egym-qwen3-rl-100-steps-1-attempt-5,51,0,token_limit,21,7.484620922668724e-05,False,21
slimshetty/swebench-verified:sweb.eval.x86_64.django__django-11333,0.0,r2egym-qwen3-rl-100-steps-1-attempt-5,53,2754,agent_max_step_limit,2,0.8354835350552603,False,2
slimshetty/swebench-verified:sweb.eval.x86_64.scikit-learn__scikit-learn-14053,1.0,r2egym-qwen3-rl-100-steps-1-attempt-5,37,3177,agent,5,0.904650538956921,True,6
slimshetty/swebench-verified:sweb.eval.x86_64.django__django-13449,1.0,r2egym-qwen3-rl-100-steps-1-attempt-5,42,4115,agent_max_step_limit,46,0.6791787056691698,True,46
slimshetty/swebench-verified:sweb.eval.x86_64.django__django-11211,0.0,r2egym-qwen3-rl-100-steps-1-attempt-5,100,1452,abs_step_limit,0,0.0002611902135821,False,0
slimshetty/swebench-verified:sweb.eval.x86_64.pylint-dev__pylint-7080,0.0,r2egym-qwen3-rl-100-steps-1-attempt-5,100,2117,abs_step_limit,0,0.1645164608483867,False,121
slimshetty/swebench-verified:sweb.eval.x86_64.django__django-13089,1.0,r2egym-qwen3-rl-100-steps-1-attempt-5,100,3371,abs_step_limit,352,0.8354835289107307,True,349
slimshetty/swebench-verified:sweb.eval.x86_64.django__django-17084,0.0,r2egym-qwen3-rl-100-steps-1-attempt-5,98,0,token_limit,107,4.006367781356952e-05,False,107
slimshetty/swebench-verified:sweb.eval.x86_64.astropy__astropy-12907,1.0,r2egym-qwen3-rl-100-steps-1-attempt-5,42,1048,agent_max_step_limit,13,0.9046505357435622,True,11
slimshetty/swebench-verified:sweb.eval.x86_64.sympy__sympy-18698,0.0,r2egym-qwen3-rl-100-steps-1-attempt-5,83,1980,token_limit,147,0.8807970779778824,False,147
slimshetty/swebench-verified:sweb.eval.x86_64.scikit-learn__scikit-learn-14496,0.0,r2egym-qwen3-rl-100-steps-1-attempt-5,100,0,abs_step_limit,39,2.753570091766895e-05,False,40
slimshetty/swebench-verified:sweb.eval.x86_64.django__django-11490,0.0,r2egym-qwen3-rl-100-steps-1-attempt-5,100,2890,abs_step_limit,22,0.8519527963298946,False,23
slimshetty/swebench-verified:sweb.eval.x86_64.django__django-15561,1.0,r2egym-qwen3-rl-100-steps-1-attempt-5,100,2894,abs_step_limit,141,0.7981867777396212,True,141
slimshetty/swebench-verified:sweb.eval.x86_64.django__django-11133,1.0,r2egym-qwen3-rl-100-steps-1-attempt-5,46,3426,agent_max_step_limit,64,0.8807970732843033,True,64
slimshetty/swebench-verified:sweb.eval.x86_64.pydata__xarray-4629,1.0,r2egym-qwen3-rl-100-steps-1-attempt-5,42,4974,agent_max_step_limit,32,0.7549149758396752,True,32
slimshetty/swebench-verified:sweb.eval.x86_64.django__django-11815,1.0,r2egym-qwen3-rl-100-steps-1-attempt-5,51,1540,agent_max_step_limit,44,0.8807970748488297,True,44
slimshetty/swebench-verified:sweb.eval.x86_64.django__django-14349,1.0,r2egym-qwen3-rl-100-steps-1-attempt-5,41,3266,max_step_limit,18,0.4073334000459302,True,19
slimshetty/swebench-verified:sweb.eval.x86_64.matplotlib__matplotlib-13989,1.0,r2egym-qwen3-rl-100-steps-1-attempt-5,41,1473,max_step_limit,411,0.8933094039240554,True,411
slimshetty/swebench-verified:sweb.eval.x86_64.django__django-13343,0.0,r2egym-qwen3-rl-100-steps-1-attempt-5,74,1342,token_limit,0,0.0005527787310505,False,0
slimshetty/swebench-verified:sweb.eval.x86_64.sphinx-doc__sphinx-7985,0.0,r2egym-qwen3-rl-100-steps-1-attempt-5,100,3495,abs_step_limit,3,0.8519527982093666,False,5
slimshetty/swebench-verified:sweb.eval.x86_64.django__django-16333,1.0,r2egym-qwen3-rl-100-steps-1-attempt-5,86,3964,token_limit,87,0.8519528000888387,True,87
slimshetty/swebench-verified:sweb.eval.x86_64.django__django-12419,0.0,r2egym-qwen3-rl-100-steps-1-attempt-5,33,3439,agent,0,0.7772998611746912,False,0
slimshetty/swebench-verified:sweb.eval.x86_64.sympy__sympy-14711,1.0,r2egym-qwen3-rl-100-steps-1-attempt-5,34,441,agent,2,0.8670357494949104,True,3
slimshetty/swebench-verified:sweb.eval.x86_64.django__django-16116,1.0,r2egym-qwen3-rl-100-steps-1-attempt-5,100,6221,abs_step_limit,137,0.705785040214066,True,138
slimshetty/swebench-verified:sweb.eval.x86_64.django__django-14011,0.0,r2egym-qwen3-rl-100-steps-1-attempt-5,50,2569,agent_max_step_limit,2,0.7981867873410141,False,19
slimshetty/swebench-verified:sweb.eval.x86_64.django__django-14140,0.0,r2egym-qwen3-rl-100-steps-1-attempt-5,40,6766,agent,199,0.8354835391516133,False,200
slimshetty/swebench-verified:sweb.eval.x86_64.sphinx-doc__sphinx-7454,0.0,r2egym-qwen3-rl-100-steps-1-attempt-5,100,3314,abs_step_limit,27,0.1192029095059074,False,28
slimshetty/swebench-verified:sweb.eval.x86_64.django__django-13933,1.0,r2egym-qwen3-rl-100-steps-1-attempt-5,47,2905,agent_max_step_limit,19,0.4687906266262437,True,19
slimshetty/swebench-verified:sweb.eval.x86_64.django__django-14034,0.0,r2egym-qwen3-rl-100-steps-1-attempt-5,29,1395,agent,12,0.8519528000888387,False,12
slimshetty/swebench-verified:sweb.eval.x86_64.django__django-9296,1.0,r2egym-qwen3-rl-100-steps-1-attempt-5,41,499,max_step_limit,20,0.8354835330070838,True,20
slimshetty/swebench-verified:sweb.eval.x86_64.django__django-14539,1.0,r2egym-qwen3-rl-100-steps-1-attempt-5,32,3904,agent,14,0.7057850216484838,True,16
slimshetty/swebench-verified:sweb.eval.x86_64.pylint-dev__pylint-6903,1.0,r2egym-qwen3-rl-100-steps-1-attempt-5,50,3083,token_limit,8,0.679178692681616,True,8
slimshetty/swebench-verified:sweb.eval.x86_64.scikit-learn__scikit-learn-13124,1.0,r2egym-qwen3-rl-100-steps-1-attempt-5,25,2848,agent,60,0.6791786861878392,True,61
slimshetty/swebench-verified:sweb.eval.x86_64.sympy__sympy-16450,0.0,r2egym-qwen3-rl-100-steps-1-attempt-5,100,0,abs_step_limit,38,5.144222585927004e-05,False,40
slimshetty/swebench-verified:sweb.eval.x86_64.sympy__sympy-20438,0.0,r2egym-qwen3-rl-100-steps-1-attempt-5,71,0,token_limit,93,5.144223196776698e-05,False,94
slimshetty/swebench-verified:sweb.eval.x86_64.pydata__xarray-3677,0.0,r2egym-qwen3-rl-100-steps-1-attempt-5,100,811,abs_step_limit,0,0.0013250221896835,False,0
slimshetty/swebench-verified:sweb.eval.x86_64.sympy__sympy-12481,0.0,r2egym-qwen3-rl-100-steps-1-attempt-5,58,2570,token_limit,5,0.2450850131323717,False,5
slimshetty/swebench-verified:sweb.eval.x86_64.django__django-14351,0.0,r2egym-qwen3-rl-100-steps-1-attempt-5,55,686,agent_max_step_limit,57,0.4687906266262437,False,57
slimshetty/swebench-verified:sweb.eval.x86_64.django__django-13670,1.0,r2egym-qwen3-rl-100-steps-1-attempt-5,23,1136,agent,17,0.8670357735451834,True,17
slimshetty/swebench-verified:sweb.eval.x86_64.sympy__sympy-19346,1.0,r2egym-qwen3-rl-100-steps-1-attempt-5,47,3474,token_limit,40,0.4378234991142019,True,39
slimshetty/swebench-verified:sweb.eval.x86_64.sympy__sympy-11618,0.0,r2egym-qwen3-rl-100-steps-1-attempt-5,100,881,abs_step_limit,0,0.0002034268995564,False,0
slimshetty/swebench-verified:sweb.eval.x86_64.scikit-learn__scikit-learn-13439,1.0,r2egym-qwen3-rl-100-steps-1-attempt-5,17,1409,agent,40,0.8354835309589074,True,41
slimshetty/swebench-verified:sweb.eval.x86_64.django__django-14155,0.0,r2egym-qwen3-rl-100-steps-1-attempt-5,100,5448,abs_step_limit,89,0.817574471748733,False,91
slimshetty/swebench-verified:sweb.eval.x86_64.django__django-16612,0.0,r2egym-qwen3-rl-100-steps-1-attempt-5,100,2851,abs_step_limit,334,0.4378234991142019,False,332
slimshetty/swebench-verified:sweb.eval.x86_64.django__django-14855,1.0,r2egym-qwen3-rl-100-steps-1-attempt-5,99,3149,token_limit,325,0.817574478416099,True,325
slimshetty/swebench-verified:sweb.eval.x86_64.sphinx-doc__sphinx-8548,0.0,r2egym-qwen3-rl-100-steps-1-attempt-5,80,1628,token_limit,5,0.6513548714339145,False,4
slimshetty/swebench-verified:sweb.eval.x86_64.sympy__sympy-23262,1.0,r2egym-qwen3-rl-100-steps-1-attempt-5,42,1429,token_limit,61,0.7310585727705126,True,62
slimshetty/swebench-verified:sweb.eval.x86_64.django__django-15277,1.0,r2egym-qwen3-rl-100-steps-1-attempt-5,53,689,token_limit,158,0.8670357529306639,True,159
slimshetty/swebench-verified:sweb.eval.x86_64.pytest-dev__pytest-10051,0.0,r2egym-qwen3-rl-100-steps-1-attempt-5,62,2393,token_limit,14,0.0075772413659081,False,13
slimshetty/swebench-verified:sweb.eval.x86_64.sympy__sympy-24066,0.0,r2egym-qwen3-rl-100-steps-1-attempt-5,100,3877,abs_step_limit,29,0.5312093733737563,False,29
slimshetty/swebench-verified:sweb.eval.x86_64.django__django-15128,0.0,r2egym-qwen3-rl-100-steps-1-attempt-5,100,4994,abs_step_limit,282,0.106690601756727,False,282
slimshetty/swebench-verified:sweb.eval.x86_64.django__django-15987,0.0,r2egym-qwen3-rl-100-steps-1-attempt-5,41,2266,max_step_limit,22,0.8519528076067262,False,22
slimshetty/swebench-verified:sweb.eval.x86_64.django__django-14752,1.0,r2egym-qwen3-rl-100-steps-1-attempt-5,88,3708,token_limit,15,0.6224593312018546,True,15
slimshetty/swebench-verified:sweb.eval.x86_64.scikit-learn__scikit-learn-26194,0.0,r2egym-qwen3-rl-100-steps-1-attempt-5,39,2038,token_limit,186,0.1329642436335826,False,186
slimshetty/swebench-verified:sweb.eval.x86_64.sympy__sympy-19040,0.0,r2egym-qwen3-rl-100-steps-1-attempt-5,60,1293,token_limit,148,0.0229773676938155,False,148
slimshetty/swebench-verified:sweb.eval.x86_64.matplotlib__matplotlib-24870,0.0,r2egym-qwen3-rl-100-steps-1-attempt-5,51,5757,token_limit,34,0.0953494571870485,False,34
slimshetty/swebench-verified:sweb.eval.x86_64.sphinx-doc__sphinx-9281,0.0,r2egym-qwen3-rl-100-steps-1-attempt-5,100,2069,abs_step_limit,38,0.6791787056691698,False,38
slimshetty/swebench-verified:sweb.eval.x86_64.django__django-15098,0.0,r2egym-qwen3-rl-100-steps-1-attempt-5,100,2640,abs_step_limit,87,0.7057850340255386,False,88
slimshetty/swebench-verified:sweb.eval.x86_64.matplotlib__matplotlib-23412,0.0,r2egym-qwen3-rl-100-steps-1-attempt-5,100,1176,abs_step_limit,46,8.481102094265656e-05,False,46
slimshetty/swebench-verified:sweb.eval.x86_64.django__django-15022,0.0,r2egym-qwen3-rl-100-steps-1-attempt-5,100,5128,abs_step_limit,45,0.5621765008857981,False,46
slimshetty/swebench-verified:sweb.eval.x86_64.django__django-14373,1.0,r2egym-qwen3-rl-100-steps-1-attempt-5,31,2635,agent,19,0.8670357615200474,True,19
slimshetty/swebench-verified:sweb.eval.x86_64.pydata__xarray-7233,1.0,r2egym-qwen3-rl-100-steps-1-attempt-5,30,3161,agent,189,0.8354835330070839,True,190
slimshetty/swebench-verified:sweb.eval.x86_64.scikit-learn__scikit-learn-14983,0.0,r2egym-qwen3-rl-100-steps-1-attempt-5,43,1479,agent_max_step_limit,105,0.7310585903489891,False,105
slimshetty/swebench-verified:sweb.eval.x86_64.pydata__xarray-4094,0.0,r2egym-qwen3-rl-100-steps-1-attempt-5,44,1015,agent_max_step_limit,861,0.6791786861878392,False,865
slimshetty/swebench-verified:sweb.eval.x86_64.django__django-15499,1.0,r2egym-qwen3-rl-100-steps-1-attempt-5,96,3117,token_limit,35,0.7772998560157665,True,35
slimshetty/swebench-verified:sweb.eval.x86_64.scikit-learn__scikit-learn-25102,1.0,r2egym-qwen3-rl-100-steps-1-attempt-5,50,5418,agent_max_step_limit,59,0.7981867729389246,True,59
slimshetty/swebench-verified:sweb.eval.x86_64.matplotlib__matplotlib-26342,0.0,r2egym-qwen3-rl-100-steps-1-attempt-5,30,0,token_limit,81,4.539788484079622e-05,False,81
slimshetty/swebench-verified:sweb.eval.x86_64.django__django-11292,0.0,r2egym-qwen3-rl-100-steps-1-attempt-5,82,1546,token_limit,29,0.4378234991142019,False,29
slimshetty/swebench-verified:sweb.eval.x86_64.django__django-13128,0.0,r2egym-qwen3-rl-100-steps-1-attempt-5,59,1539,token_limit,134,0.651354857898194,False,141
slimshetty/swebench-verified:sweb.eval.x86_64.psf__requests-1921,1.0,r2egym-qwen3-rl-100-steps-1-attempt-5,45,938,agent_max_step_limit,107,0.8670357649558007,True,117
slimshetty/swebench-verified:sweb.eval.x86_64.django__django-14771,0.0,r2egym-qwen3-rl-100-steps-1-attempt-5,100,3523,token_limit,60,0.8175744673038221,False,60
slimshetty/swebench-verified:sweb.eval.x86_64.django__django-10973,1.0,r2egym-qwen3-rl-100-steps-1-attempt-5,40,3026,agent,0,0.4378234991142019,True,0
slimshetty/swebench-verified:sweb.eval.x86_64.scikit-learn__scikit-learn-13496,1.0,r2egym-qwen3-rl-100-steps-1-attempt-5,33,1517,agent,19,0.7057850340255386,True,19
slimshetty/swebench-verified:sweb.eval.x86_64.django__django-12273,0.0,r2egym-qwen3-rl-100-steps-1-attempt-5,100,3627,abs_step_limit,27,0.0005527785837018,False,27
slimshetty/swebench-verified:sweb.eval.x86_64.django__django-12663,0.0,r2egym-qwen3-rl-100-steps-1-attempt-5,100,4347,abs_step_limit,0,0.0015011822513275,False,0
slimshetty/swebench-verified:sweb.eval.x86_64.sympy__sympy-21930,0.0,r2egym-qwen3-rl-100-steps-1-attempt-5,50,965,agent_max_step_limit,45,0.6224593241981982,False,50
slimshetty/swebench-verified:sweb.eval.x86_64.pylint-dev__pylint-4604,0.0,r2egym-qwen3-rl-100-steps-1-attempt-5,82,2332,token_limit,0,0.0229773679447072,False,15
slimshetty/swebench-verified:sweb.eval.x86_64.matplotlib__matplotlib-23314,1.0,r2egym-qwen3-rl-100-steps-1-attempt-5,65,1747,token_limit,862,0.8519527963298946,True,863
slimshetty/swebench-verified:sweb.eval.x86_64.sympy__sympy-22914,1.0,r2egym-qwen3-rl-100-steps-1-attempt-5,54,2457,agent_max_step_limit,17,0.8354835411997897,True,18
slimshetty/swebench-verified:sweb.eval.x86_64.django__django-13158,0.0,r2egym-qwen3-rl-100-steps-1-attempt-5,63,0,token_limit,29,5.829127935617924e-05,False,29
slimshetty/swebench-verified:sweb.eval.x86_64.django__django-16256,0.0,r2egym-qwen3-rl-100-steps-1-attempt-5,100,0,abs_step_limit,53,2.7535700919171523e-05,False,53
slimshetty/swebench-verified:sweb.eval.x86_64.django__django-15467,1.0,r2egym-qwen3-rl-100-steps-1-attempt-5,53,2800,agent_max_step_limit,62,0.7981867849406659,True,62
slimshetty/swebench-verified:sweb.eval.x86_64.django__django-12143,1.0,r2egym-qwen3-rl-100-steps-1-attempt-5,100,1635,abs_step_limit,52,0.8670357580842941,True,52
slimshetty/swebench-verified:sweb.eval.x86_64.django__django-15104,1.0,r2egym-qwen3-rl-100-steps-1-attempt-5,100,3226,abs_step_limit,131,0.8670357477770336,True,131
slimshetty/swebench-verified:sweb.eval.x86_64.sphinx-doc__sphinx-9711,0.0,r2egym-qwen3-rl-100-steps-1-attempt-5,100,409,abs_step_limit,0,0.0024726233593552,False,1687
slimshetty/swebench-verified:sweb.eval.x86_64.scikit-learn__scikit-learn-10908,0.0,r2egym-qwen3-rl-100-steps-1-attempt-5,54,2306,token_limit,45,0.0330859805338877,False,46
slimshetty/swebench-verified:sweb.eval.x86_64.django__django-11880,1.0,r2egym-qwen3-rl-100-steps-1-attempt-5,29,428,agent,114,0.8807970826714614,True,114
slimshetty/swebench-verified:sweb.eval.x86_64.django__django-16877,0.0,r2egym-qwen3-rl-100-steps-1-attempt-5,100,2109,abs_step_limit,0,0.0008040861176905,False,0
slimshetty/swebench-verified:sweb.eval.x86_64.django__django-13820,1.0,r2egym-qwen3-rl-100-steps-1-attempt-5,93,3664,token_limit,24,0.7549149868676284,True,25
slimshetty/swebench-verified:sweb.eval.x86_64.pytest-dev__pytest-7236,1.0,r2egym-qwen3-rl-100-steps-1-attempt-5,39,615,agent,51,0.7057850216484838,True,50
slimshetty/swebench-verified:sweb.eval.x86_64.scikit-learn__scikit-learn-25973,1.0,r2egym-qwen3-rl-100-steps-1-attempt-5,20,2331,agent,72,0.8519528076067262,True,73
slimshetty/swebench-verified:sweb.eval.x86_64.sympy__sympy-20801,0.0,r2egym-qwen3-rl-100-steps-1-attempt-5,49,893,agent_max_step_limit,96,0.8519528076067262,False,96
slimshetty/swebench-verified:sweb.eval.x86_64.scikit-learn__scikit-learn-11578,1.0,r2egym-qwen3-rl-100-steps-1-attempt-5,100,4809,abs_step_limit,93,0.4378234991142019,True,89
slimshetty/swebench-verified:sweb.eval.x86_64.django__django-11477,0.0,r2egym-qwen3-rl-100-steps-1-attempt-5,100,3173,abs_step_limit,0,0.0009110510487005,False,0
slimshetty/swebench-verified:sweb.eval.x86_64.sympy__sympy-20916,0.0,r2egym-qwen3-rl-100-steps-1-attempt-5,43,486,token_limit,1,0.1824255171389904,False,2
slimshetty/swebench-verified:sweb.eval.x86_64.django__django-13568,0.0,r2egym-qwen3-rl-100-steps-1-attempt-5,45,2948,agent_max_step_limit,12,0.5,False,12
slimshetty/swebench-verified:sweb.eval.x86_64.django__django-16950,0.0,r2egym-qwen3-rl-100-steps-1-attempt-5,100,2238,abs_step_limit,3,0.0003799844302047,False,3
slimshetty/swebench-verified:sweb.eval.x86_64.pydata__xarray-4075,1.0,r2egym-qwen3-rl-100-steps-1-attempt-5,43,2373,token_limit,958,0.0203323529345374,True,958
